<?xml version="1.0" encoding="utf-8"?>
<COLLADA xmlns="http://www.collada.org/2005/11/COLLADASchema" version="1.4.1" xmlns:xsi="http://www.w3.org/2001/XMLSchema-instance">
  <asset>
    <contributor>
      <author>Blender User</author>
      <authoring_tool>Blender 3.0.1</authoring_tool>
    </contributor>
    <created>2026-06-09T13:45:30</created>
    <modified>2026-06-09T13:45:30</modified>
    <unit name="meter" meter="1"/>
    <up_axis>Z_UP</up_axis>
  </asset>
  <library_lights>
    <light id="Light-light" name="Light">
      <technique_common>
        <point>
          <color sid="color">1000 1000 1000</color>
          <constant_attenuation>1</constant_attenuation>
          <linear_attenuation>0</linear_attenuation>
          <quadratic_attenuation>0.00111109</quadratic_attenuation>
        </point>
      </technique_common>
      <extra>
        <technique profile="blender">
          <type sid="type" type="int">0</type>
          <flag sid="flag" type="int">0</flag>
          <mode sid="mode" type="int">1</mode>
          <gamma sid="blender_gamma" type="float">1</gamma>
          <red sid="red" type="float">1</red>
          <green sid="green" type="float">1</green>
          <blue sid="blue" type="float">1</blue>
          <shadow_r sid="blender_shadow_r" type="float">0</shadow_r>
          <shadow_g sid="blender_shadow_g" type="float">0</shadow_g>
          <shadow_b sid="blender_shadow_b" type="float">0</shadow_b>
          <energy sid="blender_energy" type="float">1000</energy>
          <dist sid="blender_dist" type="float">29.99998</dist>
          <spotsize sid="spotsize" type="float">75</spotsize>
          <spotblend sid="spotblend" type="float">0.15</spotblend>
          <att1 sid="att1" type="float">0</att1>
          <att2 sid="att2" type="float">1</att2>
          <falloff_type sid="falloff_type" type="int">2</falloff_type>
          <clipsta sid="clipsta" type="float">0.04999995</clipsta>
          <clipend sid="clipend" type="float">30.002</clipend>
          <bias sid="bias" type="float">1</bias>
          <soft sid="soft" type="float">3</soft>
          <bufsize sid="bufsize" type="int">2880</bufsize>
          <samp sid="samp" type="int">3</samp>
          <buffers sid="buffers" type="int">1</buffers>
          <area_shape sid="area_shape" type="int">1</area_shape>
          <area_size sid="area_size" type="float">0.1</area_size>
          <area_sizey sid="area_sizey" type="float">0.1</area_sizey>
          <area_sizez sid="area_sizez" type="float">1</area_sizez>
        </technique>
      </extra>
    </light>
  </library_lights>
  <library_effects>
    <effect id="SWMaterial-0-effect">
      <profile_COMMON>
        <technique sid="common">
          <lambert>
            <emission>
              <color sid="emission">0 0 0 1</color>
            </emission>
            <diffuse>
              <color sid="diffuse">0.2227451 0.2227451 0.2227451 1</color>
            </diffuse>
            <index_of_refraction>
              <float sid="ior">1</float>
            </index_of_refraction>
          </lambert>
        </technique>
      </profile_COMMON>
    </effect>
    <effect id="SWMaterial-1-effect">
      <profile_COMMON>
        <technique sid="common">
          <lambert>
            <emission>
              <color sid="emission">0 0 0 1</color>
            </emission>
            <diffuse>
              <color sid="diffuse">0.3921569 0.5427451 0.64 1</color>
            </diffuse>
            <index_of_refraction>
              <float sid="ior">1</float>
            </index_of_refraction>
          </lambert>
        </technique>
      </profile_COMMON>
    </effect>
    <effect id="SWMaterial-2-effect">
      <profile_COMMON>
        <technique sid="common">
          <lambert>
            <emission>
              <color sid="emission">0 0 0 1</color>
            </emission>
            <diffuse>
              <color sid="diffuse">0.4643137 0.4643137 0.4643137 1</color>
            </diffuse>
            <index_of_refraction>
              <float sid="ior">1</float>
            </index_of_refraction>
          </lambert>
        </technique>
      </profile_COMMON>
    </effect>
    <effect id="SWMaterial-3-effect">
      <profile_COMMON>
        <technique sid="common">
          <lambert>
            <emission>
              <color sid="emission">0 0 0 1</color>
            </emission>
            <diffuse>
              <color sid="diffuse">0.6563138 0.6563138 0.6563138 1</color>
            </diffuse>
            <index_of_refraction>
              <float sid="ior">1</float>
            </index_of_refraction>
          </lambert>
        </technique>
      </profile_COMMON>
    </effect>
    <effect id="SWMaterial-4-effect">
      <profile_COMMON>
        <technique sid="common">
          <lambert>
            <emission>
              <color sid="emission">0 0 0 1</color>
            </emission>
            <diffuse>
              <color sid="diffuse">0.08031373 0.08031373 0.08031373 1</color>
            </diffuse>
            <index_of_refraction>
              <float sid="ior">1</float>
            </index_of_refraction>
          </lambert>
        </technique>
      </profile_COMMON>
    </effect>
  </library_effects>
  <library_images/>
  <library_materials>
    <material id="SWMaterial-0-material" name="SWMaterial-0">
      <instance_effect url="#SWMaterial-0-effect"/>
    </material>
    <material id="SWMaterial-1-material" name="SWMaterial-1">
      <instance_effect url="#SWMaterial-1-effect"/>
    </material>
    <material id="SWMaterial-2-material" name="SWMaterial-2">
      <instance_effect url="#SWMaterial-2-effect"/>
    </material>
    <material id="SWMaterial-3-material" name="SWMaterial-3">
      <instance_effect url="#SWMaterial-3-effect"/>
    </material>
    <material id="SWMaterial-4-material" name="SWMaterial-4">
      <instance_effect url="#SWMaterial-4-effect"/>
    </material>
  </library_materials>
  <library_geometries>
    <geometry id="shape4-mesh" name="shape4">
      <mesh>
        <source id="shape4-mesh-positions">
          <float_array id="shape4-mesh-positions-array" count="105">-0.05690473 0.06729984 0.0109589 -0.05689471 0.0588907 0.00986278 0.02889364 0.0588907 0.0519666 -0.04233044 0.06729984 0.04186153 0.04969352 0.06729984 0.03301918 -0.04934602 0.0588907 0.03090602 0.04816806 0.0588907 0.03509473 0.04492139 0.06083041 0.03277593 0.05909925 0.06729984 0.00446254 -0.01308661 0.06729984 0.05795818 -0.05516105 0.0672999 -0.01689833 0.04369246 0.06132578 -0.0215497 0.03258889 0.06729984 0.04962325 0.01261144 0.06729984 0.05823737 -0.05786269 0.06730157 0.006786108 -0.008936405 0.0672999 -0.05642837 -0.01160061 0.0588907 -0.05595958 0.05967646 0.0588907 0.00384587 0.05142301 0.0672999 -0.02853727 0.05003154 0.0588907 -0.03036564 -0.03693938 0.0672999 -0.04402291 -0.0380274 0.0588907 -0.04312652 -0.03417873 0.06540113 -0.06467658 0.03171658 0.0672999 -0.04806518 0.03259259 0.0588907 -0.047423 -0.05567514 0.0588907 -0.01521933 0.0123322 0.0588907 -0.05609893 0.01113605 0.0672999 -0.05619597 0.004387736 0.05885589 -0.05936437 0.004446268 0.0588907 0.05956727 -0.02763712 0.0588907 0.05301135 -0.0434938 0.05891275 0.04375338 -0.05386883 0.05888843 -0.02765649 0.01624274 0.05888736 0.05872797 -0.02845942 0.06730681 0.05578333</float_array>
          <technique_common>
            <accessor source="#shape4-mesh-positions-array" count="35" stride="3">
              <param name="X" type="float"/>
              <param name="Y" type="float"/>
              <param name="Z" type="float"/>
            </accessor>
          </technique_common>
        </source>
        <source id="shape4-mesh-normals">
          <float_array id="shape4-mesh-normals-array" count="84">0.1630954 0.9539737 0.2516626 -0.3146249 -0.3980651 0.8617165 0.1513155 0.9251974 0.3480134 -0.8158347 -0.5675624 0.1108451 -0.8685837 0.3874445 -0.3089484 -0.758799 0.3357723 0.5581048 -2.15059e-6 1 1.78742e-6 4.22721e-7 1 5.5762e-7 2.63939e-7 1 5.17126e-7 3.64244e-7 1 4.81477e-7 -5.24346e-7 1 5.48632e-7 -1.24121e-6 1 -3.14184e-7 1.7126e-6 1 2.33433e-6 0 1 0 0 1 -6.9594e-7 -0.2320973 -0.8775752 -0.4195148 0.2078367 0.8828635 -0.4211364 0.1967871 0.9436202 -0.2661876 0 -1 -1.31817e-7 0 -1 -3.95815e-7 0 -1 0 0 -1 0 0 -1 0 0 -1 0 0 -1 0 0 -1 0 0 -1 0 0 -1 4.16899e-7</float_array>
          <technique_common>
            <accessor source="#shape4-mesh-normals-array" count="28" stride="3">
              <param name="X" type="float"/>
              <param name="Y" type="float"/>
              <param name="Z" type="float"/>
            </accessor>
          </technique_common>
        </source>
        <vertices id="shape4-mesh-vertices">
          <input semantic="POSITION" source="#shape4-mesh-positions"/>
        </vertices>
        <lines count="1">
          <input semantic="VERTEX" source="#shape4-mesh-vertices" offset="0"/>
          <p>11 7</p>
        </lines>
        <triangles material="SWMaterial-4-material" count="29">
          <input semantic="VERTEX" source="#shape4-mesh-vertices" offset="0"/>
          <input semantic="NORMAL" source="#shape4-mesh-normals" offset="1"/>
          <p>7 0 34 1 33 2 14 3 32 4 31 5 34 1 14 3 31 5 34 1 31 5 33 2 10 6 0 6 9 6 20 7 10 7 9 7 15 8 20 8 9 8 27 9 15 9 9 9 23 10 27 10 9 10 18 11 23 11 9 11 8 12 18 12 9 12 4 13 8 13 9 13 12 13 4 13 9 13 13 13 12 13 9 13 0 14 3 14 9 14 22 15 28 16 32 4 14 3 22 15 32 4 22 15 11 17 28 16 26 18 1 18 25 18 26 19 25 19 21 19 26 20 21 20 16 20 26 20 24 20 19 20 26 21 19 21 17 21 26 22 17 22 6 22 26 23 6 23 2 23 26 24 2 24 29 24 26 25 29 25 30 25 26 26 30 26 5 26 26 27 5 27 1 27</p>
        </triangles>
      </mesh>
    </geometry>
    <geometry id="shape3-mesh" name="shape3">
      <mesh>
        <source id="shape3-mesh-positions">
          <float_array id="shape3-mesh-positions-array" count="207">-0.03834038 -0.02353727 0.5084415 -0.02649551 -0.03612256 0.5079399 0.03303068 -0.03023999 0.5080594 0.04236692 -0.01508849 0.5085392 -0.009776473 -0.04430204 0.5083134 0.04379111 0.007299959 0.508428 -0.04349499 -0.007953703 0.5078269 0.00838226 -0.04380697 0.5073671 0.01907479 -0.04091084 0.5083702 0.01482355 -0.04170262 0.08180207 0.03314357 -0.02883893 0.08180207 -0.04372525 -0.005426287 0.08180189 -0.03314357 -0.02883893 0.08180207 0.04372859 -0.005401372 0.08180195 -0.01187318 -0.04308933 0.08180183 0.03695267 0.02320361 0.5076373 0.02628844 0.03470772 0.5081174 0.0113793 0.04172992 0.5076273 -0.006125509 0.0428704 0.5077885 -0.01942807 0.04019182 0.5103966 -0.03022056 0.03143048 0.5077743 -0.04047966 0.01733696 0.5084605 0.01471829 -0.04333508 0.5193001 0.02304124 -0.03962939 0.5193001 -0.04575437 -0.001909852 0.5192935 0.03108924 -0.03341442 0.5193001 -0.04098051 -0.01952397 0.5193001 -0.04378145 -0.01143056 0.5193001 0.03971517 -0.02337127 0.5192902 0.03669768 -0.02694189 0.5193001 0.04098051 -0.01952397 0.5193001 -0.03669768 -0.02694189 0.5193001 -0.03108924 -0.03341442 0.5193001 0.04378145 -0.01143056 0.5193001 0.04500043 -0.002953112 0.5193001 -0.02304124 -0.03962939 0.5193001 -0.008524537 -0.04504698 0.5193001 0 -0.04586094 0.5193001 0.008524537 -0.04504698 0.5193001 -0.01471829 -0.04333508 0.5193001 -0.01595896 -0.04352784 0.5192887 -0.03694134 -0.02750462 0.5193076 -0.04028332 0.01959407 0.5193001 0.01011282 0.04318606 0.5193001 0.01869398 0.04012459 0.5193001 0.04177719 0.01591557 0.5193001 0.04531562 0.006861746 0.5192927 0.04442691 0.00719881 0.5193001 -0.02662765 0.03564387 0.5193001 -0.03625768 0.02718639 0.5192926 -0.03404748 0.02869278 0.5193001 0.03404748 0.02869278 0.5193001 0.03289538 0.03056365 0.5193001 0.01483327 0.04204463 0.5193001 0 0.0442419 0.5193001 -0.01011276 0.04318606 0.5193001 0 0.04265499 0.08180207 -0.01903569 0.03802859 0.08180207 -0.03570437 0.02436053 0.0818023 0.03578931 0.02434879 0.08180195 0.01903569 0.03802859 0.08180207 -0.04356348 0.005146205 0.5076624 0.03901571 0.02171605 0.5193001 0.02662765 0.03564387 0.5193001 -0.04442691 0.00719881 0.5193001 0.0148158 -0.04456162 0.519331 -0.01869398 0.04012459 0.5193001 -0.04500043 -0.002953112 0.5193001 -0.01004403 0.04406243 0.5192828</float_array>
          <technique_common>
            <accessor source="#shape3-mesh-positions-array" count="69" stride="3">
              <param name="X" type="float"/>
              <param name="Y" type="float"/>
              <param name="Z" type="float"/>
            </accessor>
          </technique_common>
        </source>
        <source id="shape3-mesh-normals">
          <float_array id="shape3-mesh-normals-array" count="186">-0.4370384 0.8351034 -0.3340657 -0.1258286 0.9875247 -0.09466904 -0.6581189 0.7483035 -0.08319568 0.47106 -0.8805939 -0.05154651 0.1284558 -0.9899554 -0.05905485 0.3259406 -0.9453805 -0.004303097 -0.9814282 -0.1874473 -0.04077327 -0.9885101 0.1447821 -0.04342848 -0.9967219 -0.08066183 -0.006256401 0.7709681 -0.6368681 -0.002716124 0.7253551 -0.6883351 -0.007416188 -0.8703752 -0.491297 -0.03277754 -0.7631183 -0.646232 -0.005890071 0.9964761 -0.08374416 -0.004730403 0.9581083 -0.2861751 -0.0115056 -0.5964733 -0.802236 -0.02523958 0.9825547 0.1737133 -0.06640899 -0.265515 -0.964094 -0.004974544 -0.1885484 -0.9817458 -0.02499532 0.3177084 -0.945892 -0.06595271 -0.9979872 -0.02215641 -0.05941957 0.8616396 -0.5066134 -0.03033572 -0.8093403 -0.5852374 -0.04965484 0.9852218 0.1559227 -0.07089614 -0.3480661 -0.9361314 -0.05008119 6.24098e-6 0 1 5.12732e-6 0 1 -5.75946e-6 0 1 5.75946e-6 0 1 -5.12732e-6 0 1 -6.24098e-6 0 1 7.96779e-6 0 1 -1.38948e-5 0 1 1.53314e-5 0 1 -3.65026e-6 0 1 4.24277e-6 0 1 -1.08349e-5 0 1 0 0 1 4.37595e-6 0 1 9.11353e-6 0 1 1.06314e-5 0 1 -3.83908e-6 0 1 -2.83754e-6 0 1 1.08349e-5 0 1 -4.24277e-6 0 1 3.65026e-6 0 1 -1.53314e-5 0 1 1.38948e-5 0 1 -7.96779e-6 0 1 -0.7979576 0.600864 -0.04718279 -0.188302 0.9810323 -0.04602259 0.8452714 0.5333608 -0.03228974 -0.9174503 0.3977927 -0.006775319 0.7310866 0.679143 -0.06540256 0.5837962 0.8105211 -0.04730427 0.3140714 0.9461818 -0.07809817 0.2380155 0.9700378 -0.04873836 -0.4460617 0.8949922 -0.004242062 -0.8397357 0.542967 -0.005554437 0.8394922 0.5433337 -0.006439507 0.4452059 0.8954169 -0.00451672 -9.15576e-5 0.9999917 -0.004089534</float_array>
          <technique_common>
            <accessor source="#shape3-mesh-normals-array" count="62" stride="3">
              <param name="X" type="float"/>
              <param name="Y" type="float"/>
              <param name="Z" type="float"/>
            </accessor>
          </technique_common>
        </source>
        <vertices id="shape3-mesh-vertices">
          <input semantic="POSITION" source="#shape3-mesh-positions"/>
        </vertices>
        <triangles material="SWMaterial-3-material" count="84">
          <input semantic="VERTEX" source="#shape3-mesh-vertices" offset="0"/>
          <input semantic="NORMAL" source="#shape3-mesh-normals" offset="1"/>
          <p>19 0 18 1 20 2 8 3 7 4 9 5 6 6 61 7 11 8 8 3 9 5 10 9 2 10 8 3 10 9 0 11 11 8 12 12 0 11 6 6 11 8 2 10 10 9 13 13 3 14 2 10 13 13 1 15 0 11 12 12 5 16 3 14 13 13 1 15 12 12 14 17 4 18 1 15 14 17 7 4 14 17 9 5 7 4 4 18 14 17 65 19 8 3 2 10 24 20 6 6 0 11 28 21 65 19 2 10 41 22 24 20 0 11 28 21 2 10 3 14 41 22 0 11 1 15 46 23 28 21 3 14 40 24 41 22 1 15 46 23 3 14 5 16 40 24 1 15 4 18 65 19 4 18 7 4 65 19 40 24 4 18 65 19 7 4 8 3 54 25 22 25 23 25 54 26 38 26 22 26 54 27 37 27 38 27 54 28 36 28 37 28 54 29 39 29 36 29 54 30 35 30 39 30 54 31 32 31 35 31 54 32 31 32 32 32 54 33 26 33 31 33 54 34 27 34 26 34 54 35 67 35 27 35 54 36 64 36 67 36 54 37 42 37 64 37 54 38 50 38 42 38 54 37 48 37 50 37 54 39 66 39 48 39 54 37 55 37 66 37 54 40 44 40 43 40 54 37 63 37 44 37 54 41 51 41 63 41 54 37 62 37 51 37 54 42 45 42 62 42 54 37 47 37 45 37 54 43 34 43 47 43 54 44 33 44 34 44 54 45 30 45 33 45 54 46 29 46 30 46 54 47 25 47 29 47 54 48 23 48 25 48 49 49 19 0 20 2 49 49 68 50 19 0 46 23 5 16 15 51 49 49 20 2 21 52 52 53 46 23 15 51 52 53 15 51 16 54 24 20 21 52 61 7 24 20 49 49 21 52 24 20 61 7 6 6 53 55 52 53 16 54 53 55 16 54 17 56 68 50 17 56 18 1 68 50 53 55 17 56 68 50 18 1 19 0 20 2 18 1 57 57 20 2 57 57 58 58 5 16 13 13 59 59 15 51 5 16 59 59 21 52 20 2 58 58 61 7 58 58 11 8 61 7 21 52 58 58 16 54 15 51 59 59 16 54 59 59 60 60 17 56 16 54 60 60 17 56 60 60 56 61 18 1 17 56 56 61 18 1 56 61 57 57</p>
        </triangles>
      </mesh>
    </geometry>
    <geometry id="shape2-mesh" name="shape2">
      <mesh>
        <source id="shape2-mesh-positions">
          <float_array id="shape2-mesh-positions-array" count="408">-0.003080308 -0.04571175 0.5226731 -0.001009821 -0.04468226 0.5228987 5.96147e-4 -0.04460209 0.5233713 -0.001109421 -0.04424875 0.52123 0.001533091 -0.04566395 0.5249283 -6.34655e-4 -0.04552853 0.523132 0.001057147 -0.04564058 0.5196401 6.46026e-4 -0.04456204 0.5211536 0.001538336 -0.04429346 0.52222 0.03236413 -0.0527547 0.55609 0.03371202 -0.05306142 0.5557502 0.03559857 -0.05396574 0.5552809 0.03114795 -0.0542581 0.5570373 0.03179442 -0.05406594 0.5521311 0.0320692 -0.05328589 0.5547889 0.03301554 -0.05268222 0.5529876 0.03414887 -0.05307722 0.5542851 -2.0766e-4 -0.04490339 0.6125661 4.81847e-4 -0.04565042 0.614006 -0.001961827 -0.04552978 0.611998 0.001410663 -0.04448384 0.6119831 0.003069996 -0.04575806 0.6108286 -0.001380026 -0.04425776 0.6117001 0.001312434 -0.04558825 0.6116387 -1.35159e-4 -0.04538124 0.6096469 -9.54897e-4 -0.04427081 0.61063 1.3312e-4 -0.04417675 0.6099888 0.001310825 -0.04426831 0.61074 -0.03339582 -0.05305147 0.5557796 -0.03208971 -0.0527547 0.55609 -0.03084814 -0.05416941 0.5568582 -0.0315656 -0.0537756 0.5525846 -0.03554075 -0.05406832 0.5551267 -0.03391009 -0.05303108 0.5542799 -0.03128445 -0.05275285 0.55514 -0.03226196 -0.05322235 0.5538449 0.03338146 -0.05067956 -0.03444188 0.03822195 -0.05091959 -0.03565454 0.03515672 -0.0504918 -0.03225332 0.036906 -0.05102759 -0.03261476 0.03758412 -0.0486294 -0.03190898 0.03417754 -0.04864203 -0.03223001 0.03453379 -0.04859364 -0.03436297 0.03415274 -0.04857754 -0.03666251 0.03857612 -0.04864573 -0.0358541 0.03749829 -0.0493738 -0.0345301 0.03497666 -0.05056101 -0.03621792 0.0350331 -0.04859364 -0.03319996 0.03709208 -0.04859364 -0.03552496 0.0375908 -0.04859364 -0.03436094 0.0360623 -0.04859364 -0.03587383 0.03503173 -0.04859364 -0.03552395 0.0360623 -0.04859364 -0.03285092 0.03709226 -0.04859364 -0.03319996 0.002555191 0.05738073 -0.05831706 4.71552e-4 0.05345702 -0.05827957 6.39641e-4 0.05721771 -0.05594897 -0.001221239 0.05861067 -0.0559501 -0.002431631 0.05638009 -0.05841875 -9.22095e-5 0.05552154 -0.05712854 -0.002735018 0.05456912 -0.05595004 0.001172304 0.05315935 -0.05594986 0.002828121 0.05707114 -0.05594998 0.00141561 0.05542284 -0.05594897 -4.91863e-4 0.0573017 -0.05594897 5.40883e-4 0.05445516 -0.05595123 -9.32781e-4 0.0547198 -0.05594897 -0.001443088 0.05562567 -0.0559498 0.001327276 0.05653089 -0.05594897 -0.001327276 0.05653089 -0.05594897 0.002786576 -0.06088048 0.06623744 -0.001073956 -0.06056755 0.06670671 7.46515e-4 -0.05841982 0.0639109 -9.09934e-4 -0.05844157 0.06383109 0.002988576 -0.05840629 0.06450539 0.001548647 -0.06079649 0.06255924 -0.002394914 -0.06090235 0.06340622 -7.15752e-4 -0.05845904 0.06216412 0.001169502 -0.06057327 0.06450378 -0.001204729 -0.06060624 0.06431281 -0.002999246 -0.05845922 0.06507444 6.63741e-6 -0.05845922 0.06803721 0.001188516 -0.05840259 0.06597894 -0.001044273 -0.0584588 0.06604403 -0.001497149 -0.0584588 0.06499898 0 -0.05845838 0.06649804 -0.03819429 -0.04864031 -0.03229254 -0.03398311 -0.04860275 -0.03230518 -0.03367984 -0.05082607 -0.03470581 -0.03647786 -0.05100214 -0.03215467 -0.03802537 -0.05088979 -0.03504145 -0.03367674 -0.04860836 -0.0360077 -0.03775697 -0.04861515 -0.03696364 -0.03603941 -0.05088931 -0.03658545 -0.0366348 -0.0493738 -0.03303486 -0.03604376 -0.0492509 -0.03509044 -0.03461015 -0.04859364 -0.03491294 -0.03756195 -0.04859364 -0.03417992 -0.03569245 -0.04859364 -0.03587085 -0.0374158 -0.04859364 -0.03507292 -0.03676509 -0.04859364 -0.03570002 -0.03709155 -0.04859364 -0.03319996 -0.03569179 -0.04859364 -0.0328539 -0.03470879 -0.04859364 -0.03365176 -0.03900635 -0.06055545 0.03780657 -0.03822857 -0.06250047 0.03930401 -0.03500247 -0.06061959 0.03892916 -0.03682523 -0.06257814 0.0392037 -0.03453826 -0.06292456 0.03984951 -0.03644466 -0.06061846 0.03928679 -0.03504312 -0.06068193 0.03658467 -0.03646588 -0.06065732 0.03623861 -0.03741598 -0.06059378 0.03705203 -0.03368794 -0.06060761 0.03602004 -0.03516441 -0.06280928 0.03541433 -0.03752219 -0.06228524 0.03603124 -0.03404909 -0.06255513 0.03771293 -0.03453379 -0.06059378 0.03776288 -0.03751438 -0.06059378 0.03831398 0.03317439 -0.0606119 0.03705745 0.03583019 -0.06058233 0.04063248 0.03836858 -0.06057792 0.03937345 0.03445738 -0.062963 0.03931158 0.03775179 -0.06056535 0.03540647 0.03780156 -0.0625441 0.03928554 0.03637272 -0.06224256 0.03549164 0.0340774 -0.06257051 0.03716361 0.0382198 -0.06290024 0.03664761 0.03709328 -0.06059378 0.03892379 0.03453379 -0.06059378 0.03776103 0.03569161 -0.06059378 0.0362538 0.03709149 -0.06059378 0.03659999 0.03503239 -0.06059378 0.03892499 0.03481853 -0.06059378 0.03690499 0.0360623 -0.06059378 0.03927385 0.0375908 -0.06059378 0.03776288</float_array>
          <technique_common>
            <accessor source="#shape2-mesh-positions-array" count="136" stride="3">
              <param name="X" type="float"/>
              <param name="Y" type="float"/>
              <param name="Z" type="float"/>
            </accessor>
          </technique_common>
        </source>
        <source id="shape2-mesh-normals">
          <float_array id="shape2-mesh-normals-array" count="558">-0.2244053 0.7369647 0.6375935 -0.3647687 0.5727612 0.7340902 -0.4527704 0.8560397 0.2493892 -0.591231 9.58485e-4 -0.8065018 0.111866 -0.9716604 -0.2082354 0.06289947 -0.9960646 0.06244212 -0.06341451 -0.9979864 0.001305937 0.1229004 0.8236767 -0.5535814 0.33578 0.8078141 -0.4844465 0.2515966 0.863367 0.437375 0.9797173 -0.1795527 -0.08896648 0.2997613 0.3230876 0.89764 0.4541058 0.8820068 0.1259053 0.3422436 0.2429555 0.9076573 -0.7955789 0.6022936 -0.06554925 0.05289554 -0.9980832 -0.03212404 0.6260541 0.1680552 -0.7614551 -0.7007238 0.7008762 -0.1332619 0.7059788 -0.2030873 -0.6784906 -0.8136571 0.5751444 -0.08468335 -0.05405503 0.8755482 0.4800975 0.7123618 0.4146506 0.5662204 -0.4337458 0.6979758 0.5698196 -0.4050071 0.3799998 0.8316065 -0.02156448 -0.9991964 -0.03378599 -0.02701199 -0.9961075 -0.08390659 -0.1075903 -0.9938782 -0.02510797 -0.1282815 -0.9891954 -0.07096713 -0.7879486 -0.03757643 -0.6145935 -0.8793141 0.319496 -0.35317 -0.4993074 0.3376756 -0.7979144 0.3588038 0.1800016 -0.9158927 0.6418143 0.7626048 0.08067518 0.4846563 0.5309925 -0.6950938 -0.2784777 0.2579436 0.9251569 0.5332568 0.7141816 0.4534113 -0.3413029 0.1214752 0.932071 -0.4640646 0.8691411 0.1709905 0.01321256 -0.9954891 -0.09395158 -0.4028499 0.7350835 -0.5453112 -0.2760757 -0.3089308 -0.9101341 0.981303 0.1152909 -0.1541186 0.05409467 0.9249684 -0.3761746 0.9616387 -0.1285378 0.2423409 -0.9351446 0.3541141 0.01038271 -0.09342372 -0.06197124 0.993696 0.1769309 -0.1133611 -0.9776731 0.1522586 -0.1555206 -0.9760281 -0.6629223 -0.415028 -0.6231259 0.4279772 -0.9037822 -0.003654837 -0.1996731 -0.6358203 0.7455624 -0.9074631 -0.135551 -0.397664 -0.340268 -0.657111 -0.6726239 0.08887028 -0.9959536 0.01336258 -0.7023633 -0.3793981 0.6022814 0.1014315 -0.3071725 0.9462329 0.8638969 -0.3506879 0.3615249 -0.03801578 0.9991439 0.01632016 0.02116322 0.9978224 -0.06247258 0.07503861 0.9970718 0.01474058 0.03414529 0.9993094 0.01466178 0.008309304 0.9996649 0.02451783 0.003811657 0.9999297 0.01123094 -0.02837061 0.9960958 0.08359587 0.02094119 0.9993231 -0.03024888 0.01179867 0.9999177 0.005059599 -0.04705041 0.9987829 0.01480269 0.03203082 0.9993928 -0.01372355 -0.007763087 0.9990445 0.04300957 0.83859 -0.4482883 -0.309523 0.3541964 0.9316548 0.08102029 -0.9271363 0.3472689 0.1407935 -0.5522812 0.2858041 -0.7831358 0.5510361 0.516072 -0.6557661 0.1502565 -0.6754618 -0.7219241 -0.1413758 0.7680123 -0.624636 -0.5923395 -0.6131974 -0.5226117 -0.3393272 -0.9404942 -0.01809835 0.909731 -0.385081 -0.1552489 -5.36101e-4 5.88305e-4 0.9999998 4.96762e-4 5.00482e-4 0.9999998 -6.63943e-4 6.106e-4 0.9999996 0.001363456 -5.4421e-4 0.999999 -0.002469062 -1.33588e-4 0.999997 5.71458e-4 0.001603662 0.9999986 6.14955e-5 9.2925e-4 0.9999996 -5.06809e-4 -0.001258313 0.9999992 0.001904129 0.001996457 0.9999962 7.22663e-4 -0.001075446 0.9999992 6.6348e-4 5.2705e-5 0.9999998 -0.001679837 6.46318e-4 0.9999985 0.0561763 -0.5532766 0.8311013 0.9045346 -0.2916107 -0.3110956 0.497416 0.347529 -0.7948591 -0.7672357 0.2212722 -0.6019869 0.01264017 -0.9998005 0.01546752 -0.09138923 -0.9916954 -0.0904892 0.2395724 -0.9708751 0.002607643 -0.2501805 -0.9662031 0.06214106 0.004553377 -0.9933643 0.1149201 0.07358479 -0.9724836 0.2210448 -0.1888659 -0.3387636 -0.9217206 -0.8106414 -0.4534558 0.3704574 -0.6991784 -0.08929765 0.7093486 0.7087073 0.3648577 0.6038319 4.63366e-4 0.9998883 0.01494252 -0.01575791 0.9998 -0.01231795 -4.41142e-4 0.9999999 4.39936e-4 -2.81552e-4 1 1.17942e-4 0.0462014 0.9974741 0.05395382 -0.04659819 0.9989135 7.05849e-4 -1.03394e-4 0.9997495 -0.02238214 -0.01257449 0.9998496 -0.01194673 -5.68071e-4 0.9999998 5.17014e-4 -0.004063725 0.999964 -0.007452249 -0.9949132 0.03886795 -0.09293574 0.9955036 0.04691171 0.08229225 0.002468168 0.06004244 0.9981928 0.2280803 0.01033467 -0.9735875 0.573582 -0.4153002 -0.7060663 -0.5274422 -0.5112025 -0.6785844 0.8655849 -0.1709885 -0.4706653 0.6333543 -0.7617137 0.1365826 0.4985088 -0.5835932 0.6410211 -0.4950447 -0.5863631 0.641178 -0.5207161 -0.8301322 -0.1993378 -0.5948266 -0.4258434 -0.6817909 -0.7570366 -0.5276781 0.385294 0.5763074 -0.5620102 0.5933082 0.006774485 0.9999479 -0.007650077 0.005278587 0.9995469 -0.02963614 0.003806889 0.9999818 0.004695594 -0.03032064 0.9994343 0.01455295 0.01547104 0.9998803 -2.37805e-4 0.01092255 0.99994 8.53783e-4 -0.03302872 0.9994399 -0.005406975 -0.01774716 0.9972588 0.07183378 -0.07985007 0.9968047 -0.002104997 -0.002408504 0.9998828 -0.01512295 -0.008796453 0.9991331 0.0406903 -0.009335935 0.9999095 -0.009692311 0.8950491 0.186261 0.4052087 -0.06070291 -0.9950625 -0.07852214 -0.07198113 -0.9625333 -0.2614356 -0.4441885 0.4282478 0.7869564 0.2209299 0.3997233 0.889613 -0.4686166 0.4041339 -0.7855408 0.8201636 -0.454342 -0.3477144 -0.1936543 0.2466056 -0.9495702 -0.8390147 -0.5002704 -0.2139719 -0.03676635 -0.9957997 -0.08385282 -0.16607 -0.9680971 0.18764 -0.09421312 -0.977146 -0.1905514 -0.1300536 0.1322831 0.982643 0.9208821 0.2896504 0.2609194 -0.08005154 0.3139576 -0.9460563 0.02722555 0.9996191 -0.004546582 -0.009237706 0.9940273 0.1087404 0.3349678 0.9293708 0.1551341 0.02500903 0.9996854 0.001949429 -0.07266545 0.9964209 -0.04318672 -0.02894687 0.993345 -0.11148 0.4384105 -0.1659269 0.8833258 0.9815335 0.1158207 -0.1522421 -0.7962836 0.13156 0.5904444 -0.5360439 -0.2901197 -0.7927721 -0.3324748 0.226901 -0.9154106 0.3956137 -0.3679988 -0.8414671 -0.9065968 -0.4133825 0.08483648 0.06615912 -0.9923964 -0.1037904 -0.3711753 -0.9262014 0.0661813 0.1202745 -0.9725867 -0.1990208 0.07116091 -0.514995 0.8542343 0.9416272 -0.2798957 0.187074 -0.01713639 0.9998263 0.007336378 -0.005173623 0.9997679 0.0209167 -0.007966995 0.9998891 -0.01258003 -0.03964698 0.9991702 0.00933218 -0.01077693 0.9999313 -0.00461471 -0.00303626 0.9999555 -0.00894469 -0.01138049 0.9999281 -0.00378704 0.002697408 0.9999647 -0.00797218 -0.02420324 0.9996531 0.0103892 0.01556825 0.9973276 0.07138204 -0.01259428 0.9997782 -0.01688641 -0.005701422 0.9999756 -0.004030287</float_array>
          <technique_common>
            <accessor source="#shape2-mesh-normals-array" count="186" stride="3">
              <param name="X" type="float"/>
              <param name="Y" type="float"/>
              <param name="Z" type="float"/>
            </accessor>
          </technique_common>
        </source>
        <vertices id="shape2-mesh-vertices">
          <input semantic="POSITION" source="#shape2-mesh-positions"/>
        </vertices>
        <triangles material="SWMaterial-2-material" count="186">
          <input semantic="VERTEX" source="#shape2-mesh-vertices" offset="0"/>
          <input semantic="NORMAL" source="#shape2-mesh-normals" offset="1"/>
          <p>4 0 2 0 1 0 0 1 4 1 1 1 0 2 1 2 3 2 0 3 3 3 6 3 5 4 4 4 0 4 6 5 5 5 0 5 6 6 4 6 5 6 7 7 6 7 3 7 6 8 7 8 8 8 4 9 8 9 2 9 6 10 8 10 4 10 12 11 10 11 9 11 10 12 11 12 16 12 12 13 11 13 10 13 12 14 9 14 14 14 13 15 11 15 12 15 16 16 11 16 13 16 15 17 13 17 14 17 16 18 13 18 15 18 14 19 13 19 12 19 18 20 20 20 17 20 18 21 21 21 20 21 19 22 18 22 17 22 22 23 19 23 17 23 18 24 19 24 23 24 24 25 23 25 19 25 24 26 21 26 23 26 18 27 23 27 21 27 25 28 24 28 19 28 22 29 25 29 19 29 26 30 24 30 25 30 21 31 24 31 26 31 20 32 21 32 27 32 27 33 21 33 26 33 30 34 29 34 28 34 30 35 34 35 29 35 28 36 32 36 30 36 33 37 32 37 28 37 32 38 31 38 30 38 35 39 31 39 32 39 35 40 32 40 33 40 34 41 30 41 31 41 34 42 31 42 35 42 44 43 40 43 37 43 41 44 43 44 36 44 40 45 41 45 38 45 43 46 44 46 37 46 43 47 37 47 46 47 43 48 46 48 36 48 45 49 38 49 46 49 46 50 37 50 45 50 37 51 39 51 45 51 39 52 38 52 45 52 38 53 36 53 46 53 41 54 36 54 38 54 40 55 38 55 39 55 40 56 39 56 37 56 47 57 42 57 41 57 50 58 48 58 44 58 40 59 44 59 49 59 53 60 40 60 49 60 40 61 53 61 52 61 51 62 50 62 43 62 40 63 52 63 47 63 50 64 44 64 43 64 42 65 51 65 43 65 41 66 42 66 43 66 49 67 44 67 48 67 41 68 40 68 47 68 54 69 61 69 55 69 57 70 62 70 54 70 60 71 57 71 58 71 55 72 59 72 54 72 59 73 55 73 58 73 54 74 59 74 58 74 58 75 57 75 54 75 60 76 58 76 55 76 61 77 60 77 55 77 62 78 61 78 54 78 69 79 64 79 57 79 68 80 62 80 56 80 66 81 67 81 60 81 61 82 62 82 63 82 65 83 61 83 63 83 56 84 62 84 57 84 64 85 56 85 57 85 60 86 61 86 66 86 61 87 65 87 66 87 67 88 69 88 60 88 63 89 62 89 68 89 60 90 69 90 57 90 70 91 81 91 71 91 74 92 70 92 75 92 77 93 74 93 75 93 80 94 77 94 76 94 71 95 79 95 78 95 71 96 78 96 70 96 71 97 76 97 79 97 70 98 78 98 75 98 78 99 79 99 75 99 79 100 76 100 75 100 76 101 77 101 75 101 80 102 76 102 71 102 81 103 80 103 71 103 74 104 81 104 70 104 84 105 73 105 80 105 80 106 73 106 77 106 81 107 83 107 80 107 83 108 84 108 80 108 81 109 74 109 82 109 81 110 82 110 85 110 72 111 74 111 77 111 73 112 72 112 77 112 81 113 85 113 83 113 82 114 74 114 72 114 86 115 92 115 90 115 88 116 91 116 87 116 87 117 86 117 89 117 92 118 91 118 93 118 91 119 88 119 93 119 92 120 93 120 90 120 89 121 90 121 94 121 90 122 95 122 94 122 90 123 93 123 95 123 93 124 88 124 95 124 88 125 94 125 95 125 88 126 89 126 94 126 86 127 90 127 89 127 87 128 89 128 88 128 96 129 91 129 98 129 98 130 91 130 92 130 87 131 103 131 102 131 101 132 97 132 86 132 87 133 91 133 96 133 103 134 87 134 96 134 97 135 99 135 92 135 87 136 102 136 101 136 86 137 97 137 92 137 100 138 98 138 92 138 86 139 87 139 101 139 99 140 100 140 92 140 116 141 113 141 106 141 105 142 115 142 107 142 105 143 107 143 108 143 109 144 104 144 105 144 106 145 109 145 108 145 104 146 111 146 115 146 114 147 113 147 116 147 111 148 114 148 115 148 104 149 115 149 105 149 107 150 115 150 116 150 114 151 116 151 115 151 108 152 107 152 116 152 108 153 109 153 105 153 106 154 108 154 116 154 111 155 113 155 114 155 104 156 109 156 118 156 110 157 113 157 111 157 106 158 113 158 117 158 118 159 112 159 104 159 117 160 113 160 110 160 112 161 111 161 104 161 124 162 121 162 120 162 127 163 123 163 121 163 120 164 119 164 122 164 119 165 125 165 126 165 119 166 123 166 125 166 123 167 127 167 125 167 119 168 126 168 122 168 126 169 125 169 124 169 127 170 124 170 125 170 122 171 126 171 124 171 120 172 122 172 124 172 121 173 124 173 127 173 132 174 129 174 119 174 130 175 131 175 123 175 120 176 121 176 128 176 121 177 123 177 135 177 128 178 121 178 135 178 120 179 128 179 134 179 129 180 133 180 119 180 120 181 134 181 132 181 135 182 123 182 131 182 130 183 123 183 119 183 133 184 130 184 119 184 120 185 132 185 119 185</p>
        </triangles>
      </mesh>
    </geometry>
    <geometry id="shape1-mesh" name="shape1">
      <mesh>
        <source id="shape1-mesh-positions">
          <float_array id="shape1-mesh-positions-array" count="15411">0.01596254 -0.05512624 0.5321577 0.03950965 -0.04125088 0.5940651 0.04012864 -0.04356336 0.5923216 0.03986573 -0.04739862 0.590029 9.26783e-4 -0.03988242 0.61747 0.03654158 -0.05134212 0.5894981 0.00394535 -0.04008024 0.6173858 0.003938198 -0.04005938 0.61729 0.0104261 -0.05230838 0.529813 0.004793286 -0.04367774 0.61593 0.01173293 -0.0577386 0.5337125 0.005559325 -0.03751415 0.61742 0.01136177 -0.04104751 0.6160672 0.005870044 -0.05529749 0.5295575 0.04120177 -0.04183512 0.59047 0.04095566 -0.04388242 0.5904099 0.04123419 -0.05110156 0.5570684 0.01490676 -0.04729437 0.6114774 0.004929244 -0.05264478 0.5290196 0.01331657 -0.04033184 0.61545 0.01947861 -0.0402494 0.61309 0.04389393 -0.04304641 0.583041 0.03651881 -0.05441176 0.5523898 0.007387995 -0.04933959 0.6112918 0.03409153 -0.05188894 0.5444899 0.04326891 -0.04501771 0.58333 0.04101216 -0.04388982 0.590436 0.03205895 -0.05556261 0.5597301 0.03397363 -0.05562382 0.5605549 0.03760147 -0.05475014 0.56155 0.01952594 -0.04027104 0.6131804 0.02421391 -0.04309004 0.610005 0.04407197 -0.04565215 0.57895 -0.005914449 -0.05774569 0.5318031 0.04314249 -0.05012053 0.5756515 0.02779716 -0.0557422 0.5411199 0.02475714 -0.05332058 0.5363849 0.03827136 -0.0543279 0.5715785 0.04445499 -0.04779303 0.5691719 0.0296384 -0.05657124 0.549996 0.02980005 -0.0392571 0.6065618 0.03228968 -0.04166036 0.6044204 0.03329014 -0.05543935 0.5488775 0.0231353 -0.05194199 0.6000621 0.02528983 -0.0483421 0.6051976 0.03318387 -0.04636365 0.6005964 0.03506547 -0.04015731 0.6008508 -0.005113542 -0.01613759 0.6185164 -0.01922792 -0.03818053 0.6133685 -0.04035544 -0.02597349 0.5937299 -0.0343964 -0.02257198 0.6025283 -0.03608936 -0.02331411 0.6003141 -0.01535922 -0.05169415 0.531374 -0.007987976 -0.03758227 0.6170105 -0.01948261 -0.05061876 0.5331307 1.14574e-4 -0.03741747 0.6179198 -0.0298981 -0.0481131 0.5402633 -0.03389769 -0.0517295 0.5446067 -0.03614681 -0.04523575 0.5469191 -0.03108358 -0.02088546 0.6067284 -0.03733938 -0.04514855 0.5964519 -0.04172897 -0.04906672 0.5575897 -0.03133481 -0.04258769 0.6044968 -0.04351431 -0.03873854 0.5624903 -0.04421824 -0.0377866 0.5652208 -0.02163445 -0.01827502 0.6131538 -0.02180325 -0.0182929 0.612987 -0.01184302 -0.01660102 0.6171418 -0.04422748 -0.04743218 0.5714767 -0.02637857 -0.03885972 0.609 -0.04284745 -0.02909588 0.58694 -0.04347312 -0.04311048 0.5828828 -0.04210197 -0.02808606 0.58922 -0.04290688 -0.0291776 0.5867009 -0.01155728 -0.01654428 0.617152 -0.04097521 -0.0418213 0.5905147 -2.73771e-4 -0.04447054 0.6100201 0.004015505 -0.04602617 0.6109459 0.003262281 -0.04595065 0.6109001 0.002810657 -0.04550164 0.61236 0.03208243 -0.04654729 0.5414149 0.03135973 -0.04717463 0.5405653 0.02790498 -0.04449778 0.5386199 0.02921313 -0.047724 0.5388398 0.02936482 -0.04771399 0.5387379 0.02038633 -0.04553765 0.5328009 0.01416325 -0.04622268 0.5301831 0.01591771 -0.05082648 0.530971 0.0121873 -0.05120158 0.5299107 0.009357929 -0.04705655 0.5286863 0.008541822 -0.05164343 0.5290811 0.006365776 -0.04744207 0.5285222 0.006248772 -0.05170673 0.5290051 0.008335888 -0.0517171 0.5290288 0.004208505 -0.04812192 0.5284001 0.004415929 -0.0520333 0.5285201 8.56262e-4 -0.015311 0.6194173 0.009631395 -0.01167792 0.6182001 0.01410031 -0.01215237 0.6170544 0.0199179 -0.01321542 0.6146424 0.01818865 -0.01712733 0.6152943 0.018399 -0.01281487 0.6154952 0.01694142 -0.01265722 0.6159408 0.01877802 -0.01306241 0.6147198 0.02315616 -0.01395791 0.6129297 0.02438825 -0.01812124 0.6122508 0.02601522 -0.01500642 0.6106989 0.0323078 -0.01681494 0.6058752 0.03288006 -0.02076882 0.6052896 0.0420438 -0.02238309 0.591763 0.04014235 -0.02552366 0.594873 0.03704565 -0.01838213 0.6005972 0.04374057 -0.02813947 0.5869385 0.04403913 -0.02459621 0.5854738 0.04548454 -0.02805548 0.5778026 0.04491716 -0.03041911 0.5812674 0.04541921 -0.03207498 0.5771732 0.04521244 -0.03237754 0.5670123 0.04486721 -0.03673619 0.5656637 0.04388189 -0.03840959 0.5615151 0.04143625 -0.03747093 0.5540235 0.0427823 -0.03980857 0.5580909 0.04123771 -0.04133671 0.5543839 0.04003036 -0.04226744 0.55198 0.03711915 -0.04414129 0.5473447 0.033688 -0.04222786 0.5436758 0.03465551 -0.04541927 0.5441885 0.03400337 -0.04180383 0.5428358 -0.02753192 -0.04835832 0.5577147 -0.03412413 -0.04910153 0.5608701 -0.02737176 -0.04934716 0.558104 -0.03081554 -0.04928219 0.5608788 -0.02661347 -0.04956847 0.5562532 -0.03149497 -0.0483644 0.55995 0.0286917 -0.04836392 0.5580301 0.03049331 -0.04841423 0.5596899 0.03177052 -0.04943102 0.560804 0.03811514 -0.04891902 0.5604143 0.001134753 -0.04091119 0.6057001 5.04295e-5 -0.04092216 0.60468 0.01522415 -0.04687935 0.5674101 0.009155571 -0.04719328 0.5871084 0.01280909 -0.04688096 0.5839568 -0.01615929 -0.04692262 0.57373 0.01570689 -0.04702031 0.5786461 -0.01511073 -0.04694426 0.5791878 -0.01514452 -0.04695415 0.5792001 0.01554173 -0.04690027 0.5789767 -0.01329183 -0.0470134 0.5827354 -0.008140206 -0.04697561 0.58768 -0.001196861 -0.04730618 0.58964 -0.002402186 -0.0468555 0.5904 0.003103137 -0.04688704 0.5896356 0.006307542 -0.04632532 0.5306448 0.04303652 -0.02921777 0.5748493 0.04264026 -0.03488326 0.5676695 0.04167819 -0.03401309 0.56287 0.03996276 -0.03875148 0.5572503 0.04040586 -0.0357117 0.5588381 0.00482738 -0.01463127 0.6160315 0.03316843 -0.04328304 0.5460848 0.03409415 -0.04000645 0.5469542 0.01082229 -0.01589161 0.6150388 0.03557902 -0.0395236 0.5491617 0.03453803 -0.0427429 0.5471991 0.01610523 -0.01342815 0.6133438 0.0184797 -0.01651787 0.6123894 0.02804666 -0.04299306 0.5409612 0.02771401 -0.04288911 0.5405352 0.02455335 -0.04656171 0.5379409 0.0269314 -0.01867973 0.60695 0.02156519 -0.04542803 0.5373981 0.02224451 -0.0471279 0.5366739 0.02891647 -0.01646137 0.605432 0.03555685 -0.02218729 0.5978665 0.03619784 -0.02284228 0.5969452 0.01606416 -0.04838043 0.5336153 0.03791272 -0.0238676 0.5939433 0.01893913 -0.04505628 0.5346079 0.03870582 -0.02194446 0.5923522 0.03978461 -0.0254743 0.5898001 0.04056304 -0.02384799 0.5879299 0.04087597 -0.02677571 0.5870189 0.04278486 -0.03035551 0.5784494 0.006217896 -0.04671567 0.5308173 0.04289001 -0.02989184 0.5794189 0.04208666 -0.02637875 0.5819505 0.04293394 -0.02932232 0.5745468 0.04304701 -0.03176826 0.5744673 0.005347192 -0.04959607 0.5308631 -0.03153318 -0.05293256 0.5534012 -0.03219312 -0.05333918 0.5533615 0.03164601 -0.05296486 0.553258 -0.03130286 -0.05025982 0.5537801 -0.03324568 -0.05025982 0.5530301 0.03386116 -0.05025982 0.55317 0.03480088 -0.05025774 0.5538474 0.03448319 -0.05296313 0.55368 0.03131067 -0.05025982 0.5546501 -0.002091467 -0.04558438 0.60995 -0.00101763 -0.0444895 0.61305 -0.001255631 -0.04485958 0.6114366 -0.001532793 -0.04286003 0.6112701 -0.001412451 -0.04446268 0.6109099 -6.17963e-4 -0.04286003 0.6101 0.02958208 -0.05025982 0.5551586 0.0294938 -0.04276001 0.5556492 0.02978438 -0.05025941 0.5564325 0.03054577 -0.05025982 0.5572198 0.03083127 -0.04276001 0.5575777 0.03256148 -0.04276001 0.5582985 -0.02979773 -0.04831218 0.5513082 -0.02801358 -0.0427615 0.5533879 1.99802e-4 -0.04086554 0.60676 0.01600319 -0.04745346 0.5710475 -0.01569217 -0.04742068 0.5751641 0.00871402 -0.0496903 0.5869585 -0.002890706 -0.04734259 0.5893422 -0.01335185 -0.01323044 0.613896 -0.01238304 -0.01392704 0.614062 -0.008472442 -0.01512438 0.6157435 -8.74076e-4 -0.01482546 0.6161059 -0.03880625 -0.03967607 0.5553476 -0.03895258 -0.03952848 0.5554742 -0.03966301 -0.03589701 0.5576387 -0.03943449 -0.03894537 0.5568544 -0.04138809 -0.03661412 0.56265 -0.04219496 -0.03533881 0.5659078 -0.04287153 -0.03186994 0.5743059 -0.04287421 -0.03211098 0.5738337 -0.006919205 -0.04936593 0.5311235 -2.76396e-4 -0.04981762 0.530375 -0.003055393 -0.0467534 0.5304045 -0.04258793 -0.0284096 0.57658 -0.04183709 -0.02863585 0.5825139 -0.0108304 -0.04910773 0.53193 -0.04194164 -0.02667909 0.5812956 -0.03923165 -0.02345889 0.5891702 -0.01033526 -0.04661267 0.5320038 -0.01655143 -0.04548406 0.5338832 -0.03610217 -0.02087652 0.5964694 -0.03177577 -0.02061223 0.602109 -0.02350175 -0.04410094 0.5376028 -0.02977526 -0.01960444 0.6043437 -0.02505803 -0.01817548 0.6080313 -0.01955747 -0.01670789 0.6117838 -0.03025537 -0.04192972 0.5429155 -0.03359258 -0.04302757 0.5471254 -0.01557487 -0.01604163 0.6135064 -0.004504144 -0.01290529 0.6157417 -0.02264744 -0.04686158 0.5366991 -0.03152662 -0.02064561 0.6026219 -0.02307707 -0.04714053 0.5367764 -0.02282649 -0.01765388 0.61011 -0.04205358 -0.02896291 0.58121 -0.0415377 -0.02725237 0.5856578 -0.008109271 -0.01536124 0.61595 -0.03365808 -0.04299277 0.5467794 0.01032209 -0.04950422 0.5316991 -0.01636785 -0.01630932 0.61343 -0.0111311 -0.01560044 0.6148113 -0.03942358 -0.02548915 0.5899199 -0.001523315 -0.0492857 0.530178 -0.03800082 -0.02435439 0.5940986 -0.03672099 -0.02307277 0.5958547 -0.01137983 -0.04967534 0.5308695 -0.04225999 -0.03705775 0.5600829 -0.01574361 -0.04844087 0.5335323 -0.04234576 -0.03492802 0.5670161 -0.04208672 -0.03525811 0.5674954 -0.02509367 -0.01889508 0.6080247 0.01219981 -0.04911774 0.53223 0.02494299 -0.0181511 0.60887 -0.004313826 -0.01505959 0.61622 0.004496932 -0.01506549 0.61625 0.02618873 -0.04634171 0.5393686 0.004643142 -0.01466912 0.61607 0.0321052 -0.02071249 0.6021965 0.001373291 -0.01500052 0.61667 0.03760737 -0.02322632 0.5955533 0.0435701 -0.03251028 0.572718 0.007411956 -0.01452177 0.6177313 0.0263018 -0.04630213 0.5392001 0.04069727 -0.03825521 0.5590786 0.04071629 -0.03779351 0.5598889 0.001603543 -0.04285001 0.6152599 0.003094315 -0.03897011 0.6142019 -0.002179384 -0.01256078 0.6153674 -0.002752423 -0.0429005 0.6145067 0.001030862 -0.01554441 0.61586 0.00104928 -0.01555359 0.6159041 -6.33028e-4 -0.01487731 0.6159331 -0.00281465 -0.04285955 0.61405 -0.002995491 -0.04042613 0.61384 0.001726508 -0.01261699 0.61625 0.03280854 -0.04034376 0.5472325 0.03342199 -0.03994876 0.5483516 -0.03249633 -0.01898533 0.5996372 -0.02616047 -0.0426262 0.540874 0.03302741 -0.03974002 0.5475221 0.02936065 -0.04160583 0.5434001 -0.0294876 -0.01743239 0.60322 -0.03421294 -0.03942179 0.5487436 0.02772247 -0.04177266 0.5425325 0.02635914 -0.04265213 0.5408092 -0.03544914 -0.03845018 0.5517116 0.0237447 -0.04345279 0.53882 -0.01991248 -0.0146358 0.6102351 0.02037036 -0.04427045 0.5368034 0.03509396 -0.01980257 0.59735 -0.03881424 -0.03580963 0.5577457 -0.01565432 -0.01374459 0.6122394 0.01639252 -0.04514813 0.5352005 -0.01609081 -0.013785 0.6122601 0.01907122 -0.04461997 0.5360153 -0.03884083 -0.03583586 0.5577636 0.03867638 -0.02287751 0.5896462 -0.04029881 -0.03392076 0.5629262 0.01230841 -0.04569649 0.5333223 -0.04100513 -0.03263509 0.5652928 -0.04034978 -0.03367501 0.5634 0.04122817 -0.02604997 0.5818994 0.04059481 -0.02541023 0.584026 -0.01292383 -0.01350468 0.6133581 0.006854116 -0.04632258 0.5323417 -0.04137289 -0.03211808 0.5660205 0.04193425 -0.02784341 0.57746 0.005995035 -0.04622489 0.53197 -0.04153126 -0.03066259 0.5711157 0.04215675 -0.02922481 0.5745521 -0.04177552 -0.02936244 0.5734356 0.008684515 -0.04586023 0.5328149 0.04204857 -0.02906024 0.5744452 -0.00427258 -0.04646146 0.5316308 0.04175436 -0.03055584 0.5714404 -0.006020247 -0.04638409 0.5322322 -0.04148697 -0.02722388 0.5789901 0.04169178 -0.03171783 0.56787 -0.005253255 -0.04652804 0.5322044 -0.04136657 -0.0272721 0.5792949 0.03923606 -0.03542673 0.5592826 -0.03916549 -0.02559918 0.5873524 -0.03772944 -0.02188473 0.5915153 0.03614681 -0.03814607 0.55196 -0.01386815 -0.04551368 0.5342817 -0.01886105 -0.04453092 0.5361555 0.03729641 -0.03719431 0.5544683 -0.02264928 -0.0436728 0.5382801 -0.03428483 -0.01984941 0.5973675 0.02643835 -0.01603353 0.6067823 0.0238502 -0.01523429 0.6087208 0.0301389 -0.0173586 0.60346 0.0237227 -0.02811187 0.60848 0.02738767 -0.02242857 0.60585 0.03275656 -0.01854264 0.6005893 0.0300861 -0.0198158 0.60345 0.01178431 -0.013426 0.6139064 0.01815807 -0.01393425 0.61102 0.002497792 -0.01244115 0.6153784 -0.01143229 -0.04966217 0.53088 -0.002723336 -0.01371061 0.6178575 -0.03845071 -0.04115921 0.5514143 0.01995885 -0.048505 0.5336018 0.02739536 -0.04598677 0.539975 -0.03069365 -0.04531216 0.5413737 0.003926515 -0.04285866 0.61258 0.001760542 -0.04286003 0.61238 0.001418352 -0.04286003 0.6104001 -0.002782702 -0.03725701 0.6141837 -0.03951036 -0.04409247 0.5838594 -0.03774768 -0.04275894 0.5569199 -0.0203526 -0.04025429 0.6088717 -0.04081451 -0.04605484 0.5686286 -0.02364349 -0.0153405 0.608057 -0.03709036 -0.05025976 0.55621 -0.00262916 -0.05339735 0.5322464 -0.007810771 -0.03811377 0.6136406 -0.002236962 -0.012667 0.61528 -0.03894966 -0.02341723 0.5886881 -0.006578266 -0.05334544 0.53264 -0.03049349 -0.01806163 0.6020722 -0.04142177 -0.03126984 0.5695535 -0.03275907 -0.04116725 0.5976501 -0.007684946 -0.03808599 0.61347 -0.03348022 -0.04275965 0.54921 -0.03159421 -0.04844957 0.54712 -0.01770365 -0.04490715 0.5358814 -0.04063349 -0.04595643 0.56894 -0.03057479 -0.03969228 0.6004745 -0.03318536 -0.0481379 0.54927 -0.03047454 -0.04100662 0.6006186 -0.0142796 -0.05319124 0.534754 -0.02199321 -0.0462464 0.53842 -0.02768778 -0.04224866 0.5423434 -0.02154231 -0.05183404 0.5386255 -0.02488756 -0.04668009 0.54044 -0.0338267 -0.05026131 0.5500898 -0.03381025 -0.05025976 0.5501269 -0.03743875 -0.04276031 0.5561599 -0.02487659 -0.04668033 0.5404531 -0.04091191 -0.0446788 0.5726235 -0.04021108 -0.03390073 0.5630162 -0.04017746 -0.04466503 0.5725397 0.0252397 -0.04311859 0.5402922 0.02527296 -0.05153906 0.5405457 0.04130226 -0.03225189 0.567 0.02514719 -0.04625988 0.54045 0.0408259 -0.0438748 0.5785 0.00252217 -0.0125761 0.6152701 0.002594292 -0.012515 0.6153409 0.0375967 -0.0370292 0.5549937 0.03771317 -0.04277372 0.5561599 0.03761249 -0.02186793 0.5924487 0.011137 -0.0375728 0.6127501 0.02208822 -0.05208665 0.5384519 0.03798019 -0.04762971 0.5588555 0.03438007 -0.04401874 0.595372 0.01495981 -0.03779268 0.6114908 0.02194786 -0.02799457 0.60852 0.02257907 -0.0288282 0.60812 0.0165438 -0.04513901 0.5352547 0.03374135 -0.04275989 0.54922 0.02257716 -0.02882725 0.6081182 0.02777564 -0.02832889 0.6042753 0.03495144 -0.02787864 0.5960161 0.01332056 -0.01341575 0.6134217 0.0349406 -0.02787768 0.59601 0.04113215 -0.04491299 0.57137 0.007381439 -0.05417793 0.5330287 0.02567446 -0.03872495 0.6054736 0.02568233 -0.03872412 0.6054858 0.03420192 -0.04276216 0.54988 0.03803128 -0.04276001 0.5569199 0.03188264 -0.02862298 0.6000115 0.03210759 -0.04779481 0.54738 0.04007178 -0.04292088 0.5826705 0.03131937 -0.03995388 0.5999001 0.0111351 -0.03757244 0.6127462 0.02379137 -0.01532471 0.6085862 0.0350458 -0.0203399 0.59645 0.02926838 -0.02817612 0.6042184 -0.02524173 -0.03543645 0.547781 -0.02510094 -0.05268931 0.5472975 -0.02636408 -0.03552067 0.54768 -0.02653694 -0.05302286 0.5475003 -0.02635329 -0.03552246 0.5477401 -0.02637022 -0.03551506 0.5477329 -0.01877355 -0.04685992 0.5496301 -0.02031803 -0.03592228 0.5479373 -0.01973927 -0.04627352 0.54746 -0.02096599 -0.03547537 0.5496699 -0.02522945 -0.03541553 0.54962 -0.02525246 -0.03537827 0.5495404 -0.02440285 -0.05285787 0.5488564 -0.02535742 -0.03697395 0.5478311 -0.02647197 -0.05265903 0.54734 -0.02694213 -0.05273145 0.547861 -0.02654486 -0.0357595 0.5504007 -0.01961737 -0.04654186 0.5474365 -0.02089905 -0.03585654 0.5478334 -0.02001136 -0.0354073 0.54762 -0.02519929 -0.03573417 0.5480407 -0.02460694 -0.03573006 0.549034 -0.0195524 -0.03600949 0.5482001 -0.0195524 -0.03600949 0.55022 -0.0263375 -0.03597903 0.5505555 -0.01997077 -0.03543549 0.5503901 0.01634001 -0.04903739 0.5319225 -0.03881251 -0.04101163 0.5519676 0.0269944 -0.04673904 0.5379214 -0.01754158 -0.04881292 0.5324205 -0.02058279 -0.04824495 0.5341094 0.04257202 -0.03759211 0.5603839 0.0129882 -0.04963415 0.5308099 0.03732365 -0.04220014 0.5488038 -0.03048872 -0.04535293 0.5411064 0.001380145 -0.05028647 0.5288494 0.00504589 -0.05013674 0.5292179 0.03141957 -0.04497903 0.5419117 0.03112465 -0.04525756 0.5413185 -0.006215214 -0.04989445 0.5294428 0.02622824 -0.017672 0.6100313 -0.03586643 -0.02160096 0.5998691 0.04209887 -0.03865337 0.5583108 -0.02728408 -0.01794397 0.6091299 0.01578515 -0.0152961 0.6155832 -0.0399037 -0.02438765 0.5931347 0.04488211 -0.03338468 0.5717911 0.04405939 -0.02884942 0.5807474 0.008023917 -0.01454585 0.6175506 0.04273158 -0.02671551 0.587271 -0.04466378 -0.03130882 0.5772865 -0.04362922 -0.0285983 0.5834423 -0.0446456 -0.03184598 0.575936 -0.04415249 -0.03219634 0.5730655 0.03581917 -0.02146595 0.6006007 -0.01932668 -0.01629966 0.6141032 -0.04394811 -0.03440815 0.5680659 -0.02108389 -0.03599029 0.5490759 -0.02144247 -0.05288791 0.5488224 -0.02500689 -0.03600627 0.5490301 -0.02482563 -0.05309599 0.5485651 -0.02708321 -0.05290514 0.5504199 -0.0195111 -0.03571945 0.550837 -0.02669191 -0.04875904 0.5507758 -0.01481348 -0.04694211 0.5644214 -0.01421242 -0.04695051 0.5660639 -0.01692849 -0.04686486 0.57297 -0.01554054 -0.04737281 0.57056 -0.01934301 -0.04640495 0.5492294 -0.01979345 -0.04702699 0.55101 -0.01980578 -0.04702758 0.5510163 -0.01645153 -0.04711967 0.5676916 -0.01764798 -0.0471276 0.5729404 -0.01742148 -0.04731327 0.5742862 -0.01562327 -0.04697048 0.5802804 -0.01656562 -0.04706221 0.5798166 -0.01610368 -0.04685914 0.57905 -0.01501995 -0.0469408 0.5879155 -0.01289987 -0.0474013 0.5853402 -0.01265352 -0.04730468 0.5854644 -0.01304894 -0.04718899 0.5857471 -0.01225906 -0.04697984 0.5868498 0.01306617 -0.04726493 0.5856227 0.01288586 -0.04724347 0.5857541 0.01313436 -0.04706192 0.585868 0.01361602 -0.046566 0.5856156 0.01690447 -0.04704087 0.5788805 0.01761186 -0.04731833 0.57493 0.01808589 -0.0472899 0.5744567 0.01756495 -0.04715448 0.5739451 0.01819616 -0.04703187 0.57313 0.01569455 -0.04733538 0.5658844 0.01676917 -0.04684042 0.57217 0.01651942 -0.04709863 0.568457 0.01687598 -0.04750138 0.5694836 -0.01160269 -0.04694885 0.58669 -2.74831e-4 -0.04710304 0.591421 0.00155735 -0.04684847 0.59057 0.009427189 -0.0471962 0.5886844 0.01180404 -0.04891502 0.5868917 0.02354115 -0.04696136 0.5973926 0.02348256 -0.0468797 0.5974442 0.02326846 -0.04703187 0.59766 0.01137864 -0.04684042 0.585873 0.01780366 -0.04718953 0.59235 0.02356719 -0.04727065 0.5982543 0.02434611 -0.04689365 0.5975908 0.01771438 -0.05021983 0.5748001 0.0171144 -0.04956632 0.5788789 0.01598578 -0.0467543 0.5821627 0.01780933 -0.0501877 0.5748403 0.01831746 -0.0500977 0.575183 0.01751059 -0.04715406 0.5746672 0.03955399 -0.04686731 0.5743932 0.04056769 -0.04685294 0.572777 0.0184924 -0.04712396 0.5733851 0.02876907 -0.04715389 0.5730301 0.01809453 -0.04729837 0.5729657 0.0180028 -0.05074673 0.5726519 0.01483321 -0.04717552 0.5643857 0.01495736 -0.04692101 0.5644533 0.01489609 -0.04688149 0.5644153 0.01548248 -0.05115616 0.5647454 0.0133233 -0.04701513 0.5644741 0.03535807 -0.04090005 0.5461697 0.01458954 -0.04688614 0.5312063 -0.01475244 -0.04668408 0.5315311 -0.02600282 -0.04437679 0.537469 -0.04289627 -0.03656268 0.5626351 -0.04123204 -0.03636306 0.5571643 5.81575e-4 -0.01163077 0.6182917 0.02001732 -0.01603025 0.613365 0.03227996 -0.01718592 0.604407 0.03860759 -0.02307981 0.5959321 0.04277873 -0.02456963 0.5861092 0.04405134 -0.02679836 0.5806919 0.04474937 -0.02839481 0.5760725 0.0441246 -0.03235447 0.5670055 -0.0442177 -0.03336685 0.5705983 -0.04337507 -0.02600109 0.5827307 -0.04390859 -0.0294485 0.5802857 -0.02574676 -0.0175777 0.6100326 -0.01667165 -0.01267051 0.6147505 0.01282078 -0.05146265 0.5644299 0.01250618 -0.05160486 0.5645558 0.01316189 -0.05072903 0.5645443 0.01317518 -0.05107408 0.5644546 -0.01640206 -0.05033242 0.5711435 -0.01288568 -0.05105346 0.5644519 -0.01214355 -0.05165368 0.5645711 -0.01214045 -0.05164134 0.56457 -0.02135998 -0.05298519 0.54101 -0.01931118 -0.04653865 0.54925 -0.02019155 -0.03544026 0.5468186 -0.02139145 -0.05217671 0.54741 -0.02431929 -0.05265516 0.5490943 -0.02455747 -0.05278122 0.5487602 -0.02478367 -0.03600537 0.54929 -0.02695471 -0.05307281 0.5507003 -0.02695763 -0.05297923 0.5503908 -0.02654129 -0.03576141 0.5504001 -0.02726984 -0.04971528 0.55132 -0.0158388 -0.05124163 0.5667952 -0.01782846 -0.05068856 0.5727162 -0.01783341 -0.05081313 0.5724952 -0.03446877 -0.05098295 0.57224 -0.0269615 -0.0522632 0.5518701 -0.02658575 -0.05245584 0.5511212 -0.02666431 -0.03572773 0.5505125 -0.02628427 -0.05270946 0.551189 -0.02013665 -0.05256611 0.5509676 -0.02034872 -0.0527203 0.5512893 -0.01526272 -0.05111885 0.5655237 -0.01696884 -0.05055737 0.5696949 -0.01692795 -0.04686158 0.5729697 -0.0173757 -0.04732483 0.5731377 -0.03906953 -0.04718756 0.5731639 -0.01768511 -0.04713881 0.5744276 -0.0271582 -0.04687726 0.5740501 -0.04003572 -0.04706132 0.574404 -0.01766973 -0.0503931 0.5747351 -0.01301062 -0.04955887 0.5853937 -0.02421623 -0.04688894 0.5976014 -0.0158376 -0.04698514 0.58895 -0.0231834 -0.04687982 0.59747 0.01184904 -0.04687148 0.586722 -0.007677435 -0.04694092 0.5879945 -0.01165527 -0.04974746 0.5872417 -0.01177322 -0.0494498 0.5876587 -0.004811644 -0.04720354 0.5907852 0.01223063 -0.04693371 0.5867955 0.02164638 -0.04863274 0.59688 8.66322e-5 -0.04820096 0.6045135 0.001132726 -0.04363113 0.6049568 -9.68999e-4 -0.04449599 0.6049538 0.02436357 -0.04726976 0.5991061 0.017183 -0.04720085 0.5917119 0.02444994 -0.04711717 0.5993736 0.02533179 -0.04718607 0.598218 0.01298385 -0.04704529 0.5857778 0.02573359 -0.04706239 0.5982163 0.02554118 -0.04714709 0.59816 0.02458858 -0.04867666 0.596399 0.01313418 -0.04915237 0.5855725 0.01535832 -0.04951053 0.5820498 0.0369426 -0.05031156 0.5754099 0.01808339 -0.04729449 0.5744538 0.03901416 -0.04752177 0.5741462 0.03964769 -0.04697674 0.574532 0.02855283 -0.04703187 0.5742899 0.01808619 -0.04729712 0.57444 0.0405699 -0.04680246 0.572794 0.01819616 -0.04687982 0.5733901 0.03989881 -0.04687511 0.5730288 0.01940625 -0.04727941 0.5729596 0.03989219 -0.04686731 0.5730007 0.02962809 -0.04942947 0.5600821 0.03161412 -0.04930233 0.547907 0.03365617 -0.04833132 0.5601301 0.02706336 -0.04841589 0.5532355 0.0321995 -0.04813086 0.5489888 0.02668005 -0.04921036 0.5559446 0.02953833 -0.05295658 0.5484541 0.01739734 -0.05109733 0.569401 0.01748913 -0.05107259 0.5693965 0.01518744 -0.0509243 0.5661126 0.02960765 -0.05090624 0.5608392 0.02571815 -0.05251497 0.5551599 0.0278936 -0.05204772 0.5595101 0.02714979 -0.05243986 0.5522345 0.02571481 -0.05250579 0.5551561 0.02806919 -0.05231654 0.5507603 0.02695703 -0.05195474 0.556239 0.030478 -0.05213361 0.5615644 0.01476609 -0.04685992 0.56437 0.02370643 -0.04690271 0.5409399 0.02355986 -0.04728293 0.5407637 0.01533758 -0.04725927 0.56506 0.02339339 -0.05304813 0.5430063 0.02343493 -0.0529586 0.5426275 0.02244532 -0.04693788 0.5392267 -0.03059983 -0.04289889 0.5410936 0.04097306 -0.03645044 0.5558692 -0.03125357 -0.04260611 0.541776 0.04325175 -0.03415411 0.56244 0.02685546 -0.04422831 0.5377062 -0.02880054 -0.04397094 0.5385615 -0.04513829 -0.03127849 0.5692199 -0.04410052 -0.03020828 0.5729399 -0.04315221 -0.03373861 0.5630453 0.02900546 -0.04378563 0.538455 0.03079682 -0.04272729 0.5412228 -0.01841765 -0.04617309 0.5329567 -0.04275387 -0.03515917 0.55935 -0.006577908 -0.04765003 0.5292512 -0.03989672 -0.03738445 0.5541037 -0.03707164 -0.04004269 0.548856 -0.01457399 -0.04689681 0.5298997 0.03392148 -0.04136604 0.54446 -0.0341205 -0.04115933 0.5450718 8.77781e-4 -0.04792517 0.528789 -0.040358 -0.03795409 0.5524925 0.006579101 -0.04753518 0.5293213 0.0388742 -0.03862357 0.551624 -0.03130841 -0.0426436 0.541357 0.01097959 -0.04717332 0.53026 -0.003588616 -0.0113359 0.6189613 -0.003185331 -0.0116201 0.6180134 -0.008272826 -0.01188308 0.6172479 -0.009097933 -0.01150053 0.6166391 0.04476428 -0.03031009 0.5721135 -0.01334303 -0.0123704 0.6161903 0.0439887 -0.02479481 0.5852806 -0.02163046 -0.01327794 0.6135224 0.04067182 -0.02222532 0.5919572 0.03879976 -0.02033799 0.59604 -0.0267446 -0.01478934 0.6103147 -0.03030747 -0.01654672 0.6064091 -0.03279316 -0.01690042 0.6045399 -0.03408223 -0.01814609 0.6020538 0.02911084 -0.0153793 0.6084459 -0.0370447 -0.0185697 0.5998642 -0.03687268 -0.01961517 0.5983901 0.0290175 -0.01588559 0.60755 -0.03785663 -0.01996994 0.5967435 0.02807033 -0.01581031 0.6086595 -0.04061466 -0.02245855 0.5914416 0.02264362 -0.014054 0.6120375 0.01973259 -0.01323294 0.61365 -0.04226201 -0.02415627 0.58719 0.02189916 -0.01318037 0.6135155 0.01395547 -0.01271682 0.6162641 0.01034945 -0.0116201 0.61761 -0.04409068 -0.02565628 0.58287 -0.04448294 -0.0285058 0.5772461 0.006455838 -0.01184284 0.6178821 -8.99275e-4 -0.04296875 0.6057801 0.02226716 -0.05316263 0.5394449 0.01524949 -0.05059206 0.576733 0.005485415 -0.04921364 0.5888149 0.01603543 -0.05007761 0.5736918 0.01576876 -0.05080205 0.57272 0.0131309 -0.04978555 0.583725 0.01534956 -0.04978686 0.57849 0.01540046 -0.05080813 0.5690841 -0.009465456 -0.04927968 0.5865129 -0.004529893 -0.04952853 0.5888376 -0.01411592 -0.04956144 0.5811994 -0.01514911 -0.05048251 0.5692001 -0.01049941 -0.04944795 0.5856 -0.01530057 -0.04979979 0.57772 -0.01561111 -0.05080842 0.5736344 -0.01375991 -0.04696583 0.5649563 -0.02213746 -0.04691636 0.5396472 -0.02215117 -0.04692018 0.53965 -0.0192824 -0.04671221 0.5475143 -0.01300799 -0.04709559 0.5643901 -0.02129131 -0.04703879 0.5471453 -0.02360969 -0.04725772 0.54098 -0.0236448 -0.04716867 0.5408167 -0.02132523 -0.04726547 0.5471733 -0.02375507 -0.05356627 0.54311 -0.02477449 -0.05258309 0.5477593 -0.02530837 -0.03572922 0.5478027 -0.02478086 -0.05258476 0.54776 -0.02507716 -0.05265432 0.54738 -0.0284202 -0.04837375 0.5511301 -0.02656227 -0.04937326 0.5532701 -0.0340377 -0.04832935 0.55992 -0.03724581 -0.04832476 0.5585101 -0.03511786 -0.05191022 0.5616035 -0.03644305 -0.05037093 0.5728328 -0.03410017 -0.0513308 0.56099 -0.03044825 -0.05170279 0.560967 -0.02683973 -0.05234289 0.5542957 -0.02761638 -0.0514059 0.5584827 -0.02572 -0.05235671 0.55696 -0.03082257 -0.04924649 0.5607266 -0.0304473 -0.05170357 0.56097 -0.0320568 -0.05193597 0.56176 -0.0276404 -0.05195426 0.5593701 -0.02658015 -0.05245405 0.5511401 -0.03914952 -0.0472508 0.5730773 -0.04079639 -0.04587256 0.57217 -0.03929764 -0.04694068 0.5732501 -0.02827769 -0.04693847 0.5741599 -0.03712826 -0.05016547 0.5754399 -0.01803356 -0.05039912 0.57476 -0.03454965 -0.05007505 0.5745744 -0.02650862 -0.04733753 0.5990821 -0.02521657 -0.04724603 0.5978112 -0.02412605 -0.04701352 0.5976951 -0.02298337 -0.04740434 0.5978854 -0.01229935 -0.04820781 0.5875863 -0.02318298 -0.04687589 0.5974703 -0.02309298 -0.04693603 0.5975595 -0.02299451 -0.04703187 0.59766 0.005246996 -0.04920792 0.5909702 -0.005122721 -0.04929816 0.5912845 -0.00469619 -0.04853647 0.59056 0.006007194 -0.04857969 0.5904536 0.001933038 -0.04926478 0.5920301 -0.01175731 -0.04873567 0.5867547 -0.009429872 -0.04959112 0.5890741 -0.002068758 -0.04920768 0.5916501 -7.76364e-4 -0.04850596 0.5912426 -0.005882561 -0.04936736 0.5912861 0.001178622 -0.04518592 0.60527 -0.006642997 -0.04420572 0.61109 0.03488326 -0.02808058 0.5976229 0.01193964 -0.04961985 0.5877764 0.01193308 -0.04963338 0.5877801 0.02321219 -0.04825478 0.599141 0.02510416 -0.04845499 0.5971459 0.02764129 -0.04702138 0.5988795 0.03945726 -0.04688525 0.5759621 0.03890955 -0.04744935 0.57447 0.04058665 -0.0467686 0.57471 0.03711199 -0.05021524 0.5729227 0.03445822 -0.05144697 0.56099 0.0386998 -0.04961484 0.5599817 0.02884978 -0.04823285 0.5529782 0.03396886 -0.04828923 0.5591874 0.0285384 -0.04826128 0.5565569 0.02945077 -0.04832428 0.5574661 0.03342658 -0.04808843 0.54929 0.02921718 -0.05250138 0.54957 0.02429175 -0.05165857 0.54086 0.01961988 -0.05236655 0.5540388 0.0196231 -0.05236095 0.55404 0.02173596 -0.04921209 0.54706 0.02391105 -0.04721218 0.5410366 0.02162599 -0.05302232 0.54101 0.03233528 -0.04275947 0.5595191 0.03332704 -0.04826134 0.559362 0.02828782 -0.04276156 0.5533872 0.02994364 -0.04827183 0.5513208 -0.02254045 -0.01350075 0.61298 0.04412108 -0.03406465 0.5621407 -0.003328919 -0.04313176 0.60688 -0.005361795 -0.04456251 0.6080604 -0.004261791 -0.04337644 0.6080406 -3.486e-4 -0.04285967 0.60662 0.005502104 -0.04270124 0.6123648 0.004773318 -0.04375874 0.6071388 0.001216173 -0.04286152 0.60602 -0.01441663 -0.05126947 0.5680534 -0.02194219 -0.05312544 0.5394449 -0.01291143 -0.05088824 0.5645756 -0.01296043 -0.05083787 0.5644057 -0.0314815 -0.049573 0.54787 -0.03040421 -0.05238109 0.54796 -0.02482908 -0.0517925 0.5408001 -0.02293395 -0.05312436 0.5441733 -0.02507126 -0.05301147 0.5424597 -0.02711308 -0.05321377 0.54709 -0.02876758 -0.04933679 0.5497801 -0.02958923 -0.0482645 0.5514057 -0.03280347 -0.04826521 0.5594476 -0.02856457 -0.04811805 0.5529744 -0.02818679 -0.04825651 0.5559604 -0.02916866 -0.04821068 0.5574746 -0.005926132 -0.04295003 0.61212 -0.03777498 -0.04967206 0.55963 -0.01747262 -0.05097985 0.572664 -0.03618234 -0.05093073 0.5722267 -0.03668755 -0.0500971 0.57288 -0.04005849 -0.04689413 0.5747001 -0.03803229 -0.04956227 0.5747143 -0.02496975 -0.04859519 0.5967259 -0.02249765 -0.04849833 0.598344 -0.02195686 -0.04801636 0.5969099 -0.02456593 -0.0476039 0.6005642 0.007715642 -0.04942089 0.59053 0.005597233 -0.04641801 0.607964 0.00562489 -0.04743754 0.60693 -0.004118025 -0.04706209 0.606482 0.005622565 -0.04743766 0.6069228 -0.003920674 -0.04827123 0.6057798 -0.03219175 -0.04276001 0.5591086 0.02522122 -0.04723161 0.6009886 0.04124587 -0.04495853 0.5711784 0.03146827 -0.04957723 0.5877168 0.01460582 -0.03870105 0.611905 0.04029572 -0.04800164 0.57247 0.006991326 -0.04431354 0.611387 0.0214281 -0.04152107 0.6080961 0.006706774 -0.04629999 0.6088001 0.006957769 -0.0441634 0.6111401 0.03746312 -0.05074727 0.5608998 0.03833031 -0.04415357 0.5879644 0.02514028 -0.04844141 0.5971 0.04007035 -0.04292076 0.58267 0.03801441 -0.04828077 0.5822854 0.01465123 -0.04756832 0.6049193 0.04044348 -0.04397261 0.5805301 0.04112929 -0.04490429 0.57466 0.04054093 -0.04384839 0.5780961 0.04065203 -0.04680836 0.5747232 0.02833002 -0.04057234 0.6029099 0.03754407 -0.04832553 0.55849 0.03768807 -0.04806131 0.5572414 0.03396743 -0.04276001 0.5590894 0.02970868 -0.04276001 0.5517147 0.02464193 -0.05320906 0.5415664 0.02416229 -0.05353748 0.54347 0.02458018 -0.05316102 0.5413979 0.02999389 -0.05203461 0.5468857 0.03040194 -0.05207389 0.5477918 0.02510643 -0.05157607 0.5407701 0.02218115 -0.04621279 0.53836 0.03421539 -0.04274541 0.5581228 0.029087 -0.04275864 0.5538963 0.02854478 -0.04276001 0.5547158 0.02952164 -0.04276001 0.5574081 0.03244519 -0.04275804 0.5585412 0.03134673 -0.04276001 0.5588087 0.03913867 -0.0199868 0.59692 0.04196017 -0.0227524 0.5915686 -0.007633328 -0.01146394 0.61852 0.04514604 -0.02792429 0.5791928 0.04452097 -0.02607846 0.58183 0.04555839 -0.02954626 0.57326 0.006192266 -0.01142054 0.6187881 0.002632915 -0.01108998 0.61893 0.0450645 -0.03264856 0.5664129 0.01355504 -0.01215356 0.6171308 0.02561265 -0.01456099 0.6113901 0.02249497 -0.01342207 0.61316 0.03685128 -0.01853299 0.6003872 -0.0452885 -0.02919286 0.57462 -2.52511e-4 -0.04791218 0.528257 -0.04456073 -0.02605468 0.5825066 -0.04161787 -0.02241951 0.59088 -0.03662115 -0.0186147 0.60032 -0.0279771 -0.01512533 0.6091243 -0.03376293 -0.04172855 0.5430476 -0.006780624 -0.05426567 0.533461 -0.00632888 -0.05436885 0.5334512 -0.02128583 -0.05211925 0.5386682 -0.0237134 -0.05192881 0.54101 -0.03140246 -0.05024105 0.5463944 -0.03024381 -0.05253815 0.5480071 -0.0319122 -0.0483247 0.54881 -0.02943283 -0.04276001 0.5517168 -0.03756272 -0.04808878 0.55713 -0.03443217 -0.04747521 0.5902013 -0.03820419 -0.04791414 0.5586599 -0.006632983 -0.04427039 0.6114453 -0.03323578 -0.04132014 0.5975209 -0.002958655 -0.0373283 0.61414 -0.03849768 -0.04794144 0.5586123 -0.004028022 -0.03939265 0.61385 9.01463e-5 -0.04820603 0.6045028 -0.02483129 -0.04452037 0.6039736 -0.003503859 -0.04229354 0.61273 -0.04075056 -0.04430145 0.5761374 -0.04036289 -0.04763585 0.571851 -0.0406025 -0.04788166 0.5722175 -0.004086554 -0.04792582 0.60575 -0.0392239 -0.04943412 0.5723958 -0.02666926 -0.04711145 0.5986981 -0.02666652 -0.04674047 0.5987031 -0.04078811 -0.04430478 0.5761422 -0.04011893 -0.04700177 0.574668 -0.03667432 -0.04963773 0.5807131 -0.02942168 -0.04276001 0.5533228 -0.0292195 -0.04276001 0.5556493 -0.03055727 -0.04276001 0.5575779 -0.03228712 -0.04276001 0.5582985 -0.03196805 -0.04276013 0.5594757 -0.03420668 -0.04275816 0.5588887 -0.03393656 -0.04275995 0.558124 0.03401595 -0.05025982 0.55014 -0.04220473 -0.0225197 0.5907202 -0.04267829 -0.02821141 0.5882593 -0.03980618 -0.02063775 0.5958626 -0.04029667 -0.02598857 0.5940418 -0.03580582 -0.01828593 0.6014947 -0.03434836 -0.01713711 0.6038069 -0.03712588 -0.02380341 0.5994685 -0.0311889 -0.02106344 0.6064444 -0.02334225 -0.01814389 0.6125246 -0.007762014 -0.01146608 0.6185312 -0.01076698 -0.01583695 0.6182453 -0.003679752 -0.04768037 0.52837 -0.002091944 -0.05189311 0.528266 -0.00461483 -0.051759 0.5285301 -0.007633388 -0.05158418 0.5289602 -0.01139289 -0.05147272 0.52977 -0.01469177 -0.04632908 0.5304181 -0.01531976 -0.05091798 0.531029 -0.0169841 -0.05085271 0.5316864 -0.01915878 -0.04828882 0.53254 -0.02775233 -0.04457759 0.5378862 -0.02311456 -0.0495795 0.5348133 -0.02913451 -0.04753154 0.5389573 -0.02902132 -0.04762327 0.5389527 -0.03166347 -0.04478049 0.54122 -0.03896594 -0.03877216 0.5506072 -0.0343272 -0.04544943 0.5441117 -0.03440314 -0.0455318 0.5438928 -0.03679311 -0.04417634 0.5472615 -0.04092949 -0.041395 0.5543103 -0.04080212 -0.04127985 0.5545576 -0.04251664 -0.03984367 0.558134 -0.04204964 -0.04053229 0.5569756 -0.04389321 -0.03419524 0.5622537 -0.0438289 -0.03821533 0.5620182 -0.04377061 -0.03818303 0.562124 -0.04556375 -0.03028261 0.5715281 -0.04523509 -0.03478431 0.5733517 -0.04457372 -0.02546292 0.5832911 4.30415e-4 -0.04286003 0.61345 -0.001277506 -0.04286003 0.6127899 -0.03393661 -0.04276663 0.54988 -0.0295518 -0.05025994 0.556575 -0.02881294 -0.04275834 0.5538923 -0.02989202 -0.0502597 0.5525747 0.03419852 -0.05025982 0.5579876 0.03260654 -0.05025982 0.5581697 0.03737205 -0.05025976 0.55621 0.03216975 -0.05025994 0.5531424 0.03076881 -0.05025982 0.5520794 0.03334736 -0.05026006 0.5582986 0.02982127 -0.05025982 0.5533574 -0.0386573 -0.04303765 0.55007 0.04240942 -0.04046159 0.5567912 0.04447317 -0.03747957 0.56382 -0.03185379 -0.04669588 0.5415725 0.04532521 -0.03149229 0.5786272 -0.0256226 -0.04890722 0.53637 0.04436218 -0.02929687 0.58408 -0.02304238 -0.04945582 0.5347296 -0.02168154 -0.04998081 0.534106 -0.01919937 -0.05041337 0.53268 -0.01192063 -0.05132883 0.529942 0.01170885 -0.05123728 0.5299553 0.01566249 -0.05107069 0.5311 0.01624965 -0.05087864 0.5311316 0.02560484 -0.04910522 0.5363995 0.02655827 -0.04848617 0.5368388 -0.04430812 -0.03746163 0.56455 0.03259128 -0.04633796 0.54192 -0.00205034 -0.04610401 0.6082801 0.002030134 -0.04618251 0.608039 -0.003081738 -0.04625785 0.6101961 0.003371 -0.04810392 0.60906 -6.5914e-4 -0.04661226 0.6078339 4.70173e-4 -0.04625266 0.6074602 0.003291368 -0.04814535 0.609095 4.16315e-4 -0.04447245 0.61342 0.001393318 -0.04454225 0.6104199 0.001758933 -0.04448181 0.61244 -0.02954685 -0.05025982 0.5533578 -0.03392511 -0.05025982 0.5579874 -0.03233224 -0.05025982 0.5581697 -0.03027176 -0.05025982 0.5572199 -0.03048688 -0.05025982 0.5520874 -0.03371834 -0.05026894 0.5529748 -0.004669785 -0.05444145 0.56985 -0.007916867 -0.05521762 0.56098 0.01879358 -0.05560255 0.5566988 -0.01704531 -0.05521357 0.562229 0.03116345 -0.0502662 0.5538805 0.03235119 -0.05025982 0.5562701 0.03349125 -0.05025982 0.5564001 0.03443098 -0.05025982 0.55572 0.03478795 -0.05025959 0.5544053 -0.04353052 -0.03906691 0.5617916 0.02876591 -0.04835951 0.53897 0.03443217 -0.04639285 0.5444893 0.03129625 -0.04764389 0.5411475 0.03719109 -0.04442667 0.54761 -0.0312615 -0.04773622 0.5408766 0.03901386 -0.04351311 0.5509896 -0.02848792 -0.04816335 0.538864 -0.02579391 -0.0501073 0.5365842 0.04526484 -0.03475379 0.5722962 -0.01135998 -0.05211269 0.53022 0.04477077 -0.03138828 0.5804675 -0.003319144 -0.05281084 0.5285531 2.68373e-4 -0.05273652 0.52873 -0.04420071 -0.03107273 0.5818835 -0.04501825 -0.03496271 0.5718971 -0.04407316 -0.03781449 0.56545 0.02880936 -0.0200777 0.6084541 0.02871716 -0.02004677 0.60852 0.01022446 -0.01646274 0.6178526 0.001974105 -0.01529943 0.6191285 -0.005294144 -0.04664385 0.6138001 -0.003301322 -0.04609149 0.6115301 0.001606643 -0.045901 0.6145201 -0.03418666 -0.05025982 0.55579 -0.03165447 -0.05025982 0.5560728 -0.03067743 -0.05028247 0.5551029 1.62809e-4 -0.05365598 0.57924 9.39541e-5 -0.05548459 0.5621726 -0.001480937 -0.05537343 0.5592001 -5.14208e-5 -0.05424153 0.57214 -0.008340775 -0.05580383 0.5565302 -0.01554316 -0.05543243 0.5596438 -0.01679658 -0.0525527 0.59144 -0.01179021 -0.0526399 0.5916594 -0.01147931 -0.05544853 0.5619164 -0.01187187 -0.05522501 0.5633325 -0.005142927 -0.05504512 0.5634434 -0.004713177 -0.05369895 0.5816316 -0.004786431 -0.05355972 0.5815871 6.36606e-4 -0.05311065 0.5856877 0.006742 -0.05324155 0.586781 0.01294028 -0.05374318 0.5812801 0.01290667 -0.05371481 0.5781599 0.01147407 -0.05435806 0.5742501 0.008100092 -0.05465859 0.56738 0.004937708 -0.05501943 0.56369 0.003268361 -0.05471664 0.5671532 0.01585876 -0.05539381 0.5528652 0.002922475 -0.05459988 0.56901 0.006942868 -0.05393582 0.57563 0.004727244 -0.0533784 0.58201 0.001021564 -0.05348765 0.5807501 0.03465348 -0.05296897 0.55545 0.03200018 -0.05296748 0.5561301 0.03162139 -0.05331945 0.5543754 0.004773974 -0.04555559 0.6147601 0.03602617 -0.05418586 0.5534958 0.03354758 -0.0529384 0.55636 0.03741049 -0.05435883 0.55603 0.03624612 -0.05505394 0.5582471 0.03237617 -0.05527472 0.55073 0.03624117 -0.05511873 0.55821 0.03637886 -0.05426126 0.55244 0.03252005 -0.05532068 0.5507986 0.02019441 -0.03823703 0.6131286 0.02738845 -0.0389502 0.6084308 0.03270435 -0.03970587 0.6037319 0.005588829 -0.03739672 0.6174375 0.002756655 -0.0372954 0.6177001 0.02468883 -0.01902496 0.6113567 0.0136606 -0.03757351 0.6157482 0.04253619 -0.04242897 0.58685 0.04430776 -0.04374366 0.5789922 0.04496288 -0.03596687 0.56994 0.04440701 -0.03768759 0.5657801 0.0446726 -0.03699719 0.567528 0.01362985 -0.03748029 0.61567 0.0446012 -0.04429394 0.5757501 0.02509999 -0.01915186 0.6111288 0.04275196 -0.04032289 0.5593518 0.04356873 -0.03920954 0.5620301 0.02013045 -0.03822422 0.6130201 -0.005630552 -0.04885894 0.6113474 -0.001376628 -0.04999572 0.6074067 -0.002807617 -0.0500158 0.6079849 0.002656698 -0.05063748 0.60767 0.002404928 -0.04614657 0.60834 0.001727342 -0.04951584 0.6078158 -0.002866208 -0.05148494 0.6065035 -0.004184663 -0.04712527 0.6118001 -0.002280533 -0.04603183 0.61399 0.001019239 -0.04562437 0.6149787 0.004388809 -0.04617536 0.6126 -0.03654146 -0.05432903 0.5530275 -0.03449475 -0.05453401 0.5518468 -0.03284251 -0.05552393 0.549314 -0.03195083 -0.05567896 0.559709 -0.03586935 -0.05427747 0.5552887 -0.03672319 -0.05511516 0.5595281 -0.03572857 -0.05418545 0.55391 -0.0364589 -0.05417037 0.55307 -0.03394562 -0.05295473 0.5562837 -0.03058767 -0.05296492 0.5549581 -0.03205567 -0.05325591 0.5560628 -0.0337066 -0.05298829 0.5561699 -0.03103649 -0.05297565 0.55475 -0.01703375 -0.05540204 0.56231 0.01890331 -0.05575102 0.5566818 0.01558285 -0.05615133 0.5534303 0.02762776 -0.05597597 0.5533078 0.02850413 -0.05587041 0.5574196 0.03183937 -0.05555063 0.55956 0.02935278 -0.05567389 0.55921 0.02842569 -0.05575972 0.55741 0.01908123 -0.05527794 0.5563697 -0.03804552 -0.05315017 0.5797021 -0.04229128 -0.04244643 0.5867701 -0.005473971 -0.05466419 0.529162 -0.04186815 -0.044402 0.58731 -0.01706147 -0.04953616 0.6080555 -0.02871823 -0.05652487 0.5441106 -0.04327261 -0.04505079 0.5833023 -0.01217001 -0.03774213 0.61602 -0.01040506 -0.03767013 0.6165302 -0.019535 -0.04037874 0.6133482 -0.0409255 -0.04183584 0.59047 -0.006220877 -0.03754186 0.6172827 -0.0385766 -0.04806756 0.5912668 -0.006123542 -0.04245591 0.6165032 -0.005295813 -0.04673838 0.6139799 -0.02038466 -0.05538058 0.5346719 -0.04139101 -0.05201047 0.5631201 -0.003642976 -0.0375036 0.6176 9.26802e-4 -0.03990107 0.617567 -0.03172171 -0.03960233 0.6043375 -0.03019177 -0.05236798 0.5937818 -0.003607451 -0.04537045 0.61495 -0.02929246 -0.03923684 0.6066501 0.002489447 -0.05074685 0.6077215 -0.02791023 -0.04146581 0.6078502 -0.02585887 -0.04756289 0.6055034 -0.04182964 -0.05075353 0.5768373 -0.02291131 -0.03849148 0.6113563 -0.03448969 -0.0548141 0.56904 -0.01938802 -0.04029256 0.61298 -0.04334235 -0.04309648 0.58286 -0.04301989 -0.04499244 0.5832501 -0.01921236 -0.03817665 0.61333 -0.02734243 -0.05579954 0.5556291 -0.02762395 -0.05629307 0.5565819 -0.02872705 -0.05644154 0.558309 0.001599907 -0.05363577 0.5811799 8.17151e-4 -0.05379003 0.5805629 -0.004897356 -0.05586123 0.55707 -0.01496285 -0.05573219 0.55855 -0.01683861 -0.05330568 0.5910044 -0.01186817 -0.052814 0.5917104 -0.0119692 -0.05312156 0.5912133 -0.01036411 -0.0553714 0.5615742 -0.005413174 -0.05449819 0.5624326 -0.004792928 -0.05368971 0.5814706 -0.001043081 -0.05328589 0.58545 -8.94986e-4 -0.05367648 0.5853834 0.004788279 -0.05329436 0.5864099 0.008030414 -0.05463665 0.5689237 0.0190165 -0.05588454 0.5566592 0.01572823 -0.05620104 0.55318 0.01560443 -0.0561673 0.5531606 0.004255414 -0.05524271 0.56413 0.004495799 -0.05427896 0.5726083 0.008023619 -0.05391204 0.57935 -0.005611896 -0.05543243 0.56196 0.00425601 -0.05524605 0.5640716 1.63593e-4 -0.05541527 0.56217 0.02488595 -0.04304462 0.5394154 0.001690626 -0.01246815 0.6162983 -0.01374953 -0.04539352 0.5338937 -0.04138344 -0.03408855 0.5626333 -0.04268169 -0.03059369 0.5706468 0.006750106 -0.01254814 0.6156462 -0.02713721 -0.01630777 0.60645 -0.04188811 -0.02967566 0.5729771 -0.02816563 -0.01630431 0.6046982 -0.02224743 -0.01527941 0.6100801 -0.02703666 -0.01615166 0.6068747 0.01933604 -0.01424992 0.6117236 0.04051631 -0.0340678 0.5620499 0.0215305 -0.04492342 0.5355612 -0.0224623 -0.01513499 0.60891 -0.00146383 -0.01220262 0.61618 0.03429424 -0.01955437 0.5991731 0.02984714 -0.01707535 0.6047486 -0.005876839 -0.01271772 0.6149001 -0.03738522 -0.0219019 0.5935579 -0.03753077 -0.03788602 0.5520232 0.03727746 -0.02112257 0.59409 -0.003634333 -0.04690957 0.5306434 -0.03512942 -0.0205084 0.5959457 0.04084378 -0.02431362 0.5867701 0.0089643 -0.06894385 0.05519807 0.00228089 -0.06556665 0.05956244 0.01700043 -0.064677 0.05687659 0.03198987 -0.06657302 0.039249 0.03668355 -0.06194794 0.04635381 0.01119184 -0.06713807 0.05741715 0.02641844 -0.06609523 0.05191457 0.03317391 -0.06708556 0.04278463 0.02774602 -0.06278282 0.05288565 -0.05322092 -0.05998003 0.008140087 -0.04212647 -0.05920016 -0.01748561 -0.04669183 -0.05528712 -0.02198255 -0.05415976 -0.05811244 0.01993435 -0.00612837 -0.0412873 -0.05474251 0.006434798 -0.0468437 -0.05279177 -0.05349248 -0.04963964 -0.01792216 -0.04947513 -0.06050026 -0.003070831 -0.0402469 -0.04338937 -0.03870481 -0.03222864 -0.05115485 -0.04039615 -0.006034374 -0.0503658 -0.05009692 -0.03263247 -0.05066138 -0.04032474 -0.05714058 -0.05048459 -0.003822326 -0.01860862 -0.05639535 -0.03859978 -5.90769e-4 -0.05572992 -0.04287904 -0.01974493 -0.04163271 -0.05163204 -0.05370295 -0.05483162 -0.01002496 -0.04923623 -0.05850517 0.03177344 -0.0261594 -0.03903323 -0.048922 -0.04758292 -0.04279983 -0.03050172 -0.02330118 -0.04688936 -0.04852032 -0.04672122 -0.06442052 0.02282577 -0.05691641 -0.0547015 0.00781846 -0.05185192 -0.04426354 -0.02285259 -0.03297746 -0.05727064 -0.02974122 -0.03971982 -0.05454367 -0.03058427 -0.04172623 -0.04869097 -0.03409653 -0.01954865 -0.05327647 -0.04404181 -0.02651178 -0.03992491 -0.04870891 -0.0437299 -0.06325995 0.03708177 -0.02991878 -0.0395345 -0.04681974 -0.04361957 -0.06075119 0.0389533 -0.03820455 -0.06603091 0.03386557 -0.04505717 -0.02524334 -0.03475028 -0.04680949 -0.02596753 -0.03259545 -0.004864513 -0.0159412 -0.05594933 -0.05226153 -0.02992463 -0.02279651 -0.04410451 -0.02479785 -0.03573989 -0.05319774 -0.03114932 -0.02105277 -0.04841822 -0.04308688 -0.02865803 -0.04859483 -0.04311388 -0.02848619 -0.05449891 -0.03245788 -0.01775914 -0.05487418 -0.03306233 -0.01663506 -0.05565685 -0.03409588 -0.01414096 -0.02224063 -0.01777839 -0.05170696 -0.0109328 -0.01627498 -0.05526143 -0.05700862 -0.03673201 -0.008143782 -0.0273683 -0.01860409 -0.04961031 -0.05533379 -0.04830074 0.01860082 -0.05201065 -0.05197221 0.02703768 -0.04551756 -0.05656361 0.03767639 -0.0416944 -0.02354633 -0.03845375 -0.02616208 -0.03903359 -0.04892772 -0.03742724 -0.02180743 -0.04252755 -0.03255492 -0.06081652 0.03766632 -0.03451418 -0.06627064 0.04339635 -0.03537917 -0.06059283 0.03939497 0.03746694 -0.04870605 -0.03069227 0.03268224 -0.04860055 -0.03300184 0.03294658 -0.04868406 -0.03229904 -0.05753237 -0.0306155 -0.01532191 -0.05613219 -0.02881819 -0.01949191 -0.03007924 -0.01261061 -0.0502842 -0.05998486 -0.03853029 0.003039956 -0.05913668 -0.04231441 0.011819 -0.0567162 -0.04638975 0.02127403 -0.05412989 -0.04909658 0.02755868 -0.04447388 -0.05530995 0.0419709 -0.03626036 -0.06007456 0.0496332 -0.04133766 -0.05669629 0.04518675 -0.0240373 -0.06306076 0.05667865 -0.009845376 -0.06345987 0.0608825 -0.04169696 -0.01935595 -0.04144263 -0.04425692 -0.02308374 -0.03853887 -0.04789769 -0.02238035 -0.03442567 -0.04587852 -0.02116501 -0.03726792 -0.01967084 -0.0159955 -0.05521309 -0.04894816 -0.02577644 -0.03239601 0.04917848 -0.02293938 -0.03303617 0.04723596 -0.02200055 -0.03528457 0.05199432 -0.02492648 -0.02848267 0.04440426 -0.02055853 -0.0386461 0.04384595 -0.01678878 -0.03931742 0.03804522 -0.01795554 -0.04469299 0.03788286 -0.01789718 -0.04482775 0.03868567 -0.05925756 0.04776465 0.04114645 -0.05298912 0.04521381 0.0280618 -0.01795047 -0.05118125 0.02643078 -0.01170969 -0.05202496 0.03817373 -0.05790299 0.04798758 0.02434706 -0.01125079 -0.05311107 0.02249526 -0.01397746 -0.0539202 0.01847976 -0.01333957 -0.05538016 0.01823699 -0.01047927 -0.05532878 0.01407533 -0.01279431 -0.05662423 0.04822844 -0.05347138 0.03774547 0.01401805 -0.009972751 -0.05651158 0.009455561 -0.01239812 -0.05754864 0.009406268 -0.009575128 -0.05743235 0.008431315 -0.0122677 -0.05788874 0.002834975 -0.009146392 -0.05815124 0.005374491 -0.009357511 -0.05793374 0.005113422 -0.01218152 -0.05807822 0.06028515 -0.03697144 -5.84754e-4 0.05843287 -0.03209215 -0.0118789 0.04166615 -0.05493903 0.04477483 0.04170358 -0.05278331 0.044613 0.0449621 -0.05507421 0.04142415 0.04849934 -0.04956954 0.03699296 0.050704 -0.05176383 0.03376233 0.0479564 -0.05348837 0.03774642 0.004908204 -0.06372433 0.06149339 0.008361101 -0.05981737 0.06100589 0.05497878 -0.0484426 0.02602845 0.05415868 -0.04513686 0.02715307 0.01488828 -0.06304442 0.05994683 0.05868685 -0.04346466 0.01451659 0.05797004 -0.04044437 0.01634758 0.059264 -0.04195868 0.01100051 0.05992454 -0.0356462 0.004781126 0.01549345 -0.0591796 0.05956047 0.05982649 -0.03985995 0.00612843 0.01447296 -0.06301712 0.05992597 0.0599218 -0.0392667 0.004747927 0.05999112 -0.03798556 0.001778185 0.0598337 -0.03608125 -0.00264132 0.05920892 -0.03066116 -0.00669682 0.02337157 -0.06177562 0.05697482 0.05783605 -0.0308932 -0.01464998 0.05720192 -0.02667856 -0.01572859 0.05602818 -0.02871453 -0.01973116 0.02678918 -0.05941724 0.05530399 0.05389404 -0.02659153 -0.02464663 0.0273593 -0.06106895 0.05524492 0.05206465 -0.02510291 -0.02809411 0.02924549 -0.04541248 -0.03361707 0.05334246 -0.0422939 0.0201779 0.05218309 -0.04728698 0.02348268 0.05637007 -0.03654056 0.006831824 0.03002196 -0.05830144 0.04952377 0.02979522 -0.05488401 0.04954463 0.02987492 -0.05485272 0.04950261 0.05611199 -0.03488749 -0.004086256 0.001999855 -0.05862212 0.05816322 0.0554288 -0.03287237 -0.008736789 0.03748261 -0.0561707 0.04402518 0.03907644 -0.05161255 0.04226672 0.05528783 -0.03254348 -0.009489893 0.05596196 -0.03085118 -0.006321609 0.05272585 -0.02882975 -0.01909959 0.05286735 -0.0261932 -0.01779854 0.004762172 -0.05842542 0.05805176 0.01391917 -0.05787491 0.05644077 0.05263143 -0.02579414 -0.01870751 0.04850327 -0.02517384 -0.02745181 0.007682502 -0.06198161 0.05783098 0.04032164 -0.02021437 -0.03795611 0.04327136 -0.01917165 -0.03463417 0.04843229 -0.04675495 0.03067487 0.01470464 -0.06147849 0.05604147 0.03115797 -0.01452583 -0.04537719 0.02151554 -0.0123353 -0.05046838 0.05021148 -0.0492134 0.02788031 0.01013714 -0.01323366 -0.0538845 0.01305794 -0.01088345 -0.05344444 0.01001775 -0.01327097 -0.05382192 0.007202029 -0.01308614 -0.05424791 0.003817439 -0.01062834 -0.05456095 0.003176808 -0.01299518 -0.05462795 0.02553975 -0.05571174 0.05180799 0.05877625 -0.03439509 0.002007782 0.05775988 -0.03430145 -0.006506502 0.05800217 -0.03607368 -0.001654207 0.0562548 -0.02812248 -0.01361924 0.05722028 -0.03321778 -0.009189963 0.0557903 -0.02741432 -0.01523691 0.02705299 -0.01538878 -0.04978561 0.05523079 -0.02974313 -0.01703733 0.05503195 -0.02945917 -0.01751351 0.05038905 -0.02502828 -0.02860838 0.03165239 -0.0131523 -0.04741889 0.01911634 -0.01396405 -0.05343335 -2.76158e-4 -0.06231415 0.05996125 0.05434995 -0.02495622 -0.01983827 0.009649693 -0.05986505 0.05925303 0.04640924 -0.01865363 -0.03401738 0.01042091 -0.05979877 0.05905574 0.0248627 -0.01178157 -0.0512318 0.01873469 -0.06113868 0.05679857 0.01842403 -0.05891174 0.05700701 0.01874119 -0.06099802 0.05625045 0.01903897 -0.01411825 -0.05355864 0.03336095 -0.05827063 0.04914617 0.01642769 -0.01028251 -0.05433493 0.04092925 -0.0555818 0.04318028 0.03506553 -0.05516159 0.04847902 0.009813547 -0.01271492 -0.05559313 0.04257994 -0.02064061 -0.03830868 0.04833126 -0.05176907 0.0342282 0.05087339 -0.04726999 0.03041648 0.008041441 -0.01284068 -0.05608487 0.005170881 -0.009321153 -0.05682975 0.01005303 -0.009753704 -0.05567997 0.05552417 -0.0457313 0.02013015 0.0413388 -0.01640743 -0.03991162 0.05517005 -0.04302269 0.02057361 0.05335426 -0.04504644 0.02522265 0.05654782 -0.04082506 0.01675951 0.004468858 -0.009334206 -0.05644875 0.03857028 -0.01546674 -0.04204231 -0.01646131 -0.05265694 0.003858387 -0.009289026 -0.0526309 -0.01175606 -0.008736968 -0.05308228 -0.011693 -0.01016443 -0.05319106 -0.01063776 0.01560729 -0.05272591 -0.003112137 -0.01293635 -0.05271852 -0.008213162 -0.01413059 -0.05286741 -0.007643938 0.01406449 -0.05290091 -0.005912899 0.01261901 -0.05304956 -0.008121907 0.01174283 -0.05259186 -0.01009494 0.008989691 -0.05260545 -0.0122168 0.01104247 -0.05301868 -0.009928405 0.006299138 -0.05273401 -0.013318 -0.003526806 -0.05247873 -0.01439601 -0.006278753 -0.05305683 -0.01301753 -0.004052102 -0.05255568 -0.01437079 -0.01695495 -0.05921214 0.007686793 -0.01653069 -0.05890035 0.007903277 -0.0304622 -0.06166476 0.02747702 0.04009842 -0.05812704 7.35904e-4 0.04010403 -0.05817949 7.18205e-4 0.01180821 -0.05661773 -0.01168715 0.03278821 -0.06461989 0.03594785 0.03355956 -0.06087052 0.03529751 0.03746622 -0.065656 0.03353643 0.0360583 -0.04509341 -0.03249728 0.03437614 -0.04509407 -0.03367537 0.03747886 -0.06059378 0.0387243 0.03537023 -0.06058984 0.03943604 -0.0345593 -0.05509394 0.03872758 -0.03440427 -0.06059527 0.03848165 -0.03780728 -0.05509382 0.03815978 -0.03769671 -0.06059378 0.03843879 -0.03600275 -0.04509377 -0.03257596 -0.03612148 -0.04859292 -0.03257596 -0.03723609 -0.04859143 -0.03288829 -0.0373196 -0.04509913 -0.03601729 0.03393638 -0.04509019 -0.03090095 -0.04134875 -0.05509752 0.03712284 -0.03403538 -0.04963117 0.035151 -0.03533542 -0.04832333 0.03448158 -0.03685629 -0.04913115 0.03454881 -0.03384304 -0.05508297 0.03551954 -0.03383868 -0.04409319 -0.03174781 0.03116172 -0.0494374 0.03676307 0.03128409 -0.05996567 0.03950196 0.03223824 -0.05145776 0.0408582 -0.01581621 -0.05324047 0.003781795 0.001095533 -0.05606192 -0.01420772 -0.02543002 -0.06371724 0.04184377 -0.01817792 -0.05069327 0.03820079 -0.01169013 -0.0528174 -0.01097971 -0.0314356 -0.05268532 -0.03031295 -0.01128309 -0.05260092 -0.0111379 -0.0123142 -0.05279433 -0.01139593 -0.01153719 -0.05323386 -0.01115715 -0.01171058 -0.05629909 -0.01142174 0.0036816 -0.05288273 -0.01549077 0.008229315 -0.05315268 -0.01393431 0.002070188 -0.05559325 -0.01567691 0.002949178 -0.05603528 -0.01589095 -0.007262647 -0.05624532 -0.01489305 0.004578888 -0.05661445 -0.0147615 -0.004733085 -0.05571788 -0.01515555 0.008489608 -0.05632853 -0.01424497 -0.009266018 -0.05603504 -0.01316279 -0.001305401 -0.05605518 -0.01631999 0.01222217 -0.05584222 -0.01197099 -0.007469654 -0.05605566 -0.01419174 -0.01931482 -0.05524337 -0.01879549 -0.02851158 -0.05417215 -0.02796787 -0.01192116 -0.05635344 -0.01156133 -0.03110909 -0.05359059 -0.03062963 -0.03051769 -0.05312049 -0.02985572 -0.003846943 -0.05300849 -0.01542967 -0.001095712 -0.05259835 -0.01524794 -0.004138946 -0.05307507 -0.01530987 -0.009231925 -0.05294311 -0.0132398 -0.01253432 -0.05261713 -0.01117593 -0.03058511 -0.05289071 -0.02978813 -0.03056699 -0.05293679 -0.02980577 -0.0317313 -0.05258828 -0.03002399 -0.0310344 -0.05262339 0.02935642 -0.03769218 -0.05275326 0.01969087 -0.04139155 -0.05257356 0.001906216 0.03931474 -0.05258679 -0.0102303 -0.04013204 -0.05280929 0.002448379 0.02954316 -0.05259364 0.02790778 -0.02954316 -0.05259364 0.02790778 -0.03231209 -0.05275428 0.03397476 -0.0159403 -0.05306535 0.008164763 0.03080981 -0.0532574 -0.03091835 -0.01759105 -0.0520237 -3.40419e-4 0.01681178 -0.05259364 0.001637995 0.0288679 -0.05259364 0.001761913 0.01653039 -0.05299967 0.001586496 0.03364485 -0.05252647 0.03378844 0.05251121 -0.05260908 0.001800596 0.02816396 -0.05259364 -0.02637583 0.003098905 -0.05258083 -0.01477688 0.0116648 -0.05301809 -0.01137673 -0.02709323 -0.06128937 0.0469895 0.004255652 -0.0596829 0.04200315 0.005962014 -0.06028389 0.04136049 0.01876354 -0.06007915 0.03748995 0.0256915 -0.05961692 0.0332688 0.02894508 -0.06022 0.02961969 -0.01500612 -0.05965667 0.04064178 -0.02594596 -0.05977147 0.03258138 0.02017605 -0.05963528 0.03701806 0.01056355 -0.05951642 0.04095709 1.68486e-4 -0.05960404 0.04248702 -0.01257634 -0.05973428 0.03982508 -0.01372408 -0.06022918 0.03945773 3.3429e-5 -0.0602262 0.0420438 0.01316535 -0.05986082 0.04079717 0.01074469 -0.06028926 0.04042947 -0.0195626 -0.05973875 0.03714412 -0.0191453 -0.05060201 0.03731977 -0.02740788 -0.050659 0.04607975 -0.02754789 -0.05049866 0.04622596 -0.02130889 -0.05042868 0.04949957 -0.02001643 -0.05101567 0.04654234 -0.0255016 -0.05083703 0.04377508 -0.02675557 -0.05128163 0.04640901 -0.01805645 -0.05101829 0.03788495 -0.01936006 -0.05115509 0.04570209 -0.02087771 -0.05127722 0.04458904 -0.0178914 -0.059677 0.03809583 0.01952922 -0.05962485 0.03730523 0.01121962 -0.05973482 0.04190206 -0.02037984 -0.05814772 0.05038028 -0.02132391 -0.05127215 0.04965382 -0.01879549 -0.05075347 0.04680395 -0.006363511 -0.05993282 0.041363 0.01050889 -0.06027591 0.04046601 0.02193164 -0.06268936 0.03549563 -0.02532392 -0.0507484 0.04358547 -0.0227096 -0.05128163 0.04313302 -0.02275204 -0.05072969 0.04378527 -0.02815991 -0.05102241 0.04587978 -0.02787142 -0.05119907 0.04581105 -0.02130454 -0.05056035 0.04488182 -0.02136921 -0.05082684 0.04498201 0.03968077 -0.05859643 0.002981007 0.04012298 -0.05833733 0.002808392 0.01761031 -0.05856102 0.00282973 0.01656186 -0.05906939 0.007739543 0.01331567 -0.05680215 -0.01012295 0.02908605 -0.05458515 -0.02616077 0.01333081 -0.05681282 -0.01019424 0.01633346 -0.05741006 -0.006097435 -0.02903676 -0.0544337 -0.02565395 -0.01314282 -0.05673718 -0.01015156 -0.01745373 -0.0575574 -0.001967549 -0.03991496 -0.05841743 6.36293e-4 -0.03967195 -0.05750024 -0.00476396 -0.01744616 -0.05879127 5.37583e-4 -0.04000389 -0.05824756 0.002740263 -0.04000174 -0.05848985 0.002645194 -0.0213288 -0.05108678 0.04942584 -0.02126067 -0.05129379 0.04949498 -0.02069097 -0.06421518 0.04711246 -0.02043282 -0.06383526 0.04691654 -0.01948708 -0.05152994 0.0463429 -0.01776266 -0.05973589 0.03803795 -0.01795959 -0.05969876 0.03929251 0.002807676 -0.06008493 0.04354447 0.01068568 -0.05967044 0.04208582 0.02954769 -0.06028157 0.03145599 -0.004390358 -0.05959856 0.04303193 0.02258592 -0.05894094 0.03727585 0.02637088 -0.06020534 0.03430098 -0.005643725 -0.06028157 0.043253 -0.004383981 -0.05960458 0.04302901 -0.009722054 -0.05977362 0.04229682 -0.01020437 -0.06027096 0.04231393 -0.0180782 -0.0602737 0.03954684 -0.01778322 -0.06298756 0.04011374 -0.02130365 -0.05057156 0.0448808 -0.0193277 -0.05099165 0.0455318 -0.01931202 -0.051633 0.04696673 -0.01869118 -0.05096948 0.04747861 -0.02847617 -0.06206715 0.02946674 -0.0194748 -0.06271535 0.03682094 0.02310442 -0.06281775 0.03465735 -0.0287978 -0.06157988 0.02969366 -0.005655825 -0.06353944 0.04125529 0.01741182 -0.06305181 0.03771603 -0.01039469 -0.06332015 0.04044669 -0.01426434 -0.06319391 0.03951412 0.009390652 -0.06325584 0.04051524 0.008606493 -0.06355816 0.04103589 -0.02515447 -0.05955129 0.03534144 -0.02316677 -0.06351989 0.04308897 -0.01955759 -0.05091661 0.03730994 -0.02055913 -0.05968469 0.03793108 -0.02678549 -0.0509954 0.04328292 -0.02590912 -0.05047231 0.04265064 -0.02482831 -0.05098694 0.04265183 -0.0257886 -0.06322872 0.04238963 -0.01064413 -0.05645692 -0.0100674 -0.01452147 -0.05904877 0.008953332 -0.007189869 -0.05648183 -0.01294136 -0.01545798 -0.05873572 0.005351781 -0.002530932 -0.05620753 -0.01407551 -0.01451987 -0.05737555 -0.005012094 -0.01256918 -0.05678176 -0.007993578 0.01548391 -0.05741637 -0.001690387 0.01353627 -0.05747264 -0.007453918 0.006599068 -0.05643302 -0.01335734 0.01529115 -0.05846256 0.00196588 0.006397366 -0.05616134 -0.01305723 0.01040673 -0.05648589 -0.01030099 0.01566702 -0.05749106 -0.00347656 0.0278362 -0.05848491 0.002754926 0.03875339 -0.05946964 0.009615004 0.0341739 -0.06182259 0.02321678 0.03992235 -0.05883371 0.006427943 0.03830695 -0.05988401 0.01331585 0.03828066 -0.06000095 0.01371341 0.03055381 -0.06172925 0.02720928 0.03143912 -0.06140476 0.02787303 0.03991448 -0.05882871 0.006405889 0.04078763 -0.05271852 0.002590656 0.03990131 -0.05847841 0.002907514 0.03090298 -0.05273741 0.02766329 0.0310887 -0.05285871 0.02777683 0.01722544 -0.05839359 0.005663573 0.01732319 -0.05289524 0.002457559 0.01728123 -0.05305927 0.00450772 0.01761609 -0.05854099 0.002845406 0.01768958 -0.05805915 8.11795e-4 0.01770269 -0.05805712 6.81034e-4 0.01343035 -0.05652356 -0.01010948 0.0156638 -0.05746966 -0.006063044 0.01293867 -0.05285924 -0.01012003 0.03005254 -0.05454337 -0.02696126 0.03250181 -0.05486559 -0.02200758 0.02901208 -0.05483806 -0.02556598 0.03762888 -0.05625247 -0.01253229 0.03925383 -0.05681532 -0.006833672 0.03810209 -0.05648553 -0.01134866 0.0400936 -0.05812841 6.98951e-4 0.04058516 -0.0526871 7.7522e-4 -0.01500654 -0.05311059 -0.007210731 -0.01579403 -0.05697047 -0.005903482 -0.01704055 -0.05303645 -0.002308905 -0.01773512 -0.05817097 6.90288e-4 -0.01600962 -0.05696332 -0.005661189 -0.01766717 -0.05810666 7.07022e-4 -0.01774156 -0.05799573 5.5571e-4 -0.04007351 -0.05796635 6.2089e-4 -0.01804018 -0.05775558 8.59976e-4 -0.03386664 -0.05528849 -0.02000164 -0.03982079 -0.05768263 -0.002987921 -0.0405659 -0.05813419 4.31317e-4 -0.03756028 -0.05627489 -0.01272392 -0.0402376 -0.0532127 0.001403033 -0.04006767 -0.05796241 6.40173e-4 -0.03976982 -0.05277097 -0.005298495 -0.0288158 -0.05450946 -0.0259909 -0.01316469 -0.05672776 -0.01014077 -0.0288456 -0.05475854 -0.02572178 -0.02901208 -0.05483806 -0.02556598 -0.0176661 -0.05850303 0.002712249 -0.01779705 -0.05824816 0.003066182 -0.01799947 -0.05850201 0.002687633 -0.01789546 -0.0531038 0.002442359 -0.01694655 -0.05886626 0.006498992 -0.01652771 -0.05889523 0.007894754 -0.01789796 -0.05877399 0.00432986 -0.01631015 -0.05969053 0.007961928 -0.03049242 -0.06175923 0.02803623 -0.03661614 -0.060355 0.01832723 -0.03075051 -0.06180524 0.0275712 -0.03671979 -0.06066656 0.01839834 -0.03908348 -0.0589686 0.01001077 -0.03912341 -0.0595982 0.01087331 -0.04008215 -0.05836629 0.002791464 -0.03012597 -0.06126171 0.02727699 -0.0405398 -0.05267101 0.002524912 -0.03983539 -0.05825889 0.002792894 0.01478254 -0.05275303 0.008530318 0.015118 -0.05266594 0.008900642 0.0286079 -0.06196665 0.02951824 -0.0253579 -0.05578571 0.04410952 -0.02544659 -0.06393015 0.04437047 -0.02071237 -0.06438761 0.04697185 -0.01833659 -0.05964291 0.03911536 -0.02068859 -0.06395697 0.04430818 -0.02041167 -0.06351989 0.04442727 0.02203446 -0.05963796 0.03759872 0.004214644 -0.06350755 0.04370015 -0.01061356 -0.06335783 0.04227072 0.02333062 -0.06310033 0.03719139 0.03006559 -0.06239289 0.03181803 0.03011167 -0.0622521 0.03162264 0.02510976 -0.06238377 0.03549045 -0.01829493 -0.06435769 0.04746389 -0.01960831 -0.06473201 0.05043137 -0.01785099 -0.06404823 0.04743689 -0.01975971 -0.06420987 0.04544734 -0.01449507 -0.05915719 0.008808314 -0.01473665 -0.059399 0.009637832 -0.01476401 -0.05917769 0.00966978 0.01463764 -0.05920052 0.009722948 -0.03188693 -0.06375467 0.03451281 -0.02418762 -0.06027841 0.0359019 -0.02113825 -0.06277877 0.03837895 -0.0194233 -0.05063271 0.03725987 -0.02067387 -0.06278449 0.03878802 -0.02301275 -0.06366407 0.04307681 -0.02293759 -0.06350123 0.04287528 -0.02581179 -0.05097293 0.04270064 -0.02575701 -0.05074024 0.04308545 -0.02692908 -0.06355243 0.04306381 -0.02677667 -0.0509966 0.04329097 0.01699727 -0.05305063 0.004595875 0.03753763 -0.0527817 0.0170722 0.0300979 -0.0531125 0.02751827 0.01710516 -0.05852699 0.005888342 0.01581692 -0.05255967 -0.006784677 -0.01292032 -0.05298632 -0.009950578 -0.0168718 -0.0574764 -0.003258883 -0.01796728 -0.05312752 9.83257e-4 -0.03609675 -0.05279844 -0.01711922 -0.02973866 -0.0544942 -0.0262776 -0.01749086 -0.0531454 0.002832949 -0.0172103 -0.05720078 0.005271971 0.01459193 -0.05916488 0.008584082 0.01470333 -0.05939501 0.009640991 0.01466739 -0.05944705 0.009683072 0.01468151 -0.05923044 0.009413003 0.02889037 -0.05998909 0.02948784 0.02969616 -0.05956584 0.03062963 0.02966076 -0.05959963 0.030577 -0.01347976 -0.06365352 0.0417189 -0.01356315 -0.06362247 0.04175066 -0.006795287 -0.0638253 0.04321038 -0.006231844 -0.06366086 0.04327541 0.01965498 -0.06314522 0.03880697 0.01268947 -0.06347662 0.04176908 0.01026225 -0.06401354 0.04372602 0.008556604 -0.06362628 0.04312574 0.0321334 -0.06274068 0.03435426 -0.01869869 -0.05097126 0.047472 -0.01849848 -0.06417632 0.04536396 -0.0182529 -0.06434082 0.04750084 -0.01535069 -0.0531165 0.006866395 -0.0299822 -0.06013602 0.03105282 -0.028961 -0.05996507 0.02958798 -0.0288549 -0.0615977 0.02966874 -0.02109861 -0.06332373 0.03841131 -0.02747768 -0.06259065 0.03367006 -0.02989608 -0.06238889 0.031789 -0.0248388 -0.05099159 0.04266279 -0.02541899 -0.0637111 0.04183083 -0.02628701 -0.06325531 0.04255205 -0.02854919 -0.06403791 0.04567188 0.03139871 -0.05269616 0.02925938 0.03173124 -0.0535891 0.02765423 0.04180991 -0.05319505 6.99887e-4 0.03138917 -0.05381315 -0.03031265 0.01217484 -0.05320042 -0.01153492 -0.0299772 -0.05259877 -0.02670294 -0.04187422 -0.0529744 9.43982e-4 -0.05274581 -0.0527178 9.46801e-4 -0.04190492 -0.05359774 0.00265038 -0.03056102 -0.05371379 0.02831393 -0.01470088 -0.05301684 0.007941663 0.01690554 -0.0530743 0.00397408 0.03222084 -0.0530346 0.03410792 0.01744955 -0.05304187 0.002562224 0.04012393 -0.05264741 0.002211391 0.03974521 -0.05257511 0.00194776 0.04054641 -0.05284345 0.002429485 0.03117454 -0.0521683 0.02715188 0.03747254 -0.05226802 0.01668316 0.0371232 -0.05257862 0.01924997 0.03822922 -0.0527175 0.01684361 0.04068887 -0.05257612 0.006709933 0.04012656 -0.05275183 0.007676959 0.03082633 -0.05287182 0.02780079 0.01596164 -0.05304008 0.008293628 0.02986323 -0.05265027 0.02769416 0.01540017 -0.05370664 0.007665157 0.02982681 -0.05268537 0.02770882 0.01719701 -0.05248284 0.002088904 0.04052907 -0.05284017 8.59623e-4 0.0397616 -0.05260467 0.001456797 0.01753181 -0.05262422 0.001053452 0.01705884 -0.05264747 0.001391172 0.01732057 -0.05282998 0.001123309 0.01728612 -0.05291229 0.001079201 0.02864998 -0.05318558 -0.02588963 0.02928417 -0.05323415 -0.02597892 0.02864027 -0.05310285 -0.02589976 0.02824628 -0.05253171 -0.02636677 0.03787016 -0.05274295 -0.01308149 0.03249949 -0.05276238 -0.02248138 0.03021419 -0.05256903 -0.02616095 -0.02871179 -0.05310374 -0.02597093 -0.01288026 -0.05260252 -0.01083576 -0.02870476 -0.05306011 -0.02596092 -0.01287549 -0.05261713 -0.01083379 -0.01298379 -0.05283904 -0.009899914 -0.04020667 -0.05297821 0.001000463 -0.01721084 -0.05280607 0.001389086 -0.01796758 -0.05292057 0.001015722 -0.03976804 -0.05261713 0.001458942 -0.04119205 -0.05259293 6.39945e-4 -0.02929002 -0.05325454 -0.02596211 -0.02981442 -0.05170106 -0.02667939 -0.03705924 -0.05276775 -0.01492261 -0.03854519 -0.05211442 -0.01224553 -0.0398947 -0.05282247 -0.005410552 -0.0404548 -0.05258733 -0.004631936 -0.01784342 -0.05296176 0.002276003 -0.04021513 -0.05308121 0.002026081 -0.0288679 -0.05259364 0.001699984 -0.01714849 -0.05298751 0.005365014 -0.01642972 -0.0527181 0.008035838 -0.01638412 -0.0529567 0.008047819 -0.03081876 -0.05327451 0.02766185 -0.03088027 -0.05268067 0.02798813 -0.03008919 -0.05302309 0.0275768 -0.03022408 -0.05318707 0.02891123 -0.04023993 -0.05274641 0.006760179 -0.0361517 -0.05270987 0.02021044 -0.03087604 -0.05240529 0.02807456 -0.0178976 -0.05310297 0.002435982 -0.04134255 -0.05282056 0.007511973 -0.0361427 -0.05283337 0.02261662 -0.03101789 -0.05267995 0.02935403 -0.03171235 -0.06193011 0.02919197 -0.03156542 -0.05322021 0.02934807 -0.03165924 -0.06186848 0.02914583 -0.02815043 -0.06400704 0.04605746 -0.02844679 -0.06297791 0.04607594 -0.02707022 -0.0636422 0.0469532 -0.02697688 -0.05090129 0.04662299 -0.02170473 -0.06437641 0.04920929 -0.0215342 -0.06376433 0.04987597 -0.02021867 -0.05127799 0.05021101 -0.02014422 -0.05116361 0.0501551 0.03211647 -0.0627346 0.03441482 0.03102761 -0.0635069 0.03915828 -0.0299772 -0.06211555 0.03110975 -0.03180187 -0.06258475 0.03425657 -0.05686426 -0.03366345 -0.00830698 -0.003443241 -0.06271141 0.05974698 0.04219317 -0.02051979 -0.03858113 0.02014744 -0.01555371 -0.05134671 0.03160446 -0.0530166 0.02971976 0.03690677 -0.05303883 0.02143347 0.04106384 -0.05290353 0.01019477 0.03276968 -0.05257636 0.02644604 0.03347247 -0.05267995 0.02647739 0.03215134 -0.05204373 0.02893674 0.03170549 -0.06177932 0.02942579 -0.04450178 -0.0539658 0.03911948 -0.03719687 -0.0567525 0.04635792 -0.04913932 -0.02444899 -0.0296123 -0.0474773 -0.0232039 -0.03197228 -0.04472136 -0.05382835 0.03879898 -0.04718267 -0.05167251 0.03460788 -0.04427367 -0.02130711 -0.03605419 -0.05061453 -0.05002754 0.030317 0.009874641 -0.06222963 0.05912554 -0.03492301 -0.01854825 -0.04331833 -0.0355097 -0.01785403 -0.04465037 -0.05474704 -0.04621636 0.02137047 -0.03344637 -0.01718348 -0.04592937 -0.005046367 -0.06225484 0.0597881 -0.006886541 -0.06233716 0.05887514 -0.05431038 -0.0469194 0.02292168 -0.02522337 -0.01587766 -0.04951375 -0.05735898 -0.04186648 0.01115185 -0.05758482 -0.04119706 0.009825348 -0.01607227 -0.06241142 0.05762171 -0.0579037 -0.04000103 0.006657004 -0.01368898 -0.06208711 0.0583294 -0.01755148 -0.01399558 -0.05400902 -0.02057659 -0.06080484 0.05613678 -0.02074521 -0.06116431 0.055911 -0.05813717 -0.03775763 0.001967966 -0.02731651 -0.05972957 0.05293089 -0.05519044 -0.02958011 -0.01703649 -0.03194266 -0.05874317 0.05022919 -0.05295711 -0.02729237 -0.02235072 -0.0354005 -0.05771201 0.048132 0.048707 -0.05146974 0.03352433 0.04116165 -0.05596476 0.04304236 8.7785e-4 -0.01279878 -0.05661964 0.02394396 -0.06061345 0.05453598 0.02381265 -0.06066769 0.05458581 0.05815523 -0.0392214 0.005094468 0.03330999 -0.01730197 -0.04629915 0.05454379 -0.04675626 0.02223896 0.03170841 -0.01660519 -0.04750597 -0.0301153 -0.05316859 -0.02734076 -0.04042851 -0.05287778 -0.009086966 -0.04106718 -0.05268085 -0.004377961 -0.04200786 -0.0582894 6.4033e-4 -0.04181188 -0.05317962 7.64754e-4 -0.04217296 -0.05853956 0.002553999 -0.05320787 -0.05269086 0.002118945 -0.05320858 -0.05268901 0.002122342 0.03377443 -0.05298632 0.03309881 0.03295105 -0.05252069 0.0339092 0.03090226 -0.06266915 0.03575825 0.03103148 -0.06332141 0.03887099 0.03089088 -0.06298202 0.0354917 0.0156688 -0.06491136 0.05358791 0.002925992 -0.06528675 0.05587303 0.02719146 -0.06327378 0.04855877 0.03370249 -0.06175321 0.04401546 0.03271669 -0.06352758 0.04203885 0.03211855 -0.051274 0.0406804 -0.02130204 -0.06453752 0.05133807 -0.03466272 -0.06274425 0.04328614 -0.02123969 -0.06425261 0.051171 -0.02828532 -0.06301301 0.04778814 -0.0314567 -0.06348192 0.04008901 -0.0195229 -0.06472873 0.05057907 -0.01118898 -0.06436365 0.05500113 -0.03294569 -0.06350052 0.04207479 -0.02825158 -0.06298613 0.04774898 -0.03426849 -0.05527174 0.044191 -0.03243118 -0.05414551 0.0341016 -0.03157711 -0.0496397 0.03576481 -0.03262263 -0.05289322 0.03404873 -0.03250682 -0.05280941 0.03405243 -0.01548725 -0.05261713 0.009235024 -0.03426218 -0.06241798 0.03291702 -0.03424453 -0.06242859 0.0329408 -0.0340349 -0.0528059 0.03343224 -0.03174495 -0.06238007 0.03908008 -0.03133922 -0.06330913 0.03974556 0.05428117 -0.0305643 -0.01544094 0.04017478 -0.05522274 0.041767 0.0433647 -0.05345106 0.03801918 0.05067425 -0.0264728 -0.02470457 0.04818451 -0.02481812 -0.02808856 0.04366523 -0.0533564 0.03765052 0.04443967 -0.02254307 -0.0340498 0.042409 -0.02143627 -0.03595393 -0.003099679 -0.06209605 0.05807691 0.05428826 -0.04526013 0.0184434 0.00625205 -0.0617963 0.05802136 0.03621482 -0.01863878 -0.04195219 0.0305494 -0.01714164 -0.04616194 0.008714377 -0.06211102 0.05774676 0.02874255 -0.0167194 -0.04756194 0.05632013 -0.04106467 0.00827974 0.05773568 -0.04090863 0.009236991 0.02359002 -0.06017416 0.05286657 0.02854329 -0.05871987 0.05045855 0.02641856 -0.05914986 0.05173373 0.01629924 -0.01441532 -0.05253946 0.01018416 -0.01363837 -0.05495411 0.05649447 -0.03567934 -0.003102064 0.0556423 -0.03338259 -0.007580935 0.0563184 -0.0344547 -0.006415843 -0.03512257 -0.01853507 -0.04273927 -0.04005992 -0.02070254 -0.03868752 -0.05038541 -0.0492438 0.02744483 -0.0507791 -0.04890257 0.02710402 -0.04451143 -0.05301761 0.03690129 -0.04675883 -0.02389174 -0.03037106 -0.04171711 -0.05431705 0.03985112 -0.04661399 -0.02385526 -0.03045374 -0.04191595 -0.05419045 0.03964996 -0.05194097 -0.02773988 -0.02149182 0.004230499 -0.01405727 -0.0546723 -0.03889751 -0.0551424 0.04255461 -0.0383827 -0.0558018 0.04323279 0.007473528 -0.01355028 -0.05491197 -1.65317e-4 -0.01308649 -0.05481791 -0.05436933 -0.03061956 -0.01396161 0.003105044 -0.01329416 -0.0547719 -0.05344164 -0.02956801 -0.01743364 -0.05502671 -0.03167372 -0.01286691 -0.03562778 -0.05662447 0.04571646 -0.01288104 -0.0137344 -0.05367863 -0.003677725 -0.01303201 -0.05488938 -0.05597078 -0.03437542 -0.005257904 -0.02678245 -0.05906897 0.05136489 -0.05649638 -0.03535628 -0.003295838 -0.01949518 -0.0148378 -0.05192691 -0.05642908 -0.03940534 0.00405538 -0.01267659 -0.06167906 0.05673259 -0.02180767 -0.01504915 -0.0508725 -0.05623579 -0.03936582 0.006177008 -0.05583125 -0.04165148 0.01056998 -0.05676651 -0.03931015 0.004849851 -0.05529284 -0.04301375 0.01389616 -0.05593752 -0.04049664 0.008904814 -0.03000712 -0.01663661 -0.04606133 -0.05632352 -0.04061973 0.008471429 -0.0537495 -0.0454967 0.01939058 -0.03414779 -0.01826483 -0.04397583 0.01154607 -0.05260515 -0.01079326 0.0122354 -0.05293679 -0.01147478 0.03393656 -0.0619753 0.03269803 0.03428936 -0.06241029 0.03291285 0.03160876 -0.05315536 0.02968007 0.03163284 -0.06193429 0.02939456 0.04894852 -0.05816811 0.002755224 0.04189676 -0.05857723 0.002842903 0.04807311 -0.05268394 0.002152025 0.04242503 -0.05849188 0.002905011 0.04189312 -0.05858105 0.0028342 0.04181909 -0.052971 0.00269562 0.04173809 -0.05318164 0.002339661 0.04100418 -0.05291944 -0.006698608 0.0414617 -0.05261534 0.001446127 0.03612929 -0.05209147 -0.01849418 0.03584682 -0.05290007 -0.01987236 -0.02536535 -0.01142555 -0.05086869 -0.05495059 -0.02619242 -0.01805013 -0.02380388 -0.0150941 -0.0517767 -0.05790877 -0.03458976 -0.004766225 -0.05790585 -0.03461289 -0.004693925 -0.03419899 -0.01371812 -0.04577404 -0.05827116 -0.03200668 -0.00466758 -0.05814057 -0.03663396 0.005905926 -0.05796855 -0.03981006 0.006793081 -0.05698728 -0.0425601 0.0137422 -0.05567955 -0.04233551 0.02044588 -0.05747449 -0.04148608 0.01121199 -0.04751384 -0.0199989 -0.03232991 -0.04435223 -0.02138948 -0.03603899 -0.04782533 -0.04891288 0.03553581 -0.01438438 -0.00975275 -0.05498534 -0.03722542 -0.05395054 0.04700309 -0.04991 -0.02457541 -0.02834481 -0.01245039 -0.06173831 0.05861377 -0.00922656 -0.06206381 0.05918997 -4.69141e-4 -0.06020659 0.05999797 -0.01158112 -0.05956417 0.05889737 -0.00829482 -0.06227523 0.05927604 -0.0512821 -0.02560091 -0.02591562 -0.004156172 -0.06014299 0.05984973 -0.005037546 -0.06222003 0.0597428 -0.0214374 -0.0142771 -0.05302685 -0.03780198 -0.06078326 0.02016127 -0.04106789 -0.05956006 0.01249939 -0.03456848 -0.0614109 0.02553915 -0.03220528 -0.06206125 0.02929997 -0.04068732 -0.05938792 0.01260244 -0.03751027 -0.06076711 0.02112466 -0.03179574 -0.06157428 0.02965188 -0.03583961 -0.06107622 0.0326628 -0.0342648 -0.06230777 0.03275698 -0.04170089 -0.05700945 -0.007220864 -0.03014159 -0.05315637 -0.0273804 -0.04199659 -0.05829709 6.3836e-4 -0.04160565 -0.05718868 -0.003984272 -0.04031628 -0.05726718 -0.007988154 -0.03716033 -0.05574631 -0.01802951 -0.04215508 -0.04957425 0.03660607 -0.0420345 -0.05995011 0.03586632 -0.0333119 -0.03378415 -0.04126906 -0.02258229 -0.03474575 -0.04846745 -0.02447348 -0.03886657 -0.04579007 -0.02856189 -0.03601527 -0.04425686 -0.02041858 -0.03566855 -0.04806298 -0.02097761 -0.01223707 -0.04902297 -0.02132987 -0.01224368 -0.04899072 -0.0219962 -0.03331393 -0.04870086 -0.02184432 -0.03307425 -0.04877376 -0.02156019 -0.03073471 -0.04878681 -0.0326972 -0.03403848 -0.04259306 -0.02798759 -0.03504741 -0.04559075 -0.02582252 -0.03600931 -0.04584288 -0.02800577 -0.03507286 -0.04562163 0.04325765 -0.04853183 0.03517884 0.03446882 -0.05690383 0.03298979 0.03450167 -0.04802042 0.03256523 0.03453344 -0.04844099 0.03312832 0.03646379 -0.0479204 0.03268718 0.03577518 -0.05161041 0.03283184 0.03823292 -0.06241351 0.03269511 0.0321244 -0.06315571 0.041067 0.02155411 -0.05586963 0.05219751 -0.03064692 -0.05740261 0.04682302 -0.03464329 -0.05223733 0.04377198 -0.03121322 -0.05045461 0.0388031 -0.03573817 -0.04811179 0.03304529 -0.03650653 -0.04824608 0.0328378 -0.03776174 -0.04886168 0.03371 -0.03377228 -0.05268055 0.03335994 -0.03103053 -0.06264477 0.03642231 -0.0335468 -0.04864054 0.0335375 -0.03934848 -0.06244426 0.03380173 -0.03323519 -0.03359663 -0.04109627 -0.03384679 -0.01560568 -0.04121118 -0.03283828 -0.01495939 -0.0428003 -0.05634826 -0.03517293 0.003763794 -0.02450478 -0.05995237 0.05204522 -0.05429613 -0.04469871 0.0176174 -0.05524009 -0.03919339 0.01306247 -0.02630448 -0.0559597 0.05171245 -0.01907855 -0.06055682 0.05479705 -0.01140666 -0.01097476 -0.0537151 -0.01060485 -0.01327145 -0.05384296 -0.02029758 -0.01209461 -0.05109632 -0.01598161 -0.05749523 0.05579751 -0.02105271 -0.01463216 -0.05068385 -0.02322447 -0.01506096 -0.04970896 -0.01940995 -0.01438313 -0.05126678 -0.0260412 -0.0156446 -0.04833239 -0.02641671 -0.01566737 -0.04832446 -0.02695512 -0.01586848 -0.04785293 -0.02917867 -0.01387792 -0.04690784 -0.03429031 -0.01542198 -0.04307341 -0.04103815 -0.01810014 -0.03702455 -0.0464462 -0.04812735 0.03404885 -0.04180181 -0.05393391 0.03961098 -0.04840552 -0.02476561 -0.02737802 -0.04834485 -0.02226936 -0.02735882 -0.03917127 -0.05500698 0.04230082 -0.05309981 -0.02651929 -0.01724827 -0.005465507 -0.06199157 0.05803358 -0.05532085 -0.02977842 -0.008790612 -0.03808343 -0.05223757 0.04341226 -0.0562421 -0.03549581 -0.002742946 -0.05641418 -0.03750813 0.001906991 -0.05632567 -0.03867399 0.004684329 0.01223605 -0.05294084 -0.01146686 0.02944529 -0.05416882 -0.02937996 0.04222226 -0.05812853 0.03584498 0.04226928 -0.04954057 0.03627085 0.04193878 -0.04969203 0.03722095 0.03197538 -0.06191945 0.02942734 0.0414676 -0.05969816 0.008005499 0.03157544 -0.06184202 0.02933353 0.04010719 -0.06023997 0.01546502 0.03907936 -0.05999904 0.01751673 0.05066215 -0.0564686 0.002597749 0.04199916 -0.05824869 6.20307e-4 0.04133915 -0.05740666 -0.003325104 0.04181176 -0.05319041 6.89017e-4 0.03781342 -0.05574655 -0.01858365 0.04016458 -0.05655348 -0.01107233 0.04006081 -0.05662894 -0.01098001 0.04077976 -0.05726581 -0.007102251 -0.04371237 -0.01738452 -0.0371769 -0.004958629 -0.05983531 0.05992078 -0.01229006 -0.05951029 0.05920356 -0.008687436 -0.05935335 0.06000959 -0.05799412 -0.03801959 0.01017677 -0.02493852 -0.01143097 -0.05134177 -0.009687364 -0.05920678 0.059834 -0.01389294 -0.05919998 0.05986595 -0.02084428 -0.05832368 0.05631136 -0.05824029 -0.03598999 0.00443989 -0.01775163 -0.05836182 0.05778998 -0.0214169 -0.05778431 0.05651324 -0.02324259 -0.05788415 0.05577379 -0.03254824 -0.05565303 0.05173414 -0.004208207 -0.009323418 -0.05652105 -0.02900528 -0.05627173 0.05309885 -0.02658843 -0.05630069 0.05369824 -0.05817878 -0.03123164 -0.005161643 -0.05553382 -0.02706229 -0.01592761 -0.0563296 -0.027359 -0.01424092 -0.03690224 -0.05396807 0.0472328 -0.05270272 -0.02361732 -0.02466952 -0.05231302 -0.02352875 -0.02415698 -0.04171139 -0.0520699 0.04328799 -0.045852 -0.04971891 0.03804498 -0.04642033 -0.01884466 -0.03391796 0.05140084 -0.04652178 0.03045094 0.04552495 -0.05065697 0.03810274 0.04624718 -0.04961293 0.03758347 0.05070978 -0.02161306 -0.02746814 0.04211205 -0.05191081 0.04243546 0.0540691 -0.02525722 -0.0201599 0.05724412 -0.02878516 -0.01102375 0.02993875 -0.05618041 0.05218285 0.007515609 -0.008808732 -0.05601656 0.05566447 -0.02491456 -0.01966834 0.03920304 -0.05344963 0.04657644 0.01602411 -0.0103178 -0.05457621 0.02279633 -0.05768924 0.05589264 0.05844026 -0.03268975 -0.002332866 0.02636361 -0.01113849 -0.0517081 0.02317047 -0.05815428 0.05532592 0.0227186 -0.01092463 -0.05219388 0.0271179 -0.05675435 0.05425482 0.009495973 -0.05902463 0.05947613 0.01605606 -0.05867326 0.05832874 0.05856215 -0.03567546 0.004561126 0.02037441 -0.05867958 0.05651128 0.03482919 -0.01416909 -0.04507893 0.03410929 -0.01393562 -0.04550087 0.05726516 -0.04138594 0.01800137 0.008165955 -0.0593217 0.06009685 8.82805e-5 -0.0596227 0.06040304 -0.001935601 -0.059951 0.06151956 0.05398797 -0.04421776 0.02478426 -2.87829e-4 -0.05997455 0.06026452 0.05403649 -0.04410177 0.02470207 -3.23059e-4 -0.05966711 0.0602948 0.04144197 -0.01636797 -0.03959774 0.05157124 -0.04627948 0.02953273 0.04634076 -0.01862508 -0.03427398 -0.04136478 -0.05964356 0.01109379 -0.03954792 -0.06276261 0.03383529 -0.04054009 -0.06211936 0.0354864 -0.03154468 -0.05437707 -0.02783 -0.03292536 -0.05465263 -0.02411395 -0.03724509 -0.05594897 -0.01787793 -0.03692531 -0.05534845 -0.01799196 -0.04909366 -0.05753028 0.001183211 -0.05226659 -0.05261713 0.001458942 -0.05297821 -0.05248266 1.5556e-4 -0.05213022 -0.05499166 0.002705097 -0.04656618 -0.05843591 0.002651989 -0.04856699 -0.05821222 0.00275737 -0.04947531 -0.05742889 0.002716898 -0.05321997 -0.03300541 -0.009891271 -0.05399775 -0.04975128 0.003079891 -0.04880452 -0.02758145 -0.02245098 -0.05373466 -0.05082482 0.007523 -0.05276763 -0.04052048 0.01653993 -0.03892266 -0.0175631 -0.03669524 -0.04808598 -0.04389613 -0.02234607 -0.0442751 -0.02022564 -0.03045171 -0.05441659 -0.03559881 -0.003848612 -0.04993301 -0.04478561 -0.0183407 -0.0452395 -0.02488768 -0.02861094 -0.05303329 -0.05212074 0.01236504 -0.05374205 -0.05082523 0.007523238 -0.04231023 -0.04608935 -0.03076648 -0.05333685 -0.05220669 0.01273727 -0.05395668 -0.03477728 -0.005780398 -0.0488094 -0.04871815 0.02644181 -0.04936629 -0.02786648 -0.02182263 -0.04123193 -0.04512202 -0.0316624 -0.05187064 -0.03049474 -0.01560539 -0.05063897 -0.02936202 -0.01833641 -0.05343151 -0.04758846 -0.005988836 -0.0533638 -0.04760158 -0.005992949 -0.04865187 -0.05799311 0.02505916 -0.0521233 -0.03119158 -0.01409375 -0.05384576 -0.04857456 -0.00208801 -2.25579e-4 -0.03759342 -0.05192661 -0.03166651 -0.03974193 -0.04148197 -0.01639705 -0.03817957 -0.0491693 -0.007890939 -0.01475322 -0.05214434 -0.008005678 -0.01475846 -0.05227863 0.003126919 -0.03725802 -0.05164492 -0.01148909 -0.03845131 -0.05047041 -0.0114876 -0.03845059 -0.05046474 -0.0124557 -0.01513946 -0.05127894 -0.03327411 -0.01531141 -0.04188293 1.43148e-5 -0.03764241 -0.05171895 -0.03463268 -0.05406242 -0.02712607 -0.02923142 -0.04656928 -0.03276807 -0.03158313 -0.05230557 -0.03018504 -0.02391934 -0.01260101 -0.0481131 -0.02809554 -0.01359033 -0.04583859 0.05258417 -0.0276947 -0.01316392 0.0540902 -0.03059393 -0.006439507 0.05396854 -0.0345714 -0.006187677 0.05470347 -0.03438222 0.002352654 0.05434638 -0.03967827 0.005630195 0.05358266 -0.03902035 0.01311445 0.0533021 -0.04286479 0.01309597 0.05335199 -0.04290759 0.01313471 0.05033653 -0.04336124 0.02318161 0.0466001 -0.04647225 0.03039997 0.03168886 -0.05068802 0.04001981 0.03636705 -0.04824721 0.03320783 0.03920167 -0.04871755 0.03401601 0.0320056 -0.04891419 0.03500282 0.03116095 -0.04958236 0.03727102 0.03465962 -0.05243945 0.0442903 0.02532202 -0.05502825 0.05024915 0.01594591 -0.05670905 0.05415177 0.008098423 -0.05747109 0.05589419 0.005996882 -0.05756348 0.05613172 -0.00152862 -0.05769282 0.05643254 -0.004767358 -0.0576545 0.0563687 -0.008018136 -0.0574457 0.05585849 -0.01601105 -0.0566821 0.05408549 -0.01598328 -0.05668509 0.05409133 -0.02350562 -0.05541902 0.05115509 -0.02521473 -0.05507123 0.05032622 -0.03169256 -0.05332487 0.04629898 -0.03421008 -0.04996985 0.03443914 -0.03630793 -0.04867345 0.03352069 -0.03783208 -0.04901248 0.03333473 -0.03156435 -0.04963606 0.03575783 -0.03239321 -0.04788148 0.03492039 -0.0365898 -0.04942274 0.03312897 -0.0433256 -0.01971203 -0.03168702 -0.04863876 -0.04492664 0.0268135 -0.05386209 -0.03001391 -0.00778228 -0.05245852 -0.04337304 0.02286893 -0.0370121 -0.01612514 -0.04032438 -0.028701 -0.01339006 -0.0465883 -0.02513629 -0.01277613 -0.04777497 -0.02550077 -0.01276731 -0.04811692 -0.01719099 -0.01142174 -0.05159431 -0.055242 -0.03913015 0.01309311 -0.05485886 -0.03336697 -1.1953e-5 -0.05613559 -0.03322237 -4.44345e-4 -0.007997632 -0.01034957 -0.05394846 -0.02449905 -0.05607289 0.05277335 -0.03055423 -0.05469715 0.04914778 -0.05254113 -0.02573055 -0.0181111 -0.03714603 -0.05261009 0.0441448 -0.04857897 -0.02219611 -0.02635687 0.04824882 -0.02189582 -0.02705162 0.05411279 -0.02781933 -0.0131936 0.05633515 -0.03567904 0.005105793 0.05340445 -0.04208463 0.01998484 0.02540713 -0.0126301 -0.04849702 0.03157758 -0.0143004 -0.04465222 0.03565835 -0.01569145 -0.04160076 0.04572588 -0.04793226 0.03378778 0.04319638 -0.01888173 -0.03417873 0.04318654 -0.01879262 -0.03428679 0.03110742 -0.05339509 -0.03057742 0.01198697 -0.05639839 -0.01159197 0.03320652 -0.01939505 -0.04142904 0.0375753 -0.01697498 -0.03791642 0.0329355 -0.01932007 -0.04164379 0.02862274 -0.0179314 -0.04462182 0.004594206 -0.03768903 -0.05165088 0.02518403 -0.03894627 -0.04550087 0.02587646 -0.01733553 -0.04618209 0.02561557 -0.0172826 -0.04632997 0.02106535 -0.01624906 -0.0485115 0.01774668 -0.01582384 -0.04974389 0.03349405 -0.04520976 -0.03934431 0.01223355 -0.0150569 -0.0514642 0.01080048 -0.01495891 -0.05164378 0.009622514 -0.01488083 -0.05185955 0 -0.01449161 -0.05272895 0.003185033 -0.01452958 -0.052652 0.02139419 -0.03856921 -0.04730176 -0.01182186 -0.01107972 -0.05169904 -0.004446208 -0.01457309 -0.05254596 7.49512e-4 -0.0105195 -0.05297982 4.02618e-6 -0.01440078 -0.05283969 0.0116586 -0.01109111 -0.05168652 0.01373392 -0.01527744 -0.05095589 0.02323549 -0.01673406 -0.04752677 0.02415341 -0.01288318 -0.04748719 0.02431756 -0.01300382 -0.04724436 0.03018957 -0.01448768 -0.04380393 0.03034466 -0.01847207 -0.04349488 0.03665053 -0.01659619 -0.03891265 0.04353994 -0.01985055 -0.03136265 0.05035239 -0.02490526 -0.01963454 0.0516178 -0.0305106 -0.01566076 0.04868263 -0.05707728 0.02574801 0.05110388 -0.04548048 -0.01523792 0.05445528 -0.03707879 -3.26971e-4 0.05454653 -0.03846031 0.002821624 0.05009663 -0.02878218 -0.01965653 0.04758858 -0.02653723 -0.02478379 0.04579311 -0.02527916 -0.02775353 0.0509234 -0.04634559 0.02117097 0.05423915 -0.03577715 -0.003408074 0.04337441 -0.04858863 0.03527009 0.05387634 -0.05044025 0.005931556 0.04325515 -0.02372395 -0.03136116 0.04252779 -0.02329498 -0.03230577 0.0495643 -0.04459279 -0.0191999 0.05290025 -0.04363441 0.01479363 0.04979908 -0.04762268 0.02413338 0.0539906 -0.04933375 0.001347005 0.04314452 -0.04213094 -0.03083246 0.04040509 -0.02224522 -0.03479075 0.05348098 -0.03347522 -0.008687973 0.05173432 -0.03046321 -0.01576906 0.0528987 -0.05372506 0.01280033 0.05380719 -0.04169833 0.01031535 0.05367392 -0.04297763 0.01337093 0.03897207 -0.02150118 -0.03645133 0.03948414 -0.06282955 0.03383719 0.03737497 -0.06202042 0.03279578 0.03510618 -0.06130564 0.02480107 0.05329489 -0.05312573 0.002367675 0.04135638 -0.05220681 0.001167297 0.05315589 -0.05309993 0.002437949 0.05315905 -0.05309593 0.002446949 0.05320227 -0.0528317 0.001103997 0.053236 -0.05277597 0.001048624 0.05366146 -0.05298137 9.30141e-4 0.04197067 -0.0579825 8.56009e-4 0.04680651 -0.05818599 9.87088e-4 0.04800146 -0.05802941 4.65161e-4 0.04166352 -0.05743724 -0.00582391 0.03093636 -0.05452728 -0.02754396 0.03275609 -0.05469918 -0.02433395 0.03681832 -0.05557399 -0.01822352 0.0412513 -0.05637949 -0.008569657 0.03010648 -0.05310893 -0.02733898 0.03227329 -0.05354094 -0.02946591 0.03073322 -0.05328077 -0.030272 0.02901077 -0.04666864 -0.03387171 0.03454947 -0.05405527 -0.02737051 0.04576796 -0.05039954 0.03951102 -0.05959486 -0.03247582 -0.002051055 0.02619701 -0.05717557 0.0552904 -0.05574458 -0.02486717 -0.01957279 -0.05851799 -0.02910965 -0.01022946 -0.01444351 -0.009611666 -0.05488967 -0.02513575 -0.01092773 -0.05226671 -0.02493089 -0.05762284 0.05623388 -0.03058207 -0.05606091 0.05264604 -0.04186826 -0.0527755 0.04482859 -0.03756803 -0.05321407 -0.02714282 -0.04807287 -0.04544788 -0.02229857 -0.04620504 -0.05550509 -0.01220345 -0.05357027 -0.05219399 0.008118987 -0.04680383 -0.0604664 0.01927596 -0.05237567 -0.04823929 -0.01016891 -0.03876858 -0.06253612 0.03290599 -0.04183948 -0.04581296 -0.03088331 -0.04945433 -0.05720996 3.75524e-4 -0.05334502 -0.05270946 7.21928e-4 -0.04017102 -0.05074 -0.02839243 -0.05152273 -0.0457347 -0.01419955 -0.0539906 -0.04975014 0.003078997 -0.05250328 -0.05517357 0.002658784 -0.05257499 -0.04666101 -0.01005691 -0.05111682 -0.05227625 -0.009641706 -0.04807204 -0.0438953 -0.02233791 -0.04006963 -0.05667412 -0.01132285 -0.03927767 -0.05184942 -0.02767246 -0.04650616 -0.0510528 -0.02060866 -0.05384588 -0.05113196 0.004335999 -0.04991781 -0.04478353 -0.01834094 -0.05143553 -0.04571926 -0.01418489 -0.04796195 -0.04541599 -0.0222339 -0.05307161 -0.0488643 -0.00692594 -0.05366671 -0.05221068 0.008125424 -0.03769743 -0.01704055 -0.03787887 -0.03867042 -0.0450772 -0.036776 -0.01326698 -0.0470854 -0.04700481 -0.01835632 -0.05259561 -0.03876364 -8.92307e-4 -0.05097502 -0.04443967 -0.02945488 -0.05054646 -0.03735136 -0.03016525 -0.04793655 -0.03930711 -0.02502769 -0.04027014 -0.0454759 -0.03134435 -0.04676181 -0.03981792 -0.03199577 -0.04090768 -0.04117596 -0.02899235 -0.05169612 -0.0356543 -0.02881848 -0.05200976 -0.03512394 -0.02449858 -0.03887289 -0.04584288 -0.007631659 -0.04204374 -0.05078536 -0.02881127 -0.05311805 -0.0329138 0.004300236 -0.04440772 -0.05030351 -0.01639688 -0.03817951 -0.04916894 -0.02517163 -0.04032814 -0.04576784 -0.01618695 -0.03957945 -0.04912471 -0.02806538 -0.03942114 -0.04386395 -0.03223466 -0.04409456 -0.03206491 -0.03446888 -0.04557871 -0.02814793 -0.03487664 -0.04591971 -0.02752405 -0.03108114 -0.05347979 -0.03064388 -0.03228116 -0.05364817 -0.02944684 -0.03206741 -0.05270195 -0.02967596 -0.03008908 -0.04525607 -0.03531277 -0.03236055 -0.04933512 0.0371738 -0.03443372 -0.05170112 0.04119241 -0.03295451 -0.04963123 0.03913843 -0.03646421 -0.04810309 0.03371953 -0.04114156 -0.05000704 0.037732 0.03251314 -0.05039376 0.03840321 0.03584802 -0.05210196 0.04295647 0.03300082 -0.05069226 0.03998899 0.03517985 -0.04835826 0.03453201 0.03294003 -0.04919511 0.03661102 0.0386914 -0.04823184 0.03447091 0.03702026 -0.04847657 0.03466027 -0.052509 -0.02560758 -0.01830476 0.0409519 -0.04974567 0.0380997 0.0413621 -0.04953473 0.03750085 0.03458458 -0.05245417 0.04424679 -0.04055726 -0.04995787 0.03849458 -0.03588998 -0.05212539 0.04351264 0.03772002 -0.01631474 -0.03984689 -0.03224349 -0.05077683 0.04039198 0.03453677 -0.05239105 0.04413104 -0.04140383 -0.04952234 0.03747975 -0.04505318 -0.04747015 0.03271502 0.005004048 -0.01066637 -0.05267 -0.01189303 -0.01108157 -0.05169188 0.0458821 -0.02115333 -0.02832549 -0.0516178 -0.02612406 -0.01680868 -0.05175364 -0.0264905 -0.01596003 -0.04844212 -0.02317559 -0.02364903 0.04114156 -0.04999339 0.03773099 0.03215658 -0.04539865 -0.03955775 0.02921408 -0.04696941 -0.03602892 0.007358431 -0.0377525 -0.05119866 0.02462744 -0.0405097 -0.04573178 0.03098136 -0.05347234 -0.03073394 0.02919256 -0.05088412 -0.03679156 0.01392006 -0.05295586 -0.03878277 0.02911877 -0.05123507 -0.03618901 0.01567965 -0.04934543 -0.04434674 0.02143377 -0.03857415 -0.04770803 0.003944635 -0.03931361 -0.05143278 0.01997417 -0.04535758 -0.04622304 0.02875083 -0.05249184 -0.03428179 0.00394833 -0.03931903 -0.05147182 0.02458447 -0.04049605 -0.04565197 0.02517837 -0.03894519 -0.04549098 0.03201466 -0.04566413 -0.03967761 0.03113102 -0.04674881 -0.03948545 0.04008758 -0.04138195 -0.03384059 0.04771506 -0.05082255 -0.01921069 0.04957437 -0.04608511 -0.01884794 0.04261136 -0.04369086 -0.03069299 0.05376052 -0.05151736 0.005832016 0.04013556 -0.04139405 -0.03385794 0.05386865 -0.05043947 0.00593096 0.04232102 -0.05961412 0.03525936 0.04205876 -0.04673415 -0.03016573 0.04189026 -0.04576086 -0.03083115 0.03931373 -0.05179607 -0.02783828 0.04752641 -0.05822503 0.003093361 0.04196649 -0.05991733 0.03581726 0.04321467 -0.05453526 -0.01884526 0.03952282 -0.05157756 -0.02788937 0.04958993 -0.05877375 0.0184313 0.03453797 -0.05400788 -0.02712184 0.03093624 -0.05452579 -0.02754354 0.05108976 -0.04547923 -0.01523178 0.05290406 -0.0491296 -0.008457958 0.0540415 -0.04933768 0.001341402 0.04283106 -0.04208838 -0.03061592 0.05378216 -0.0515213 0.005833804 0.04955679 -0.04459244 -0.01919597 0.03697085 -0.05334872 -0.02704894 0.02909362 -0.05306214 -0.03311747 0.03559964 -0.04504007 -0.02840846 0.03389406 -0.04628962 -0.02811497 0.03187131 -0.04409492 -0.03158694 0.03333598 -0.04409343 -0.03217798 -0.03202742 -0.01272684 -0.04787045 -0.03446006 -0.01327747 -0.04718136 -0.05122166 -0.04746931 0.03271418 -0.05852741 -0.04065322 0.01584076 -0.03195637 -0.0127139 -0.04792189 -0.05969148 -0.0351296 0.003854453 -0.007497668 -0.008832573 -0.05747419 -0.05975633 -0.03523319 0.004098534 -0.009967625 -0.05972254 0.0610392 -0.05935764 -0.03111129 -0.005535364 -0.05077433 -0.02077871 -0.02953612 -0.05037081 -0.02031141 -0.03056323 -0.04692405 -0.01832455 -0.03508222 -0.04227256 -0.01617473 -0.04054164 -0.04317694 -0.01649606 -0.03980159 0.05271464 -0.02200198 -0.02668589 0.02649188 -0.05708414 0.05515682 0.05722749 -0.02712762 -0.01509785 0.05910199 -0.03028297 -0.007379174 0.0151124 -0.009377062 -0.0561974 0.05978012 -0.03457581 0.002391934 0.05947494 -0.03686714 0.007813096 0.0193656 -0.009973049 -0.05464714 0.02785408 -0.01157754 -0.05103945 0.0310164 -0.01277959 -0.04943454 0.04009479 -0.01521205 -0.04263758 0.05410957 -0.04515033 0.02702105 0.03437572 -0.01391017 -0.04732275 0.04611682 -0.01787191 -0.03637009 0.05200707 -0.02179813 -0.02755767 -0.03831255 -0.04584503 -0.02781015 -0.03334462 -0.04504758 -0.03016948 -0.03976279 -0.04509395 -0.03353697 -0.03877609 -0.04509538 -0.03656357 -0.03319507 -0.04518252 -0.0395345 -0.02933734 -0.04633194 -0.03612267 -0.03084897 -0.04537034 -0.03765398 -0.03209418 -0.04409372 -0.03039002 -0.03352165 -0.04409384 -0.03036892 -0.03377074 -0.04509341 -0.03194379 -0.03199636 -0.04572039 -0.03061378 -0.03337347 -0.04519122 -0.03025299 -0.0320816 -0.04509437 -0.03190094 -0.03289824 -0.05509322 0.038661 -0.03284633 -0.05048131 0.03855758 -0.03585284 -0.0522418 0.04301756 -0.03602021 -0.05509382 0.04269099 -0.03563416 -0.052082 0.04342859 0.03722971 -0.05508995 0.03472185 0.03491222 -0.0550875 0.03468734 0.03517109 -0.04835844 0.03452819 0.03267157 -0.0550931 0.0379284 0.03608137 -0.05509382 0.04274249 0.03605651 -0.0525977 0.04280185 0.03917998 -0.04509335 -0.03570795 0.03800916 -0.04509347 -0.03725993 0.03847759 -0.04508888 -0.03695863 0.03976601 -0.04497647 -0.03359943 0.03904825 -0.0462926 -0.02802723 0.03633683 -0.04628515 -0.02738672 0.03285282 -0.0454548 -0.03012299 0.03186625 -0.04526764 -0.03156298 0.03111225 -0.04663461 -0.0307759 0.03390526 -0.04409378 -0.03090476 0.03244704 -0.04409646 -0.03015196 -0.05845654 -0.0437498 0.01517117 0 -0.01209068 -0.05829977 -0.05716753 -0.04578745 0.01988273 -0.05570626 -0.04754441 0.02395534 -0.003311753 -0.06377029 0.06159901 -0.05305266 -0.05001986 0.0297228 -0.005589067 -0.06369811 0.06143224 -0.0529192 -0.05027216 0.03029805 0 -0.06381481 0.0616998 -0.04985588 -0.05232471 0.03506422 -0.04616332 -0.05451279 0.04012507 -0.003052771 -0.01212298 -0.05822181 -0.004860103 -0.01217216 -0.0580973 -0.006097078 -0.01219999 -0.0579878 -0.005709469 -0.00929296 -0.0578922 -0.009595692 -0.01242494 -0.05752348 -0.01270031 -0.01266312 -0.05697357 -0.01412123 -0.01281815 -0.05661273 -0.009782969 -0.009398162 -0.05737799 -0.0144571 -0.01285338 -0.05653095 -0.01796108 -0.01025426 -0.05548083 -0.01831495 -0.0133264 -0.0554319 -0.01897776 -0.01341819 -0.05521899 -0.02275162 -0.01402258 -0.05381453 -0.03809529 -0.05792385 0.04805314 -0.0230506 -0.01123809 -0.05355584 -0.02335727 -0.01130121 -0.05343174 -0.02667248 -0.0119428 -0.05190593 -0.03449469 -0.0590592 0.0507909 -0.03814458 -0.01797735 -0.04461199 -0.0389415 -0.01819545 -0.04412651 -0.05065655 -0.02409762 -0.03043806 -0.05309236 -0.02591037 -0.02622354 -0.03045988 -0.06020069 0.05339092 -0.02687472 -0.06106811 0.05534064 -0.05706983 -0.02998286 -0.01678854 -0.02630579 -0.06118685 0.05562597 -0.02294385 -0.06184488 0.0571323 -0.05924797 -0.03390014 -0.007697343 -0.05862969 -0.03243297 -0.01104074 -0.0599218 -0.03662878 -0.001369953 -0.02200907 -0.06201183 0.05751699 -0.01856809 -0.06253468 0.0587514 -0.05980694 -0.03998422 0.006429135 -0.05929541 -0.04188066 0.010818 -0.01408666 -0.06301623 0.060027 -0.03413116 -0.04509508 -0.0340799 -0.03283226 -0.04509496 -0.03923392 -0.03713911 -0.04509377 -0.03295898 -0.0371043 -0.04509294 -0.03758984 -0.0347566 -0.04509377 -0.03314197 -0.03561484 -0.05508577 0.03596878 -0.03589111 -0.05509305 0.03956848 -0.0343222 -0.0550909 0.03732413 -0.03306561 -0.05509191 0.03657084 -0.03770786 -0.05509382 0.04110682 0.04092353 -0.05509382 0.03766387 0.03299069 -0.05509424 0.03888636 0.03495556 -0.05509382 0.03913486 0.03431725 -0.0550971 0.03815919 0.03303486 -0.05509018 0.03649348 0.03623312 -0.05509382 0.03956842 0.03756558 -0.05509382 0.03872746 0.03465259 -0.04509359 -0.03805691 0.03325378 -0.04509341 -0.03221899 0.01836884 -0.06256425 0.0588147 0.03578037 -0.01944911 -0.04672694 0.04290205 -0.01975512 -0.04053771 -2.95432e-4 -0.01462906 -0.05825477 0.03447479 -0.0167877 -0.04740196 0.006097674 -0.06367999 0.061387 0.003052592 -0.06378048 0.06162196 0.0499401 -0.05225884 0.03495198 0.04281395 -0.05764436 0.04391229 0.05499249 -0.04988622 0.02566987 0.05668127 -0.04675251 0.022156 0.05751705 -0.04688769 0.01849275 0.05823057 -0.04582923 0.01453787 0.0595653 -0.04059672 0.002192854 0.05998486 -0.03737509 3.59979e-4 0.05870938 -0.03520721 -0.01005989 0.05913758 -0.03358787 -0.008425951 0.01585966 -0.01539123 -0.05620169 0.05096691 -0.02651923 -0.02969789 0.04784464 -0.02425706 -0.0343064 0.01431328 -0.01512491 -0.05646985 -0.03673803 -0.04509419 -0.03604561 -0.03522139 -0.04509371 -0.03593999 -0.03426057 -0.04508751 -0.03464871 -0.0377503 -0.04874879 -0.03116494 -0.03318262 -0.04824197 -0.03185242 -0.03293985 -0.04898297 -0.03224015 -0.0323289 -0.04874092 -0.03413331 -0.03666722 -0.04869788 -0.0306192 -0.03747826 -0.05508506 0.03663963 -0.03438794 -0.05509525 0.03645789 0.03421151 -0.05509364 0.03760749 0.03493374 -0.06059378 0.03646743 0.03782379 -0.06059372 0.03687387 0.03751188 -0.05509424 0.03613823 0.03780227 -0.05509382 0.03732347 0.03406178 -0.04509568 -0.03460246 0.03791147 -0.04509997 -0.03546106 0.03813976 -0.0485866 -0.03487765 0.03251916 -0.04873389 -0.03510373 0.03707921 -0.06090128 0.04463618 0.03704959 -0.06087303 0.04465359 -0.04863792 -0.02560698 -0.03280478 -0.05488812 -0.05068528 0.02599054 -0.03661906 -0.02000433 -0.04578018 -0.0581268 -0.04599326 0.0146954 -0.05905508 -0.04443585 0.01075577 -8.17808e-4 -0.06596243 0.06071722 -0.01445031 -0.0645278 0.06005966 -0.01351106 -0.06518465 0.05963212 -0.05803447 -0.03345745 -0.01443213 -0.01522678 -0.06489825 0.05923843 -0.01956546 -0.06444227 0.05790627 -0.03182375 -0.06180608 0.05055582 -0.03340011 -0.06143993 0.05091738 -0.03859359 -0.0597161 0.04687678 -0.04204303 -0.0583781 0.04387879 0.01036548 -0.06478244 0.06076729 0.05352234 -0.05172353 0.0284965 0.05209726 -0.02712649 -0.02851229 0.001208484 -0.06584471 0.06108367 0.0441997 -0.05747914 0.04155355 0.003891229 -0.06512498 0.06150519 0.01410537 -0.0151202 -0.05654203 0.05667018 -0.03246045 -0.0167396 0.05941432 -0.0383808 -0.003219187 0.03302472 -0.06173413 0.05162 0.02663743 -0.01758641 -0.05160981 0.03112411 -0.06152123 0.05300271 0.01356756 -0.0651654 0.05975157 0.01458621 -0.06509935 0.05798709 0.01361745 -0.06452155 0.06018185 0.05660521 -0.04845404 0.02020275 0.02091574 -0.06431943 0.05671483 0.01123833 -0.06544166 0.06018811 -0.03334861 -0.06094902 0.04004579 -0.04340505 -0.06050193 0.03833323 -0.03209191 -0.05388557 -0.03441214 -0.03751689 -0.04880154 -0.03327506 -0.03773671 -0.04859614 -0.03505319 -0.03452211 -0.04859638 -0.03333514 -0.03506362 -0.04859352 -0.0357353 -0.03615224 -0.04859757 -0.03620302 -0.03442907 -0.04859495 -0.03912395 -0.03441745 -0.04859215 -0.03499794 -0.03985482 -0.04872781 -0.03284984 -0.03437185 -0.06059283 0.03731083 -0.03754949 -0.06042909 0.04530942 -0.03554868 -0.06069767 0.03604918 -0.03435826 -0.06050264 0.03712487 -0.0367552 -0.060593 0.03943616 -0.03801816 -0.06059277 0.03849107 -0.04336887 -0.06049698 0.03873509 0.05306148 -0.05098497 0.02475792 0.05549931 -0.04853624 0.01945632 0.05504608 -0.04865521 0.01984119 0.05101156 -0.0528149 0.02899062 -0.009848654 -0.01621139 -0.05533397 0.05030423 -0.05363005 0.03079319 -0.0412181 -0.05836737 0.04259258 0.04486465 -0.0567795 0.03856909 0.0462144 -0.05612385 0.03727477 -0.04600661 -0.05596309 0.03720498 -0.05063688 -0.05280435 0.03016436 0.009380698 -0.01614266 -0.0554099 -0.05070549 -0.05305439 0.02957898 0.01602816 -0.01674622 -0.05431687 -0.05444884 -0.04916572 0.0218544 0.02742207 -0.01854318 -0.04947495 0.02483332 -0.0181961 -0.05089193 -0.05762994 -0.04444801 0.01042342 0.03445357 -0.02050322 -0.04453152 0.03737127 -0.02180176 -0.04274988 -0.05788445 -0.03985327 -6.04987e-4 0.04074048 -0.02326071 -0.03958004 -0.05747175 -0.0381608 -0.004715383 -0.05641442 -0.03522372 -0.01161193 0.04600399 -0.02546888 -0.03352588 0.0492264 -0.02742147 -0.02899777 -0.0565856 -0.03563064 -0.01040899 -0.05265796 -0.03012961 -0.02269411 0.05330538 -0.0307734 -0.0212239 0.04352355 -0.02368307 -0.03755074 -0.05265969 -0.03013509 -0.02269494 0.05504006 -0.03322762 -0.01597428 0.05664551 -0.03478944 -0.01067841 -0.0473597 -0.02629601 -0.03080213 0.0566793 -0.03492242 -0.01163232 0.0579217 -0.03962022 -9.16019e-4 -0.04213386 -0.02344352 -0.03819876 0.05801028 -0.04045814 0.001238942 -0.03770864 -0.02176445 -0.04251271 -0.02754217 -0.01857471 -0.04940295 0.05650752 -0.04704898 0.01660418 -0.01851165 -0.01700931 -0.05349916 -0.01485198 -0.0166161 -0.05404984 0.0378459 -0.05977052 0.04547095 0.03786134 -0.05977135 0.04546856 0.03720664 -0.06076127 0.03635638 0.03442925 -0.06059283 0.03844285 0.04223513 -0.06076234 0.03879672 0.03673791 -0.06059378 0.039397 0.03344267 -0.05555593 -0.03097951 0.0379216 -0.04882389 -0.03125476 0.04125326 -0.04813277 -0.03321123 0.03426712 -0.04858338 -0.03408783 0.03713291 -0.04859358 -0.03308504 0.03600353 -0.0485925 -0.03257596 0.03456234 -0.04859095 -0.03553795 0.03566819 -0.04858452 -0.03253549 0.0346331 -0.04859066 -0.03539693 0.03244316 -0.05199068 -0.03853428 0.03397423 -0.04903692 -0.03786796 0.03270524 -0.06067168 0.03916233 0.03687834 -0.06072247 0.0342198 0.03630328 -0.06076407 0.034217 0.03484886 -0.06083691 0.03447735 0.03438216 -0.06069213 0.0371046 0.03295391 -0.06079643 0.03606683 0.03327357 -0.06091368 0.03526288 0.03727817 -0.06070762 0.03432351 -0.05782347 -0.03794342 -0.004466891 -0.008315742 -0.01582396 -0.0557838 -0.03817445 -0.05943089 0.04527586 -0.0329495 -0.06084537 0.03613936 -0.03417468 -0.06061047 0.03438937 -0.03443551 -0.06087958 0.03455805 -0.03757858 -0.06070089 0.03455978 -0.03399807 -0.04887622 -0.03783494 -0.03456991 -0.04857546 -0.04000782 -0.03204774 -0.05357462 -0.03481477 -0.03078621 -0.05607277 -0.03386813 -0.03663873 -0.0544697 -0.03029567 -0.03297668 -0.05524832 -0.031654 -0.0399816 -0.0487681 -0.03298294 -0.04110604 -0.04883229 -0.03440934 -0.03552407 -0.04785823 -0.04036676 -0.03843343 -0.06580126 0.03414136 0.0540235 -0.05561304 0.02238667 0.04170447 -0.02345395 -0.03864639 0.03693956 -0.04043859 -0.04178589 0.04010957 -0.04102182 -0.03932076 0.0574972 -0.04980623 0.002667903 0.05798363 -0.04070037 0.001109063 0.01184052 -0.01631307 -0.05516302 0.05735921 -0.0488404 -0.001660943 0.05683583 -0.047791 -0.00641793 0.05616235 -0.04672646 -0.0112071 0.05591994 -0.04676806 -0.01111185 0.003772437 -0.01571404 -0.05614423 0.0520963 -0.04698109 -0.02226227 0.004530966 -0.03779953 -0.05504024 0.009176373 -0.03795945 -0.05467838 0.009116172 -0.0379405 -0.05448395 0.0434693 -0.06043481 0.03887474 0.04257881 -0.06433331 0.03646963 0.04194968 -0.06088817 0.03815692 0.03407156 -0.05598759 -0.03133344 0.0319426 -0.05451303 -0.03331756 0.04128164 -0.05270242 -0.03143143 0.03657245 -0.05526679 -0.03006762 0.04060757 -0.05045044 -0.03266096 0.04210466 -0.0488761 -0.03455507 0.04162347 -0.04793161 -0.03398305 0.04065138 -0.04859405 -0.03370177 0.03546428 -0.04799896 -0.04057067 0.0344392 -0.04860973 -0.0391252 0.04114753 -0.06599265 0.0327925 0.03625923 -0.06404292 0.04402971 0.01211655 -0.0651831 0.05811583 0.004708409 -0.06475931 0.05967777 0.02735584 -0.06301003 0.0529688 0.02480107 -0.0634312 0.05395305 -0.02447336 -0.06349682 0.05409681 -0.02893835 -0.06255066 0.05203306 -0.02931618 -0.06229639 0.05180323 -0.02365773 -0.06358015 0.05447626 -0.02418267 -0.06358027 0.05425792 -0.03651404 -0.0629335 0.04632031 -0.03735172 -0.06059843 0.0452122 -0.03347444 -0.06689876 0.0427224 -0.03465121 -0.06624513 0.04346781 -0.03684115 -0.06448936 0.034069 -0.03614699 -0.0614683 0.03425145 -0.03526383 -0.06171053 0.03509426 -0.03313398 -0.06081372 0.03958636 -0.03186345 -0.06510102 0.0361309 2.76634e-4 -0.06063026 -0.005351603 0.005028128 -0.06024986 -0.01042872 0.001674711 -0.06026893 -0.01220923 0.007113754 -0.06061631 -0.006192386 -7.80005e-4 -0.0597161 -0.01302999 -0.006635546 -0.06024098 -0.006598711 -0.01112949 -0.05989319 -0.01168489 0.0221337 -0.06375902 0.01735442 -0.00833553 -0.06069231 -0.005612969 0.001200079 -0.06355202 0.01610642 0.00744903 -0.06361991 0.01508712 -0.013848 -0.0614441 9.50217e-5 -0.01555109 -0.06099539 -0.003341436 -0.007375299 -0.06139731 -2.6002e-4 0.01177716 -0.06451398 0.023413 0.01106232 -0.06413441 0.01780235 -0.009110093 -0.06233388 0.007528305 0.006307542 -0.06441378 0.02265197 -0.002688765 -0.06206607 0.006077766 0.007962584 -0.063784 0.01651847 -0.002510905 -0.0630387 0.01219308 -0.0224626 -0.06467896 0.02348959 0.01621067 -0.058954 -0.01996725 0.05115854 -0.06189078 0.01626914 0.05670237 -0.05518668 0.009513258 0.02434986 -0.04249292 -0.04977935 0.05747008 -0.05042254 0.002027988 0.05429983 -0.05723172 -0.002733111 0.04874932 -0.05411064 -0.02137356 0.04430347 -0.05932152 -0.0153802 0.04617631 -0.0424357 -0.03200775 0.05635941 -0.04839211 -0.01030623 0.0496397 -0.06148499 0.02807325 0.02207344 -0.05132478 -0.04550242 0.05686855 -0.04780554 -0.006471157 0.04912352 -0.06154459 0.002296745 0.04317021 -0.04181528 -0.03571981 0.03026276 -0.05713564 -0.03262829 0.05604285 -0.04835242 -0.01022177 0.03977638 -0.04102486 -0.03925418 0.005883455 -0.03868097 -0.05487293 0.009160101 -0.05311214 -0.04677468 0.004530966 -0.03779941 -0.05503875 0.005892693 -0.03869146 -0.05497783 0.05749166 -0.04980576 0.002667963 0.03479999 -0.06585657 0.03326582 0.03226065 -0.06514292 0.03765946 0.03179049 -0.06601208 0.03649377 0.03147888 -0.06623452 0.03520268 0.03480988 -0.0656687 0.03319901 -0.02490192 -0.06622505 0.05259877 -0.03587746 -0.06478029 0.04519844 -0.007570505 -0.06557852 0.05901271 -0.003943562 -0.06570023 0.05917704 -0.0266264 -0.06785392 0.04795676 -0.02988612 -0.06249397 0.05176222 -0.01101171 -0.06786096 0.05692034 -0.003704786 -0.06672728 0.05864977 -0.01934385 -0.06472027 0.05629235 -0.0335322 -0.06486654 0.03480654 -0.03047269 -0.06652522 0.03639096 -0.0320037 -0.06601518 0.03532499 -0.03249198 -0.06492531 0.03651601 -0.03168988 -0.0664165 0.03886979 -0.03488588 -0.06579947 0.03318214 -0.008599877 -0.06117659 -0.003288805 -0.001315236 -0.0606575 -0.007350027 0.001546382 -0.06398636 0.01778644 0.001525044 -0.06410592 0.01801478 0.00379914 -0.06441754 0.02107578 0.007783532 -0.06479251 0.02323162 0.01143121 -0.06460273 0.02340167 0.01496177 -0.06479871 0.02327781 0.01589119 -0.06447219 0.02309596 0.02101427 -0.06405121 0.01989781 0.0208261 -0.06424766 0.02009606 0.02249681 -0.06389135 0.01638555 0.02250349 -0.05895322 -0.01996719 0.01594591 -0.06334912 0.01566612 0.01612401 -0.06360739 0.0142278 0.01604408 -0.06351268 0.01580697 0.01396805 -0.0637694 0.01775801 0.006902992 -0.06070733 -0.006451129 0.007371425 -0.0609703 -0.005800843 -0.005687236 -0.05968534 -0.01326316 -0.006442368 -0.05970489 -0.01311373 -0.01136678 -0.06020134 -0.01164186 -0.01511031 -0.06038242 -0.007965147 -0.008922338 -0.06272727 0.007543981 -0.01404666 -0.0617392 3.85497e-5 -0.008800029 -0.06300729 0.009673893 -0.009329676 -0.06267589 0.009542703 -0.009618818 -0.06286621 0.01089698 -0.01811897 -0.06525772 0.02792376 -0.004494965 -0.06329399 0.01445001 -0.003374874 -0.06347018 0.01318663 -0.004290044 -0.06219619 0.003509998 -0.009280443 -0.06146788 -0.002601861 0.00124067 -0.06403195 0.01745355 0.01612401 -0.05909132 -0.02007275 0.006473422 -0.06061422 -0.00850594 5.61738e-4 -0.0600171 -0.01304197 0.002748787 -0.06415277 0.02001708 -0.01494199 -0.06006979 -0.00828284 8.00353e-4 -0.06104701 -0.005220115 -0.009126842 -0.06010299 -0.01258844 0.02248573 -0.06390345 0.0164501 -0.01365119 -0.06176811 3.34506e-4 -0.001032412 -0.06077367 -0.007295966 -0.009942531 -0.05987292 -0.01316732 -0.007285416 -0.06080573 -0.007052958 -0.002644658 -0.06318795 0.008807063 0.01561135 -0.06395542 0.01686882 -0.00388664 -0.06072378 -0.007674992 0.01772719 -0.06468558 0.02241897 0.007666468 -0.06387424 0.01625669 -0.007515132 -0.06163418 -7.6002e-4 0.01116675 -0.06407248 0.01776099 -0.01227492 -0.05640858 -0.01182943 -0.01207995 -0.05688315 -0.01120072 -0.00474143 -0.05442398 0.5696303 -0.004797995 -0.0550068 0.5637601 0.01968324 -0.04603642 0.5332625 0.03172725 -0.04244899 0.5419057 -0.02525883 -0.03572946 0.5478544 -0.02478086 -0.05258476 0.54776 -0.02487766 -0.05265325 0.5479041 0.02947175 -0.04780697 0.5391 0.02947175 -0.04780697 0.5391 0.02551627 -0.04909586 0.5363052 0.02621632 -0.04930573 0.5364208 -0.01493865 -0.01288002 0.6134287 -0.001418054 -0.0123521 0.6162596 -0.00146383 -0.01220262 0.61618 -0.01227992 -0.05677467 -0.008157372 -0.007585525 -0.05615878 -0.0124154 -0.05794596 -0.04229742 0.005139887 -0.05782347 -0.03794342 -0.004466891 -0.05793905 -0.03978425 -6.86193e-4 -0.05782347 -0.03794342 -0.004466891 -0.01214045 -0.05164134 0.56457 -0.01269912 -0.05104124 0.5644021 -0.01294648 -0.05091184 0.5646 -0.03736728 -0.03947824 0.5490379 -0.03997647 -0.02362501 0.5882151 -0.03754752 -0.02134126 0.5944186 0.04100304 -0.04398 0.577344 0.0408259 -0.0438748 0.5785 0.003288686 -0.05470538 0.56683 0.004319608 -0.05524665 0.5649777 0.002922475 -0.05459988 0.56901 0.002922475 -0.05459988 0.56901 -0.02509313 -0.05265223 0.5474202 -0.02507716 -0.05265432 0.54738 0.02627927 -0.04850822 0.5365599 0.0261476 -0.048545 0.5364658 0.02357733 -0.04943728 0.5348119 0.02166998 -0.0641222 0.05643981 0.0224145 -0.0468679 0.5392001 0.02157115 -0.04536485 0.5393943 0.02218115 -0.04621279 0.53836 0.005200684 -0.06079655 -0.009398341 0.005528092 -0.06013906 -0.009816944 0.005408644 -0.06021505 -0.009969711 0.006473422 -0.06061422 -0.00850594 -0.02429854 -0.05230104 0.548713 -0.02463179 -0.05277913 0.5485585 -0.02455735 -0.05278116 0.5487603 -0.02448928 -0.05308645 0.54861 0.01297688 -0.04711627 0.5855883 0.0130608 -0.0461542 0.5857442 0.03587871 -0.05508738 0.03424823 0.01087343 -0.06397122 0.01781159 0.01116675 -0.06407248 0.01776099 -0.03171235 -0.06193011 0.02919197 -0.03171235 -0.06193011 0.02919197 -0.03484451 -0.06128752 0.02506285 -0.03484451 -0.06128752 0.02506285 0.02201187 -0.05202275 0.53859 0.002256274 -0.05992341 -0.01224321 0.002533972 -0.0598374 -0.01210892 0.002533972 -0.0598374 -0.01210892 -0.04217296 -0.05853956 0.002553999 -0.04217296 -0.05853956 0.002553999 -0.01112949 -0.05989319 -0.01168489 0.03950119 -0.04125028 0.59406 0.04010611 -0.04355973 0.59231 -0.02810025 -0.05115801 0.04607146 -0.02844679 -0.06297791 0.04607594 -0.02844679 -0.06297791 0.04607594 -0.02844679 -0.06297791 0.04607594 0.005928099 -0.0477178 0.5290338 0.01313728 -0.04912173 0.58557 -0.04138809 -0.03661412 0.56265 -0.04138809 -0.03661412 0.56265 -0.04291749 -0.03384417 0.57003 0.04112929 -0.04490429 0.57466 -0.02156019 -0.03073471 -0.04878681 0.02889037 -0.05998909 0.02948784 -0.02631551 -0.0356462 0.5507001 -0.01968204 -0.03568226 0.5505335 -0.02013361 -0.0642758 0.05627459 0.03735136 -0.03961247 0.5490863 0.03646409 -0.0401628 0.54773 -0.03243905 -0.05280673 0.03428703 0.009680807 -0.06346327 0.06090909 -0.04181659 -0.05318003 7.56034e-4 -0.041377 -0.05347311 -4.62593e-4 0.03333598 -0.04409343 -0.03217798 0.03333598 -0.04409343 -0.03217798 0.03325378 -0.04509341 -0.03221899 0.03325378 -0.04509341 -0.03221899 0.03263568 -0.03970623 0.60368 0.03263568 -0.03970623 0.60368 0.0418691 -0.02884995 0.5750763 -0.02001136 -0.0354073 0.54762 -0.01982951 -0.03573542 0.5477359 -0.02106088 -0.03564733 0.5474943 0.02225166 -0.05291247 0.53936 -0.0179826 -0.05084419 0.5724926 -0.03236055 -0.04933512 0.0371738 -0.03236055 -0.04933512 0.0371738 -0.03236055 -0.04933512 0.0371738 -0.032875 -0.05047905 0.03856682 -0.03700006 -0.06059378 0.04447698 -0.0271672 -0.06325167 0.04694527 -0.02730226 -0.06324791 0.04692399 -0.02730226 -0.06324791 0.04692399 0.04459095 -0.05525606 0.04184401 0.04738086 -0.05381757 0.03850603 -0.01724904 -0.05232697 0.5914734 0.03596013 -0.05432009 0.5537885 -0.01347976 -0.06365352 0.0417189 -0.01067686 -0.06359773 0.04235595 -0.005080819 -0.06396842 0.04378587 0.05727028 -0.04464221 0.010939 0.0576784 -0.04297047 0.006914377 0.01471245 -0.05271828 0.008527994 -0.0353254 -0.04831928 0.0344448 -0.0353254 -0.04831928 0.0344448 -0.02103799 -0.03580898 0.54799 -0.01970916 -0.03504693 0.5503738 -0.03606039 -0.04858994 -0.03240102 -0.03429085 -0.04858899 -0.03539931 0.01761186 -0.04731833 0.57493 0.01761186 -0.04731833 0.57493 0.01808619 -0.04729712 0.57444 0.01808619 -0.04729712 0.57444 0.01808619 -0.04729712 0.57444 -0.03218621 -0.01888227 0.6 -0.02600193 -0.05060821 0.04276382 -0.02600193 -0.05060821 0.04276382 -0.02600193 -0.05060821 0.04276382 -0.02537202 -0.06321859 0.04233098 -0.02539414 -0.06344479 0.04209166 -0.02537202 -0.06321859 0.04233098 -0.02537763 -0.06321293 0.04228842 -0.02537202 -0.06321859 0.04233098 -0.04041528 -0.05314052 -0.006028175 -0.0352692 -0.06230598 0.03274208 -0.03217732 -0.06198149 0.02945297 -0.02680397 -0.0641421 0.04698896 -0.02680397 -0.0641421 0.04698896 -0.02680397 -0.0641421 0.04698896 -0.01247316 -0.0514971 0.5644578 0.03425657 -0.04822015 -0.03992736 0.02136141 -0.01506614 0.6097837 0.0227468 -0.01522988 0.60871 -0.02084219 -0.04551988 0.53395 -0.02259296 -0.04558336 0.5342445 -0.02151793 -0.04619497 0.5341778 -0.02084219 -0.04551988 0.53395 -0.009258031 -0.04758262 0.529768 0.03618597 -0.04758602 0.0329073 0.0362333 -0.04797071 0.032902 0.02338469 -0.06176507 0.05695599 0.02279692 -0.06187087 0.05719649 0.02678918 -0.05941724 0.05530399 -0.01447367 -0.06042253 -0.007663846 -0.03714495 -0.05629187 -0.014045 -0.02913749 -0.04627472 -0.03517997 -0.03778171 -0.03785276 0.5533162 0.01857024 -0.04612493 0.5326089 0.01657909 -0.04636567 0.5318304 5.55063e-4 -0.06173068 0.05797952 0.02459979 -0.05304569 0.54162 0.02459979 -0.05304569 0.54162 -0.04275387 -0.03515917 0.55935 -0.04353803 -0.03308248 0.5648391 -0.04177802 -0.03554576 0.5559005 -0.03310209 -0.05075645 0.03983479 0.01782804 -0.04691147 0.5740957 0.01786547 -0.04745709 0.5735947 0.02855283 -0.04703187 0.5742899 0.02992373 -0.04744458 0.5739555 0.02855283 -0.04703187 0.5742899 0.03039383 -0.01621884 0.6071557 0.03451627 -0.01815587 0.60195 0.05404031 -0.03939306 0.01400452 0.007947921 -0.06363415 0.01615911 -0.001981794 -0.04623246 0.5319231 1.36119e-4 -0.04645633 0.53196 -0.03220528 -0.06206125 0.02929997 -0.01801818 -0.0634256 0.03966283 -0.01848661 -0.06341248 0.03891432 -0.01801818 -0.0634256 0.03966283 -0.01801818 -0.0634256 0.03966283 -0.04308652 -0.03008735 0.5723397 0.02342456 -0.05295825 0.54262 0.02342456 -0.05295825 0.54262 0.02354151 -0.05291593 0.5429823 -0.02489525 -0.03600758 0.54916 -0.02500689 -0.03600627 0.5490301 -0.02462077 -0.05250895 0.5489001 6.95042e-4 -0.06086921 -0.005463182 8.65544e-4 -0.06072986 -0.005330145 7.65202e-4 -0.06071442 -0.005447924 0.03103625 -0.05147337 0.5476022 -0.04754501 -0.05180639 0.03537601 -0.04979419 -0.05070883 0.03163784 -0.03084897 -0.04537034 -0.03765398 -0.0176714 -0.05848234 0.002722859 -0.0176714 -0.05848234 0.002722859 -0.01829874 -0.05814582 0.003288626 -0.01763826 -0.05305069 0.002880156 -0.01619809 -0.05437958 0.002534151 -0.01738029 -0.0536549 0.001161158 0.004773974 -0.04555559 0.6147601 0.004214942 -0.04633432 0.6149088 0.004773974 -0.04555559 0.6147601 0.005631089 -0.04803693 0.5288501 0.01484739 -0.01518577 0.6157001 -0.03757274 -0.04859292 -0.03552967 -0.02246433 -0.0646786 0.02349686 -0.0223456 -0.06452739 0.02351498 -0.02258867 -0.06482458 0.02347385 0.03989815 -0.05848377 0.002929806 0.04013758 -0.05835545 0.002830982 0.04013758 -0.05835545 0.002830982 0.03276437 -0.05010318 0.03793901 0.03276437 -0.05010318 0.03793901 0.03274726 -0.04990249 0.03771662 0.03352808 -0.05123013 0.03982496 0.03352808 -0.05123013 0.03982496 0.0320056 -0.04891419 0.03500282 0.03323787 -0.04615175 0.5423204 -0.04347372 -0.02118641 -0.0371434 -0.04455924 -0.0217179 -0.03571575 -0.04159188 -0.02014029 -0.03908377 -0.04061079 -0.01991486 -0.04048705 0.01206517 -0.05286246 -0.01138353 -0.01147425 -0.05513072 0.56197 -0.02990669 -0.03944218 -0.04682677 -0.02997791 -0.03951281 -0.04694235 0.04076278 -0.02680408 0.5868637 -0.0141083 -0.05731314 -0.005668938 0.03300082 -0.05069226 0.03998899 0.03300082 -0.05069226 0.03998899 0.004727244 -0.0533784 0.58201 0.004727244 -0.0533784 0.58201 0.004727244 -0.0533784 0.58201 9.78845e-4 -0.0534892 0.5807343 7.96257e-4 -0.05369484 0.5805124 9.52594e-4 -0.05360484 0.5806785 0.01935964 -0.05013042 0.5325445 0.01914155 -0.05017185 0.53244 -0.02726984 -0.04971528 0.55132 -0.02726984 -0.04971528 0.55132 -0.02726984 -0.04971528 0.55132 -0.02726984 -0.04971528 0.55132 -0.02726984 -0.04971528 0.55132 -0.02658015 -0.05245405 0.5511401 -0.0380066 -0.06088948 0.02039903 -0.04406511 -0.03394484 0.569062 -0.04433715 -0.0327143 0.57243 -0.04414808 -0.03137439 0.56909 0.01241666 -0.05117708 0.5299621 0.01590877 -0.05085247 0.5311415 -0.03929764 -0.04694068 0.5732501 -0.03929764 -0.04694068 0.5732501 -0.03929764 -0.04694068 0.5732501 -0.03929764 -0.04694068 0.5732501 0.023763 -0.02803808 0.6085224 0.0237227 -0.02811187 0.60848 0.02392864 -0.01589345 0.6088755 0.03568518 -0.05199927 0.043172 0.03568518 -0.05199927 0.043172 0.009285986 -0.01236808 -0.05757474 0.002998292 -0.01212465 -0.05821382 -0.04111951 -0.03711462 0.5545201 -6.62634e-5 -0.01153522 0.6183856 0.00721234 -0.01171499 0.6180058 0.01034945 -0.0116201 0.61761 0.01034945 -0.0116201 0.61761 -0.03887403 -0.05566436 0.0424931 -0.03807568 -0.05604511 0.04346632 -0.003130972 -0.04634064 0.5316799 0.03287541 -0.05306184 0.5530338 0.03448319 -0.05296313 0.55368 0.03448319 -0.05296313 0.55368 -0.03153139 -0.05298852 0.5534901 -0.02499806 -0.03573077 0.5494489 -0.02478367 -0.03600537 0.54929 -0.05321902 -0.0526719 7.41019e-4 -0.05321902 -0.0526719 7.41019e-4 -0.05321902 -0.0526719 7.41019e-4 -0.01766556 -0.01120525 -0.05154556 0.0306673 -0.04275786 0.5519865 0.02969586 -0.04276001 0.5533232 0.02358675 -0.0151425 0.60909 0.03200018 -0.05296748 0.5561301 0.03274732 -0.05359762 0.5558316 -0.01638168 -0.04718834 0.567696 0.03330951 -0.06113398 0.024118 0.03069561 -0.06154441 0.02734357 0.03046715 -0.06146812 0.027233 -0.04747688 -0.02330243 -0.03202635 0.02724236 -0.06099468 0.05515682 0.03789699 -0.04749697 0.55708 0.03789699 -0.04749697 0.55708 0.03737509 -0.04824805 0.5574001 0.03737509 -0.04824805 0.5574001 0.0223329 -0.0635783 0.01630574 -0.04005849 -0.04689413 0.5747001 -0.03920465 -0.04697179 0.5744672 -0.0291208 -0.04692876 0.5741049 0.009857058 -0.05978512 0.060736 -0.02139145 -0.05217671 0.54741 -0.02139145 -0.05217671 0.54741 -0.02139145 -0.05217671 0.54741 -0.02375507 -0.05356627 0.54311 0.04012209 -0.04100883 -0.03891295 -0.02048724 -0.06388443 0.05045896 -0.02021867 -0.05127799 0.05021101 -0.02016538 -0.05114674 0.05017727 -0.02021867 -0.05127799 0.05021101 0.00530827 -0.04794317 0.5288918 -0.00454092 -0.06040889 -0.007767856 -0.002077043 -0.0604248 -0.007646918 -0.001804471 -0.06040126 -0.007204115 0.007256925 -0.0633099 0.01426678 0.007256925 -0.0633099 0.01426678 -0.03410017 -0.0513308 0.56099 -0.03777498 -0.04967206 0.55963 -0.03777498 -0.04967206 0.55963 -0.03777498 -0.04967206 0.55963 -0.02522337 -0.01587766 -0.04951375 -0.02522337 -0.01587766 -0.04951375 -0.009851217 -0.06578862 0.05859529 -0.007561028 -0.0655092 0.05886799 -0.05257499 -0.04666101 -0.01005691 -0.05257499 -0.04666101 -0.01005691 -0.02126652 -0.04707163 0.5471301 -0.02126652 -0.04707163 0.5471301 -0.02126652 -0.04707163 0.5471301 0.02284377 -0.0493952 0.53436 0.02284377 -0.0493952 0.53436 -0.04074376 -0.04920125 0.03852319 -0.04121679 -0.04971277 0.03764957 -0.03236788 -0.06538629 0.03856796 0.01182526 -0.05124229 0.52981 -0.03426849 -0.05527174 0.044191 -0.03083127 -0.05360901 0.04696208 -0.03169256 -0.05332487 0.04629898 -0.02379572 -0.05965399 0.03595483 -0.02030116 -0.05999267 0.03772181 -0.02042585 -0.05959892 0.03782302 -0.02654129 -0.03576141 0.5504001 0.01747632 -0.06463813 0.057464 0.01747632 -0.06463813 0.057464 -0.0269615 -0.0522632 0.5518701 -0.0269615 -0.0522632 0.5518701 -0.02572 -0.05235671 0.55696 -0.02572 -0.05235671 0.55696 -0.026111 -0.05278629 0.5569837 -0.02572 -0.05235671 0.55696 0.036022 -0.05509382 0.04269284 0.0360729 -0.05509352 0.0427469 0.03605651 -0.0525977 0.04280185 -0.03382533 -0.0536853 0.5543719 0.03168886 -0.05068802 0.04001981 0.03168886 -0.05068802 0.04001981 0.01417672 -0.009989202 -0.05647391 0.01401489 -0.009971141 -0.05651521 0.009573221 -0.009586572 -0.05740576 -0.0521264 -0.05499917 0.002700984 -0.05620598 -0.03557538 0.004509985 0.01018106 -0.0129804 0.61507 0.01676917 -0.04684042 0.57217 0.01743739 -0.04825532 0.5736534 0.01676917 -0.04684042 0.57217 0.01676917 -0.04684042 0.57217 0.01809418 -0.04729723 0.57297 0.01809418 -0.04729723 0.57297 0.01809418 -0.04729723 0.57297 -0.03491717 -0.04248756 0.5481872 -0.03773701 -0.06059378 0.03707152 -0.03492629 -0.04259794 0.54836 0.02136355 -0.04412657 0.53775 0.01703941 -0.0472421 0.5687461 -0.02582252 -0.03600931 -0.04584288 0.03676307 -0.04802924 0.03479558 -0.03790855 -0.04509985 -0.03443425 0.03991448 -0.05882871 0.006405889 -0.009869933 -0.0458495 0.5326831 -0.01562649 -0.04514873 0.53463 -0.02827769 -0.04693847 0.5741599 -0.02827769 -0.04693847 0.5741599 0.05701929 -0.04757159 0.02010405 -0.01688265 -0.04772061 0.5728065 -0.01714545 -0.04705023 0.5728529 -0.01734656 -0.04722881 0.57274 0.03607535 -0.04170823 0.5494735 -0.03791517 -0.055094 0.03721177 0.02241551 -0.05881673 -0.01986175 0.02250212 -0.058954 -0.01996725 0.03648418 -0.01868945 -0.0413708 0.03771317 -0.04277372 0.5561599 0.03771317 -0.04277372 0.5561599 -0.0224623 -0.01513499 0.60891 0.04293835 -0.02484589 0.5864743 0.03879976 -0.02033799 0.59604 0.03912466 -0.02057838 0.5961472 0.03689998 -0.01948934 0.5986681 0.03688114 -0.03752368 0.5536359 1.54312e-4 -0.05542755 0.5621616 1.63593e-4 -0.05541527 0.56217 0.001726508 -0.01261699 0.61625 0.04044348 -0.04397261 0.5805301 -0.03181278 -0.05779433 0.04831391 0.04321295 -0.02510118 0.58484 -0.03130286 -0.05025982 0.5537801 -0.03157252 -0.05025982 0.5533684 -0.03288304 -0.06076377 0.03806954 -0.03263789 -0.06076043 0.036879 0.04499983 -0.05522382 0.04174262 0.0386914 -0.04823184 0.03447091 0.0386914 -0.04823184 0.03447091 0.04181176 -0.05319041 6.89017e-4 0.04181176 -0.05319041 6.89017e-4 0.04091209 -0.0354861 0.5593525 0.03868186 -0.03730052 0.5546359 -0.001480937 -0.05537343 0.5592001 -0.001480937 -0.05537343 0.5592001 0.04262828 -0.02739751 0.57876 0.04246878 -0.02697628 0.5802107 0.04262828 -0.02739751 0.57876 0.04287159 -0.03131294 0.5699633 -0.03405773 -0.05014801 0.574653 -0.03794538 -0.04973173 0.5745848 -0.03348022 -0.04275965 0.54921 -0.03348022 -0.04275965 0.54921 -0.03393661 -0.04276663 0.54988 -0.03393661 -0.04276663 0.54988 -0.03541636 -0.05254429 0.5608777 -0.03027468 -0.04277741 0.54049 -0.02638435 -0.04405188 0.537593 0.01216357 -0.05613309 -0.01161175 -0.03635746 -0.04788649 0.033674 -0.03787726 -0.04707831 0.03327471 -0.0416761 -0.04950696 0.03730463 -0.03844696 -0.05588012 -0.01484793 -0.03515142 -0.06059288 0.03594493 -0.0243206 -0.05265378 0.54909 -0.01361984 -0.0562579 -0.01025819 0.003507733 -0.04597353 0.6109331 0.003262281 -0.04595065 0.6109001 0.001393318 -0.04454225 0.6104199 0.001393318 -0.04454225 0.6104199 0.001393318 -0.04454225 0.6104199 0.001393318 -0.04454225 0.6104199 0.05226725 -0.04462677 0.01718384 0.05226725 -0.04462677 0.01718384 -0.05837208 -0.03153008 -0.0131843 -0.05613219 -0.02881819 -0.01949191 -0.05288028 -0.02566075 -0.02678096 -0.05518281 -0.02780973 -0.02182859 -0.05443906 -0.02707791 -0.02352589 0.04469805 -0.03220844 0.5672343 0.04325175 -0.03415411 0.56244 -0.02637857 -0.03885972 0.609 -0.02637857 -0.03885972 0.609 -0.02943944 -0.03921908 0.6068335 -0.02929246 -0.03923684 0.6066501 -0.03463768 -0.0605939 0.0390284 0.01841354 -0.01327168 -0.05561912 0.02200907 -0.01389342 -0.0541169 -0.03441745 -0.04859215 -0.03499794 -0.03441745 -0.04859215 -0.03499794 -0.03441745 -0.04859215 -0.03499794 -0.03441745 -0.04859215 -0.03499794 0.04120177 -0.04183512 0.59047 0.04120177 -0.04183512 0.59047 0.001238942 -0.06358438 0.01629489 1.71541e-4 -0.04981273 0.53051 0.04167819 -0.03401309 0.56287 -0.0253573 -0.0354222 0.54787 -0.02508896 -0.03542041 0.5480298 0.03444314 -0.0208013 0.60203 -0.02772176 -0.04140347 0.6076 -0.03224349 -0.05077683 0.04039198 -0.03224349 -0.05077683 0.04039198 -0.03224349 -0.05077683 0.04039198 -0.03224349 -0.05077683 0.04039198 -0.03775858 -0.04733383 0.5585724 -0.03724581 -0.04832476 0.5585101 -0.03535956 -0.0207507 -0.0443539 -0.03523302 -0.02077394 -0.04432022 -0.03535956 -0.0207507 -0.0443539 0.01800209 -0.0132597 -0.05553478 -0.05694389 -0.04562354 0.01334393 -0.02514928 -0.05306077 0.54241 0.05313426 -0.04994809 0.02954274 0.05443918 -0.04882031 0.02692484 0.05501765 -0.04825907 0.02561563 -0.05469191 -0.03362089 5.89758e-4 -0.02604079 -0.05281293 0.55175 0.0248087 -0.01809 -0.05034488 0.03258264 -0.02025455 -0.04602217 0.02754819 -0.0187484 -0.04964911 0.03496295 -0.02069801 -0.04457473 0.0522207 -0.05066764 0.03124392 -0.03406029 -0.0524159 0.03319001 -0.04229128 -0.04244643 0.5867701 -0.04229128 -0.04244643 0.5867701 0.0150454 -0.04693847 0.56447 0.01533758 -0.04725927 0.56506 0.01533758 -0.04725927 0.56506 -0.01766717 -0.05810666 7.07022e-4 -0.01785856 -0.05814468 6.56172e-4 -0.01786684 -0.0579037 4.9301e-4 -0.01766717 -0.05810666 7.07022e-4 -0.03225749 -0.01962149 0.6040061 -0.03173792 -0.06174695 0.03596985 0.03374135 -0.04275989 0.54922 0.03374135 -0.04275989 0.54922 -0.03200042 -0.04813516 0.5477293 -0.03159421 -0.04844957 0.54712 -0.03159421 -0.04844957 0.54712 0.006570994 -0.05173933 0.5287594 -0.04176098 -0.0281949 0.58402 -0.04159504 -0.02801764 0.5842499 -0.02065128 -0.06095522 0.05605393 -0.02471596 -0.0604214 0.05423599 0.01001775 -0.01327097 -0.05382192 0.01001775 -0.01327097 -0.05382192 0.009350776 -0.01343524 -0.05401808 0.008959114 -0.01355886 -0.05414992 0.003409028 -0.01323091 -0.05474001 -0.0108304 -0.04910773 0.53193 -0.0120483 -0.04897582 0.5320867 -0.00833553 -0.06069231 -0.005612969 -0.00833553 -0.06069231 -0.005612969 -0.00833553 -0.06069231 -0.005612969 -0.008631229 -0.06127619 -0.003476977 -0.008631229 -0.06127619 -0.003476977 -0.0409187 -0.05509382 0.03765994 -0.0409187 -0.05509382 0.03765994 0.003515481 -0.04695743 0.5897521 0.01401054 -0.01278138 -0.05664539 -0.04127353 -0.0255745 0.590648 0.01811748 -0.0506466 0.5727062 -0.01344317 -0.04924082 0.5310956 -0.009411573 -0.01297813 0.6142403 -0.04449826 -0.05556792 0.04262369 -0.0414893 -0.05663514 0.04504299 -0.03827887 -0.05785191 0.0479018 -0.03886985 -0.0576632 0.04743748 0.01476609 -0.04685992 0.56437 0.01476609 -0.04685992 0.56437 -0.05211943 -0.05074846 0.03139889 -0.05061149 -0.0518158 0.033921 -0.03318536 -0.0481379 0.54927 -0.03318536 -0.0481379 0.54927 0.001110851 -0.0472669 0.5911054 -0.004199922 -0.04700559 0.5910385 -0.01032871 -0.01182931 0.61709 -0.01032871 -0.01182931 0.61709 0.0447607 -0.03283303 0.5720053 0.03428936 -0.06241029 0.03291285 0.03428936 -0.06241029 0.03291285 0.03428936 -0.06241029 0.03291285 0.03428936 -0.06241029 0.03291285 0.03428936 -0.06241029 0.03291285 0.03428936 -0.06241029 0.03291285 0.03844535 -0.06250089 0.03262978 0.03844535 -0.06250089 0.03262978 -0.03103649 -0.05297565 0.55475 -0.01564556 -0.05031603 0.57146 -0.01554596 -0.05073899 0.57326 0.04158407 -0.02571934 0.5902054 0.04359006 -0.04307258 0.58298 0.04326891 -0.04501771 0.58333 -0.04480296 -0.05515414 0.04160702 -0.04731214 -0.05384379 0.03858923 -0.0478574 -0.05352658 0.03788679 -0.01609081 -0.013785 0.6122601 -0.01702719 -0.04733675 0.5722969 -0.02876758 -0.04933679 0.5497801 -0.02912455 -0.04872953 0.5514316 0.0358749 -0.06059378 0.03600901 0.0358749 -0.06059378 0.03600901 0.02286297 -0.04969197 0.53447 -0.01831996 -0.04986679 0.04739588 -0.01884216 -0.05062931 0.04691499 -0.0143904 -0.05119705 0.56804 0.04166615 -0.05493903 0.04477483 -0.01561957 -0.04730015 0.576352 -0.01563775 -0.0473569 0.57634 0.004054725 -0.04609644 0.61102 -0.01696109 -0.05254596 0.001191914 -0.01696109 -0.05254596 0.001191914 -0.01753276 -0.0525847 0.001338064 -0.01696109 -0.05254596 0.001191914 -0.01696109 -0.05254596 0.001191914 -0.01464354 -0.01219117 0.6165977 -0.02060735 -0.01257139 0.6140774 0.04240942 -0.05820661 0.04335194 -0.02378958 -0.03858274 0.6107725 -3.62172e-4 -0.01484042 0.6165454 0.001795113 -0.01522827 0.6167454 0.001373291 -0.01500052 0.61667 0.001373291 -0.01500052 0.61667 -0.02096599 -0.03547537 0.5496699 -0.02096599 -0.03547537 0.5496699 -0.03064692 -0.05740261 0.04682302 -0.03537857 -0.05401736 -0.02724528 0.004874289 -0.04735916 0.5904321 -0.02130365 -0.05057156 0.0448808 -0.02107834 -0.05095869 0.04472631 -0.02130365 -0.05057156 0.0448808 -0.02130365 -0.05057156 0.0448808 0.02057403 -0.01741898 -0.05237066 0.01780927 -0.01676917 -0.05359095 -0.0284202 -0.04837375 0.5511301 -0.0284202 -0.04837375 0.5511301 0.009330689 -0.04721856 0.5886 0.01221305 -0.0469312 0.5867878 0.0118488 -0.04687309 0.58672 0.0118488 -0.04687309 0.58672 0.05710214 -0.04827409 -0.004367351 0.05612248 -0.03477555 -0.004320263 -0.05802547 -0.03963494 0.00689274 0.03965002 -0.04685997 0.5744137 4.90993e-5 -0.06389343 0.06185418 0.006097674 -0.06367999 0.061387 0.05708038 -0.02979207 -0.01722389 0.05811607 -0.03150159 -0.01321178 -0.02554458 -0.05085045 0.043769 -0.02493894 -0.05175417 0.04310101 -0.02554458 -0.05085045 0.043769 -0.02662473 -0.05080401 0.0465939 -0.02697688 -0.05090129 0.04662299 3.31712e-5 -0.01285141 -0.05468809 0.01764804 -0.05821853 7.67482e-4 0.03044766 -0.05195415 0.56157 0.03028827 -0.05254518 0.561086 -0.01875883 -0.04612445 0.5493683 -0.01979345 -0.04702699 0.55101 -0.02890199 -0.05324935 -0.03285789 -0.001532793 -0.04286003 0.6112701 -0.001532793 -0.04286003 0.6112701 -0.001277506 -0.04286003 0.6127899 -0.001277506 -0.04286003 0.6127899 0.05322998 -0.02829092 -0.01179647 0.05466961 -0.03137093 -0.01220488 -0.04452919 -0.02984774 0.5731678 0.01572829 -0.05620121 0.55318 0.02954936 -0.05647701 0.55002 0.01629734 -0.05881673 -0.01986175 0.0162093 -0.05895322 -0.01996719 -0.01618695 -0.03957945 -0.04912471 -0.0565871 -0.04333853 0.01554685 0.0234571 -0.04687982 0.59747 -0.0199092 -0.05095326 0.04679077 -0.0199092 -0.05095326 0.04679077 0.03466153 -0.0417006 0.5440462 0.02616256 -0.04443842 0.5363801 -0.0570454 -0.04246097 0.01351702 0.0349406 -0.02787768 0.59601 0.0350458 -0.0203399 0.59645 0.03529196 -0.02092301 0.5969996 0.05735921 -0.0488404 -0.001660943 0.05735921 -0.0488404 -0.001660943 0.01780366 -0.04718953 0.59235 0.02750843 -0.04692828 0.5988046 0.02514028 -0.04844141 0.5971 0.02514028 -0.04844141 0.5971 -0.01173293 -0.04786026 0.5867143 -0.02066528 -0.0639401 0.0443198 -0.02066528 -0.0639401 0.0443198 -0.02066528 -0.0639401 0.0443198 -0.01849848 -0.06417632 0.04536396 0.02792227 -0.05132496 0.5591268 -0.01246643 -0.01514059 -0.05128651 0.005120933 -0.05532842 0.56316 0.004268765 -0.05519497 0.5639553 -0.0377503 -0.04874879 -0.03116494 0.01615571 -0.06349211 0.01565062 0.0120753 -0.04909753 0.5870571 0.01205056 -0.0488677 0.5871301 0.01182448 -0.04891258 0.58682 0.01182448 -0.04891258 0.58682 0.02164638 -0.04863274 0.59688 0.02164638 -0.04863274 0.59688 0.02164638 -0.04863274 0.59688 0.03296506 -0.05259364 0.033885 0.03296506 -0.05259364 0.033885 -0.00101763 -0.0444895 0.61305 -1.2339e-4 -0.04521059 0.612764 -0.001524567 -0.05317175 0.5852589 -0.004383981 -0.05960458 0.04302901 -0.004383981 -0.05960458 0.04302901 -0.05137383 -0.0272212 -0.02173817 -0.03073 -0.05322074 0.02983504 0.02816396 -0.05259364 -0.02637583 0.02816396 -0.05259364 -0.02637583 0.03010648 -0.05310893 -0.02733898 0.02926564 -0.05318462 -0.0267536 -0.05174422 -0.05222362 0.02766996 -0.004897356 -0.05586123 0.55707 -0.004897356 -0.05586123 0.55707 -0.005877733 -0.06026375 0.04305374 -0.009722054 -0.05977362 0.04229682 -0.03711909 -0.0237019 0.59921 -0.05138093 -0.0526629 0.02946013 0.01507127 -0.05133342 0.5651831 0.01977455 -0.01325947 0.6137667 0.02353632 -0.04765582 0.5973911 0.02448207 -0.04687982 0.59761 0.02554118 -0.04714709 0.59816 0.01177716 -0.06451398 0.023413 0.009779512 -0.06471741 0.02335613 0.01589119 -0.06447219 0.02309596 0.01568138 -0.0645796 0.02312451 0.01524698 -0.06467312 0.0232132 -0.01316469 -0.05672776 -0.01014077 -0.01316469 -0.05672776 -0.01014077 -0.0179677 -0.05293679 0.001035988 -0.01934295 -0.04640513 0.5492297 -0.01937311 -0.04628103 0.54921 -0.01931118 -0.04653865 0.54925 -0.01931118 -0.04653865 0.54925 -0.03371518 -0.05025982 0.5501599 -0.05267196 -0.05135548 0.025653 0.03010565 -0.04800826 -0.03917348 -0.02754217 -0.01857471 -0.04940295 -0.03098326 -0.01966959 -0.04718303 0.02771216 -0.05611836 0.55318 0.02607548 -0.01497691 0.60985 -0.01789343 -0.05299168 0.002595722 -0.02125203 -0.05081933 0.04959696 -0.02184069 -0.06465953 0.04904896 -0.02252072 -0.06364303 0.04888337 -0.02184069 -0.06465953 0.04904896 0.004255414 -0.05524271 0.56413 0.003087937 -0.0373966 -0.05160725 0.03456926 -0.0605672 0.04834377 -0.02157986 -0.06413131 0.04935681 -0.01812744 -0.05964946 0.0393573 -0.01813268 -0.05918425 0.03932416 0.04465663 -0.03643113 0.5688123 0.02954769 -0.06028157 0.03145599 0.02954769 -0.06028157 0.03145599 0.007925271 -0.05469197 0.5691941 0.00758785 -0.05589663 0.568531 0.01496177 -0.06479871 0.02327781 0.03442925 -0.06059283 0.03844285 0.03426414 -0.06059271 0.03673493 0.001030862 -0.01554441 0.61586 0.004384875 -0.01481264 0.6164842 0.001030862 -0.01554441 0.61586 0.001030862 -0.01554441 0.61586 0.0422275 -0.05346977 0.002754151 0.05862915 -0.04341757 0.01444298 0.05829685 -0.04404437 0.01585376 0.05947268 -0.04136419 0.009615004 0.01736176 -0.04687947 0.57402 0.01736176 -0.04687947 0.57402 0.01736176 -0.04687947 0.57402 0.009190797 -0.06479352 0.02341163 0.03021419 -0.05256903 -0.02616095 0.03021419 -0.05256903 -0.02616095 0.0343191 -0.05257529 -0.02090477 -0.05561637 -0.03375256 -0.01435017 -0.05384439 -0.03165358 -0.02004635 -0.05432385 -0.0323159 -0.01824378 -0.05578356 -0.03380692 -0.01426076 0.005649328 -0.05432337 0.5746501 0.005366623 -0.05492186 0.5730438 -0.02915322 -0.01563173 0.60824 -0.02877599 -0.0152415 0.6086599 -0.04258793 -0.0284096 0.57658 -0.04188811 -0.02570426 0.5834453 -0.0215342 -0.06376433 0.04987597 -0.0215342 -0.06376433 0.04987597 -0.04065781 -0.02200698 0.5925569 -0.04409068 -0.02565628 0.58287 -0.04409068 -0.02565628 0.58287 0.004818201 -0.06446266 0.02130514 0.006307542 -0.06441378 0.02265197 0.006307542 -0.06441378 0.02265197 0.03420192 -0.04276216 0.54988 0.03420192 -0.04276216 0.54988 0.00825113 -0.009034216 -0.05764073 -0.0158376 -0.04698514 0.58895 -0.0158376 -0.04698514 0.58895 -0.0158376 -0.04698514 0.58895 -0.0158376 -0.04698514 0.58895 -0.01515114 -0.01667594 -0.05414623 0.01396805 -0.0637694 0.01775801 0.01396805 -0.0637694 0.01775801 0.01396805 -0.0637694 0.01775801 -0.03279316 -0.01690042 0.6045399 -0.03038352 -0.0163244 0.6066302 -0.03677552 -0.01842653 0.6000297 0.0235657 -0.04685992 0.59736 0.0235657 -0.04685992 0.59736 0.0235657 -0.04685992 0.59736 0.02750325 -0.04683506 0.59884 0.03401595 -0.05025982 0.55014 0.03401595 -0.05025982 0.55014 -0.0310558 -0.01435744 -0.04493528 0.03359556 -0.05266213 0.03335487 -0.02355271 -0.01428985 0.6114382 -0.0186963 -0.013282 0.6140201 -0.0248562 -0.01444458 0.61066 -0.02268373 -0.01409852 0.6118972 -0.0231834 -0.04687982 0.59747 -0.02343791 -0.04716283 0.5982626 -0.0231834 -0.04687982 0.59747 -0.02302271 -0.04699838 0.5976309 0.002564907 -0.06405252 0.01990801 0.002564907 -0.06405252 0.01990801 -0.04226201 -0.02415627 0.58719 -0.04226201 -0.02415627 0.58719 -0.01797068 -0.0168485 -0.05340695 -0.0461508 -0.04830974 0.03412842 5.04295e-5 -0.04092216 0.60468 -5.32833e-4 -0.04115343 0.6062764 -8.85179e-5 -0.04117602 0.6047697 5.04295e-5 -0.04092216 0.60468 5.95436e-5 -0.04819005 0.604523 7.3082e-5 -0.05349665 0.5788238 1.62809e-4 -0.05365598 0.57924 0.0527662 -0.051256 0.02615582 -0.04339337 -0.03586483 0.56455 0.02437305 -0.04723364 0.59918 0.001760542 -0.04286003 0.61238 0.001760542 -0.04286003 0.61238 4.30415e-4 -0.04286003 0.61345 4.30415e-4 -0.04286003 0.61345 -0.03169661 -0.06203424 0.03446513 -0.03208786 -0.0623598 0.03412681 -0.008644104 -0.01229423 -0.05780577 0.02500218 -0.04683279 0.60069 0.02500218 -0.04683279 0.60069 0.03186625 -0.04526764 -0.03156298 0.03147161 -0.04675513 -0.03126889 0.03186625 -0.04526764 -0.03156298 -0.04053843 -0.0526725 0.002538979 -0.04053843 -0.0526725 0.002538979 -0.04053843 -0.0526725 0.002538979 -0.04053843 -0.0526725 0.002538979 -0.006065607 -0.009372055 -0.05761152 -0.01030057 -0.01247489 -0.0574088 0.04118376 -0.04511183 -0.03086441 -0.001032412 -0.06077367 -0.007295966 -0.03199577 -0.04090768 -0.04117596 -0.02806538 -0.03942114 -0.04386395 -0.0316627 -0.03981572 -0.04144668 -0.02806538 -0.03942114 -0.04386395 -0.006307601 -0.06369733 0.043217 -0.006307601 -0.06369733 0.043217 -0.05839717 -0.03201872 -0.01204442 0.05613219 -0.04708737 0.02289181 0.05613219 -0.04708737 0.02289181 -0.00263369 -0.06333315 0.0129221 0.02819317 -0.0181331 0.6082196 0.05252456 -0.05304026 0.001851022 0.05320227 -0.0528317 0.001103997 0.03785598 -0.06059378 0.03796732 0.01901996 -0.05589669 0.5566599 0.03453677 -0.05239105 0.04413104 0.05693227 -0.04609692 0.02060472 0.05753248 -0.04527425 0.01872599 0.01449406 -0.03865957 0.61162 0.01495945 -0.03779268 0.61149 0.02711886 -0.05283594 0.5528001 0.0285592 -0.05237537 0.5499787 -0.05210739 -0.03026479 -0.02278816 -0.00889796 -0.06239032 0.007282555 -0.009463965 -0.06240832 0.007468402 -0.03435409 -0.05272489 0.02512997 -0.01505798 -0.06111121 -0.003192424 -0.01493895 -0.0609849 -0.003390908 -0.0150237 -0.06133157 -0.003056943 0.05235725 -0.05173653 0.02645218 0.05094546 -0.05289 0.02916777 0.05165261 -0.05227535 0.02777701 -0.004717946 -0.009108901 -0.05797797 0.04429727 -0.04374319 0.5789901 0.0446012 -0.04429394 0.5757501 0.04369884 -0.03921812 0.5620672 0.04392093 -0.0386449 0.5634796 -0.01429414 -0.04587769 0.5329262 -0.05581349 -0.03417742 -0.01395958 -0.05745637 -0.03798323 -0.005175948 -0.03417247 -0.01968348 0.59766 0.0173614 -0.05302894 0.004674732 -0.03141772 -0.04066956 0.5462321 -0.03651154 -0.03755813 0.5537343 0.04752415 -0.02660059 -0.03120541 0.0492264 -0.02742147 -0.02899777 -0.05669409 -0.03592962 -0.009887933 -0.05669409 -0.03592962 -0.009887933 -0.01996457 -0.01355028 -0.05494368 0.01277428 -0.05157178 0.5645561 0.01322543 -0.05074566 0.5643818 0.01316803 -0.05093413 0.5644164 0.002543985 -0.0150091 -0.05590707 0.003791451 -0.01571398 -0.05614793 0.03998059 -0.04727834 0.5733086 0.02876907 -0.04715389 0.5730301 -0.04161787 -0.02241951 0.59088 -0.02488756 -0.04668009 0.54044 -0.02482908 -0.0517925 0.5408001 -0.02482908 -0.0517925 0.5408001 -0.02482908 -0.0517925 0.5408001 0.01556289 -0.05105245 0.5648196 -0.02905619 -0.05455797 -0.02583193 -0.02904915 -0.05442696 -0.02596467 -0.02928328 -0.05434709 -0.02595376 -0.0288456 -0.05475854 -0.02572178 -0.01528036 -0.05985605 0.009439587 -0.01487588 -0.05913043 0.009479045 -0.01487588 -0.05913043 0.009479045 0.03875339 -0.05946964 0.009615004 0.02257907 -0.0288282 0.60812 -0.02856189 -0.03601527 -0.04425686 0.03590124 -0.04904407 -0.03077524 0.03374177 -0.04873538 -0.03157395 -0.03055959 -0.03969138 0.60046 -0.03037256 -0.04096651 0.6005101 0.05545312 -0.03858202 0.01151198 -0.03386831 -0.06259143 0.04359239 -0.03464329 -0.05223733 0.04377198 -0.03464329 -0.05223733 0.04377198 -0.03464329 -0.05223733 0.04377198 0.04226928 -0.04954057 0.03627085 0.04231458 -0.05061382 0.03518563 0.04207408 -0.04969221 0.0360381 0.03041428 -0.06191337 0.0317521 0.02358496 -0.06281465 0.03667628 -0.04410248 -0.05297034 0.03706049 0.05198746 -0.02990043 -0.02351164 0.05330538 -0.0307734 -0.0212239 0.02251994 -0.01266121 -0.04975044 0.01668548 -0.0379768 0.61457 0.01668548 -0.0379768 0.61457 0.01668548 -0.0379768 0.61457 0.02975708 -0.03925806 0.60648 0.02975708 -0.03925806 0.60648 -0.0174036 -0.04725736 0.57458 -0.01657336 -0.04791134 0.5742049 -0.0174036 -0.04725736 0.57458 0.04188853 -0.04092651 0.5554684 0.04187017 -0.0409168 0.55577 -0.03275585 -0.06209981 0.05024409 -0.03749227 -0.06017839 0.04532909 -0.03827834 -0.05944693 0.04533648 0.04457408 -0.03360319 0.5640252 -0.03182351 -0.0616855 0.05059105 -0.004077613 -0.04991006 0.52919 0.04555839 -0.02954626 0.57326 0.04555839 -0.02954626 0.57326 0.04555839 -0.02954626 0.57326 0.004272401 -0.05423408 0.57229 0.02891016 -0.0493977 0.55956 0.04401308 -0.03451311 0.56169 -0.02711308 -0.05321377 0.54709 -0.02711308 -0.05321377 0.54709 -0.02711308 -0.05321377 0.54709 0.01074975 -0.05654972 -0.01016533 0.03833127 -0.04951953 0.5601201 -0.009292244 -0.06350129 0.0609728 -0.009292244 -0.06350129 0.0609728 -0.01008588 -0.06344217 0.06093889 -0.02977705 -0.05207151 0.5474877 0.003970324 -0.06454032 0.02131485 -0.00437051 -0.06192821 0.003771007 0.008190751 -0.05637037 -0.01196593 0.01522243 -0.04687738 0.5674099 -0.02170175 -0.01222097 -0.04906278 -0.03486979 -0.04320043 0.54609 0.0165562 -0.05253702 0.004014015 0.0165562 -0.05253702 0.004014015 -0.04459095 -0.02064931 -0.03844392 -0.04489892 -0.0207982 -0.03809666 -0.02319484 -0.04448723 0.5375641 0.03168696 -0.0618906 0.02922683 0.03741049 -0.05435883 0.55603 0.03741049 -0.05435883 0.55603 0.04130762 -0.04965877 0.03776437 -0.04158717 -0.01931089 -0.04154872 0.03156948 -0.05317884 0.02912503 -0.03104138 -0.05069994 0.54673 -0.009150981 -0.0600605 -0.01271277 -0.009150981 -0.0600605 -0.01271277 0.02514719 -0.04625988 0.54045 0.02514719 -0.04625988 0.54045 -0.03231436 -0.01845729 0.60137 0.03624117 -0.05511873 0.55821 0.01174283 -0.05259186 -0.01009494 0.01253861 -0.05293959 -0.008381545 0.01155924 -0.0522294 -0.009988903 0.003098905 -0.05258083 -0.01477688 0.005750715 -0.05268663 -0.01357531 0.003098905 -0.05258083 -0.01477688 -0.01592522 -0.05436158 0.00401169 -0.04738086 -0.02208787 -0.03510677 -0.03673917 -0.06059378 0.03612804 -0.008563041 -0.06104642 -0.002925932 -0.03725349 -0.0603587 0.04530102 0.006994605 -0.06544393 0.05904704 -0.03650188 -0.06248158 0.04610484 -0.03650188 -0.06248158 0.04610484 -0.05035197 -0.05673134 5.99215e-4 -0.03756272 -0.04808878 0.55713 -0.03756272 -0.04808878 0.55713 0.03301733 -0.05237811 -0.02156907 -0.06006789 -0.03943842 0.00515908 -0.05999267 -0.0380811 0.001999855 -0.02417331 -0.04708242 0.5976523 -0.02420729 -0.04687982 0.59761 -0.02409857 -0.04685992 0.59772 -0.02409857 -0.04685992 0.59772 -0.01451861 -0.05255413 -0.006949961 -0.01666682 -0.05258899 -0.002026975 0.03193491 -0.04157733 0.6041 -0.0195524 -0.03600949 0.5482001 0.04957437 -0.04608511 -0.01884794 0.03455811 -0.05446177 0.5517801 -0.03270977 -0.05508917 0.03809779 -0.01789796 -0.05877399 0.00432986 -0.01715588 -0.05969756 0.00494498 -0.01789796 -0.05877399 0.00432986 -0.0301153 -0.05316859 -0.02734076 -0.0301153 -0.05316859 -0.02734076 -0.03206741 -0.05270195 -0.02967596 -0.03180956 -0.05320525 -0.029908 -0.03206741 -0.05270195 -0.02967596 -0.006743431 -0.06047135 -0.007291913 -0.007117033 -0.06068193 -0.007101595 -0.007285416 -0.06080573 -0.007052958 0.04189676 -0.05857723 0.002842903 -0.04664474 -0.02588939 -0.02637827 -0.04765462 -0.02658873 -0.02466392 -0.05378681 -0.05021125 0.02301681 -0.03228116 -0.05364817 -0.02944684 -0.03228116 -0.05364817 -0.02944684 -0.03228116 -0.05364817 -0.02944684 -0.03228116 -0.05364817 -0.02944684 -0.01811969 -0.06509411 0.02781999 -0.01811611 -0.06526184 0.02791708 0.01612788 -0.04741972 0.57369 0.03263777 -0.06122344 0.03834015 0.03295391 -0.06079643 0.03606683 -0.00273931 -0.06235927 0.007046937 0.03754407 -0.04832553 0.55849 0.03479605 -0.04902726 -0.03599518 0.03477102 -0.04858756 -0.03569096 -0.02017605 -0.06460613 0.05094879 -0.02017605 -0.06460613 0.05094879 -0.02017605 -0.06460613 0.05094879 -0.0182529 -0.06434082 0.04750084 -0.00176531 -0.0561012 -0.01418852 0.03509396 -0.01980257 0.59735 0.03698414 -0.0204212 0.5948995 0.03509396 -0.01980257 0.59735 0.03727746 -0.02112257 0.59409 -0.0499469 -0.0236231 -0.03154194 0.04496347 -0.03045338 0.5811888 0.04513859 -0.0309863 0.57989 -0.05654537 -0.04707258 0.02289479 -0.02854919 -0.06403791 0.04567188 -0.02854919 -0.06403791 0.04567188 -0.02854919 -0.06403791 0.04567188 -0.008772373 -0.06271171 0.009724259 -0.009111404 -0.06298673 0.01013702 0.04203075 -0.05307275 0.002667427 -0.02991169 -0.05836254 0.002626657 -0.05972361 -0.04041051 0.007439911 0.03106558 -0.05273091 0.029338 0.03365308 -0.05260217 0.03335702 0.03365308 -0.05260217 0.03335702 0.01280528 -0.0468744 0.58395 0.01280528 -0.0468744 0.58395 0.03759449 -0.05277818 -0.01621699 -0.0227946 -0.05074971 0.04383701 -0.0227946 -0.05074971 0.04383701 -0.0248388 -0.05099159 0.04266279 -0.0248388 -0.05099159 0.04266279 0.04262048 -0.02821481 0.5885201 -0.01681941 -0.04786235 0.5716002 0.02928417 -0.05323415 -0.02597892 0.02928417 -0.05323415 -0.02597892 0.02928417 -0.05323415 -0.02597892 -0.03310978 -0.05025941 0.5582558 -0.0538429 -0.05038523 0.02336555 -0.05433589 -0.04959565 0.02160406 -0.03010076 -0.06034851 0.05369329 -0.02481806 -0.06151771 0.05638116 -0.01997822 -0.06235033 0.05832332 -0.05384588 -0.05113196 0.004335999 -0.05383217 -0.04857045 -0.002096951 -0.054856 -0.04427748 0.01614993 -0.05087947 -0.04392904 -0.02451795 -0.04953736 -0.02819168 -0.02094495 0.03049331 -0.04841423 0.5596899 0.03365617 -0.04833132 0.5601301 -0.007916867 -0.05521762 0.56098 -0.007916867 -0.05521762 0.56098 -0.007916867 -0.05521762 0.56098 0.01311695 -0.05296939 -0.01012939 -0.0522207 -0.02519309 -0.02784395 -0.05126768 -0.02435821 -0.02981549 0.0286917 -0.04836392 0.5580301 -0.01610368 -0.04685914 0.57905 -0.01610368 -0.04685914 0.57905 -0.0550009 -0.04417479 0.01613479 -0.0550009 -0.04417479 0.01613479 -0.02302289 -0.0636574 0.04306679 -0.02301764 -0.06366658 0.04302036 -0.04127645 -0.02524328 0.58437 -0.03072375 -0.06178987 0.02755486 -0.03043293 -0.06197088 0.02757465 0.04056507 -0.04680413 0.5727801 -0.04138571 -0.05260819 0.001911938 -0.04138571 -0.05260819 0.001911938 -0.04144334 -0.05279886 0.002022862 -0.0180813 -0.01024001 -0.05531096 0.01772719 -0.06468558 0.02241897 0.01772719 -0.06468558 0.02241897 0.01772719 -0.06468558 0.02241897 -0.02815926 -0.05102241 0.04587996 -0.0052917 -0.04460561 0.6081501 -0.01694655 -0.05886626 0.006498992 -0.01674193 -0.05907112 0.007700085 0.01097238 -0.04930543 0.5318709 -0.05631613 -0.04049342 0.007923007 0.03238219 -0.04820507 0.5490419 0.004388809 -0.04617536 0.6126 -0.003705739 -0.01437234 0.6179302 4.16315e-4 -0.04447245 0.61342 0.001758933 -0.04448181 0.61244 0.001758933 -0.04448181 0.61244 0.002632915 -0.01108998 0.61893 -0.02736425 -0.05590879 0.5556501 -0.02773439 -0.05587577 0.5569 -0.02773439 -0.05587577 0.5569 -0.02725523 -0.01648527 -0.04794502 -0.006642997 -0.04420572 0.61109 -0.004086554 -0.04792582 0.60575 -0.0534811 -0.03347778 -0.008681952 -0.05294281 -0.0323764 -0.01131546 0.04261136 -0.04369086 -0.03069299 -0.01192033 -0.01519966 0.6157124 -0.03869509 -0.02408206 0.5933351 -0.03818351 -0.02440261 0.593161 -0.01775145 -0.05990183 0.03813034 -0.01835006 -0.0595619 0.03945481 -0.05623579 -0.03936582 0.006177008 -0.05602699 -0.04041475 0.008766591 0.01919585 -0.04789781 0.53495 0.01872646 -0.04794132 0.5347072 0.04080468 -0.03827011 0.55908 -0.04092526 -0.02715587 0.58595 0.01898556 -0.0624718 0.05861598 1.31593e-4 -0.03743511 0.6177601 0.002756655 -0.0372954 0.6177001 0.002756655 -0.0372954 0.6177001 0.01681178 -0.05259364 0.001637995 0.01685142 -0.05260848 0.001682698 0.0170868 -0.05250334 0.001739203 0.01681178 -0.05259364 0.001637995 0.03976804 -0.05261713 0.001458942 0.03445488 -0.06080025 0.03470081 -0.03102654 -0.04827207 0.558888 -0.01061111 -0.01481771 0.6168772 -0.03810817 -0.02432799 0.59359 -0.03603476 -0.02298671 0.5966501 0.01193666 -0.01109862 -0.05345124 0.01725536 -0.0526188 0.001949012 0.03416955 -0.06073302 0.03477603 -0.02087771 -0.05127722 0.04458904 0.003854572 -0.01064819 -0.05454903 0.003827869 -0.01063668 -0.0545578 0.0288679 -0.05259364 0.001761913 0.04058498 -0.05268281 0.002526938 0.03937476 -0.02343553 0.5883725 0.03919357 -0.02320688 0.58894 -0.00146687 -0.01055985 -0.05292278 0.02514779 -0.01800191 0.6085751 0.01932245 -0.01667219 0.6121556 0.01734393 -0.01663666 0.6127799 -0.02651178 -0.03992491 -0.04870891 -0.005497455 -0.05978214 0.05976617 -0.005482792 -0.05968815 0.05983728 -1.98543e-4 -0.06005495 0.06023555 -3.18671e-4 -0.05994606 0.060054 -3.18671e-4 -0.05994606 0.060054 0.007202029 -0.01308614 -0.05424791 -0.01889032 -0.01588165 0.6141228 -0.02910131 -0.04514837 0.5420608 -0.05674272 -0.03614991 -0.001951754 0.05033081 -0.0248003 -0.02782851 0.03227329 -0.05354094 -0.02946591 0.03070682 -0.05248206 0.02763354 0.03082633 -0.05287182 0.02780079 -6.72797e-4 -0.01486372 0.61597 0.04095697 -0.02540069 0.5833209 0.0404939 -0.02475661 0.5851 -0.01195186 -0.04696762 0.5867729 2.92837e-4 -0.05887502 0.06037676 0.03210759 -0.04779481 0.54738 0.03210759 -0.04779481 0.54738 0.0116052 -0.01108497 -0.05169314 -0.03800129 -0.02323079 0.597177 -0.03886818 -0.02371287 0.59511 -0.04079639 -0.04587256 0.57217 -0.04079639 -0.04587256 0.57217 -0.04768729 -0.02302271 -0.03192991 0.0207073 -0.06439751 0.02022993 0.02088767 -0.06420212 0.02002495 0.02241617 -0.0639218 0.016617 -0.0340377 -0.04832935 0.55992 -0.04485249 -0.05370086 0.03861898 0.04110628 -0.0570541 -0.006969571 0.02991694 -0.02877581 0.6025543 -0.02100795 -0.01529234 -0.0508629 -0.03164368 -0.0532816 0.02902996 -0.03164368 -0.0532816 0.02902996 -0.01490265 -0.06141448 0.056234 -0.0228917 -0.03849279 0.61134 -0.03709036 -0.05025976 0.55621 -0.03709036 -0.05025976 0.55621 0.02101427 -0.06405121 0.01989781 0.03721159 -0.0525738 -0.01574999 -0.008882045 -0.01480728 -0.05199676 -0.008816659 -0.01480197 -0.05201804 -8.99275e-4 -0.04296875 0.6057801 -8.99275e-4 -0.04296875 0.6057801 -8.99275e-4 -0.04296875 0.6057801 -8.99275e-4 -0.04296875 0.6057801 0.02794194 -0.01938968 0.6060403 0.04325765 -0.04853183 0.03517884 0.003126919 -0.03725802 -0.05164492 -0.02042871 -0.06044292 0.05460083 -0.01978969 -0.05958718 0.03723376 -0.01978969 -0.05958718 0.03723376 -0.02065545 -0.06290972 0.03855615 0.04207742 -0.05906021 0.03622031 0.02667695 -0.02845752 0.60534 0.04052436 -0.05269467 7.67997e-4 0.04052436 -0.05269467 7.67997e-4 0.03719109 -0.04442667 0.54761 0.03443789 -0.04621809 0.5448035 -0.04089617 -0.0446785 0.57262 -0.04089617 -0.0446785 0.57262 -3.486e-4 -0.04285967 0.60662 -3.486e-4 -0.04285967 0.60662 -0.0342592 -0.0461722 0.54471 -0.0342592 -0.0461722 0.54471 -0.0342592 -0.0461722 0.54471 -0.02891242 -0.04785895 0.5395296 -0.0311591 -0.04739493 0.5414036 0.04329818 -0.03295457 0.57223 0.04275584 -0.02931976 0.5797923 0.02257359 -0.06036233 0.05542898 0.03056257 -0.0200715 0.60412 0.03085768 -0.02019518 0.6036686 0.05254197 -0.05265104 0.00185126 0.05258119 -0.05261713 0.001941025 0.04132467 -0.05259889 0.002821922 -0.02958273 -0.04223424 0.542494 0.03276968 -0.05257636 0.02644604 0.03276968 -0.05257636 0.02644604 -0.04007202 -0.03434199 0.5619876 -0.04114001 -0.0320183 0.56794 -0.04118543 -0.03177255 0.5684316 -0.03113961 -0.04747056 0.5414178 0.00734806 -0.06100022 -0.005704402 0.0116648 -0.05301809 -0.01137673 -0.02437579 -0.04723221 0.6003001 -0.02437579 -0.04723221 0.6003001 -0.02663064 -0.04957842 0.5562801 0.03013825 -0.06206858 0.03133481 0.03013825 -0.06206858 0.03133481 0.02995645 -0.06250542 0.03133231 0.02970063 -0.05972886 0.03067344 0.02966076 -0.05959963 0.030577 0.003926515 -0.04285866 0.61258 0.003926515 -0.04285866 0.61258 0.005479156 -0.04275387 0.61237 0.02829217 -0.01615649 -0.04719549 -0.03743875 -0.04276031 0.5561599 -0.03743875 -0.04276031 0.5561599 -0.03226745 -0.04275929 0.5585828 -0.009140551 -0.05926156 0.05996292 4.34957e-4 -0.05955874 0.06071084 4.34957e-4 -0.05955874 0.06071084 -0.05215138 -0.04125869 0.01830548 -0.05418926 -0.0373699 0.009282231 0.03128409 -0.05996567 0.03950196 0.0321244 -0.06315571 0.041067 0.03065443 -0.01593822 0.60693 0.02353471 -0.01409977 0.6119476 0.02249497 -0.01342207 0.61316 0.02833002 -0.04057234 0.6029099 0.0146057 -0.05939698 0.05813694 0.0146057 -0.05939698 0.05813694 0.03535676 -0.04508435 0.5450201 -0.02625232 -0.05180674 0.5539563 0.03794926 -0.01855611 0.5986146 0.01744318 -0.05300951 0.001067876 -0.03368496 -0.04848432 0.559172 -0.01580625 -0.04721677 0.5811993 0.03016644 -0.0502597 0.5525746 -0.03508037 -0.06449002 0.03413283 -0.03335952 -0.02171492 0.6000752 0.01744019 -0.05302459 9.95047e-4 -0.0304473 -0.05170357 0.56097 -0.03077697 -0.05177986 0.5611221 -0.0320568 -0.05193597 0.56176 -0.0320568 -0.05193597 0.56176 0.04214471 -0.05784362 6.41582e-4 0.04197067 -0.0579825 8.56009e-4 -0.0276404 -0.05195426 0.5593701 -0.03488528 -0.06567448 0.03316181 0.03737205 -0.05025976 0.55621 0.03737205 -0.05025976 0.55621 -0.00726068 -0.05624288 -0.01489579 -0.01181948 -0.05660682 -0.01171398 -0.01206517 -0.05578857 -0.01193481 0.04038804 -0.03389745 0.5621101 0.03765434 -0.03692203 0.55522 0.0415768 -0.05743253 -0.003368914 -0.002057433 -0.0455659 0.607505 -0.00205034 -0.04610401 0.6082801 1.99802e-4 -0.04086554 0.60676 1.99802e-4 -0.04086554 0.60676 1.99802e-4 -0.04086554 0.60676 1.99802e-4 -0.04086554 0.60676 -0.02938354 -0.05564111 0.5586 -0.0320037 -0.06601518 0.03532499 -0.0320037 -0.06601518 0.03532499 0.001418352 -0.04286003 0.6104001 0.001418352 -0.04286003 0.6104001 -0.05521559 -0.02980941 -0.008866906 -0.002887666 -0.04650938 0.6094272 0.01426672 -0.01368194 -0.05287259 0.001134753 -0.04091119 0.6057001 -0.03462672 -0.05509132 0.03479075 -0.01043319 -0.05921065 0.0593425 -0.003607451 -0.04537045 0.61495 0.01599723 -0.06396126 0.01637792 0.01561135 -0.06395542 0.01686882 0.01561135 -0.06395542 0.01686882 -0.01704347 -0.04685992 0.57387 -0.01704347 -0.04685992 0.57387 -0.0304622 -0.06166476 0.02747702 0.04058665 -0.0467686 0.57471 0.0395556 -0.04699033 0.5745189 0.03272038 -0.01289969 -0.04808366 -0.02635329 -0.03552246 0.5477401 0.04046738 -0.03349739 0.5638369 0.04156708 -0.03322315 0.5657439 0.04092353 -0.05509382 0.03766387 0.04092353 -0.05509382 0.03766387 0.005983769 -0.05263614 0.5290387 -0.01973927 -0.04627352 0.54746 -0.01973927 -0.04627352 0.54746 -0.01973927 -0.04627352 0.54746 0.05443656 -0.03907239 0.004297018 0.03473889 -0.05026656 0.5540023 -0.02872717 -0.06158435 0.02944654 -0.04092365 -0.01617777 -0.04009979 -0.03401905 -0.01366251 -0.04589796 0.001216173 -0.04286152 0.60602 0.001216173 -0.04286152 0.60602 0.001216173 -0.04286152 0.60602 0.05084013 -0.05636864 0.001578271 -0.03439426 -0.05025982 0.55404 -0.03243559 -0.04915493 0.561082 -0.01933676 -0.06481963 0.05025082 -0.03304839 -0.02167391 0.6012885 -0.02498126 -0.01809948 0.6082305 -0.02824312 -0.01933926 0.6057474 -0.02777707 -0.01911658 0.60622 -0.02544587 -0.06392753 0.04437297 0.004057705 -0.04815489 0.528299 0.004208505 -0.04812192 0.5284001 -0.005613088 -0.04722923 0.5285073 -0.02004325 -0.05106586 0.05011379 0.04978746 -0.02351808 -0.03176498 0.05061358 -0.02403688 -0.03051793 -0.004695773 -0.05371534 0.58159 -0.01481169 -0.05542129 0.5581802 -0.01496285 -0.05573219 0.55855 -0.01496285 -0.05573219 0.55855 0.03336191 -0.06336426 0.04279464 -0.01817899 -0.05831056 0.05775803 -0.01432192 -0.05881863 0.05861371 0.004866123 -0.06032729 -0.01068598 0.004866123 -0.06032729 -0.01068598 -0.01171058 -0.05629909 -0.01142174 -0.01171058 -0.05629909 -0.01142174 -0.03448969 -0.0548141 0.56904 -0.03197968 -0.05554145 0.55979 -0.0299822 -0.06013602 0.03105282 -0.0299822 -0.06013602 0.03105282 -0.0299772 -0.06211555 0.03110975 -0.0299772 -0.06211555 0.03110975 -0.003301322 -0.04609149 0.6115301 -0.002920806 -0.04802799 0.6115933 -0.003301322 -0.04609149 0.6115301 -0.003301322 -0.04609149 0.6115301 -0.03294569 -0.06350052 0.04207479 -0.03294569 -0.06350052 0.04207479 0.03192275 -0.05025982 0.5560786 9.42484e-4 -0.06405925 0.01807457 0.03969526 -0.06247341 0.03458946 0.04520821 -0.02295053 -0.03764683 -0.01698887 -0.05282402 0.5917801 -0.01698887 -0.05282402 0.5917801 -0.008285164 -0.05589938 0.55663 -0.005876839 -0.01271772 0.6149001 -0.02958881 -0.04276001 0.557889 -0.05226659 -0.05261713 0.001458942 -0.03685629 -0.04913115 0.03454881 -0.01253432 -0.05261713 -0.01117593 -0.03151124 -0.05260235 -0.03023058 -0.0317313 -0.05258828 -0.03002399 -0.0317313 -0.05258828 -0.03002399 0.02861469 -0.0620234 0.02947217 -0.006944239 -0.05287563 -0.01446634 -0.03888648 -0.02017533 0.59709 -0.03446882 -0.04876399 -0.04013752 -0.0344268 -0.04850286 -0.03994095 -0.04016607 -0.02503138 0.5834137 -0.04036325 -0.02502799 0.58443 0.04166394 -0.0566051 0.04504168 0.04158717 -0.05659461 0.04494899 0.04158717 -0.05659461 0.04494899 0.04821336 -0.02435809 -0.03391391 0.03646564 -0.04509407 -0.03616487 -0.00415349 -0.06225103 0.05981302 -0.004748225 -0.06223249 0.05976295 -0.020765 -0.06311464 0.03848624 -0.02360016 -0.06273198 0.03651642 0.03065687 -0.01260298 -0.04969489 -0.02494513 -0.04671621 0.536778 0.001822531 -0.05373162 0.5814 0.001822531 -0.05373162 0.5814 0.0556423 -0.03338259 -0.007580935 0.02429175 -0.05165857 0.54086 0.03767526 -0.04509377 -0.03507483 -0.05621343 -0.04137778 0.01830595 -0.05783027 -0.03813827 0.01053905 0.03775608 -0.04509353 -0.03370714 -0.02827584 -0.04828137 0.5553004 -0.007366657 -0.01081997 0.6186241 -0.003545284 -0.01148772 0.6186352 -0.05250293 -0.03169173 -0.01282578 -0.03608167 -0.05509418 0.03976202 -0.02123969 -0.06425261 0.051171 -0.05307161 -0.0488643 -0.00692594 -0.032646 -0.06060653 0.03866994 -0.032646 -0.06060653 0.03866994 -0.00971359 -0.03764533 0.61664 0.03437507 -0.04910469 0.5608701 -0.05734121 -0.03990823 0.01511502 0.03393638 -0.04509019 -0.03090095 0.03393638 -0.04509019 -0.03090095 -0.02928513 -0.05393981 -0.02877914 -0.02851158 -0.05417215 -0.02796787 -0.03600275 -0.04509377 -0.03257596 -0.03600275 -0.04509377 -0.03257596 -0.03713911 -0.04509377 -0.03295898 -0.03713911 -0.04509377 -0.03295898 0.02399945 -0.04692625 0.54084 0.02399945 -0.04692625 0.54084 0.02399945 -0.04692625 0.54084 0.02399945 -0.04692625 0.54084 -0.0169 -0.05951851 0.007565736 -0.0168634 -0.05920267 0.007641971 -0.008547425 -0.06216984 0.05910998 -0.005037546 -0.06222003 0.0597428 -0.02879261 -0.0615763 0.029688 -0.02235656 -0.05764442 0.056171 -0.03334051 -0.06080818 0.03574234 -0.03349512 -0.06072109 0.03533399 -0.03349512 -0.06072109 0.03533399 -0.03716927 -0.05509382 0.03913486 -0.02011489 -0.05510699 -0.01954001 -0.03045618 -0.0535978 -0.0299195 0.04401159 -0.02438968 0.5848608 0.04397428 -0.02458012 0.5855399 0.03761619 -0.04181361 0.5498074 -0.03713279 -0.04859364 -0.03296697 0.02258867 -0.05909132 -0.02007275 0.02652871 -0.01482617 0.6107893 -0.03051656 -0.05310285 -0.02985692 0.01063501 -0.04698073 0.5860547 -0.001830399 -0.05963551 -0.01330071 0.04084378 -0.02431362 0.5867701 0.04572588 -0.04793226 0.03378778 -0.02522945 -0.03541553 0.54962 0.03935879 -0.06247437 0.03383278 -0.008140206 -0.04697561 0.58768 -0.008140206 -0.04697561 0.58768 -0.006383419 -0.04737228 0.5882123 0.02630716 -0.0146963 -0.05222493 -0.001311421 -0.04744273 0.5898254 0.01614785 -0.04921317 0.5917084 -0.001984357 -0.0555005 -0.01594156 -0.004155755 -0.05573147 -0.01526033 -0.007469654 -0.05605566 -0.01419174 -0.00800693 -0.0560168 -0.01376187 -0.05121439 -0.02995419 -0.01685678 -0.03108114 -0.05347979 -0.03064388 0.02173596 -0.04921209 0.54706 0.008489608 -0.05632853 -0.01424497 0.008489608 -0.05632853 -0.01424497 0.008489608 -0.05632853 -0.01424497 -0.001305401 -0.05605518 -0.01631999 -0.001305401 -0.05605518 -0.01631999 -2.73771e-4 -0.04447054 0.6100201 -2.73771e-4 -0.04447054 0.6100201 -2.73771e-4 -0.04447054 0.6100201 0.0448032 -0.0207445 -0.03820693 -0.004333257 -0.04640078 0.5903196 -0.002402186 -0.0468555 0.5904 0.02908802 -0.05458474 -0.0261588 0.02908802 -0.05458474 -0.0261588 -0.03149497 -0.0483644 0.55995 -0.05171644 -0.04549574 0.02911639 -0.04092055 -0.03641474 0.5571352 0.03877288 -0.05259752 0.01443767 -0.02215117 -0.04692018 0.53965 0.01547908 -0.05587416 0.55348 0.008100092 -0.05465859 0.56738 0.008100092 -0.05465859 0.56738 0.0196231 -0.05236095 0.55404 0.0196231 -0.05236095 0.55404 0.01193308 -0.04963338 0.5877801 0.006957769 -0.0441634 0.6111401 0.006957769 -0.0441634 0.6111401 0.0414893 -0.01927036 -0.0416429 0.03177142 -0.05253285 -0.0298236 0.03203737 -0.05267721 -0.0297029 0.05402076 -0.04106771 0.008927047 -0.0427426 -0.03448271 0.56155 -0.03122085 -0.02050447 0.6030499 -0.01350152 -0.06299102 0.03961318 0.03447479 -0.0167877 -0.04740196 0.002462804 -0.04286009 0.6146799 0.00167346 -0.05312341 -0.01565527 0.01593703 -0.05261749 0.008160948 0.01593703 -0.05261749 0.008160948 -0.03043115 -0.05164819 -0.02681201 7.12706e-4 -0.04285949 0.61546 -0.001372516 -0.04286104 0.61515 0.02286952 -0.06346702 0.03714472 0.04984015 -0.04751229 0.02376908 -0.02929717 -0.05327379 -0.02596396 0.03609281 -0.04508775 -0.03250557 -0.03382802 -0.03995758 -0.04421395 0.0292313 -0.04698914 -0.03598088 0.03161191 -0.05303657 0.02968323 -0.02282649 -0.01765388 0.61011 0.03006857 -0.05300068 0.02753984 0.03235119 -0.05025982 0.5562701 0.03397053 -0.05025976 0.5562623 0.03349125 -0.05025982 0.5564001 0.03697085 -0.05334872 -0.02704894 -0.028961 -0.05996507 0.02958798 -0.028961 -0.05996507 0.02958798 0.02391546 -0.0600804 0.05303597 0.02101737 -0.0603404 0.0542159 -0.04171139 -0.0520699 0.04328799 0.03443098 -0.05025982 0.55572 -0.03990221 -0.05823087 4.85037e-4 -0.03992933 -0.05812489 6.15649e-4 -0.03990221 -0.05823087 4.85037e-4 0.03131937 -0.03995388 0.5999001 0.01391077 -0.01275581 -0.05666273 0.03271669 -0.06352758 0.04203885 0.03299564 -0.06362414 0.04188263 0.008714377 -0.06211102 0.05774676 0.03803128 -0.04276001 0.5569199 0.03803128 -0.04276001 0.5569199 0.04844689 -0.02503508 -0.02826994 0.04077541 -0.02063751 -0.03812164 0.0411151 -0.0491051 -0.02922493 0.0549528 -0.0275706 -0.02238678 0.0549528 -0.0275706 -0.02238678 -0.04210919 -0.04958701 0.03663384 -0.04210919 -0.04958701 0.03663384 -0.04210919 -0.04958701 0.03663384 0.004575788 -0.03768098 -0.05152177 0.004575788 -0.03768098 -0.05152177 0.05180048 -0.02770501 -0.02207475 -0.0303952 -0.0427525 0.5519844 0.05728864 -0.0302819 -0.01609176 0.03098136 -0.05347234 -0.03073394 -0.005872249 -0.04296833 0.6120177 -0.003107428 -0.04188585 0.6122203 -0.003503859 -0.04229354 0.61273 -0.05190443 -0.02256333 -0.02530533 -0.03982079 -0.05768263 -0.002987921 0.04017478 -0.05522274 0.041767 0.04147976 -0.05507701 0.03949725 -0.01818239 -0.05069422 0.03819882 0.04785478 -0.02232509 -0.03448987 -0.02331602 -0.04351663 0.5390296 -6.17963e-4 -0.04286003 0.6101 -6.17963e-4 -0.04286003 0.6101 -0.03414779 -0.01826483 -0.04397583 -0.0378189 -0.04946058 0.57479 -0.02754789 -0.05049866 0.04622596 -0.02747982 -0.05096971 0.04645067 -0.02754789 -0.05049866 0.04622596 -0.02754789 -0.05049866 0.04622596 -0.02754789 -0.05049866 0.04622596 0.05287343 -0.03236222 -0.01136118 0.0524156 -0.03155696 -0.01313775 0.05385315 -0.03382331 -0.007885992 0.05412817 -0.03526514 -0.0045349 0.0544793 -0.03768563 0.001007258 0.02047759 -0.01500082 -0.05154794 -0.01931738 -0.0599243 0.03704684 -0.01895493 -0.05946499 0.03676456 -0.01943671 -0.05074834 0.03788769 0.004468858 -0.009334206 -0.05644875 0.00771749 -0.00908029 -0.05636876 -0.0365377 -0.04432094 0.5469 0.05151259 -0.04567104 0.01950854 -0.03612148 -0.04859292 -0.03257596 -0.03612148 -0.04859292 -0.03257596 0.05428117 -0.0305643 -0.01544094 -0.01170468 -0.05304092 -0.01134985 0.01453816 -0.05948972 0.009767949 -0.03976804 -0.05261713 0.001941025 0.0147596 -0.05911237 0.009315013 -0.03718435 -0.05508857 0.03469783 0.03446882 -0.05690383 0.03298979 0.0187608 -0.01423877 0.6111401 -0.04219925 -0.04037845 0.5571126 -0.04333186 -0.03881168 0.5605201 -0.02914696 -0.04752218 0.5389558 -0.02876561 -0.04765689 0.5386599 0.04253619 -0.04242897 0.58685 0.04253619 -0.04242897 0.58685 -0.02390038 -0.0469585 0.5410289 0.02712219 -0.0116322 -0.04982697 0.0283339 -0.01203936 -0.04956895 0.004793286 -0.04367774 0.61593 -0.01160269 -0.04694885 0.58669 -0.0420314 -0.04054385 0.55694 -0.05704879 -0.02855479 -0.01133292 0.03381669 -0.05757921 0.04723381 0.05745172 -0.02899497 -0.01058602 0.03546684 -0.01585698 -0.04226893 -0.01128309 -0.05260092 -0.0111379 -0.01128309 -0.05260092 -0.0111379 -0.01128309 -0.05260092 -0.0111379 -0.0310688 -0.05025982 0.55489 -0.0310688 -0.05025982 0.55489 -0.03518819 -0.04081016 0.5447462 -0.02078479 -0.0602464 0.03840458 -0.02065855 -0.06024503 0.03820103 -0.02065855 -0.06024503 0.03820103 0.02855455 -0.04833871 0.5552914 0.03130096 -0.04819434 0.5588992 -0.03292536 -0.05465263 -0.02411395 -0.03292536 -0.05465263 -0.02411395 -0.03292536 -0.05465263 -0.02411395 0.03327286 -0.04045259 0.5462501 -0.02082157 -0.04405403 0.5371479 -0.02264928 -0.0436728 0.5382801 -0.02264928 -0.0436728 0.5382801 0.02874255 -0.0167194 -0.04756194 -0.0314356 -0.05268532 -0.03031295 0.0420401 -0.02860414 0.5750823 0.04169178 -0.03171783 0.56787 0.04262328 -0.02334648 -0.03222471 -0.03154468 -0.05437707 -0.02783 -0.03154468 -0.05437707 -0.02783 0.01417565 -0.009683668 -0.05505079 0.05373674 -0.03414463 -0.007211744 -0.002370893 -0.06305807 0.01005584 -0.002453446 -0.06269282 0.007280886 0.03083372 -0.05517381 -0.02710491 0.03682047 -0.05557471 -0.01819998 0.03093636 -0.05452728 -0.02754396 -0.03166347 -0.04478049 0.54122 -0.0237134 -0.05192881 0.54101 -0.0237134 -0.05192881 0.54101 0.04193425 -0.02784341 0.57746 -0.04148697 -0.02722388 0.5789901 -0.02989065 -0.06232708 0.03183019 0.04634076 -0.01862508 -0.03427398 -0.02111721 -0.06327152 0.03849202 -0.04131287 -0.05264049 6.08018e-4 -0.0404548 -0.05258733 -0.004631936 -0.0404548 -0.05258733 -0.004631936 -0.03863948 -0.05225151 -0.01270121 1.68486e-4 -0.05960404 0.04248702 0.03342658 -0.04808843 0.54929 0.03342658 -0.04808843 0.54929 0.03006458 -0.04846525 0.5513293 -0.0087713 -0.06285613 0.009483695 0.005995035 -0.04622489 0.53197 0.0301389 -0.0173586 0.60346 0.03279572 -0.01851278 0.6005585 0.03246438 -0.01843172 0.600835 0.03274589 -0.01854252 0.60058 0.02137458 -0.0578159 0.05633598 0.01528435 -0.05872523 0.0586307 -0.0319122 -0.0483247 0.54881 -0.05237567 -0.04823929 -0.01016891 0.05140084 -0.04652178 0.03045094 0.05160278 -0.04582142 0.02966725 0.0418334 -0.04836297 -0.03401792 0.01460617 -0.0589872 0.008042037 0.01468616 -0.05933362 0.007897615 0.03445822 -0.05144697 0.56099 0.03764057 -0.04905003 0.5594199 0.03464674 -0.05510032 0.03663939 0.03650987 -0.05510091 0.03596872 0.00155735 -0.04684847 0.59057 0.0563184 -0.0344547 -0.006415843 0.03968077 -0.05859643 0.002981007 -0.02825158 -0.06298613 0.04774898 -0.02825158 -0.06298613 0.04774898 -0.02930778 -0.05025982 0.5551587 0.02324438 -0.01530927 -0.0503472 0.01305031 -0.05689519 -0.009927511 0.04051631 -0.0340678 0.5620499 0.01602268 -0.05877077 0.00330758 0.004534006 -0.05592024 -0.0153166 9.19333e-4 -0.05548554 -0.01600897 0.004922032 -0.05584561 -0.01515179 0.004922032 -0.05584561 -0.01515179 0.0271179 -0.05675435 0.05425482 -0.04135787 -0.03199887 0.56717 0.03465348 -0.05296897 0.55545 0.03465348 -0.05296897 0.55545 0.03462743 -0.04509311 -0.03546589 0.01244938 -0.04552334 0.5334053 0.006447255 -0.0476188 0.5286279 0.01777893 -0.06165266 0.05701816 0.01609456 -0.06198775 0.05753803 0.01761478 -0.05855643 0.002841055 0.01761478 -0.05855643 0.002841055 -0.02742516 -0.0419209 0.5419535 -0.02199321 -0.0462464 0.53842 -0.02199321 -0.0462464 0.53842 -0.03418666 -0.05025982 0.55579 -0.03418666 -0.05025982 0.55579 -0.0337066 -0.05298829 0.5561699 0.01746457 -0.04487776 0.5353001 0.04407197 -0.04565215 0.57895 0.04652178 -0.05011034 0.03683584 0.03604269 -0.05509418 0.03976142 -0.007335484 -0.05160653 0.5289 -9.38007e-4 -0.04567527 0.60526 0.004491865 -0.01457893 -0.05253565 0.003183782 -0.01453208 -0.05263495 0.006367146 -0.01465368 -0.05235296 0.006367146 -0.01465368 -0.05235296 -0.03073674 -0.06161522 0.05328381 -0.01547628 -0.0509181 0.5308977 -0.01542675 -0.05107462 0.53111 -0.01915878 -0.04828882 0.53254 -0.02001607 -0.0121994 -0.04911279 -0.01415646 -0.04597783 0.5822501 -0.01232707 -0.04685312 0.58471 -0.01270943 -0.04707825 0.5851324 -0.01232707 -0.04685312 0.58471 -0.01232707 -0.04685312 0.58471 0.001606643 -0.045901 0.6145201 0.001606643 -0.045901 0.6145201 -0.01454806 -0.06067341 -0.008055925 -0.0181216 -0.0654236 0.02802383 0.002647578 -0.01332294 -0.05482202 -5.13587e-4 -0.01307153 -0.05546498 0.02738767 -0.02242857 0.60585 0.0300861 -0.0198158 0.60345 -0.02063268 -0.06314021 0.03827995 -0.05502671 -0.03167372 -0.01286691 0.04144197 -0.01636797 -0.03959774 0.05097109 -0.02967077 -0.01751393 -0.04680484 -0.05155426 0.03340911 -0.04448556 -0.05317062 0.03700482 -0.03770786 -0.05509382 0.04110682 -0.03605842 -0.05509376 0.04272568 -0.03770786 -0.05509382 0.04110682 -0.02644252 -0.04728126 0.59867 -0.02541899 -0.0637111 0.04183083 -0.02541899 -0.0637111 0.04183083 -0.02619653 -0.0634346 0.04228425 -0.03383868 -0.04409319 -0.03174781 -0.03383868 -0.04409319 -0.03174781 -0.03223466 -0.04409456 -0.03206491 -0.03223466 -0.04409456 -0.03206491 0.01811689 -0.01189863 -0.04981076 0.02935278 -0.05567389 0.55921 -0.01298379 -0.05283904 -0.009899914 -0.01298379 -0.05283904 -0.009899914 -0.0507791 -0.04890257 0.02710402 -0.0507791 -0.04890257 0.02710402 -0.05225408 -0.028189 -0.02095174 -0.04046237 -0.02063959 -0.03846573 -0.02716428 -0.05724889 0.04681599 -0.02716428 -0.05724889 0.04681599 -0.02628701 -0.06325531 0.04255205 -0.02718591 -0.04684954 0.5988001 -0.004184663 -0.04712527 0.6118001 -0.03416907 -0.04552417 0.5439299 -0.03876858 -0.06253612 0.03290599 -0.03876858 -0.06253612 0.03290599 -0.03870588 -0.06251317 0.03281778 -0.03876858 -0.06253612 0.03290599 -0.00185734 -0.04488742 0.6135699 -0.004290044 -0.06219619 0.003509998 0.03935736 -0.0520367 -0.007253229 -0.01949518 -0.0148378 -0.05192691 0.03211647 -0.0627346 0.03441482 0.03211647 -0.0627346 0.03441482 -0.01704055 -0.05303645 -0.002308905 -0.01541793 -0.052953 -0.006810069 -0.04200017 -0.05930709 0.03586977 0.0490542 -0.05426532 0.03242594 0.01715636 -0.04708892 0.5777801 0.01715636 -0.04708892 0.5777801 -0.04032456 -0.05310291 9.64042e-4 -0.04032456 -0.05310291 9.64042e-4 -0.04032456 -0.05310291 9.64042e-4 -0.02414536 -0.059937 0.05285406 -0.04186815 -0.044402 0.58731 -0.008069634 -0.05973607 0.06113088 0.04551917 -0.02503758 -0.02834397 0.0451774 -0.02484709 -0.02870494 3.54444e-5 -0.04905855 0.591782 -0.02253025 -0.04966992 0.5347508 -0.0256226 -0.04890722 0.53637 -0.006363511 -0.05993282 0.041363 -0.02135998 -0.05298519 0.54101 0.00209099 -0.06339788 0.04181241 9.21453e-5 -0.04819202 0.6045001 0.04576796 -0.05039954 0.03951102 0.03285282 -0.0454548 -0.03012299 0.03243798 -0.04462891 -0.02938431 0.03285282 -0.0454548 -0.03012299 -0.04690814 -0.05801022 7.06045e-4 -0.05010217 -0.05610489 8.63028e-4 0.02162599 -0.05302232 0.54101 -0.002068758 -0.04920768 0.5916501 -0.002068758 -0.04920768 0.5916501 -0.00463885 -0.048514 0.5908564 0.008432626 -0.06028288 0.04102545 0.03278821 -0.06461989 0.03594785 0.03179049 -0.06601208 0.03649377 0.03179049 -0.06601208 0.03649377 -0.04201108 -0.05828619 6.3201e-4 -0.01292967 -0.04723817 0.58537 -0.02487123 -0.05059385 0.04317504 -0.02827048 -0.04276001 0.5547158 -0.005056262 -0.04311221 0.60886 0.03390526 -0.04409378 -0.03090476 0.03390526 -0.04409378 -0.03090476 0.001933038 -0.04926478 0.5920301 -0.03935682 -0.06244909 0.03383201 0.006706774 -0.04629999 0.6088001 0.04172861 -0.05909079 0.0074355 0.04159778 -0.05948007 0.009693026 -0.02288687 -0.04957246 0.5343856 -0.04039692 -0.0531069 -0.008858859 -0.01613128 -0.05251204 0.008420109 -0.01624161 -0.05266219 0.007344961 -0.01624161 -0.05266219 0.007344961 -0.01641798 -0.05311626 0.007979929 -0.01641798 -0.05311626 0.007979929 0.004160583 -0.05972862 0.04202902 0.04035198 -0.02621227 0.5887238 0.03704398 -0.0233832 0.59593 -0.00517559 -0.05997008 -0.01339876 -0.03613948 -0.04868161 -0.03073996 0.04210978 -0.02750271 0.58573 0.04210978 -0.02750271 0.58573 -0.02954316 -0.05259364 0.02790778 0.03187131 -0.04409492 -0.03158694 0.03187131 -0.04409492 -0.03158694 0.004765748 -0.01489716 0.6165177 -0.0288679 -0.05259364 0.001699984 -0.0288679 -0.05259364 0.001699984 -0.0288679 -0.05259364 0.001699984 -0.0288679 -0.05259364 0.001699984 -0.03240203 -0.04855215 -0.03485393 0.0300008 -0.0447902 0.54259 0.0340172 -0.01963138 -0.04080498 -0.005926132 -0.04295003 0.61212 -0.005926132 -0.04295003 0.61212 -0.02073448 -0.06020992 0.05450087 -0.05064058 -0.02410668 -0.02310496 0.03669232 -0.05245059 -0.01531296 0.03502726 -0.04859328 -0.03270524 0.03354758 -0.0529384 0.55636 -0.03377074 -0.04509341 -0.03194379 -0.03377074 -0.04509341 -0.03194379 -0.03352165 -0.04409384 -0.03036892 -0.03352165 -0.04409384 -0.03036892 0.04619073 -0.04243588 -0.03203719 -0.03468412 -0.04888212 -0.03841692 -0.03399807 -0.04887622 -0.03783494 -0.03774768 -0.04275894 0.5569199 -0.03774768 -0.04275894 0.5569199 0.03244704 -0.04409646 -0.03015196 0.03244704 -0.04409646 -0.03015196 0.03244704 -0.04409646 -0.03015196 0.03244704 -0.04409646 -0.03015196 0.03244704 -0.04409646 -0.03015196 -0.004052102 -0.05255568 -0.01437079 1.72964e-4 -0.05264568 -0.01476496 0.0363999 -0.0605933 0.03972387 0.03673791 -0.06059378 0.039397 0.03673791 -0.06059378 0.039397 0.04304194 -0.04180204 -0.03555887 0.04338425 -0.04169631 -0.03546273 0.03777199 -0.04859364 -0.03384095 -0.05635797 -0.02544206 -0.01856029 0.01628357 -0.05270582 0.001458942 0.01628357 -0.05270582 0.001458942 -0.03551828 -0.0520544 0.0433458 -0.03536534 -0.05349451 0.04287338 -0.03658622 -0.05271798 -0.01823681 -0.005068719 -0.04686081 0.5898001 -0.03605586 -0.05232506 0.04281979 -0.03605586 -0.05232506 0.04281979 0.03679519 -0.04859298 -0.03602445 -0.05600947 -0.03446722 -0.005028963 -0.05659937 -0.03753381 0.00198847 -0.0218994 -0.01480257 -0.05027806 -0.01885259 -0.04693531 0.5487001 -0.01885259 -0.04693531 0.5487001 -0.04119205 -0.05259293 6.39945e-4 -0.04119205 -0.05259293 6.39945e-4 0.02921652 -0.0195806 0.60861 0.01296889 -0.0151472 -0.05120247 0.01515859 -0.01541948 -0.05057597 0.04029572 -0.04800164 0.57247 0.001449882 -0.04961758 0.6080594 0.04730916 -0.02232617 -0.02561891 -0.001640856 -0.04446834 0.6108838 0.02206385 -0.01369249 0.61356 -0.03602021 -0.05509382 0.04269099 0.007715642 -0.04942089 0.59053 0.007715642 -0.04942089 0.59053 -0.02050691 -0.0637831 0.05047202 -0.02050691 -0.0637831 0.05047202 -0.03537917 -0.06059283 0.03939497 -0.004028022 -0.03939265 0.61385 -0.02861899 -0.04178631 0.54295 -0.03337347 -0.04519122 -0.03025299 -0.03337347 -0.04519122 -0.03025299 -0.0320816 -0.04509437 -0.03190094 -0.0320816 -0.04509437 -0.03190094 -0.03209418 -0.04409372 -0.03039002 -0.03161472 -0.04418838 -0.0299558 -0.03209418 -0.04409372 -0.03039002 -0.03209418 -0.04409372 -0.03039002 -0.04102629 -0.04930073 -0.02914792 0.05747008 -0.05042254 0.002027988 0.03760147 -0.05475014 0.56155 0.003371 -0.04810392 0.60906 0.01297152 -0.05913174 0.05886471 -0.01805645 -0.05101829 0.03788495 0.01809126 -0.04635971 0.5316747 -0.01279199 -0.0597319 0.04010498 -0.05116701 -0.02549457 -0.02615094 -0.0210644 -0.05061316 0.04966282 -0.0210644 -0.05061316 0.04966282 -0.0210644 -0.05061316 0.04966282 -0.0210644 -0.05061316 0.04966282 0.02897381 -0.04176878 0.5430181 -0.01641219 -0.05261307 0.003995001 -0.01641219 -0.05261307 0.003995001 0.01670557 -0.01269263 0.61607 0.01771652 -0.01288497 0.6155966 0.01452159 -0.01209259 0.61677 0.008165955 -0.0593217 0.06009685 -0.03497159 -0.04509317 -0.03794294 -0.05210286 -0.02628058 -0.02436 -0.05782991 -0.04493647 0.01795047 -0.05810457 -0.04436695 0.01665484 0.02920281 -0.05321753 -0.03238296 -0.01948106 -0.04685992 0.54741 -0.01948106 -0.04685992 0.54741 0.01488518 -0.04978621 0.5800974 0.01306301 -0.04944765 0.5836627 -0.01086968 -0.05265653 -0.01049172 -0.009178459 -0.05245345 -0.01173859 0.01522707 -0.05018919 0.573777 0.01584607 -0.05006325 0.5758418 0.01576876 -0.05080205 0.57272 0.007427036 -0.01162219 0.6186681 0.01534956 -0.04978686 0.57849 0.02633309 -0.0424211 0.5407237 -0.03287369 -0.04837197 0.03473281 -0.03287369 -0.04837197 0.03473281 -5.14208e-5 -0.05424153 0.57214 0.01548433 -0.05273842 -0.003290593 0.01331657 -0.04033184 0.61545 0.05628615 -0.04100066 0.008884787 -0.04213386 -0.02344352 -0.03819876 0.006942868 -0.05393582 0.57563 0.006942868 -0.05393582 0.57563 0.008023619 -0.05391204 0.57935 -0.03294652 -0.05025982 0.55641 0.03379821 -0.06465893 0.03470057 -0.004156172 -0.06014299 0.05984973 0.01147407 -0.05435806 0.5742501 0.01147407 -0.05435806 0.5742501 -0.03283226 -0.04509496 -0.03923392 0.03770709 -0.04859364 -0.03499794 0.03695315 -0.04623198 -0.02744394 0.01284611 -0.05437451 0.5796194</float_array>
          <technique_common>
            <accessor source="#shape1-mesh-positions-array" count="5137" stride="3">
              <param name="X" type="float"/>
              <param name="Y" type="float"/>
              <param name="Z" type="float"/>
            </accessor>
          </technique_common>
        </source>
        <source id="shape1-mesh-normals">
          <float_array id="shape1-mesh-normals-array" count="10761">0.4747299 -0.8227431 0.3126106 0.6395317 -0.5269156 0.5597849 0.3929699 -0.7062839 0.5888445 0.8097388 -0.2880414 0.5112292 0.8544749 -0.1166747 0.506221 0.6806997 -0.2716512 0.6803335 0.8929868 -0.09881663 0.4391012 0.1771335 -0.9358409 0.3046732 0.1081284 -0.5311205 -0.8403686 0.1214346 -0.1948936 -0.9732781 0.2289546 -0.2015179 -0.95235 0.7771376 -0.4867486 0.3989148 0.02849763 -0.1085522 0.9936823 0.8821564 -0.245252 0.4020594 0.8957968 -0.0898177 0.435294 0.09052973 -0.1082078 0.9899978 0.07721239 -0.2598364 0.9625608 0.05435389 -0.08902323 0.9945455 -0.002441525 -0.2981142 0.9545271 0.8666222 -0.4269326 -0.2582532 0.7997088 -0.5861011 0.1301972 0.376448 -0.9236481 0.07184094 0.09711092 -0.4433166 0.8910891 -0.1378548 -0.3700748 0.918717 0.2366793 -0.2832522 0.9293822 0.1515291 -0.05893307 0.9866945 0.06876003 -0.9151222 0.3972702 -0.08347123 -0.6312074 0.7711095 0.3593009 -0.489312 -0.7946552 0.4844906 -0.8747382 -0.01010179 0.3428486 -0.1360835 0.9294817 0.2421989 -0.04135322 0.9693449 0.9246463 -0.1217381 0.3608449 0.2614268 -0.6565883 0.7074941 0.1710302 -0.5484625 0.8184973 0.3211748 -0.1078736 0.940856 -0.08047908 -0.208568 -0.974691 0.0834074 -0.9964641 -0.01013219 0.3987377 -0.2732108 0.8754222 0.3410801 -0.1406314 0.9294554 -0.1565639 -0.3903723 -0.9072471 0.4024218 -0.09811896 0.910181 0.9545807 -0.1076091 0.2778413 0.662514 -0.7392702 -0.120643 -0.06573849 -0.8699518 0.4887356 0.04245221 -0.9213139 0.3864952 0.1230217 -0.9363811 -0.3287191 0.9077504 -0.3379343 0.2485753 0.9297255 -0.1763988 0.3232554 0.7250515 -0.5882631 -0.3581157 0.7475912 -0.3499603 -0.5644778 -0.09119009 -0.9037526 -0.4182294 0.9870067 -0.09149515 0.1320851 0.9713413 -0.1207653 0.2047242 0.4874845 -0.3464244 0.8014668 0.9864974 -0.1188191 0.1127164 0.4451799 -0.7906849 -0.4202764 0.5038089 -0.8447681 -0.1803982 0.9497485 -0.2572744 0.1782914 0.4898391 -0.07736706 0.8683733 0.9511571 -0.3010705 -0.06824058 0.9952898 -0.08740675 0.04193323 -0.04416042 -0.8285811 0.5581249 0.6105097 -0.07284975 0.7886513 0.6864192 -0.09523987 0.7209425 0.54434 -0.3919882 -0.7416464 0.2378693 -0.9655466 0.1055365 -0.1562882 -0.04831171 0.9865293 -0.09235179 -0.1573581 0.9832139 -0.2466868 -0.1142944 0.9623318 -0.3435881 -0.3362634 -0.8768547 -0.4266071 -0.5375164 -0.7273806 -0.5477559 0.07233011 -0.8335058 -0.03558516 -0.07309305 0.9966901 -0.6943064 -0.1184136 -0.7098711 -0.5094885 -0.1713351 -0.8432471 -0.8654927 -0.07281869 0.4956005 -0.9045203 -0.1097461 0.4120667 -0.7436642 -0.3862525 0.5456854 -0.7944362 -0.05856561 0.6045174 -0.7447701 -0.3722172 -0.55387 -0.8598753 -0.1168881 -0.4969423 -0.6858646 -0.2889891 0.6678887 -0.9084091 -0.2642367 -0.3239936 -0.9605253 -0.2060034 -0.1869595 -0.6728014 -0.06680709 0.7368007 -0.6480793 -0.07101863 0.7582544 -0.9875068 -0.08667421 -0.1315984 -0.9978737 -0.05935907 0.02691757 -0.9551579 -0.2960968 9.15575e-5 -0.984407 -0.05743592 0.1662651 -0.4070271 -0.01632744 0.9132702 -0.6271421 -0.06631851 0.7760766 -0.7923787 0.599953 -0.1104196 -0.4491773 -0.2079558 0.868904 -0.1677016 -0.4442949 0.8800445 -0.9454486 -0.04858624 0.3221282 -0.1221368 -0.03582924 0.9918664 0.6066347 -0.7875843 0.1081913 0.7993296 -0.4977079 -0.3366883 0.7782357 -0.6223139 -0.08411049 0.5867022 -0.7690242 0.2537371 0.5087599 -0.841697 0.1808584 -0.2600232 -0.8243834 0.5027725 -0.3788976 -0.6565625 0.6521982 -0.3222871 -0.8284854 0.4579773 -0.5272517 -0.8364734 -0.149392 -0.2093941 -0.9509564 0.2276753 -0.3089768 -0.9419764 0.1312022 -0.3801474 -0.9209785 -0.08536225 0.7533322 -0.4246115 -0.502191 0.6093103 -0.008942008 -0.7928816 0.7932615 -0.06955379 -0.6048955 0.598966 -0.01318418 -0.800666 0.4435895 -0.06076276 -0.8941679 0.3508749 -0.02322477 -0.9361343 0.2474468 0.03659206 -0.9682103 0.1667248 -0.04519844 -0.9849671 0.1435296 -0.03057974 -0.9891735 0.08560657 -0.2895365 -0.9533311 0.0849654 -0.07626742 -0.9934608 -0.00915569 -0.1368165 -0.9905542 0.224776 -0.04593181 0.9733274 0.1370304 0.004577815 0.9905562 0.003051817 0.105747 0.9943884 0.2825425 -0.05807715 0.9574951 0.3651571 -0.07107818 0.9282286 0.3346421 -0.05264544 0.9408736 0.3833174 -0.04425239 0.922556 0.4086161 -0.4154828 0.8126543 0.5931124 -0.005707085 0.8050995 0.7025899 -0.06213772 0.7088769 0.675273 0.06872975 0.7343586 0.6947094 0.4673411 0.5467827 0.7874185 -0.102452 0.6078452 0.8635814 -0.0661664 0.4998493 0.8973144 -0.05505591 0.4379451 0.8730713 -0.3135879 0.3733755 0.9699454 0.02520841 0.2420133 0.9854418 0.01190257 0.1695964 0.9951291 -0.01660221 0.09717208 0.9464669 -0.2713478 0.1748455 0.9957899 -0.09113115 -0.009888291 0.9983157 -0.0571931 0.009735643 0.8737092 -0.4864486 2.74675e-4 0.9914168 -0.02417117 -0.1284859 0.7422816 -0.6625967 -0.09991896 0.6702042 0.5005168 -0.5480049 0.1924222 0.769567 0.6088845 0.432336 0.54718 0.7167146 0.5678353 0.7536956 0.3309168 0.02499508 0.9949209 0.09750831 0.04187208 0.9951953 0.0885052 -0.007049977 0.7578573 0.6523823 0.8010081 0.1625149 0.5761728 0.141395 0.9847292 -0.1015675 0.9558799 0.1837843 0.2291658 -0.2902387 0.5443731 0.7870321 -0.06375366 0.9976884 0.02352994 -0.05621522 0.9984161 -0.002288877 -0.8752233 0.2883433 -0.3883845 -0.6339542 0.631543 0.4463804 -0.9343827 0.3329975 0.1266556 -0.5138257 0.6142652 0.5988835 -0.3362587 0.5712248 0.748754 -0.167519 0.6177971 0.7682866 -0.03692752 0.6791309 0.7330877 0.05401855 0.6576231 0.751408 0.1051694 0.4271785 0.8980301 -0.7768953 0.6293963 0.01715171 -0.9610836 -0.2583154 0.09793645 3.66231e-4 0.9982853 0.05853593 0.0166639 0.9994577 -0.02840369 -0.8948562 0.4432922 0.05219578 -0.6498795 0.7435435 0.15748 -0.004913508 0.9994576 -0.03256344 -0.05410999 0.9964426 -0.06460851 -0.249768 0.6854886 -0.6839016 0.05533063 0.9983013 -0.01825022 0.1189344 0.9920969 0.03998053 -0.9530832 0.2076524 -0.2202568 -0.7244045 0.4297108 -0.5390611 -0.4657872 0.8406876 -0.2762007 0.1029115 0.9844354 -0.1424648 0.06872957 0.9975557 -0.01260447 0.1030615 0.9940844 -0.03427243 0.04297083 0.999072 -0.002960324 0.1109687 0.9904171 -0.08221936 0.1218939 0.9797291 -0.1589748 0.1952924 0.9648953 -0.1756075 0.07513791 0.9960505 -0.04730451 0.3863984 0.9173339 -0.09589004 0.3376333 0.9369681 -0.0899704 0.7457354 0.1908972 -0.6383079 0.7312397 0.3310416 -0.5964059 0.3228599 0.8820585 -0.3431245 0.4430453 0.1194821 -0.8885016 0.01510274 0.9970036 -0.07586598 0.1663292 0.8299674 -0.5324366 0.07938152 0.7686064 -0.6347778 0.2082935 0.8538051 -0.4771066 0.02819949 0.7254049 -0.6877445 -0.06415194 0.9575185 -0.2811456 0.03991895 0.9557971 0.2913048 0.9857488 0.1677961 -0.01199412 0.9484152 0.2545303 -0.1890054 0.95223 -0.120734 -0.2805021 0.9427077 -0.1412734 -0.3022317 0.8687628 0.01315379 -0.4950538 0.7413162 0.1346516 -0.6575099 0.2521774 0.1002545 0.9624737 0.02313315 -0.054659 0.9982371 0.07056015 0.01278746 0.9974256 0.2968891 0.1014453 0.9495081 0.4529362 0.1620267 0.8766961 0.44045 0.1552196 0.8842571 0.687299 -0.05420261 -0.7243496 0.6169493 -0.05453813 -0.785111 0.5680816 0.2937153 0.7687749 0.6789337 -0.02304208 0.733838 0.5036663 -0.1403905 -0.8524147 0.7800055 0.0463584 0.6240532 0.3870497 -0.1002264 -0.9165955 0.8213458 0.4730246 0.3188086 0.8552152 0.359061 0.3737408 0.9321559 -0.0106818 0.3618997 0.9562124 -0.02954208 0.291179 0.2615174 0.06515806 -0.9629969 0.978424 0.07864868 0.1910519 0.1492376 -0.06241118 -0.9868298 0.9877249 0.1131653 0.1076719 -0.01351988 0.03869801 -0.9991596 -0.2461671 -0.8437007 0.4770441 -0.2979887 -0.9519829 -0.07022446 -0.6216179 -0.7740315 0.1202767 -0.4071017 -0.8051695 -0.4312427 0.3601887 -0.9001055 0.2451004 0.1505188 -0.9205392 0.3604883 0.1010798 -0.7582515 0.6440789 0.4661872 -0.8845502 -0.01550394 0.4927328 -0.8446195 0.2093619 -0.5532577 -0.6610527 0.5068681 0.1296148 -0.690038 0.7120729 -0.6506776 0.2517256 -0.7164168 -0.6379722 -0.757058 0.1409069 -0.9301842 0.03909462 0.3650055 -0.9447784 0.02401846 0.3268285 -0.9676833 -0.00488311 0.2521219 -0.9782275 -0.02224838 0.2063394 0.3156915 0.3969644 0.8618342 -0.3141673 -0.1066655 0.9433565 0.5407128 0.3064456 0.7834033 0.8309974 0.4026045 0.3838659 0.06695967 -0.02127206 0.9975289 0.4489332 -0.2137544 0.8676221 -0.1050173 -0.2118353 0.9716467 -0.534883 -0.1150581 0.8370555 -0.9919756 0.08261376 0.09570622 -0.9995222 0.03088504 -0.001281738 -0.9968384 -0.01065105 -0.07873868 0.6307372 0.008789479 0.7759468 -0.1469783 -0.04385542 0.9881671 -0.07059049 -0.1329714 0.9886029 0.8773609 -0.1112418 0.466758 0.4364252 -0.8968995 -0.07144552 -0.01986765 -0.9346346 -0.3550543 0.3015897 -0.9137111 -0.2723523 0.2104018 -0.9231557 -0.3217372 0.5127243 -0.8562191 -0.06326651 0.7147555 -8.54533e-4 0.6993739 0.7853783 -0.07901388 0.6139525 0.700638 0.01318442 0.7133951 0.613489 0.09219729 0.7843028 -0.1909909 -0.03076362 0.9811096 -0.1453295 -0.07995867 0.9861471 -0.1837881 -0.03860706 0.9822075 -0.2325573 0.01492393 0.9724682 -0.9853662 0.007263481 0.1702959 -0.9845792 0.01269596 0.1744781 -0.9847615 0.0114752 0.1735319 -0.9839678 0.01672446 0.1775604 0.8713715 0.06134265 -0.4867741 0.9848124 -0.0664395 0.160407 0.2287406 -0.05090582 -0.9721555 -0.02176034 0.04434472 -0.9987793 0.9402649 -0.009216785 0.3403192 0.7247426 0.04022443 -0.6878447 0.9708083 0.09097701 -0.2219339 0.9758769 -0.157936 -0.1507335 0.9406933 0.03189253 -0.3377559 0.8695057 0.4634108 -0.1709102 0.9474164 -0.01010191 -0.3198442 0.745693 0.1380283 0.651836 -0.8319143 0.192278 0.5205264 -0.7803705 0.5795556 0.234813 -0.972437 0.225965 -0.05749839 -0.4360311 0.8994685 -0.02887135 -0.2403655 0.6147692 -0.7511879 -0.5433037 0.09412133 -0.8342437 -0.5389714 0.1451194 -0.8297291 0.6888117 0.6056172 -0.3984549 0.9713533 0.104588 0.2133876 0.95503 0.1520454 -0.2545587 0.9528561 0.1679141 -0.2527257 -0.7952148 0.008453845 -0.6062689 -0.9375633 0.09216928 -0.3353803 0.6898256 -0.05789488 -0.7216571 0.523001 0.4761851 -0.7069073 0.1797278 0.6658994 -0.7240691 0.08420312 0.1780809 -0.9804067 -0.07989937 0.2578265 -0.9628819 0.2932884 0.05530053 -0.9544234 0.4203426 0.1257396 -0.898611 0.6605595 0.2698515 -0.7006008 -0.8693033 0.01068162 -0.4941637 -0.7194511 -0.09952193 -0.6873759 -0.771277 0.1039173 -0.6279596 -0.1192681 0.1200311 0.9855799 -0.3416875 0.1896737 0.9204747 -0.2128075 0.2924922 0.9322882 -0.9050473 0.02151602 -0.4247664 -0.1006222 0.07129317 0.9923672 -0.946718 0.02719295 -0.3209136 -0.9485193 0.1560773 -0.2755922 -0.9987472 -0.04974657 0.005401909 -0.9964071 -0.06158685 0.05813819 -0.33882 0.01785349 -0.9406818 -0.1701152 -0.1060245 -0.9797039 -0.9739491 -0.08093607 0.2118315 -0.9367273 -0.1187503 0.3293027 -0.1987408 0.1195131 -0.9727378 -0.8425158 0.045901 0.5367125 -0.8758715 -0.01812839 0.4822039 -0.4891988 0.1229635 -0.8634608 -0.6145428 0.0082708 0.7888402 -0.5272566 0.1535441 -0.8357182 -0.7767552 0.1719476 0.6058757 -0.5336234 0.02530014 0.8453437 -0.445887 0.2207155 0.86745 0.03225898 0.9527556 -0.3020203 -0.1449346 0.8253857 -0.5456488 0.05063194 0.9497694 -0.3088276 0.01361131 0.9180006 -0.3963455 0.008575737 0.9241973 -0.3818193 0.009735643 0.9168018 -0.3992239 -0.2694852 -0.5991544 0.7539176 -0.2595937 -0.6181296 0.7419752 0.1315066 0.9474638 -0.291579 0.1082222 0.9357591 -0.3356232 0.2376794 0.9169641 -0.3204461 0.3260353 0.9059892 -0.2699717 -0.06888079 0.4865301 -0.8709444 0.05972623 0.8440115 0.5329893 -0.04989916 0.891074 -0.4511068 0.3319896 0.9041056 -0.2690281 -0.01812851 0.8935772 -0.4485434 -0.2375937 0.9308426 -0.2776352 -0.1256163 0.9438616 -0.3055258 0.1566246 0.8243546 -0.5439745 0.4852233 0.836895 -0.2533086 -0.01638883 0.8882015 -0.4591619 0.2441816 0.9343968 -0.2593801 0.1174692 0.8921129 -0.436275 0.05520939 0.9252842 -0.3752348 0.1048337 0.8973274 -0.4287347 -0.0586571 0.9394606 -0.3375991 0.0260632 0.8915204 -0.4522302 0.02249222 0.8873295 -0.4605873 0.03238075 0.703984 -0.7094774 0.01562559 0.620875 -0.7837539 -0.02932876 0.8595996 -0.5101259 -0.1175288 0.8169947 -0.5645412 -0.02835184 0.9050627 -0.4243321 0.003112971 0.9187233 -0.3948895 0.008667409 0.9135897 -0.4065451 -0.0157476 0.9696098 -0.2441496 -0.7507985 0.1109061 -0.6511539 -0.3097401 0.06360214 -0.9486916 -0.4572961 0.1097462 -0.8825169 -0.2345108 0.0329914 -0.9715536 -0.2062484 0.02975612 -0.9780472 0.7014806 0.05523949 -0.7105448 0.5868754 0.008575737 -0.8096318 0.9189479 -0.01593071 -0.3940572 0.9167012 -0.01751792 -0.3991894 0.5105839 0.8522753 0.113714 -0.1406304 0.8345351 -0.5327047 0.1573285 0.9461989 -0.282764 -0.35533 0.8117382 -0.4634885 -0.8050649 0.2814171 -0.5221828 -0.5564014 0.7251743 -0.4056349 2.74672e-4 0.9477699 -0.3189549 -0.02829146 0.8979415 -0.4392045 0.01162773 0.9515528 -0.3072656 -0.0511201 0.9938969 -0.09775382 -0.05502533 0.9947901 -0.08581876 -0.08514738 0.9950342 -0.05154621 -0.03537189 0.9469236 -0.319507 -0.04348945 0.9465147 -0.3197165 -0.04483258 0.9401109 -0.3379077 -0.4925557 0.8691065 -0.04519951 -0.1861064 0.9261679 -0.3279904 -0.1095962 0.9382366 -0.3281783 -0.2778438 0.9517921 -0.1299799 -0.2670743 0.9445111 -0.1912339 -0.2690556 0.9598227 -0.07968509 0.2781845 -0.945217 -0.1708171 0.4605119 -0.568277 -0.6819019 0.5686011 0.02926778 -0.8220926 -0.6444165 0.5948531 -0.480497 -0.02719205 -0.1256451 0.9917026 -0.7549648 0.2596254 -0.6021819 0.08139449 0.7970378 -0.5984193 0.0449844 0.8633414 -0.5026112 0.03833222 0.874225 -0.4840054 0.6496328 0.642125 0.4070047 0.6196029 0.2688446 0.737438 0.4753325 0.8574602 0.1970303 -0.162483 0.9617444 -0.2205606 -0.09882032 0.9538699 -0.2834905 -0.09958279 0.9540175 -0.2827261 -0.2323116 0.9594907 -0.1594014 0.3973847 0.9043928 -0.155432 -0.5244443 0.6973974 0.488462 -0.2020051 0.9793846 -2.44152e-4 0.2625602 0.931428 -0.2520004 -0.3054412 0.8181416 0.487186 0.962747 0.0147711 0.2700001 -0.0906412 0.9958024 -0.01272636 0.6915024 0.70194 -0.1706019 -0.04059016 0.9594849 -0.2788211 -0.8290113 0.3682698 -0.4208536 -0.8461981 0.3141618 -0.4304084 -0.7137902 0.6021499 -0.3576581 1.52594e-4 0.9179427 -0.3967131 0.9944673 0.08566731 0.06079417 0.995486 0.0670188 0.06720191 -0.7866876 0.5558726 -0.268567 -0.7836763 0.552187 -0.2845016 0.001464843 0.9164168 -0.4002228 -0.7949439 0.5588443 -0.2361301 0.1826857 0.8909669 0.4156971 -0.008667349 0.9948902 0.1005907 0.01730448 0.9895297 0.1432884 0.2837088 0.8905574 0.3555515 0.2335669 0.9063727 0.3520442 0.2177501 0.9759232 0.01260417 -0.09936881 0.8810438 -0.4624801 -0.0867353 0.8854203 -0.4566269 0.1492716 0.9336878 -0.3254921 0.6577173 0.7045031 0.2666149 0.8572958 0.1963936 0.4758923 -0.6555238 -0.002807736 -0.7551693 -0.6520382 -0.01812827 -0.7579696 -0.6821635 -0.04416114 -0.729865 0.7626495 -0.2335796 0.6031635 -0.5805679 0.4813193 -0.6567135 -0.6129708 0.01977616 -0.789858 -0.7602186 0.2253584 -0.6093286 -0.7650859 0.02090561 -0.643589 -0.7227381 0.6568155 -0.2150421 -0.8106842 0.001312315 -0.5854822 0.2920942 0.9563636 0.007049798 -0.07886213 0.774308 -0.6278758 -0.02810806 0.9253999 -0.3779484 0.1681947 0.8202202 -0.5467627 0.02914601 0.9360918 -0.3505461 0.08167046 0.8577843 -0.5074802 -0.1040406 0.9382277 -0.3300064 -0.08771127 0.9369301 -0.3383324 0.05273669 0.9261583 -0.3734297 0.09296166 0.9312649 -0.3522839 0.1812546 0.9065172 -0.3812786 0.08645987 0.920082 -0.3820654 0.0532251 0.926007 -0.3737354 -0.04074293 0.9639149 -0.2630745 -0.02349984 0.902486 -0.4300779 -0.09964442 0.8572779 -0.5051195 -0.03811836 0.9406917 -0.3371145 -0.08960378 0.9475543 -0.3067771 -0.1010487 0.8737006 -0.4758537 -0.242293 0.8154768 -0.5256346 -0.1689522 0.8661856 -0.4702953 -0.1442028 0.8827348 -0.4471966 -0.3495314 0.8554715 -0.3820949 0.05519878 -0.8395921 0.5404058 0.259212 0.7475658 -0.6115183 0.2078378 0.9361249 -0.2836788 -0.04367274 0.9988881 0.01776206 0.2576104 0.9579284 -0.1265315 -0.04004108 0.9987694 -0.02926784 -1.22074e-4 1 -1.52593e-4 6.1037e-5 1 9.15555e-5 1.67367e-5 1 1.90936e-5 2.09817e-4 1 -2.95875e-4 -0.02261459 0.999743 -0.001648008 -0.04202413 0.9989049 -0.0205695 -0.0167548 0.9998591 0.001098632 -4.57792e-4 0.9999999 9.15583e-5 -1.22074e-4 1 0 -0.009064137 0.999959 -1.22076e-4 -1.62803e-4 1 4.20811e-4 -7.1823e-4 0.9999998 -1.70208e-4 -0.05267643 0.4021539 -0.9140555 -0.109291 0.515264 -0.8500345 0.8772103 -0.02670419 0.4793634 0.9323304 0.01663291 0.361225 0.9702923 0.0290541 0.2401849 0.8751773 0.04770195 0.4814451 0.9084861 0.006500482 0.4178646 0.8815312 0.04407042 0.4700645 0.6832618 0.02124124 0.7298645 0.8688483 0.01641923 0.4948062 0.7816988 0.007812976 0.6236072 0.9983938 0.03329604 0.0458393 0.9632179 0.2453442 0.1096251 0.9132316 0.2019467 0.3538722 0.2210804 0.2093 -0.9525318 0.2900551 0.0378744 -0.9562603 0.8127542 0.03811836 0.5813584 0.8139777 -0.04156714 0.5794071 0.7258346 0.2710092 0.6322327 0.8520993 0.03534132 -0.5221855 0.7037687 0.04123115 -0.7092316 0.6620238 0.2888953 -0.6915664 0.04138368 0.4413042 0.8964029 0.1574189 0.04074335 0.9866912 0.3234132 0.56711 0.7574895 0.4338034 0.02612459 0.9006288 0.4431359 0.2784248 -0.852121 0.8063046 0.05078309 0.5893165 0.999056 0.04086434 -0.01474046 0.9841787 0.03994941 -0.1726158 0.9847317 0.153603 -0.08191347 0.5213634 -0.01113957 0.8532621 0.8311718 0.03360211 -0.5549995 0.7768781 0.2836498 -0.5621418 0.6160567 0.04608368 0.7863528 0.4926961 0.2217804 0.8414654 0.9060228 0.2965243 -0.3019872 0.9145454 0.04892265 -0.4015137 0.6548548 0.05722385 0.7535852 -0.2225472 0.08023542 -0.9716147 -0.2905157 0.04812932 -0.9556591 -0.4393207 -0.02111911 -0.898082 -0.7046793 0.3135197 0.6365002 -0.6305568 0.01730436 0.7759502 0.1757876 0.04422158 0.9834344 -0.3801133 0.06012225 -0.922984 -0.2894774 0.09747922 -0.9522083 -0.9321269 0.324636 0.1604716 -0.9475266 0.04055988 0.3170935 -0.9558808 0.03692775 0.2914245 -0.4999962 -0.01144468 0.865952 -0.3880503 0.07669448 0.9184417 -0.919743 0.03900289 0.3905787 -0.8088874 0.05121159 0.5857292 -0.8381601 0.05383658 0.5427608 -0.3962621 0.3672077 0.8415076 -0.4467307 0.3710142 -0.8141132 -0.9916699 0.05554372 -0.1162146 -0.99542 0.0225538 -0.09290093 -0.9829542 0.1708756 0.06784361 -0.5321316 0.04065144 -0.8456853 -0.8365305 0.00665313 0.5478801 -0.7621605 0.09201592 0.6408155 -0.6637594 0.03909492 -0.7469238 -0.6140385 0.105473 -0.7821971 -0.8260356 0.05026525 -0.5613722 -0.8335683 0.04211634 -0.5508088 -0.8921335 0.03595143 -0.4503394 -0.8707693 0.311813 -0.3801757 -0.9620255 0.09891265 -0.2544078 -0.1619328 0.7351676 0.6582602 -0.1706322 0.05688756 0.9836913 -0.9781679 0.03659236 0.2045695 -0.8175717 0.05581909 0.573115 -0.7374092 0.4170168 -0.5313424 -0.7618152 0.04699921 -0.6460872 -0.878533 0.05847525 0.4740892 -0.9380517 0.05056935 0.3427854 -0.8678477 0.05365294 0.4939249 -0.7503604 0.1105428 -0.6517204 -0.6918445 0.4915761 0.5288708 -0.9989401 0.02664285 0.03753805 -0.9992015 0.02560567 0.03067183 -0.4987992 0.7453605 -0.4423089 -0.2555959 0.9025053 -0.3466338 -0.3622006 0.8260908 -0.4317231 0.7387234 0.4231827 -0.524599 0.3327845 0.4852293 -0.8085833 0.973293 0.2294446 -0.007477223 0.1826898 0.02844417 -0.9827591 -0.05026465 0.01141405 -0.9986708 0.1708754 0.02758908 -0.9849064 -0.0581693 0.01080369 -0.9982482 0.03689789 0.7514476 -0.6587603 -0.7765398 0.3343113 -0.5340619 -0.09253418 0.1094418 -0.9896767 -0.9739313 0.2268193 -0.003296077 -0.9974412 0.06421124 -0.03143417 0.8940612 0.3175222 -0.3159657 0.4801522 0.8762862 0.03970491 0.8251497 0.512266 -0.2381419 -0.2147623 0.9743199 -0.06766068 -0.03195369 0.9985613 -0.04306274 -0.1712106 0.9841099 -0.04706001 0.9989217 0.01617509 0.04352027 0.9970998 0.01709085 0.07416218 0.9978302 0.02343881 0.06152701 -0.03134316 0.9987403 0.03918659 -0.3897001 0.9186899 0.06436502 -0.9963076 0.05572849 -0.06531161 -0.9977196 0.02392667 -0.06311279 -0.9980524 0.0248422 -0.05722248 -0.9871714 0.1406015 0.07565689 -0.4873281 0.8716544 -0.05224859 -0.677776 0.5777333 -0.4548009 0.1522624 0.9159551 -0.3712713 0.2190968 0.9436516 0.2480289 0.5184331 0.7442767 0.4210457 0.2853233 0.9432852 -0.1697168 0.0248726 0.9751603 -0.2201 0.03369301 0.9352874 -0.3522816 0.159922 0.8944337 -0.4176282 -0.02218741 0.92345 -0.383077 0.1194218 0.8945502 -0.4307184 0.01055955 0.9208182 -0.3898493 -0.2804754 0.8861071 -0.3689824 0.1177414 0.9271906 -0.3556047 0.1678842 0.9555451 -0.2423806 -0.07129263 0.9619623 -0.2637156 -0.9993305 0.0217902 -0.02938938 -0.2104308 0.03405952 0.9770154 0.6151764 0.07480263 0.7848329 0.07834202 0.0453816 0.9958931 -0.03921711 0.0157479 0.9991067 0.0942136 0.994538 -0.04492461 0.1802456 0.9781364 -0.1037343 -0.7454981 0.6120365 0.2639015 -0.5469584 0.8340795 0.07174974 0.8287827 0.4669761 -0.3083062 0.9639106 0.007324516 0.2661253 0.3007919 0.8945512 0.3306095 0.07040721 0.9915 0.1094105 0.4868098 0.7972193 0.3570122 0.1486878 0.9806014 0.1277214 0.004547357 0.8715984 0.4901997 -0.4349043 0.8468274 0.3061726 -0.1565012 0.9823752 0.102208 -0.05710089 0.9950997 -0.08072251 -0.452453 0.8344668 0.3145655 -0.02261424 0.9884969 -0.149541 0.1367255 0.9875976 -0.07718276 0.2426267 0.9695914 0.03201448 0.5263368 0.8468817 0.07590162 0.1103887 0.9924607 -0.05325633 0.3130345 0.886251 0.3414214 0.4252182 0.8826642 -0.2002337 0.5156481 0.8384774 -0.1762469 0.01441705 -0.8578431 -0.5137096 0.01302427 0.9841446 0.1768893 0.09390801 0.9489077 0.3012565 0.1527198 0.8922392 0.4249542 -0.1550686 0.7415891 0.6526862 -0.2580392 0.7221131 0.6418478 -0.0379045 0.8864533 0.4612633 0.06326639 0.7595939 0.6473135 -0.6891019 0.2564256 0.6777791 -0.6788029 0.07626688 0.7303494 -0.6819141 0.1040084 0.7239997 0.9404769 0.06735563 0.3331161 0.9861455 0.04706102 0.1590675 0.9843136 0.02694863 0.1743577 0.9493137 0.07489281 0.3052783 0.8613852 0.02917671 0.5071137 0.8599937 0.01843345 0.5099717 0.6927621 0.2378079 0.680829 0.969967 0.02578884 -0.2418661 0.9720678 0.03851521 -0.2315188 0.920034 -0.02243167 -0.3911961 0.9250401 0.02145504 -0.3792634 0.9798848 0.03973615 -0.195568 0.9919676 0.1163394 0.04965484 0.6426748 0.7605844 -0.0920915 0.4761279 0.8714414 -0.1178646 -0.8601456 0.0461446 0.5079571 -0.8969897 -0.1587609 0.4125585 -0.9742214 0.2095116 0.08365201 -0.8605806 0.05820012 0.5059779 -0.7369793 0.02047842 0.6756051 -0.6551338 2.74676e-4 0.7555128 -0.5253575 0.197215 0.8277112 -0.3302492 -0.01825052 0.9437174 -0.1870212 0.2215384 0.9570496 -0.01281791 -0.02053916 0.9997069 0.1809775 0.07873892 0.9803303 0.1612324 0.1097772 0.9807922 0.3299149 -0.005249321 0.9439961 0.2821813 -0.1001032 0.9541243 0.5581369 0.4243098 0.7130529 0.6985505 0.07059055 0.7120705 0.743203 0.0441612 0.6676071 0.843988 0.1585491 0.5123929 0.8964542 0.02972614 0.4421384 0.9371568 0.02664333 0.3478897 0.955035 -3.05191e-5 0.2964933 0.9844934 0.06366336 0.1634616 -0.1563194 0.1129821 -0.9812234 0.1141104 0.05798596 -0.9917744 -0.1198474 0.1103255 -0.9866433 -0.008575737 0.1692261 -0.98554 -0.3513693 -0.09808915 -0.9310845 -0.4422212 0.02496457 -0.8965585 -0.5534292 -0.003112912 -0.8328905 -0.6275944 0.1947423 -0.7537909 -0.7991423 -0.02514767 -0.6006157 -0.7864779 -0.1545794 -0.5979613 -0.9644857 -0.05371308 -0.2586163 -0.8195838 0.1995933 -0.5370708 -0.9693417 -0.1001631 -0.224375 -0.9974356 0.07046931 -0.01251292 -0.9713421 0.1576634 -0.1778672 0.9957943 0.04400789 0.0803557 0.9953654 0.0796231 -0.0539264 0.9684159 -0.2337797 -0.08670604 0.8872864 0.1118836 -0.4474428 0.8737038 0.1657192 -0.4573608 0.8236253 -0.1184455 -0.5546279 0.6809369 0.1131945 -0.7235413 0.6033008 -0.01660233 -0.7973409 0.5115655 -0.02298104 -0.8589369 0.4274576 -0.09656399 -0.8988634 0.2454352 0.1580588 -0.9564408 0.1853103 0.07141405 -0.9800817 0.7525097 0.5764449 0.3184974 0.9886547 0.1332448 0.06933856 0.9662558 0.2521158 -0.05279749 -0.6408709 -0.6947125 -0.326587 0.8331102 0.3995428 -0.3824827 0.8453836 0.278061 -0.4560799 0.7776847 0.540125 -0.3216701 0.9627131 0.001953184 -0.270518 0.9725466 -9.15568e-4 -0.2327068 -0.5755978 0.6045303 -0.5506634 -0.8880665 0.4226853 0.1807628 0.1595217 -0.0411393 -0.9863369 -0.6425622 0.7193193 0.2639956 -0.1393191 0.9883267 0.0616483 -0.6281144 0.7369761 0.249677 0.3844796 0.8474849 0.365985 -0.09247267 0.02069187 -0.9955003 0.6735205 0.01355034 0.7390444 -0.921185 0.02246195 -0.3884761 -0.9611795 0.03903436 -0.2731491 -0.9696303 0.09583073 -0.2250192 -0.9417728 -0.007202565 -0.336173 -0.8193206 0.570558 -0.05636906 0.8891629 0.1968064 0.413106 0.006561636 0.0295428 0.999542 -0.04532116 0.00939995 0.9989284 0.5164723 0.8550497 0.04632776 0.5075052 0.8603692 -0.04693865 0.5072018 0.8604027 -0.04953294 -0.5616061 0.8168038 0.1320241 -0.9545803 0.1347728 -0.2657309 -0.9679589 0.09366458 0.2329864 -0.4433906 0.6781788 0.5860702 -0.8885656 -0.2090563 0.4083465 -0.001464903 0.146888 0.9891521 0.01071214 0.5843789 0.8114102 0.03619551 0.1652908 0.9855805 -0.7704886 0.6241183 -0.1297067 -0.8226237 0.03445655 0.5675414 -0.6073362 0.434993 -0.6647737 -0.5547162 0.6127026 -0.5629258 -0.6921108 0.160286 -0.7037692 0.4890762 0.2324676 0.8406922 0.4196455 0.8112129 0.407224 0.224224 0.1844271 0.9569275 0.3262866 0.8868123 0.3272632 0.3976694 0.8046778 0.4408545 0.6752083 0.5691843 0.4691727 -0.1054141 0.9943841 -0.00939995 -0.003204464 0.9999867 -0.004059016 -0.7542806 0.5956726 -0.2761067 -0.1547006 0.9770038 -0.1467352 0.03827053 0.9036919 0.4264696 -0.2664627 0.6527741 -0.709143 -0.003845393 0.9994493 -0.03296095 -0.003936946 0.999409 -0.03415083 -0.003814876 0.9987455 -0.04992961 0.04168939 0.9550108 -0.2936264 0.1468866 0.9888068 -0.02618503 0.02917641 0.9972484 0.06814956 0.05557453 0.9874635 0.1477411 0.01049852 0.9988282 -0.04724347 -0.00388813 0.9999716 -0.006455779 0.4280045 0.8890616 0.1624244 0.005798637 0.9955438 -0.09412193 0.5681751 0.1372446 0.8113822 0.5968958 0.2190673 0.7718322 0.4835156 0.05728447 0.8734593 0.3637855 0.2658503 0.8927395 0.03363174 -0.3458393 0.9376908 -0.3522179 -0.3311599 0.8753718 -0.3426933 0.01263469 0.9393624 -0.5110145 0.02700954 0.8591477 -0.5128413 0.07532089 0.8551729 -0.565846 0.6273719 0.534998 0.4526358 0.3203945 -0.8321468 -0.01382523 0.4627649 -0.8863734 0.7156547 0.5379084 -0.4455255 -0.3843918 0.09201598 -0.9185728 -0.4303776 0.1315364 -0.8930136 -0.3242375 0.02002066 -0.9457639 -0.4277907 0.1837574 -0.885002 -0.6697447 0.7167749 0.1941024 -0.2262072 0.9417874 0.2487303 0.6215271 0.4154908 -0.6641321 0.5968299 0.4759441 -0.6459655 0.434597 0.7702499 -0.466734 0.6984449 0.1572683 -0.6981701 0.2014547 0.9127264 -0.3554527 0.02478188 0.8440189 0.5357406 -0.3553947 0.866162 0.3513662 -0.6362267 0.6444668 0.4241206 0.01596158 0.1308973 0.9912675 -0.003728747 -0.3243426 0.9459323 -0.003448665 0.9990466 -0.04352039 -0.256147 0.6776161 -0.6893659 -0.01126152 0.745032 -0.6669337 0.009613394 0.0773347 -0.9969589 -0.1662057 0.1315668 -0.9772748 -0.7346549 0.1032765 0.6705343 -0.1806437 0.2572777 0.9493029 -0.2504717 -0.2464126 0.9362397 -0.8734961 0.3093143 -0.3759381 -0.8545714 0.5153186 -0.06445676 -0.7688506 0.4778154 -0.4249249 -0.391346 0.8701903 0.2993615 -0.1156063 0.4725273 0.8737009 -0.2153415 0.9530146 -0.2130526 -0.3355247 0.5951794 0.730195 0.1707233 0.9509725 0.2578856 -0.2181195 0.9750828 -0.04046821 -0.120702 0.9829201 -0.1389217 -0.08252853 -0.985668 0.1471318 -0.07760918 0.9924703 -0.09476077 -0.6716029 0.619812 0.4059343 0.7789122 0.482082 0.4011144 -0.8123579 -0.2243765 0.5382657 -0.2260234 0.5152518 0.8266978 -0.6614032 -0.02142417 0.7497246 -0.2635316 0.888164 0.3764519 -0.5456857 0.8308888 -0.1088624 -0.7835232 0.4304143 -0.4481461 0.9080662 0.2843467 0.3075107 -0.1958709 0.9505446 0.241039 -0.1628204 0.9361488 -0.3116325 0.165412 0.8846186 -0.4359919 -0.1992882 0.9328705 -0.3000615 -0.3749003 0.8711152 -0.3171881 0.1264694 0.9911854 0.03946059 -0.08609455 0.8492267 -0.5209624 0.1282101 0.9232291 -0.3622295 -0.2792169 0.9600924 -0.01614445 3.96743e-4 0.9660375 -0.2584015 0.004730463 0.9645888 -0.2637161 -0.1575999 0.9847556 -0.07361173 0.04361218 0.9333131 -0.3564053 0.0245068 0.9273832 -0.3733093 0.04165905 0.9288906 -0.3680038 0.7064852 0.7075533 0.01571726 0.6837271 0.7288044 -0.03689795 0.668366 0.7414896 -0.05899322 0.2515097 0.8575319 0.4487561 0.2172698 0.6150944 0.7579267 -0.03729403 0.9405617 -0.3375694 -0.1034293 0.9402632 -0.3243571 0.08588063 0.8613703 0.5006654 0.83645 0.46463 0.2906379 -1.52597e-4 0.3738625 0.9274842 0.4721972 0.8803035 0.04577916 -0.003997981 0.3427889 0.939404 0.02163779 0.9198351 -0.3917081 -0.2182413 0.9080317 -0.3575605 0.04834187 0.7855251 -0.6169389 -0.0300306 0.8081417 -0.5882222 0.03067183 0.7186064 -0.6947404 -0.004699885 0.8503449 -0.5262049 -0.7706965 0.5223633 -0.3649158 -0.8240503 0.3398318 -0.4532719 -0.04944092 0.9715445 -0.2316398 -0.174417 0.9826256 -0.06344932 -0.5388788 0.592135 -0.5991544 0.1513118 0.7822561 -0.6043014 -0.7544713 0.3960814 -0.5233475 0.003997921 0.9262792 -0.3768169 0.01147526 0.9209854 -0.3894281 -0.6626359 0.2368911 -0.7104902 -0.5090665 0.3272919 -0.7960726 0.2057943 0.8577867 -0.4710105 0.2482094 0.8355436 -0.4901624 0.2507491 0.8341312 -0.491274 0.2003566 0.8599312 -0.4694418 -0.3301625 0.7671137 -0.5500268 -0.05938988 0.8634428 -0.5009384 0.3755365 0.8117142 -0.4473171 -0.04294019 0.9457531 -0.3220364 0.1006829 0.8932982 -0.4380427 0.3701946 0.8177851 -0.4406628 -0.3048259 0.1704498 -0.9370315 0.3690656 0.8184265 -0.4404188 -0.1031236 0.6176431 -0.7796683 -0.08994001 0.6403535 -0.7627964 -0.04046863 0.8227101 -0.567019 -0.8601781 0.1080983 -0.4984058 -0.6371208 0.49896 -0.587466 -0.5278599 0.4306868 -0.7320334 0.3531527 -0.1617932 0.9214696 0.6177096 0.5659185 -0.5460505 0.9961578 0.01190221 -0.08676439 -0.6272521 0.7752071 0.07489299 -0.7677428 0.5520936 -0.3252133 -0.6987205 0.6645994 -0.2647593 -0.5022243 0.8516388 -0.1499409 -0.04178106 0.9910274 -0.1269609 0.2143339 0.9764814 -0.0233469 -0.8587961 0.4932432 -0.1384938 -0.8559161 0.4986867 -0.1368184 0.741708 0.6609237 0.1142333 0.5733995 0.8122142 0.1073369 0.5657314 0.7895275 -0.2378959 0.5034838 0.8482651 -0.1641656 0.806997 0.5552415 0.2011541 0.7434807 0.5849329 -0.324176 0.1814645 0.9702522 -0.160254 0.7434871 0.6312666 0.220748 0.9963346 0.03399854 -0.07849574 0.9344648 0.01721274 -0.3556393 0.2696651 -0.879616 -0.3918628 -0.982226 0.1265931 0.1385871 0.6967892 0.420161 -0.5813342 0.7372563 0.4503437 -0.5036306 0.7378662 0.4528765 -0.5004562 0.3845359 0.2023085 -0.9006684 0.3176741 0.9347107 -0.1593711 0.4295244 0.8990898 -0.08453762 -0.1488728 0.9858324 0.07727468 0.731306 0.5753824 -0.3662329 -0.265672 0.654246 0.7080823 0.8735069 -0.2724807 0.4034106 0.7784221 0.06735581 0.6241171 -0.1319032 0.04803693 0.990098 0.006744623 0.04336732 0.9990365 -0.1630647 0.05121135 0.9852855 0.01016288 0.03790485 0.9992297 -0.3278624 0.0471819 0.9435466 -0.01306205 0.198159 -0.9800829 0.2213553 0.9151164 -0.3369923 0.2244362 0.5300527 -0.8177241 -0.246718 0.2986314 0.9219271 -0.2679626 0.2035356 0.9416843 0.03094679 0.8241491 0.5655267 0.1441245 -0.9509746 0.2736341 0.7232394 0.6838089 0.09659266 0.6459088 0.1351696 0.7513528 0.499499 0.8598024 -0.1060218 0.6474654 0.7604476 -0.05008202 0.0930534 0.8877766 0.4507704 0.902746 -0.3654626 -0.2269072 -0.06149649 0.9960905 -0.06341916 -5.49345e-4 0.1030022 -0.9946811 -0.01199382 0.1737432 -0.984718 0.01287889 0.109471 0.9939066 -0.1686781 0.8464424 -0.5050577 -0.1838768 0.9679397 -0.1711198 0.2537091 0.88229 0.3964796 0.07205486 0.9582294 0.276775 0.1845194 0.6873242 0.7025228 0.06933861 0.9608224 0.2683515 0.2992438 0.7996417 0.5206019 0.3327821 0.7432664 0.5803545 -0.06030642 0.9853205 0.1597083 -0.4640444 -0.05585008 0.8840496 -0.4707297 -0.148751 0.8696475 0.04321509 0.4490284 0.8924718 -0.09146589 0.6206984 0.7786961 0.002319395 -0.9936671 0.1123403 0.1019949 0.9904376 0.09290021 -0.07660365 0.906212 0.4158266 -0.132575 0.6689484 0.7313904 -0.3794782 -0.6143555 0.6917831 -0.3897359 0.8784165 0.276569 0.6432846 0.2547746 -0.7219937 0.7531864 0.432886 -0.495298 0.8759685 0.1269608 -0.4653602 -0.4338915 0.30272 -0.8485863 -0.9993115 0.01586979 -0.03354024 -0.01269584 0.1449041 -0.9893643 -0.01532059 0.994436 -0.1042228 -0.354019 0.9348544 -0.02679556 -0.6482918 0.7596263 0.05182182 0.1929522 0.5852268 -0.7875781 -0.220286 0.952528 -0.2101537 0.03311276 0.9961915 -0.08066087 -0.8052461 0.5928333 -0.01129204 -0.9076949 0.4064821 -0.1042222 -0.9481909 0.3151989 -0.03979659 -0.8351942 0.5497767 -0.0140084 -0.3463059 0.3176174 -0.8827182 -0.7761063 0.6089988 0.163645 -0.1409683 0.981163 0.1320872 0.02380484 0.9982792 0.05359148 0.02288961 0.9975904 0.06549477 0.02325558 0.997458 0.06735581 0.01507657 0.9970684 0.07501661 -0.09799659 0.9946151 0.03372347 -0.06534093 0.9849057 0.1602852 -0.09369391 0.9797886 0.1767367 -0.1684365 0.9501603 0.2623447 -0.7988344 0.5578565 -0.2250775 0.002227842 0.9947575 -0.1022377 0.03491324 0.9960655 -0.08145409 0.1500328 0.9819275 0.1153629 0.9251857 0.02560549 0.3786501 0.9256174 0.03247243 0.377065 0.8814947 0.05643051 0.46881 0.5873005 0.4853095 0.647729 0.3342779 0.8882033 0.3152034 0.4150601 0.8780659 0.2381712 0.6268358 0.7567259 0.1855878 0.9331348 0.1269002 0.3363863 0.9123455 0.2339614 0.3359876 -0.9399307 0.03167891 -0.3398925 -0.9536149 0.03915536 0.298472 -0.9431879 0.03454744 0.3304591 -0.9423187 0.03418177 0.3329672 -0.9124473 -1.83112e-4 0.4091944 0.007690846 -0.02713173 0.9996023 -0.2186694 0.07840359 0.9726442 -0.9690588 0.0907014 -0.2295613 -0.7302184 0.03640866 -0.6822431 -0.2820164 0.877004 -0.3890126 0.2409204 0.6930661 -0.6794239 -0.3003738 0.8765836 -0.3760013 -0.5979667 0.5504176 -0.582646 -0.6715203 0.6551313 -0.3462131 -0.6677602 0.6613817 -0.3415709 -0.09851455 0.9908527 -0.09222769 -0.08746755 0.9935779 -0.07178074 -0.09641075 0.9931623 -0.06583034 0.5810318 0.7781578 -0.23848 0.03527987 0.998977 -0.02829104 -6.7142e-4 0.9958081 -0.09146577 -0.9326571 0.1126452 0.3427271 -0.9219887 0.1312941 0.3642786 0.9455838 0.3220106 0.04669469 0.9596169 0.2553851 0.1179569 0.933577 0.3583239 0.006164789 0.7364877 0.4471053 -0.5076248 -0.8412146 0.4343564 0.3220134 -0.02254027 0.7886256 0.6144606 -0.01972365 0.7872757 0.6162857 0.04004132 0.9922437 -0.1176824 0.3486344 0.01946711 -0.9370567 -0.9800882 0.03488326 0.1954744 0.4067391 0.691004 -0.597559 0.1690145 0.9841171 -0.05429333 0.1168267 0.9900359 -0.07861691 0.04235994 0.996405 -0.07336694 0.3032709 0.8605545 -0.4092342 0.302536 0.877974 -0.3709904 0.06818073 0.9754972 -0.2091811 0.07678568 0.993209 0.08740627 0.3426726 -0.7853099 -0.51562 0.344 0.5166202 0.7840712 -0.2537388 0.6752737 0.6925477 -0.2613052 0.1959941 0.9451486 0.002838194 0.9981166 -0.06128168 -0.01358103 0.9960264 -0.08801752 -0.003418028 0.9952411 -0.09738475 0.00363177 0.999046 -0.04352033 0.5024058 0.2624644 -0.8238332 0.471855 0.2675605 -0.8400979 0.6024816 0.03930884 -0.7971643 0.9077358 0.4184197 0.03067189 0.7679562 0.4417053 0.4638317 0.9269358 0.2650917 0.2655495 0.2640165 0.9590779 0.1022984 0.02618521 0.9014077 0.4321789 0.07687878 0.2272488 0.9707974 0.7508562 0.550866 0.364365 -0.01406913 0.995859 -0.0898168 -0.004577815 0.9920144 -0.1260427 0.4108178 0.6519798 -0.6373 -0.9097713 -0.03095608 -0.4139543 -0.1826258 0.6317745 -0.7533318 0.4011999 1.52594e-4 -0.9159907 0.4116128 0.6506088 -0.6381875 0.2422915 0.06570768 0.9679759 0.05359053 -0.01321452 0.9984756 -0.01547294 0.9921314 0.1242415 -0.3727664 0.8166436 -0.4406115 0.008606374 0.4379197 -0.8989729 -0.6009874 0.3965992 -0.6939189 -0.455407 0.6363246 -0.622652 -0.5140051 0.6623897 -0.5450127 -0.1570829 0.8813368 -0.4456125 -0.6644464 0.7025657 -0.2547792 -0.1487827 0.3533551 -0.9235821 -0.1861085 0.3465805 -0.9193724 -0.3607034 0.2268473 -0.9046731 -0.226635 0.5531287 -0.8016765 0.3116955 -0.02489757 0.9498558 -0.1316602 0.8306432 -0.5410153 -0.05643045 0.9474156 -0.3149914 -0.2295358 0.9356612 -0.2680512 0.9826194 -0.02548152 0.1838752 -0.9050216 0.3582364 -0.2293531 -0.9506536 0.2646961 -0.1618452 -0.9667164 0.2392681 -0.09061056 0.7057872 0.03247243 0.7076794 0.8728107 0.4880586 -5.18822e-4 0.424125 0.03952229 0.9047409 0.414964 0.02826035 0.9093989 -0.5637475 0.08780324 -0.821267 -0.6069654 0.02539193 -0.7943226 -0.9136519 0.3630253 0.1829013 -0.9290046 0.348041 0.1257696 -0.5202311 0.7583728 0.3927217 0.5737919 0.06497538 0.8164197 0.7188491 0.03625679 0.6942201 0.3116973 0.1041026 0.9444615 0.2618565 0.110175 0.9587976 -0.08228033 0.6051389 0.7918567 -0.9543966 0.03952234 0.2959142 0.002296984 0.9999957 0.001842558 -0.001520752 0.999996 -0.002411603 0.002929806 0.9998986 0.01394724 -4.2726e-4 0.9999094 -0.01345866 -0.001647949 0.9998485 -0.01733452 -0.002197027 0.9999976 -2.82469e-5 -7.62973e-4 0.9999223 0.0124517 -5.65865e-6 1 -2.41808e-6 -0.007399916 0.9998861 0.01315653 0 1 -1.51833e-6 0 1 -8.27621e-6 0 1 4.33614e-6 0 1 4.42794e-6 0 1 4.7722e-6 0 1 -3.16517e-6 0.7410249 0.6700078 0.04440468 0.8923872 0.4472312 -0.06024527 0.4946913 0.7809646 -0.3812806 0.2999138 0.4858072 0.8210013 0.1220754 0.9328092 0.3390646 0.1317206 0.9213727 0.3656803 0.2613032 0.8756801 0.4060851 0.5026518 0.8514562 0.1495442 -0.7619528 0.4630742 -0.4527586 -0.8925265 -0.09167891 -0.4415786 -0.7912801 0.4798587 -0.3789611 0.01165831 0.1407238 -0.9899803 0.02887141 0.9216586 -0.3869263 -0.05810916 0.9298686 -0.3632738 -0.07699847 0.9345416 -0.3474241 -0.6819522 0.7280058 0.07034683 -0.8074199 0.5478223 0.2190068 0.1416106 0.8749343 -0.463073 0.1865956 0.7982047 0.5727578 0.1395038 0.6419132 0.7539802 0.9743284 0.04022443 0.221509 0.6822033 0.1126781 0.7224281 -0.03317421 0.9993471 -0.01431339 0.1971529 0.8617659 0.4674295 0.2048483 0.8578788 0.471255 0.2224545 0.8486782 0.4798535 0.2433292 0.8371709 0.4898324 -0.1766149 0.0671423 0.9819874 -0.2139694 0.05801677 0.975116 -0.3467591 0.0242322 0.9376412 -0.3836216 0.01443535 0.9233776 0.4276977 0.8644292 0.2642668 0.0705896 0.9973185 0.01931828 0.5942398 0.6044027 0.5306378 0.1840911 0.978564 -0.0923202 0.2555024 0.9665265 -0.02334678 0.3096786 0.9507657 -0.01199406 0.9638665 0.2079293 0.1665143 0.5661283 0.08350008 -0.8200773 0.6070527 0.02441513 -0.7942865 -0.4185441 0.0400415 0.9073135 -0.4043177 0.0220043 0.9143539 -0.1286216 -0.0723049 0.9890544 -0.7619277 -0.08656036 0.6418517 0.3963803 0.770726 -0.498863 0.2295929 0.6050963 -0.7623291 0.05169862 0.9795582 -0.194404 0.6771371 0.7341171 0.05057084 0.4065408 0.9135801 0.0097965 0.08844542 0.3299461 -0.9398474 0.8975993 0.4363936 0.06225907 0.5983387 0.6929193 -0.4023107 0.4872688 0.5318573 -0.6926017 -0.9967035 -0.06497895 -0.04858183 0.4715878 0.7494071 -0.4647514 0.9702005 0.2416803 -0.01736533 0.4830822 0.8516274 -0.2033773 0.7238289 0.672251 -0.1554048 0.007781803 0.9999698 -6.10754e-5 1.13198e-5 1 -7.93663e-6 -0.005798518 0.9999757 0.003875851 0.005493342 0.9999731 -0.004882931 0.005859553 0.9999788 -0.002868711 -0.007202506 0.9999595 0.005401849 0 1 -3.03575e-6 0 1 0 0 1 1.59282e-6 0 1 5.88663e-6 0 1 -6.54041e-6 6.86156e-6 1 8.27102e-6 0.001101016 0.9999975 -0.001945793 0.001016139 0.9999976 -0.001970946 6.52396e-4 0.9999986 -0.001534819 0.8298193 0.05200481 0.5556036 -0.4290044 -0.007843315 -0.9032683 -0.4605653 0.01504594 -0.8874983 0.5344526 0.01602256 0.8450467 0.5890475 -0.02676516 0.8076552 -0.7171051 -0.5269717 0.4561371 -0.861859 -0.05340838 0.5043279 -0.9626878 -0.1143237 0.2452803 -0.8967915 -0.06662452 0.4374086 -0.7965822 -0.04669439 0.6027241 -0.7121033 -0.08554512 0.6968437 -0.6306461 -0.001281797 0.7760695 -0.7496705 0.1109979 0.6524367 -0.4544043 -0.3054693 0.8367827 -0.4574533 0.006561636 0.8892095 -0.2167181 -0.3349197 0.9169853 -0.1213424 0.0184943 0.9924385 -0.07022339 0.08359056 0.9940229 -0.3380326 -0.07806855 -0.9378909 -0.1369079 -1.22076e-4 -0.9905838 -0.2586795 -0.3122404 -0.9141066 -0.370161 -0.1446585 -0.9176355 -0.5035997 0.02035635 -0.8636973 -0.6214898 -0.01187187 -0.7833323 -0.4159175 -0.09280925 -0.9046542 -0.52152 0.04083526 -0.8522615 -0.6145375 -0.02755892 -0.7884062 -0.6807228 -0.02749747 -0.7320249 -0.7583923 -0.01303148 -0.6516681 -0.7182088 -0.09302258 -0.6895818 -0.7504687 -0.4504338 -0.4836387 -0.8384846 -0.4789684 -0.259871 -0.9292861 -0.01461875 -0.3690714 -0.9727178 -0.1584573 -0.1694443 -0.9981713 -0.06042677 -0.001647949 -0.9966994 -0.07895338 0.01889145 -0.6080565 -0.003631711 -0.7938854 -0.6265992 -0.02820014 -0.7788313 -0.6090175 -0.00488311 -0.7931419 -0.5893872 0.02014267 -0.8075996 0.3590278 -0.09097772 -0.9288822 0.3087644 -0.04107904 -0.9502511 0.3093085 -0.04159718 -0.9500516 0.2496797 0.01580905 -0.9681994 0.9710892 0.05569744 -0.2321287 0.9555945 0.1086797 -0.2739121 0.9736813 0.04483252 -0.2234608 0.9858433 -0.02649015 -0.1655635 -0.2049064 -0.0415672 -0.9778986 0.04879939 0.03802633 -0.9980845 0.4436203 -0.001739561 -0.8962132 0.4242106 0.01364183 -0.9054608 -0.8328996 0.05340856 0.5508411 -0.5883196 -0.02691793 0.8081803 -0.5339323 0.01577836 0.8453801 -0.9847691 -0.0694316 0.1594027 -0.857948 0.06030535 -0.5101848 0 1 4.86384e-6 1.34553e-6 1 3.78379e-5 -1.62583e-5 1 0 4.2854e-4 0.9999999 -5.17132e-4 -2.99873e-5 1 7.00193e-6 -6.82217e-5 1 -1.77322e-6 5.98801e-5 1 7.31287e-5 1.4904e-6 1 1.02054e-4 5.64794e-5 1 8.32232e-5 4.96601e-7 1 2.96946e-5 4.44807e-5 1 -5.41983e-5 0.6732597 -0.7393649 0.007812976 0.9510704 -0.1841224 0.2481212 0.7110911 -0.5146407 0.4790557 0.8324083 0.03625667 -0.5529755 0.3023535 -0.9457891 0.1185975 -0.06338757 -0.9600301 0.2726245 0.8871769 -0.1482952 -0.4369504 0.4167697 -0.5647571 0.7122868 0.5194661 -0.3253949 0.7901096 0.05508714 -0.069126 0.9960859 -0.2079286 -0.9394176 0.2725077 0.04703038 -0.9987483 0.01702982 -0.6801223 -0.3595172 0.6388907 -0.5798888 -0.7471321 0.3248427 -0.4707865 -0.8479405 -0.2436333 -0.2355479 -0.07269692 0.9691401 -0.6181979 -0.7743343 0.1350476 -0.6501166 -0.7550106 0.08548378 0 1 -2.93287e-6 2.43599e-6 1 0 2.79388e-5 1 2.9813e-5 0 1 -1.87102e-6 5.03781e-5 1 3.44865e-5 1.19245e-5 1 3.40723e-5 2.01809e-5 1 0 9.0124e-7 1 1.41953e-6 1.9939e-5 1 -4.48416e-6 0.01324522 -0.9969948 0.07632803 0.009308338 -0.9976463 0.067936 0.02352988 -0.99677 0.0767849 -0.05679547 -0.9968361 0.05560529 -0.01837253 -0.9955655 0.0922594 0.02194321 -0.9969063 0.07547372 -0.01483201 -0.9954851 0.09375303 -0.04477149 -0.9984634 0.03265541 -0.04062038 -0.9936891 0.104557 0.006714165 -0.9930577 0.1174371 0.03866702 -0.9928308 0.1131018 -0.02945071 -0.9973577 0.06640911 -0.09988963 -0.9922127 0.07440602 -0.00238043 -0.9927712 0.1199992 -0.02621555 -0.9975959 0.06415033 0.00915569 -0.996537 0.08264541 -0.001434385 -0.9962939 0.08600258 0.003204524 -0.9983807 0.05679655 -3.05194e-4 -0.9962154 0.0869193 -0.02148556 -0.9952653 0.09479296 -0.02130258 -0.9956362 0.09085637 0.9568704 0.05954307 -0.284348 0.8917398 -0.09268671 -0.4429553 0.1465539 0.01788431 -0.989041 0.1377304 0.02285838 -0.9902061 0.124274 0.03042757 -0.9917813 0.1131638 0.0366531 -0.9929001 -0.6225244 0.007385551 -0.7825655 -0.6354463 -0.001770079 -0.7721431 -0.601681 0.02188205 -0.7984367 -0.5860055 0.03256434 -0.8096526 -0.9823892 -0.06314462 -0.1758528 0.2850458 -0.9490741 0.1341912 0.707657 -0.6781446 -0.1983466 -0.5606389 -0.7907847 -0.2456495 -0.4566037 0.3431623 -0.8208245 0.9532058 0.1399304 -0.267989 -0.3614996 -0.9217705 -0.140205 -0.2407338 -0.4727697 -0.847665 0.244362 -0.1657462 -0.9554138 0.2785449 -0.9359498 -0.215432 0.5311495 -0.178413 -0.8282808 0.8609429 -0.2098491 0.4634015 0.8551575 -0.2151322 0.4716184 0.6252757 -0.1783843 0.759743 0.9796865 0.1174061 0.162574 -0.3621736 0.03814923 -0.9313297 -0.2630735 -0.08444595 -0.9610729 -0.2895085 -0.05276829 -0.9557198 -0.1904702 -0.1681606 -0.9671832 -0.05350363 0.9953193 -0.08048003 -0.2313974 -0.9666076 0.1101136 -0.06625747 -0.944238 0.3225284 0.1025747 0.9765805 -0.1891268 0.04876929 0.9903405 -0.1297972 0.2211405 0.9219477 -0.3179772 0.01535117 0.9955713 -0.09274822 0.1401438 -0.9893687 -0.03885078 0.03192305 -0.9927285 0.1160645 0.01245164 -0.9964096 0.08374369 0.1080055 -0.9919482 0.06613391 0.1258304 0.9911235 -0.0429064 0.03906464 -0.8052507 -0.5916464 0.05301225 -0.9797046 -0.1933101 0.1829339 -0.9803171 -0.07425391 0.2096366 -0.9610508 -0.180094 -0.04529058 -0.998896 0.01248234 0.006317436 -0.9923574 0.1232359 0.3101704 -0.9153428 0.2567916 0.2456223 -0.9487348 -0.1989272 0.4360023 -0.8965045 -0.0786243 0.05087476 -0.961189 0.2711594 0.7902049 -0.01437455 -0.6126743 0.6874207 0.05136424 0.7244408 0.6943842 -0.09613704 -0.7131538 0.5397929 -0.04675537 0.8404985 0.9984658 -0.01934915 -0.05188262 -0.05908411 -0.4163355 0.9072892 0.6477758 -0.5761161 0.4984745 0.1719123 -0.7894903 0.5891956 0.0614354 -0.5618304 0.824968 -0.1006526 -0.4565991 0.8839607 0.486731 -0.8449448 0.221723 0.01644968 -0.6465441 0.7626993 0.7303264 -0.5034766 0.4616652 0.08512306 -0.9616507 0.2607334 -0.006611227 -0.5287145 0.8487741 0.3888772 -0.3708098 0.843371 0.4188449 -0.8802335 0.2230645 -0.3576273 -0.9336825 0.01843374 -0.02035599 -0.998269 0.05517792 -0.3490814 -0.9345054 -0.06958431 0.5953457 -0.8025432 -0.03857672 -0.1374266 -0.9550892 -0.2625236 0.0699501 -0.9961181 -0.05343919 0.3676615 -0.8125969 -0.4522294 -0.3400798 -0.7838957 -0.519474 0.006836235 -0.9931468 0.1166738 0.007202506 -0.9948368 0.1012324 0.006866753 -0.9960494 0.08853566 0.0871002 -0.9953661 -0.04074239 0.01138341 -0.9949368 0.09985685 0.02496433 -0.9947587 0.09915542 0.007080316 -0.9966769 0.08114898 0.007873892 -0.9965074 0.08313381 -0.3643423 -0.3218896 0.873866 -0.9277051 -0.1015685 0.3592314 -0.88655 -0.2757402 0.3714787 -0.9328073 -0.1067852 0.3441911 -0.917155 -0.3263084 0.2288004 -0.5542926 -0.3159975 0.7700034 -0.437197 -0.6485471 0.6230936 -0.2248643 -0.7880628 0.5730561 -0.6961119 -0.5972909 0.3983363 -0.4174364 -0.8902034 0.1824415 -0.1046804 -0.9905572 0.08853578 -0.2889232 -0.9070547 0.3062275 -0.7552557 -0.5620699 -0.3371443 -0.3662032 -0.890009 -0.2716233 -0.7559626 -0.6388906 0.1426166 -0.4017006 -0.6208323 -0.6732042 -0.7676157 -0.6369941 -0.0707432 -0.6160896 -0.1043764 0.78073 -0.54242 -0.07471126 0.8367788 -0.5589902 -0.03689771 0.8283529 -0.465941 -0.1066046 0.8783704 -0.9557149 -0.1060494 0.2745228 0.007540643 -0.9995614 0.02863919 0.2128708 -0.8601509 0.4634939 -0.265031 -0.964232 0.003906488 -0.1384974 -0.9843141 0.1092902 -0.5547071 -0.8262621 0.09793436 -0.2233914 0.9650114 0.1372929 0.1474371 -0.9856711 0.08194339 0.1286692 -0.9588546 0.2530658 -0.4386774 0.898552 0.01290279 -0.1246399 -0.9912297 -0.04391694 0.1081187 0.9890186 -0.1007605 0.09528183 -0.985017 0.1437468 -0.05899244 -0.9962187 0.06378388 0.7442749 -0.6332761 -0.2121704 0.06061094 -0.9615051 0.268019 -0.002166807 -0.9869193 0.1612007 -0.01226848 -0.9962825 0.08526915 0.01904362 -0.9402186 0.3400388 -0.01547336 -0.9958819 0.08933055 -0.01654142 -0.9967893 0.07834291 1.83113e-4 -0.9961647 0.08749741 -0.00540173 -0.9974693 0.07089465 -0.007751822 -0.9980338 0.0621978 0.01071226 -0.9947178 0.1020873 -3.05186e-4 -0.9969815 0.07763928 0.04825013 -0.996255 0.07174962 0.1603456 -0.9750748 0.1533568 1.2073e-5 -0.9961997 0.08709913 3.9979e-4 -0.996141 0.08776605 -0.006409049 -0.990689 0.1359943 -0.005340814 -0.9967862 0.07992964 -0.6040324 0.7224767 0.3364111 -0.4114582 0.9077596 -0.08169955 -0.0332663 0.9034091 -0.4274873 -0.1837878 0.4462243 -0.875846 -0.3863744 0.8935747 0.228559 0.1042532 0.9223484 -0.3720279 0.2529405 0.9195646 -0.3007026 0.09964513 0.9270204 -0.3615303 -0.1877552 0.9164665 -0.3533229 -0.2312451 0.9462831 -0.2259958 0.1262592 0.9821174 0.1396572 0.1102041 0.9909219 0.07699942 -0.01706016 0.9198772 -0.3918352 -0.3649463 0.9133118 0.180764 0.4399631 0.8013396 -0.4053239 0.04498457 0.9936287 -0.1033364 0.04509407 -0.9260894 0.3746 0.366784 0.8509768 -0.3759094 -0.2967402 0.8996511 -0.3202706 -0.2447347 0.7401555 -0.6263183 -0.2475772 0.7340641 -0.6323413 -0.3171514 0.9390026 0.1330009 0.05551457 0.8527399 -0.5193775 0.7688527 0.4950909 -0.4046609 -0.1991679 0.9232956 -0.3284165 -0.2299667 0.9144647 -0.332971 0.1531444 0.8931698 -0.4228411 -0.08893394 0.9357599 -0.341239 0.4083164 0.861313 0.3023537 -0.1409388 0.8387047 -0.5260331 0.4211068 0.8370558 0.3492946 6.08498e-4 -0.9279217 0.3727747 0.07699942 0.9226197 -0.3779472 0.5390585 0.8317059 -0.1329716 -0.5032268 0.8627703 -0.0488913 0.2859984 0.9109464 -0.2972906 0.1670326 -0.6950486 0.6992908 0.2506837 -0.8844124 0.3936656 0.3352531 -0.7260816 0.6003425 0.3794759 -0.7197346 0.5813606 0.01696842 -0.7539053 0.656764 -0.1489048 -0.8223796 0.5491076 0.4710563 -0.8820518 0.009521782 0.7785192 -0.3507289 0.5204777 0.05273646 -0.9604573 0.2733874 0.4965798 -0.416253 0.7616706 0.5391186 -0.7990491 -0.2662175 -0.8788192 -0.4318714 0.2028889 -0.9414073 -0.3368447 0.01696884 -0.6533434 -0.7539635 -0.06842279 -0.3843553 -0.922831 0.0255748 -0.4010257 -0.8967533 -0.1871148 -0.2239509 -0.943475 -0.2443378 -0.4823247 -0.548002 -0.6834155 -0.651305 -0.2346602 -0.7216207 -0.3496248 -0.454854 -0.8190668 -0.5751873 -0.6911282 -0.4376087 -0.291432 -0.6858374 -0.6668542 -0.5299097 -0.6274195 -0.5705617 -0.7611456 -0.5894148 -0.2706431 -0.8619955 -0.3143213 -0.3977009 -0.08850747 -0.6511406 -0.7537788 -0.1089215 -0.2442724 -0.9635699 0.1016606 -0.4711303 -0.8761858 -0.1941615 -0.7708172 -0.6067473 -0.9606255 -0.2365245 -0.1457906 -0.298078 -0.2099699 -0.9311618 -0.5915266 -0.6098688 -0.5274054 -0.4310848 -0.7880688 -0.4394471 -0.08496642 -0.9414981 -0.3261321 -0.8090073 -0.1738688 -0.5614953 -0.443597 -0.3349486 -0.8312829 -0.4226636 -0.05777323 -0.9044433 -0.2480878 -0.8745486 -0.416674 -0.4865904 -0.0163542 -0.8734772 -0.37328 -0.6720017 0.6395903 -0.8578711 -0.2657938 0.4397852 -0.008636891 -0.9248855 -0.3801476 -0.8910732 -0.09192425 -0.4444532 -0.5275886 -0.1621495 -0.8338812 -0.1294013 -0.9912633 0.02554452 -0.8755103 0.003936946 -0.4831833 -0.8052831 0.3486834 -0.4795197 -0.6244518 -0.05502593 -0.7791227 -0.1117931 -0.5228608 -0.8450556 0.03006076 -0.03753787 -0.998843 -0.8856021 -0.020051 -0.4640118 -0.9473775 -0.04498529 -0.316942 -0.432299 -0.03375375 -0.9010984 -0.9946672 -0.04736506 -0.09161728 -0.8390329 0.3207564 0.439476 -0.9908747 -0.08572906 0.1040102 -0.6623244 0.3299109 0.6726703 -0.770463 -0.2314898 0.5939692 -0.8260638 -0.3276849 -0.4585208 -0.9344367 -0.01922708 -0.3556097 -0.9798555 -0.1620579 -0.1167061 -0.006591975 -0.99991 -0.01168859 -0.05298072 -0.9970513 0.05551379 -0.05432349 -0.9984846 0.008819937 0.01565641 -0.9994789 -0.02823036 0.02539211 -0.9724696 -0.2316421 -0.1472547 -0.9889714 0.01586991 -0.5317173 -0.5968772 -0.6008448 -0.7942855 -0.2869389 -0.5355155 -0.7248063 -0.1457914 -0.6733505 -0.7137216 -0.554381 -0.4280925 -0.2298404 -0.4966091 -0.8369903 -0.481351 0.5461435 -0.6855863 -0.3454764 0.04715198 -0.9372421 -0.9779273 0.05151641 -0.202495 -0.7863209 -0.6105928 -0.09421199 -0.9871726 -0.1546406 -0.03970539 -0.9812439 -0.0345779 0.1896445 -0.7509875 -0.6465812 0.1339796 -0.9498553 -0.2342974 0.2070741 -0.519006 0.009766042 0.8547149 -0.784368 -0.4621487 0.4137457 -0.6244872 -0.1856492 0.7586503 -0.26155 -0.3595778 0.8957095 -0.4964799 0.04605287 0.8668257 -0.3838147 -0.5353751 -0.7523695 0.08691853 -0.4424666 0.8925629 -0.02652126 -0.2105224 0.9772292 0.02627718 -0.5380263 -0.8425183 -0.1484163 -0.032076 -0.9884048 0.1282089 -0.02117991 -0.9915211 -0.3841432 -0.211619 0.8986943 -0.1341932 -0.2040518 0.9697191 -0.0994606 -0.3339668 0.9373227 -0.6590357 -0.01309281 -0.7519978 -0.1984372 -0.09995108 -0.9750038 -0.4495793 -0.5825212 -0.6771615 0.2664358 0.6230568 0.7353993 0.4746342 -0.2395145 0.8469683 0.5699152 0.1099606 0.8143128 0.8907893 0.0611906 -0.4502777 0.8756063 0.06628847 -0.4784552 0.7488423 0.07043761 -0.6589946 0.6785314 -0.1920567 -0.70902 0.4425557 0.5956999 0.6702883 0.6549713 0.103643 -0.7485125 0.5558438 0.04947137 -0.8298134 0.580967 0.5487996 -0.6010794 0.4750901 0.004547297 -0.8799254 0.4316398 0.4257495 -0.7952513 0.7387415 -0.1291561 0.6614981 0.3033016 0.1073061 -0.9468334 0.7783394 0.08795726 0.6216522 0.7094362 0.04015445 0.7036249 0.2680158 0.07226842 -0.9607002 0.2579172 0.06723362 -0.9638249 0.01907438 0.5274918 -0.8493461 0.7094293 0.145945 0.6895 0.6813728 0.4190598 0.6001001 0.9517716 0.05682671 -0.3014991 0.9754807 -0.04275715 -0.2158918 0.9935441 -0.08023428 -0.08020377 0.976516 0.09531074 -0.1932157 -0.01284843 0.5512623 0.8342332 0.08612608 0.4886482 0.8682196 0.8892908 0.0576502 0.4536943 0.8893069 0.05227982 0.4543129 0.2892317 -0.04367315 0.9562624 0.1809472 0.04141426 0.9826205 0.9588269 0.07049971 0.2751016 0.9672021 0.05853503 0.2471718 0.1868693 0.5288375 0.8278955 0.9967479 0.008697867 0.08011215 0.3636609 0.1275072 0.9227637 0.3163619 0.14872 0.9369086 0.3972401 0.1077333 0.9113693 0.4166627 0.03497147 0.9083883 -0.6954084 0.674106 0.2489749 -0.9567782 0.08926874 -0.276779 -0.9768301 0.0943045 0.1921188 -0.4270858 0.8827072 -0.1960248 -0.8698585 0.3517949 -0.3458132 0.2724179 0.5587528 0.783316 0.3546338 0.09103894 0.9305627 0.5195572 0.02475094 0.8540772 0.8991695 0.07642114 0.4308762 0.5032961 0.7192211 0.478972 0.9282233 0.1016303 0.3578729 0.4617577 0.02520895 0.8866479 0.9997101 -0.00552392 0.02343857 0.9799947 0.07556498 0.1841209 0.6235454 0.07300281 0.7783712 0.3732192 0.4990499 0.7820848 0.4387474 0.5706829 0.694134 0.9659673 0.2572474 0.02704012 0.7673459 0.6239664 0.1478048 -0.1081891 0.1601321 0.9811488 0.1344687 0.06140512 0.9890134 -0.008514821 0.4640735 0.8857559 0.906777 -0.2645376 -0.3282916 0.5468775 0.5255444 0.6517117 0.8755645 0.4678894 -0.120276 0.1796669 0.4701189 0.8641227 0.9709227 0.06079328 -0.2315455 0.8042171 0.5889942 -0.07950305 0.5873127 0.5512694 0.5925925 0.8746431 0.2509574 -0.4147528 0.792925 0.2483059 -0.55643 0.7123224 0.4509849 -0.537782 0.6011933 -0.03109878 -0.7984984 0.639252 -0.01419132 -0.7688664 0.4894707 -0.1574497 -0.8576877 0.5302405 0.6430395 -0.5525806 0.5474277 0.6174088 0.5649153 0.3787991 0.1924514 -0.905248 0.4761255 0.2084441 -0.8543158 0.224986 0.02099704 -0.9741358 0.203926 -0.01388597 -0.9788879 0.1388328 0.06534206 -0.9881579 0.1367857 0.07019346 -0.9881106 0.08276838 -0.08087617 -0.9932817 -0.04577869 0.3706856 -0.9276296 0.05707085 0.7218399 -0.6897031 -0.1547056 -0.08862066 0.9839779 -0.2338988 0.5148583 -0.8247499 -0.9826336 0.1663918 0.08212774 -0.9898891 -0.04962414 0.1328804 -0.9923495 0.0579552 -0.1090131 -0.8763243 0.3091886 0.3694027 -0.9453895 0.0178231 0.3254554 -0.3779819 -0.04464977 0.9247357 -0.5621256 -0.02993893 0.8265098 -0.5245388 -0.02835261 0.8509144 -0.8810696 0.2057934 0.4258701 -0.8807231 -0.06305265 0.4694159 -0.1298291 0.01519858 -0.9914199 -0.1328194 0.7054505 -0.6962032 0.1598594 0.6492342 -0.7435995 -0.523007 0.6904657 0.4997209 -0.7788609 0.1047433 0.6183887 -0.2748239 0.02841317 0.9610748 -0.3807535 0.2241306 -0.8971022 -0.3625031 0.1599188 -0.91816 -0.6297668 0.5095816 -0.5862767 -0.4664598 0.04147595 -0.8835695 -0.4474668 0.7992877 -0.4011393 -0.5819019 -0.09915554 -0.8071917 -0.6852996 -0.07007116 -0.7248825 -0.7183926 0.06900399 0.692207 -0.7676884 -0.06760072 -0.6372479 -0.8322502 0.04419136 -0.5526362 -0.8060698 0.04797595 -0.5898727 -0.8777217 0.1575382 -0.4525333 -0.158302 0.06125164 0.9854891 -0.9419861 0.002441465 -0.3356432 -0.03134322 0.2058523 0.978081 -0.6294865 0.1068473 0.7696301 -0.9152774 0.06094723 -0.3981869 -0.9117721 -0.1071237 -0.3964797 -0.6592448 0.7276993 0.189341 0.06918734 0.6164907 0.7843165 -0.003173947 0.5478188 0.836591 -0.8680281 0.2326176 -0.438653 -0.9974247 0.05420184 -0.04696881 -0.9824954 0.1212516 -0.1414246 -0.7813377 0.111515 -0.6140651 -0.7760248 0.4228812 -0.4679283 0.6567817 0.742969 -0.1289758 0.8631463 0.4794579 -0.1584256 0.6833266 0.7233984 -0.09879088 0.5142871 0.3564088 0.7800524 0.4106658 0.1044976 0.9057781 0.2189468 0.1663312 0.9614553 0.4685624 0.3866486 0.7943251 0.639867 0.1500022 0.7537039 0.4026984 0.8825489 0.2427787 -0.3338146 0.8516576 -0.4040384 -0.3050979 0.8878268 -0.3444979 -0.1448414 0.985721 -0.08587938 -0.002594113 0.9987049 0.05081415 -0.06677561 0.9960799 0.05801665 -0.03262501 0.9990767 0.02795559 0.1518317 0.9883253 0.01266533 0.09995007 0.9949839 -0.004150569 0.1169177 0.9930529 0.01327568 -0.6536672 0.2200763 0.7240757 -0.658583 0.475923 0.5828943 -0.5993047 0.4435349 0.6664163 -0.3058966 0.09964603 0.9468358 -0.01525956 0.9904704 0.1368786 -0.02127152 0.9883785 0.1505182 -0.02127194 0.9883687 0.1505824 -0.567175 -0.04004162 -0.8226234 -0.8689734 0.4899249 -0.06970584 -0.7026021 0.1849434 -0.6871291 -0.00350964 0.9917132 0.1284237 0.01684629 0.9877078 0.1554013 0.01834213 0.9917889 0.1265639 -0.005310297 0.9921187 0.1251898 -0.1556488 0.3376663 -0.9283076 -0.0287494 0.7491948 -0.6617256 -0.3504451 0.03540158 -0.935914 0.005432307 0.1534789 -0.988137 -0.01706039 0.7766924 -0.6296491 0.7849929 -0.0964722 0.6119471 0.9522317 -0.1327588 -0.2750091 0.9654738 -0.2556285 0.05014294 0.8526183 -0.1408161 0.5032026 0.5097367 -0.3686145 0.7773622 0.2657901 -0.04529017 0.9629665 -0.2666145 -0.1256164 0.9555823 -0.06363189 -0.7046812 0.7066649 -0.1264403 -0.07355082 -0.9892438 -0.8051294 -0.1794229 0.5653088 -0.959624 0.1912656 0.2062506 0.4025798 0.1778663 -0.8979383 0.9478778 -0.1881839 0.2571277 0.6756717 0.07928967 0.7329263 -0.108738 0.03531002 -0.9934431 -0.7010791 -0.1338557 0.7004077 -0.1284537 -0.03582906 -0.9910681 -0.897411 0.008087515 0.4411215 0.9896641 -0.01318413 0.1427975 0.8822879 0.103339 0.4592267 -0.0629909 -0.1612311 -0.9849045 -0.771916 -0.1906214 0.6064727 -0.7187925 0.1259229 -0.6837257 0.9378446 0.2115873 -0.275097 0.9196568 -0.121862 0.3733378 -0.9937616 -0.1067861 -0.03216707 -0.8515223 0.08417254 0.5175178 -0.7766459 0.1329404 -0.61575 -0.6261533 -0.02862656 -0.7791743 0.3273197 -0.008209645 -0.9448781 0.3193479 -0.01083409 -0.9475756 0.3520999 -3.05192e-5 -0.9359625 0.3606091 0.002777159 -0.9327129 0.5632619 -0.1328194 0.8155335 0.9978526 -0.02884054 -0.05881029 0.9935389 -0.06161737 -0.09531015 0.7855684 0.02935957 0.6180781 -0.3946988 0.03466928 -0.9181563 -0.4069126 0.01474076 -0.9133483 -0.3734026 0.06860715 -0.925129 -0.4256487 -0.01660233 -0.9047362 0.9033716 -0.005218744 -0.4288269 0.8974462 -0.02377438 -0.4404829 0.9125546 0.02685689 -0.4080722 0.8867599 -0.05398809 -0.4590667 -0.5326595 0.1419163 0.8343462 -0.7620335 -0.07971608 0.642612 -0.6348587 -0.1072747 0.7651449 0.3061103 0.2350915 0.9225121 0.4137172 0.1146908 0.9031523 -0.2725656 0.4673381 0.8410133 -0.1555581 0.1162794 0.9809591 -0.9980111 -0.005005121 -0.06283921 -0.9608151 0.220656 -0.1677657 -0.9550539 0.2768356 -0.1059916 -0.117498 0.06054961 -0.9912256 -0.1907165 0.1762197 -0.9656987 -0.04907476 -0.04541248 -0.9977622 0.02496469 -0.1580591 -0.9871141 0.9928602 0.1030948 -0.06000131 0.987023 0.1375502 -0.08285975 0.9940251 0.09463852 -0.05438435 -0.9253768 0.03112971 0.3777683 -0.9615405 0.1065428 -0.2531574 -0.9655088 -0.01342844 -0.2600245 -0.9604063 -0.01586991 0.2781513 -0.9268322 -0.2531248 0.2773264 0.8469719 -0.0370813 -0.5303431 -0.8756082 -0.01031559 0.4829121 0.7948549 0.5911664 0.1368502 0.9665151 0.07013326 0.24684 0.7268884 0.686755 -9.15592e-4 0.4858018 0.03512734 0.8733628 0.7327699 0.1299819 0.6679468 -0.6883923 0.008392751 0.7252901 -0.940971 0.05005162 0.3347662 -0.9286946 -0.03982734 0.3687006 0.6844875 0.649482 0.3311347 -0.3790234 0.04693919 0.9241959 0.039186 0.0509662 0.9979314 0.9496645 0.05276757 -0.3087928 0.990369 0.06451696 -0.1225029 0.7838246 0.006927847 -0.6209437 0.2378461 -0.9396774 -0.2458366 0.01341396 -0.9997947 -0.01518803 -0.01385575 0.9994456 0.0302751 -0.4144465 -0.03872841 -0.9092493 -0.5435712 0.01037639 -0.839299 -0.5480921 0.01944065 -0.8361921 -0.4723482 -0.03769141 -0.8806058 -0.2463499 -0.05133306 -0.9678207 -0.1962087 0.00363177 -0.9805555 0.0562157 0.06329607 -0.9964103 0.2387801 -0.060458 -0.9691898 0.3278118 0.5154467 -0.7917413 0.5910045 0.1072139 -0.7995117 0.5048705 -0.03781265 -0.8623665 0.02340781 0.9885613 0.1489922 0.1303147 0.9911546 0.02511686 0.0107733 0.9893779 0.1449671 -0.1684061 0.9284007 -0.3312273 -0.1174063 0.9493521 -0.2914557 -0.1218329 0.4806175 -0.868426 0.1338893 0.6650516 -0.7346973 -0.08350104 0.9554402 -0.2831284 0.2522135 0.7747998 -0.5797188 0.03289341 -0.9589775 -0.2815675 0.2390258 0.7296208 -0.6407185 0.445219 0.8360217 -0.3206993 -0.165628 0.0781598 -0.9830862 -0.48184 0.1081607 -0.8695582 -0.450128 0.7998477 -0.3970245 -0.6779623 0.3833261 -0.6272387 0.1126785 0.904877 0.4104892 -0.07013356 0.9369453 0.3423665 0.00488311 0.9897174 0.1429534 -0.009399831 0.9909232 0.1341007 -0.4155108 0.8921809 -0.1770994 0.1026678 0.973574 -0.2039927 0.2826684 0.5587142 -0.7797033 0.09909594 0.9785382 -0.1806738 0.07565593 0.7665697 -0.637689 -0.2298138 0.4457716 -0.8651435 -0.2249284 0.1680401 -0.9597759 -0.06125122 0.997477 0.0358901 0.005279779 0.9987051 -0.05060052 0.5838679 0.5650984 -0.5828913 0.5281713 0.5632077 -0.635478 0.7054251 0.09329771 -0.7026174 0.6740555 0.296162 -0.6767107 0.7248324 0.206066 -0.6573849 -0.011231 0.9908005 -0.1348636 0.05136382 0.997124 0.05572807 0.06839257 0.9955841 0.0643031 -0.1217085 0.9922841 0.02365195 -0.07748824 0.9934001 0.08456867 -0.2455282 0.9597422 -0.1364215 -0.02981722 0.9990159 0.03283864 -0.001983761 0.8500632 0.5266772 0.007904469 0.9613302 -0.2752849 0.1592489 0.9872335 0.003112912 0.1059616 0.9845708 0.1392578 -0.002487242 -0.9968385 0.07941502 -0.03527957 0.9966786 0.07339739 -0.3957151 0.7151927 -0.5761156 0.03628653 0.9702157 -0.2395097 -0.005707085 0.9879973 -0.154366 0.4057452 0.906556 -0.1163065 0.02423191 0.9441598 0.3285958 -0.02301108 0.9994265 0.0248422 0.005249202 0.9998593 0.01593083 0.02435386 0.999668 0.008423089 0.04449659 0.9990077 -0.001953184 -0.5346021 0.8422646 -0.0692172 0.06735581 0.9977028 0.007233023 0.533765 0.8252719 0.1844485 -0.005401849 0.9998105 0.01870828 -0.8757223 0.3457232 -0.3370252 -0.6274412 0.7703925 -0.1131951 -0.07306236 0.9969015 0.02914559 -0.001525938 0.9997431 0.02261459 0.453794 0.8885132 0.0679363 -0.07428318 0.9969029 0.02581906 0.03589081 -0.9991454 0.02050906 0.1041607 0.9929602 0.05639874 -0.07980728 0.9967827 0.007416129 -0.05921941 0.9964693 -0.05951458 -0.2093938 0.9404257 -0.267869 -0.191323 0.9468185 -0.2587088 -0.8139789 0.1079771 -0.570771 -0.7724463 0.4821457 -0.4133549 -0.0159344 -0.9995071 0.02705365 -0.5504268 0.04160416 0.8338462 -0.3886652 0.2709517 -0.8806388 -0.3960758 0.7225682 -0.5665856 0.02792459 0.9993044 -0.02472013 0.2389979 0.905879 -0.3496616 0.04922676 0.9898764 -0.1331229 0.2625238 0.04080379 -0.9640625 0.2150052 0.9116283 0.3502953 0.07086545 0.3721507 -0.9254631 0.4035857 -0.2925875 -0.8668975 0.3515506 -0.09482312 -0.9313544 0.05114972 0.9689157 -0.2420458 0.002746641 0.9986622 -0.05163753 -0.09213888 0.7584752 -0.6451556 -0.1192994 0.9424014 -0.3124858 -0.2196485 0.556675 -0.8011664 0.03347975 0.9822355 0.1846421 0.03973555 0.9854852 0.1650461 0.02034056 -0.9852374 0.1699815 -0.1908672 0.9339796 -0.3020792 -0.1954459 0.9266287 -0.3211857 0.05191218 0.9663119 -0.252084 0.4893822 0.01275718 -0.8719761 0.01586991 0.09143513 -0.9956847 0.07581019 0.08276861 -0.9936812 -0.5541954 0.04580903 0.8311251 -0.5416506 0.04730439 0.8392716 -0.5423561 0.04724365 0.8388193 0.9425326 0.3233537 0.08411163 0.9425053 0.3336399 0.0191968 0.5241118 0.6861705 -0.5044572 -0.08124119 0.9962575 -0.02951169 0.04776221 0.9988561 0.002288877 -0.5994611 0.7146106 -0.3605251 -0.4468879 0.04474061 0.8934705 -0.4623943 0.05154669 0.8851749 -0.4534561 0.05404967 0.8896383 -0.4965151 0.3009487 0.8141884 0.4436853 0.8639856 0.2380594 -0.001067161 0.9994836 -0.03211766 -0.8854593 0.03146547 -0.4636507 -0.8170659 0.1248244 -0.5628696 -0.8884721 0.03015285 -0.4579392 -0.2605113 0.9409468 -0.2162249 0.9236373 0.002166867 0.3832619 0.9289653 -0.00149542 0.3701639 0.8935047 0.02087497 0.4485682 0.8864222 0.02487289 0.4622091 0.4594103 0.5617423 -0.688032 0.7507722 0.09396857 -0.6538433 0.9056677 0.02350002 0.4233366 0.8590821 0.10877 0.500147 0.53723 0.003296077 -0.8434295 -0.06555479 0.2425955 0.9679101 0.3051579 0.8560841 -0.4171316 0.1666958 0.8587492 0.4845228 -0.5280959 0.02792459 0.8487256 0.6392678 0.3266534 -0.6961567 0.7035585 0.02459841 -0.7102117 0.3460277 0.8159332 -0.4631607 0.3214253 0.7986801 -0.5087199 0.4527549 0.4683198 -0.7587422 0.304121 -0.02905398 -0.9521903 0.0936346 0.6845886 -0.7228909 -0.02707076 0.6225363 -0.7821226 -0.2652386 0.1171615 -0.9570381 -0.1965714 0.08410972 -0.9768754 -0.6181976 0.7646288 -0.1821388 -0.923839 0.1862266 -0.3344266 -0.9899677 0.0257883 -0.1389214 0.3896347 0.04242122 -0.919992 0.3790456 0.04074281 -0.9244807 0.4619141 0.05395859 -0.8852819 0.4730765 0.05575835 -0.8792552 -0.5685421 0.7693279 -0.2913668 -0.5412348 0.796745 -0.2688167 -0.5365037 0.8012305 -0.2649405 -0.5842319 0.7523019 -0.3044915 0.3585119 0.7252029 -0.587835 0.004455685 0.9916462 0.1289112 0.001678526 0.9914187 0.1307141 0.09817922 0.986401 0.131811 0.65659 0.6185326 -0.431633 0.7609748 0.6461603 -0.05826181 -0.006439447 0.990188 0.1395937 -0.03677529 0.9899727 0.136389 -0.03402817 0.9892286 0.142369 -0.01684635 0.9446174 0.3277412 -0.02938973 0.9897296 0.1398988 -0.04397773 0.9897292 0.1360229 0.1786285 0.8933867 0.4122525 -0.01879948 0.9908185 0.1338853 0.01773148 0.9916515 0.1277217 -0.01883 0.9905144 0.1361133 -0.01467967 0.9904665 0.1369696 -0.01474064 0.990432 0.1372132 0.01406949 0.9880702 0.1533607 0.04889136 0.9907375 0.1266843 -0.4480882 0.53983 -0.7126013 -0.7221081 0.1762772 -0.6689441 -0.5399479 0.03299134 -0.8410516 -0.8197054 0.02911496 -0.572045 -0.7725625 0.3995875 -0.493434 0.9476984 0.02649027 0.3180663 0.7411832 -0.1265316 -0.6592704 0.5893532 0.0330826 -0.807198 0.04040729 0.5093643 0.8596019 0.5472114 0.5859404 0.5976903 0.5761156 0.3910457 0.7177563 0.5516635 0.5788561 0.6004942 0.4730484 0.01092588 0.8809687 -0.1514959 0.1969386 0.9686404 -0.1393219 0.3420636 0.9292911 -0.07016408 0.9540063 0.2914603 -0.2848091 0.1822326 0.9411031 -0.1738998 0.09219926 0.9804378 -0.2901731 0.09799593 0.9519435 0.05975586 0.9115673 0.4067856 -0.01867753 0.9775492 0.2098781 0.005706965 0.9906097 0.1366021 0.003906428 0.9925504 0.1217722 0.6133537 0.7851184 0.08594334 -0.0951265 0.9902985 -0.1012912 -0.001953184 0.9906074 0.1367239 -0.5663416 -0.4102368 0.7148167 -0.529718 0.3501443 0.772527 -0.3143783 0.7248615 0.6129782 0.1352918 0.9834523 -0.12049 -0.624412 -0.01199382 0.7810032 -0.6875926 0.03024429 -0.7254666 -0.8896027 0.03930866 -0.4550405 0.6478005 0.1806126 0.7400904 -0.8870708 -0.005340814 -0.4616028 -0.8837878 -0.00701946 -0.4678356 -0.5917423 0.03543311 -0.8053482 -0.5726938 0.03061079 -0.8191977 -0.07654756 0.03038907 -0.9966028 -0.08536159 0.9901275 -0.1111806 -0.009247303 0.9941666 0.1074585 -0.004425287 0.9943798 0.1057798 -0.3957981 0.9062858 0.1482908 0.01351994 0.9945576 0.1033073 0.8351337 0.5498991 0.01275712 0.3406249 0.9160952 0.2115286 0.04873847 0.991891 0.1173752 -0.006622552 0.9907631 0.1354425 -0.3754178 -0.8837777 -0.279282 0.3100753 -0.9477744 -0.0746805 0.2738164 -0.9589068 -0.0743137 -0.3903735 -0.8760898 -0.2829758 0.2921881 -0.9526173 -0.08453738 0.2943522 -0.952029 -0.0836516 -8.85057e-4 0.5436078 0.8393389 0.004455745 0.06549334 0.9978431 0.002533078 0.3351345 0.942167 -0.9926517 0.112553 -0.0444352 -0.9845778 0.03128206 -0.1721279 -0.9862612 0.03909516 -0.1605009 0.4650266 0.2068005 -0.8608043 0.1067878 0.1507359 -0.9827895 0.9924339 0.00476104 0.1226885 0.9986267 0.05044859 -0.01413047 0.9845143 0.04135328 0.1703574 0.9710367 0.007446706 0.2388145 0.9810807 0.1155433 -0.1553395 0.8921954 -0.4273895 0.1460338 8.24006e-4 0.9954911 0.09485226 -0.07684665 0.977338 0.1972438 -0.07910645 0.9833069 0.163859 -0.2893838 0.9119465 0.2908792 -0.333517 0.8816165 0.3339443 0.2901197 0.8660252 0.4072235 -0.4193899 0.8839173 0.2068872 -0.1894328 0.9417624 0.2778471 -0.8160501 0.02249252 -0.5775434 -0.9321312 0.03424304 -0.3604981 -0.8848812 0.01059025 -0.4656964 -0.7846819 0.07461971 -0.6153913 0.1259977 0.07029008 -0.9895372 -0.9907041 0.1359921 0.00338757 -0.9753403 0.003021419 -0.220686 -0.9832186 0.055727 -0.173712 -0.1356563 0.9865222 0.09149551 0.7908881 0.5739234 0.2123867 0.9947589 -0.0567038 0.08508628 0.9869257 0.00338757 0.1611407 0.2939934 0.6872358 0.6642852 0.4717643 0.6921733 0.5462004 -0.9806591 0.1738043 0.08999979 -0.9704555 0.0912224 0.2233713 -0.975117 0.01684653 0.2210501 -0.802744 0.1814361 0.5680521 -0.9037345 0.4251324 -0.05026507 -0.9723945 0.0150153 0.2328595 -0.9638117 0.04123079 0.2633765 0.658024 0.7522673 -0.03314381 -0.1064184 0.9890166 -0.102573 -0.2418364 0.4031014 -0.8826236 0.8663767 0.4782651 -0.1437145 0.9673768 0.005554497 -0.2532814 0.9903317 0.1212202 -0.06744629 0.9902645 0.1215284 -0.0678752 -0.9058305 0.02230924 -0.4230525 -0.3379104 0.6558306 0.6750578 -0.322988 0.6585805 0.6796695 0.8920711 0.07565665 0.4455167 0.7708768 0.2409467 0.5896556 0.7182819 -0.2695808 -0.6414027 0.6005559 0.3460261 0.7208319 0.604497 0.441371 0.6631553 0.5313042 0.02893191 0.846687 0.2100039 0.07049977 0.9751555 0.3059228 0.08462929 0.9482876 0.4825037 0.2625845 0.8356072 0.6384248 -0.176094 0.7492694 0.6297979 -0.1341326 0.7650904 0.8785622 0.02642977 0.4768962 0.8766111 0.02539217 0.4805292 0.8770065 0.02560579 0.479796 0.8788908 0.02658218 0.476282 0.002624571 0.9952762 0.09704947 -0.4926388 0.7438719 0.4516212 -0.4916326 0.8348507 0.2476322 -7.93499e-4 0.9973068 0.07333761 0.7803137 0.2435428 0.5760185 0.4396315 0.8746852 0.204083 0.1717914 0.9506061 0.2585265 0.1494518 0.9534154 0.2620366 -0.6240251 0.02041727 0.7811377 -0.9300968 0.02441519 -0.3665025 -0.01229923 0.9894628 0.1442642 -0.0412001 0.9884667 0.1457263 0.05447685 0.9890379 0.1372451 -0.1955966 0.06851524 -0.9782882 -0.01205503 0.06338834 -0.9979162 -0.9730727 0.1804292 -0.14344 -0.9883042 0.02270627 0.1507955 4.57786e-4 0.0484032 0.9988279 -0.9521062 0.04263526 -0.3027806 -0.87413 0.009949207 -0.4855904 -0.9276899 0.03970533 -0.3712346 -0.8557301 -0.0408653 -0.5158064 -0.008301198 0.05243206 -0.99859 -0.00589019 0.3643701 -0.9312357 -0.00149542 0.0234999 -0.9997227 -0.007019281 0.5582802 -0.8296228 0.9281517 0.07016372 -0.3655291 0.9263517 0.07959425 -0.3681541 0.9316925 0.04999053 -0.3597918 0.9328284 0.04297143 -0.3577495 0.5875505 0.02462875 0.8088127 0.7067657 0.06705087 0.7042631 0.4484457 0.2302046 0.8636564 0.1672137 0.09430378 0.9814003 -0.9795142 0.07443636 0.1871133 -0.9778019 0.08563661 0.1912328 -0.9237282 0.1111513 0.3665675 -0.9610335 0.06485217 0.2687171 -0.6506478 -0.5061069 0.566139 -0.8486826 -0.1260144 0.5136715 -0.4849528 -0.6888833 0.5387585 -0.6605544 0.3727598 0.651704 -0.3198395 0.9073006 0.2729623 -0.7115528 0.03628718 0.7016951 -0.7105097 0.004425227 0.7036735 0.001770079 0.1539372 -0.9880791 0.8255285 0.1328524 0.5485008 0.8689137 -0.09430444 0.485897 0.9626828 -0.07733446 0.2593482 -0.05972558 0.2451892 0.9676338 -0.01162767 0.1076401 0.994122 0.004364192 0.03900355 0.9992296 0.001770079 0.05020391 0.9987375 -0.01455748 0.1200917 0.9926562 -0.9556952 0.06082385 0.2880056 -0.2465916 0.9562445 -0.1574463 0.9128121 0.03573727 -0.4068133 0.5725739 0.7683861 -0.2859054 0.8364492 0.05545401 -0.5452317 0.8271483 0.03735625 -0.5607408 -0.9997308 0.02154618 0.008606255 -0.8357795 0.109077 0.5381218 0.9026858 0.2759364 0.3301779 -0.6499374 0.2572465 -0.7151264 0.006103813 0.9913571 0.1310496 0.04333674 0.9900323 0.1340084 0.005218625 0.9928303 0.1194192 -0.02554446 0.9886959 0.1477428 0.0317403 0.973055 0.2283778 -0.02584952 -0.2598078 0.9653144 -0.001739561 0.9918674 0.1272642 -0.02230721 -0.9978649 -0.06138396 0.4601957 0.07416111 0.8847147 0.1239065 0.9069898 0.4025131 0.1865577 -0.9776735 -0.09669935 -0.1057194 0.9934999 0.04220837 -0.1048319 0.993691 0.0398575 -0.623753 0.01794528 0.7814156 -0.1111209 0.9498538 0.2922838 -0.1925497 0.7081328 -0.6793178 -0.4214185 -0.807796 -0.4121557 0.06917601 -0.9975254 -0.01256692 0.810469 0.5819104 -0.06723386 0.8048793 0.5736058 -0.1521375 0.4251641 0.9045914 -0.03082442 0.6930287 0.7088987 0.1310492 0.1826547 0.9714733 -0.151251 0.296676 0.4064226 -0.8641782 0.07336837 0.6306815 -0.7725659 0.6310505 -0.2100958 -0.7467496 0.7672886 0.2656715 -0.5836839 -0.7364953 -0.4173977 0.53231 -0.8150455 0.1028802 -0.57019 0.01049858 0.3470337 0.9377939 0.009003043 0.6535028 0.7568706 -0.01706004 0.8554151 0.5176621 -0.02655178 0.998349 0.05093675 -0.9452186 0.2960999 -0.1374291 -0.4793076 0.8109012 0.3357137 -0.004547357 0.8713236 0.4906879 0.4616384 0.8699591 0.1733814 0.76292 0.4596808 0.4545841 0.5188226 0.7732288 0.3646102 -0.4908438 0.8557644 -0.163523 0.4782981 0.8631156 0.1620573 -0.1791763 0.9783135 -0.1039168 -0.1935916 -0.9718621 0.1341882 -0.2229729 -0.8355984 -0.5020542 0.4259298 0.5434298 -0.7233726 0.7170486 0.4567503 -0.5265173 0.05127221 0.9718841 0.2298096 -1.45265e-4 -0.9937709 0.1114423 -0.01010185 0.924519 -0.3810021 -0.004272699 0.805648 -0.5923792 -0.07559543 0.9954065 0.05874896 -0.1005938 0.3909965 0.9148785 0.2077151 0.5191963 0.8290294 -0.5203546 0.8052832 0.2841655 0.1931546 0.969771 -0.1491157 -0.4860126 0.8337443 0.2620348 0.2114035 0.9691542 -0.1266834 0.172249 0.9804524 -0.09509706 0.8601754 0.4995641 -0.1026351 0.1547926 0.9835377 -0.09323573 -0.3615565 0.8632859 0.3521567 -0.1380093 0.9877952 0.07220917 -0.6274344 0.6874647 -0.3656753 -0.5955759 0.7198182 -0.3565825 0.2057278 -0.9571991 -0.2035829 -0.8504179 0.3661085 -0.3778279 -0.894787 0.2424125 -0.3749566 -0.01693791 0.9493802 -0.3136727 -0.01086479 0.5877069 -0.809001 0.4856745 0.8712477 0.07104748 0.4687085 0.8808046 0.06704992 0.4846081 0.8718612 0.07080358 0.002912819 -0.9993975 -0.03458642 0.4625211 0.8841769 0.06561666 0.7286638 0.6402817 0.2430812 0.8297813 0.0714755 0.5534927 0.8239511 0.4470418 0.3482214 0.354057 0.9289837 0.107856 0.6925134 0.6881796 0.2164123 -0.3087319 0.9279657 0.2087205 0.006988883 0.9086202 -0.4175649 -0.7448297 0.6230804 0.2387457 0.4642969 0.8192111 0.3366329 -0.6580262 0.6950155 0.28975 1.041e-4 -0.9957529 -0.09206545 -0.773334 0.6269319 0.09439682 -0.1087381 0.9921628 0.06155616 -0.6617095 0.01928788 0.7495122 -0.995027 0.04709011 -0.08777135 -0.8235552 0.01358091 0.5670735 -0.8334174 0.008423268 0.55258 -0.8164573 0.06167984 0.5741021 -0.9919125 0.0516225 0.1159519 -0.5546547 0.04574817 0.8308222 0.2463302 0.9688893 -0.02397751 0.6595641 0.4131629 0.6279104 0.07031673 0.9971914 0.0257889 -0.954995 0.05826038 0.2908444 -0.9624665 0.09445518 0.2544339 -0.9550017 0.05829131 0.2908159 -0.9466784 0.0275284 0.3210021 -0.6308667 0.1225049 0.7661592 -0.5014019 0.02380502 0.8648869 -0.4989508 0.08398753 0.862551 -0.6568058 0.1625152 0.736339 0.3528869 0.8991647 0.2587925 -0.7953078 0.03094673 0.6054155 -0.03885132 0.7476057 -0.6630056 0.01045411 0.9865661 0.163028 -3.32731e-5 0.9914495 0.1304911 -0.2247433 0.7403954 -0.6334866 -0.01852494 0.9949148 0.09900313 0.009338796 0.9921736 0.1245176 0.02395713 0.9980828 -0.05706989 0.8159427 0.03460925 0.5770959 0.8188094 0.09793728 0.5656496 0.8142281 0.03042787 0.5797473 0.818547 0.01859939 0.5741385 0.8219744 0.06317478 0.5660097 0.8185903 0.08719378 0.5677212 -0.03708022 0.9887465 0.1449335 0.02624648 0.9959937 0.0854842 -0.0353415 0.9942317 0.1012635 -0.2083839 0.9739844 0.08905452 -0.01660209 0.9390888 0.3432735 0.06283873 0.8878603 0.455802 0.06329578 0.8831504 0.4648 -0.07245302 0.7534935 0.6534509 -0.02249222 0.8984088 0.4385839 -0.03173983 0.9358374 0.3510001 0.879782 0.3990103 0.2584075 0.1564105 0.915147 0.37154 0.2482748 0.8915005 0.3789281 -0.02795529 0.9353737 0.3525543 -0.05896323 0.9274809 0.3691917 -0.009949147 0.9483429 0.3170909 0.09485435 0.6015686 0.7931696 -0.06195372 0.9954415 0.07251334 -0.3147796 0.8847342 0.3437429 0.3172174 0.8156889 0.4837611 -0.02548384 0.9210515 0.3886063 -0.02703988 0.9352272 0.3530144 0.06283807 0.9114423 0.4066012 -0.01379466 0.9362388 0.3510934 -0.03067147 0.8155266 -0.5779063 -0.0133062 0.9443766 0.3285969 -0.09585988 0.9360762 0.3384853 -0.1244561 0.9473681 0.2949653 0.008850514 0.914414 0.4046836 -0.03445625 0.8383339 0.5440672 0.002746641 0.9172654 0.398267 -0.05487358 0.9202468 0.3874723 0.6896751 0.6777726 0.2548972 0.01409965 0.9122689 0.4093491 -0.04327648 0.9155517 0.3998653 -0.07349032 0.905262 0.4184494 -0.07281875 0.9058096 0.4173804 -0.158271 0.873146 0.4610491 0.05447614 0.928689 0.3668367 0.05960285 0.9307875 0.3606691 0.1279358 0.9412987 0.3123928 0.1808565 0.9439576 0.2761068 0.1333668 0.9370775 0.3226439 0.07947289 0.9361875 0.342399 0.08682787 0.9322476 0.3512486 0.1621503 0.9331354 0.3208826 0.1222305 0.9273652 0.3536293 0.02395737 0.9379086 0.3460544 0.06369304 0.9730974 0.2214151 0.06854516 0.9621043 0.2639263 0.1955966 0.9163956 0.3492295 -0.002868771 0.915152 0.403099 0.8247767 0.4153944 0.3836547 0.5417173 0.8123623 0.2158934 0.7745074 0.591028 0.2254427 0.9982815 -7.0194e-4 -0.05859673 0.7545678 0.5936119 -0.2797362 -0.2526645 0.9562736 0.1473138 0.0586887 0.883383 0.4649625 0.07953345 0.9641982 -0.252975 0.1376115 0.6515568 -0.746014 -0.05560535 0.9537755 0.295331 0.8181518 0.5714672 0.06366246 0.9131958 0.09070307 -0.3972991 0.9945025 0.08514887 -0.06094706 0.2352117 0.072178 -0.9692605 0.9601866 0.2675899 0.08023422 0.7783272 0.5814183 0.2369803 0.3612556 0.2845609 -0.8879863 0.3440153 0.3784107 -0.8593363 0.7560473 0.5786708 0.3058309 0.6962314 0.5560574 0.4539406 0.3318918 0.9426947 0.03427255 -0.05270618 0.9046419 0.4229007 0.7290938 0.4145977 0.5445467 0.7184178 0.3814573 0.5816926 0.8013836 0.1468603 0.5798419 -0.1857107 0.9371605 0.2953671 -0.1007438 0.5446453 0.8325937 -0.4216827 0.8325311 0.3592711 -0.30977 0.4812574 0.8200207 -0.8480097 0.017457 0.5296932 -0.8220972 0.003479182 0.5693367 -0.8183087 0.009216725 0.5747052 -0.8774826 0.02029514 0.479179 -0.959146 0.1073347 0.2617601 -0.993766 0.074009 0.08337843 -0.7056918 0.03058004 -0.7078587 0.5625797 0.7182551 -0.4094069 -0.9829731 0.1363265 0.1232035 0.5871582 0.07831215 -0.8056753 0.7283445 0.1826888 -0.6604084 0.8631736 -0.07568752 -0.499202 0.2004122 -0.02023047 0.9795028 0.8427729 -0.3352596 -0.4211118 0.710589 -0.6266294 -0.3199985 -0.4349905 0.05127227 -0.8989742 -0.3104125 -0.03448683 -0.9499762 0.1215559 -0.02032542 -0.9923765 0.1084046 -0.9886733 -0.1037962 -0.8713699 0.01370286 0.4904355 -0.8639873 -0.07467949 0.4979448 -0.4754568 0.5538604 -0.6835054 -0.4639894 0.7675067 -0.4423205 0.2520569 0.9482272 -0.1932162 0.3694347 0.4958146 -0.78593 0.5630807 0.5352472 -0.6296433 0.5831651 0.06509792 -0.8097413 0.5224913 0.392601 -0.75688 0.3874753 0.8204245 -0.4204363 0.3600353 0.8804492 -0.3085188 0.1818044 0.6117016 -0.7699145 0.07068127 0.9955504 0.06231915 0.6551232 0.06207585 -0.7529676 -0.6196982 0.03174024 0.7841982 -0.5978655 0.03671425 0.8007553 -0.5707737 0.04272711 0.8199951 0.7989566 0.02044767 0.601041 0.5644522 -0.03915607 0.8245366 0.7372134 0.009308218 0.6755959 0.8156549 0.1483231 0.5592024 0.3327161 0.03021359 -0.942543 0.01733452 0.02209544 -0.9996057 -0.02975589 0.02597159 -0.9992198 -0.5153506 0.1196055 -0.8485919 -0.5628967 0.8265219 0.002990841 0.2286471 0.9135816 0.3362872 0.1875741 0.9293556 0.3179848 0.6749541 0.7236926 -0.1438962 -0.03833198 0.8382073 0.5440031 0.2088755 0.9316692 0.2972601 0.6235321 0.7445092 -0.2385664 0.1958383 0.9650617 0.1740785 0.01016288 0.9494854 0.3136467 0.03302162 0.955125 0.2943565 0.006195247 0.959567 0.2814123 0.3272584 0.7316696 -0.5979645 -0.3410476 0.8671613 0.3629297 0.3741677 0.4809551 -0.7928938 0.2446402 -0.09894251 -0.9645526 -0.0448935 0.9122145 0.4072462 0.9859517 0.07086545 -0.1512529 0.3187419 0.8944549 0.3136147 -0.8664991 -0.05966484 -0.4956001 -0.7446371 0.1502763 -0.6503329 -0.369673 0.9267308 0.06717163 -0.9037746 0.4007824 -0.1502171 -0.7871844 -0.29738 -0.5402833 -0.5788185 0.09180039 0.8102727 -0.7376801 0.06155723 0.6723384 -0.6734287 0.1518922 0.7234795 0.1241535 0.954743 0.2702811 -0.8726357 0.4763133 -0.1078549 -0.9494199 -0.1203675 -0.2900234 -0.07440507 0.9953132 -0.06177026 -0.1519247 -0.27919 -0.9481412 -0.06305325 0.9596245 -0.2741261 -0.2516331 0.9091447 0.3318688 -0.07034647 0.9002523 0.4296478 0.0512104 0.940312 0.3364382 0.06842464 0.9828496 0.1712448 -0.4306275 0.8473688 0.3106866 -0.92275 0.3394963 0.1824136 -0.9989587 0.03463941 0.02969527 -0.200635 0.9696649 -0.1396266 -0.01116979 0.9256618 0.3781874 -0.07626688 0.9514896 0.2980787 0.0679652 0.9881053 0.1379447 -0.4939546 -0.03769129 -0.8686704 -0.9441502 0.2848992 0.1655681 -0.3322656 0.09656363 0.9382297 -0.09897351 0.6714818 0.7343817 -0.8817926 0.3933626 0.2602071 -0.9610104 0.1639477 0.222666 -0.02697908 0.9430796 0.331471 -0.1286094 0.9696062 0.2081433 -0.9528923 0.04821985 0.2994517 -0.25999 0.9655856 0.007049798 -0.6521893 0.4871125 -0.5808361 0.8340856 0.07550412 -0.5464436 0.767278 0.3602461 -0.5305727 0.02972579 0.9924572 0.1189337 0.1931256 0.9790567 0.06442606 0.0202341 0.9903137 0.1373664 0.03317433 0.9875708 0.1536337 0.9732555 -0.05417144 0.2232475 0.9890931 0.07745742 0.1252808 0.8771777 -0.05877959 0.4765545 0.817482 0.06152629 0.5726585 0.01001012 0.4638252 -0.8858702 0.1201846 0.715431 -0.6882689 0.771041 0.4844948 -0.413232 0.7054941 0.6614541 -0.2544735 0.4730736 -0.007690727 0.8809894 0.6461447 -4.57782e-4 0.7632149 0.3863098 -0.09589076 0.9173712 0.9964189 -0.005798578 0.08435481 0.930952 0.018525 0.3646717 0.5492523 0.06360179 0.8332327 0.9885103 0.1379153 0.06186199 0.9856715 0.1682816 0.01153612 -0.05047792 0.3004568 -0.9524587 0.9596388 0.1193597 -0.2546504 0.9778319 -0.08536189 -0.1912021 0.7360858 -0.07547324 0.6726675 0.825465 -0.3302837 0.4577338 0.8614152 0.2596911 -0.4364911 0.8691577 0.3271053 -0.3709004 0.1792097 0.08032697 0.9805262 0.7645108 0.06213748 -0.6416092 0.6836634 0.0997982 -0.7229418 0.5866762 0.06344997 -0.8073321 0.4656656 0.2844412 -0.8380028 0.1836933 0.05636841 -0.9813662 0.1241224 -0.01004087 -0.9922161 -0.04073816 -0.03412228 0.9985871 0.09726333 -0.01193284 -0.9951872 0.8982428 -0.1225043 0.4220814 -0.0159614 0.9860696 0.1655657 0.02713119 0.991708 0.1256153 -0.278887 0.9488812 0.1478058 -0.6364237 0.7550225 0.1578164 -0.4402635 0.8238148 -0.3570675 0.02631866 -0.9961782 -0.08328437 -0.9687322 0.1597971 -0.1897972 -0.9988547 0.03585976 -0.03167867 -0.9931506 0.09906476 -0.0619536 -0.9418286 0.1554353 -0.2979914 -0.9020634 0.2807179 0.32784 -0.8865236 0.3383671 -0.3155692 -0.7740126 0.4344188 -0.4606353 -0.3373177 0.931699 0.1347364 -0.404703 -0.8885121 -0.2162451 -0.3833799 0.9206061 -0.07419168 0.1915658 0.9512982 0.2415249 -0.7310822 -0.6020784 -0.3209681 -0.753329 -0.5696662 -0.3285971 -0.01446598 0.02703988 -0.9995297 0.008697926 0.001892149 0.9999604 0.01941031 -0.01889151 0.9996332 -0.01687723 0.1626382 0.9865415 0.5556038 -0.03723353 0.8306131 0.2341448 0.1657203 0.9579734 0.3954946 0.4221987 0.8156791 -0.3718097 -0.6679127 -0.6447094 0.5245301 0.2242536 0.8213273 0.6417056 0.6526621 0.4027979 0.9700376 0.2175069 0.1082499 0.6053203 0.5275266 0.596073 0.2285267 0.3357707 0.9138018 0.3194437 0.02349972 0.9473139 -0.2557473 0.02771103 0.9663465 0.4378001 -0.007751882 0.899039 0.4434404 0.0617398 -0.8941749 -0.05508619 0.0157476 -0.9983575 -0.08713233 -0.006225883 -0.9961774 -0.3694006 -0.01510679 -0.9291474 0.6148638 0.07742637 -0.7848234 -0.1608362 0.06747794 -0.9846717 -0.4117043 0.06726431 -0.9088318 -0.5990913 0.09998077 -0.794414 0.4670355 0.06814938 -0.8816086 0.3155061 0.06076341 -0.9469761 0.07934886 0.07409965 -0.9940891 0.9263398 0.02023398 0.3761453 0.8514569 0.4180223 0.3166679 0.9923885 0.01794517 -0.1218321 0.906159 0.1205526 -0.4053925 0.9416577 0.03927767 -0.3342725 0.7725905 0.03912544 -0.6336981 0.4955698 0.1067559 -0.8619825 -0.749697 0.02932864 -0.6611311 -0.4188409 0.04278743 -0.9070511 -0.5587795 0.05838358 -0.8272586 0.9991934 -0.00137335 0.04013252 0.6495416 0.01800632 0.7601128 -0.9955461 0.0783106 0.0524919 -0.9953657 0.02649015 0.09244096 -0.4994142 -0.020051 0.8661314 -0.4861412 0.01895242 0.8736747 -0.9800156 0.02307206 0.1975778 -0.6635535 0.5546602 0.5020447 -0.8754944 0.03711092 0.4818012 -0.1536051 0.5217325 0.8391668 -0.3360489 -0.02575832 -0.9414923 -0.3567659 -0.04550367 -0.933085 -0.5924405 0.09821105 -0.7996054 -0.8328732 -0.03174012 0.5525529 -0.6795634 0.6623508 -0.3154124 -0.8388253 0.3703222 -0.399041 -0.7196006 0.01281785 0.69427 -0.9328041 0.2752267 -0.2326517 -0.6877562 0.03204542 0.7252342 -0.9860202 0.05096733 -0.1586397 -0.9932565 0.1027286 -0.05374479 0.4764011 0.01095628 -0.8791599 0.1232356 0.9895474 0.07489353 0.5061623 0.8485886 0.1539392 0.8902125 -0.05407989 0.452324 -0.01275694 0.09610468 0.9952896 8.85054e-4 0.1139279 0.9934887 -0.003784298 0.1268054 0.9919204 -0.0117498 0.4550393 0.8903939 0.0300914 -0.02813822 -0.9991511 0.01266527 0.9921673 0.1242727 -0.9955894 -0.02991825 0.08892005 0.8732419 0.01693803 -0.4869926 0.939436 0.1419744 -0.3119347 0.9918695 -0.02038669 -0.1256164 0.9940208 -0.007690668 -0.1089208 0.8497499 0.4599569 0.2576137 0.7623662 0.5046177 -0.4051653 -0.598311 0.5287868 0.6020039 -0.1019964 0.8750272 0.4732062 -0.4144175 0.7726801 0.4808574 1.22078e-4 0.9113714 0.411585 -0.03467023 0.9068285 0.4200716 0.4754641 0.4448224 0.7589907 0.2831839 0.7335804 0.617792 0.181254 0.8051905 0.5646374 -0.07571768 0.9697118 0.2322193 0.9460386 0.2282541 -0.2300242 -0.03192257 0.9814518 -0.189033 -0.01278746 0.9178915 0.3966258 0.03213685 0.9937098 -0.1072754 0.01724344 0.9367632 0.3495389 0.007690846 0.8922358 0.4515045 -0.4761956 0.6540327 -0.5877748 0.04034638 0.8812736 0.4708814 0.4508637 0.8524995 0.264512 0.2712566 0.9070984 0.3218579 0.2036828 -0.4952293 -0.8445481 0.1363305 0.9735408 -0.1833915 0.1279342 0.9799545 -0.1527154 0.06982737 0.9125174 0.4030336 -0.107243 0.9069881 0.4072734 0.9393991 -0.3086977 -0.1491148 0.7186748 0.5902485 0.3675777 -0.2596017 0.556163 0.7894871 -0.04257452 0.8264043 0.5614654 -0.1282697 0.9909085 -0.04058969 -0.02938961 0.986339 0.1620856 -0.7203146 -0.5324994 -0.4445124 0.748238 0.5197716 0.4122832 0.3802058 0.8148575 0.437551 0.9293906 -0.3047307 0.2082606 0.3613831 0.828883 0.4270309 -0.1359021 0.7642017 -0.6304969 0.3560693 0.9344111 0.00952202 -0.0965926 0.8753151 0.4738073 0.7425861 0.3500214 0.5710088 0.9011605 0.1155443 0.417803 0.812915 0.2101261 0.543154 0.07342916 0.931232 0.3569524 -0.02218759 0.9098139 0.4144229 -0.4728612 0.5251402 0.7075521 0.1164005 0.9386818 0.3245421 0.08234179 0.94101 0.3282074 0.06207537 0.9420871 0.3295733 -0.904976 0.2936525 -0.3078743 -0.1117622 0.9330409 0.3419705 -0.02508687 0.9277587 0.3723365 -0.916126 0.1697479 -0.3631787 -0.4102067 0.9119707 -0.006317436 -0.05975663 0.9055663 0.419975 0.3862534 0.4661837 0.7959153 -0.1618708 0.02874851 0.9863931 -0.1530547 0.07721406 0.9851967 -0.2131159 -0.9430754 0.255324 -0.4271453 0.8103127 0.4011736 -0.9282753 0.08768194 0.3614097 -0.3883621 0.8758823 -0.2863655 -0.09982913 0.9013006 0.4215347 0.03286892 0.9577771 0.2856271 0.01034593 0.9263778 0.3764535 0.03384548 0.9621707 0.2703368 0.04599297 0.9158311 -0.3989212 -0.3747517 0.5914723 -0.713948 -0.08975851 0.9050016 0.4158313 -0.4637412 0.5147696 -0.7210801 -0.501555 -0.2551417 0.8266471 -0.1763066 0.9838016 0.03241086 0.001312315 0.9188994 0.3944898 -0.3715112 -0.6465509 0.6662968 -0.2481797 0.8866047 0.3903063 -0.1642242 0.9851924 0.04925805 -0.03561562 0.9433723 0.3298187 -0.06454724 0.950844 0.3028686 -0.2436012 0.8266327 -0.5072838 -0.2234614 0.8933269 0.389913 0.03973591 0.9335803 0.3561583 -0.1427992 0.9148733 0.3776443 0.02157688 0.9171857 0.3978754 0.01065117 0.8929007 0.4501279 0.04159754 0.8636306 0.5024061 0.03466963 0.8775148 0.4782949 0.01800602 0.8796405 0.4752983 0.08231073 0.9431098 0.322132 -0.1069999 0.9147185 -0.3896679 0.02951204 0.9172543 0.3972073 -0.1091059 0.9060218 -0.408926 0.7429237 0.4168893 0.5237058 0.3703147 0.9250238 0.08484214 0.4185687 0.9079417 0.02102762 0.006592154 0.990629 0.1364216 -0.03122085 0.9850299 0.1695328 0.01065111 0.9886933 0.1495736 -0.7962157 -0.3456606 -0.4965475 -0.6190233 -0.005493462 -0.7853535 -0.2759907 0.6255952 0.7296984 -0.3698349 0.804188 0.4652997 -0.585785 0.1518023 0.7961232 0.06836235 0.9894237 0.1279353 0.4728071 0.8566806 0.2062808 0.1307762 0.9618844 0.2401583 0.1512838 0.9744482 0.1660245 0.6388296 0.3523756 -0.6839066 0.5312856 0.2436686 -0.8113947 0.7982106 0.5852446 -0.1426488 -0.01547324 0.02838295 -0.9994774 -0.06418204 -0.02542251 -0.9976144 -0.006592094 0.9999015 0.01239079 0.02227908 -6.10386e-5 0.9997518 0.9990087 0.01104784 -0.0431233 0.9933732 0.01055967 0.1144474 0.9753796 0.001403808 -0.2205286 0.9983422 -2.13634e-4 -0.05755907 0.6956017 0.04992997 0.7166907 0.7938035 0.03735542 0.6070262 0.7493366 0.2340513 0.6194471 0.8768783 -0.07107925 -0.4754285 0.8365272 0.04748761 -0.5458638 0.7925627 0.4442734 -0.4176908 0.8352897 0.4608452 -0.2998546 0.91536 0.1123409 0.3866468 0.8560396 0.04492455 0.5149545 0.8895945 -0.002288877 0.4567454 0.7165367 0.06674611 0.6943489 0.9561185 0.2478498 -0.1562299 0.9817426 0.0980888 0.1629726 0.9567322 0.03991848 0.288219 0.9243643 0.1671534 0.3429438 0.9872324 0.1249758 0.09875982 0.5566707 0.114325 0.822829 0.4511389 0.1384668 0.8816466 -0.05096632 0.002899229 0.9986963 0.01391661 0.04770117 0.9987648 0.1628505 0.04019379 0.9858317 0.2344502 0.09226018 0.9677402 0.01504576 0.1063885 0.9942108 0.2336204 0.05664259 0.9706767 0.1985247 0.08725315 0.9762043 0.2872472 0.05786448 0.9561071 0.6334306 0.4152168 -0.6529631 -0.6967498 0.3135832 0.6451398 0.4970933 -0.00451678 0.8676854 -0.9630511 0.01751774 0.2687485 -0.9266794 0.01614451 0.3755059 -0.9963708 -0.07666265 0.03698849 -0.9889677 0.07831168 -0.1257382 -0.9807911 0.126471 -0.1485058 -0.903527 -0.04660308 -0.4259898 -0.8534991 0.01812833 -0.5207791 0.4097469 0.8147328 -0.4102657 0.469749 0.8138511 -0.3420268 0.4359652 0.815165 -0.3813666 0.7574888 -0.03648048 0.6518283 -0.0032655 0.9399612 0.3412658 -0.1154546 0.9500666 0.2899031 -0.03845357 0.9170577 0.3968963 -0.1520153 0.9548798 0.2551392 0.3727969 0.812096 -0.4489127 -0.07889205 0.9379767 0.3376032 -0.8078492 0.06476217 0.5858204 0.57493 0.04239183 -0.8171038 0.6076272 0.05395704 -0.7923874 0.842189 -0.0420255 0.5375421 -0.6447162 0.02584964 0.7639849 0.6322724 0.7709225 -0.0768786 0.793093 0.5902953 0.1501832 0.9018793 0.4318192 0.01208567 0.7722365 0.3683711 -0.5176423 -0.204936 0.9740489 -0.09607422 -0.05108886 0.9981257 -0.03369301 0.8188537 -0.1652295 -0.5497072 0.9891808 0.1420963 0.03647011 0.9688524 0.00589013 0.2475692 0.9383323 0.003479123 0.3457174 -0.4277255 0.8943629 0.1310186 -0.4950424 0.8630053 -0.1007725 -0.1970631 0.9715514 0.1313551 -0.486994 0.7440263 -0.4574515 -0.2306613 0.969675 0.08078336 -0.001464843 0.9034471 0.4286971 -0.01101738 0.8747097 0.4845222 -0.431274 0.750388 -0.5009199 -0.1063911 0.964021 0.243607 -0.09421217 0.9687954 0.2292588 0.01721256 0.9148628 0.4033978 -0.06509721 0.7796411 -0.6228339 -0.3340266 -0.1294906 -0.9336265 -0.3989729 0.8304788 0.388749 -0.06439632 0.9115596 0.4060938 -0.04669433 0.9177126 0.3944913 -0.03430348 0.9163061 0.399007 0.07675445 0.9679608 0.2390832 -0.03866785 0.8956183 0.4431397 -0.07565683 0.926743 0.3679993 -0.2059411 0.914558 0.3480978 -0.8815534 0.4369465 -0.1787217 -0.7292274 0.6817395 -0.05881059 0.8545047 0.4132288 -0.3147436 0.7501919 0.6564676 0.07913619 0.05844467 0.9866014 0.1523224 0.06338739 0.9146768 0.399185 0.3226465 0.8446429 0.427174 0.05407971 0.9102916 0.4104201 0.5876974 -0.2416465 -0.772152 0.7476034 0.5318617 -0.3977594 0.1096255 0.9409724 0.3202394 0.05600202 0.938454 0.3408343 0.214121 0.8255379 0.5221489 -0.5730218 0.06021362 0.8173251 -0.5452571 0.006714224 0.8382419 -0.4895052 0.1426185 0.8602584 -0.6172128 0.005737483 0.7867754 -0.5422951 0.05807793 0.8381784 -0.4584611 0.03433418 0.888051 -0.6672306 -0.007934808 0.7448091 -0.3583858 0.03360152 0.9329687 -0.3439164 0.1447812 0.9277715 -0.2143945 0.04068154 0.9758996 -0.1448748 0.1109679 0.9832077 -0.1210075 0.03549343 0.9920169 0.02893054 -0.04357659 -0.9986312 0.03769129 0.04544317 0.9982556 0.2095747 0.03061062 0.9773135 -0.0294817 0.03296089 0.9990218 -0.2459875 0.03360199 0.9686904 -0.1911391 0.05166828 0.9802021 -0.42727 0.05389702 0.9025163 -0.7461128 0.002319455 0.6658157 -0.8184076 0.05246275 0.5722383 -0.8377492 0.05685704 0.5430873 -0.8073586 0.1116092 0.5794097 -0.9942086 0.04767024 -0.09631705 -0.9992195 0.03759926 0.01211595 -0.995412 0.0860334 0.0418722 -0.7860609 0.4771117 -0.3930304 -0.856682 0.3664475 -0.3630598 -0.9356335 0.1161873 0.3333024 -0.9237404 0.2889817 0.2513826 -0.9492282 0.2875487 -0.1275993 -0.9829081 0.03817975 0.180095 -0.8864976 0.06338882 0.4583711 -0.7679346 0.02609425 0.6399964 -0.9843697 0.04648089 -0.1698704 -0.8283482 0.06634843 0.5562708 0.1624503 0.08120989 -0.9833692 0.3544422 0.8893837 -0.2887341 -0.4661449 0.8802857 0.08835202 -0.05584996 0.9901929 0.1280582 -0.06756865 0.9909766 0.1157579 -0.3852141 0.9187824 -0.08630847 -0.06640857 0.3790112 0.9230062 -0.01165831 0.795363 0.6060214 0.05465996 -0.0536223 -0.9970642 0.2761391 -0.3178591 -0.9070352 -0.3741629 0.897991 0.2315476 -0.02600187 0.9913073 0.1289718 0.2431775 0.9699636 -0.005951225 0.03592067 0.9874988 0.1534793 0.1492368 0.9872213 -0.05587983 0.1595522 0.9867638 -0.02899283 0.4240073 0.7772094 0.4649339 0.4073704 0.471888 0.7819022 0.6139203 0.118841 0.780371 -0.9027499 0.03320455 0.4288825 -0.8006933 0.2046291 0.5630428 -0.727828 0.02713179 0.6852228 -0.4210445 0.03659266 0.9063016 -0.06146472 0.3123595 0.9479735 -0.7911466 0.4734123 0.3872569 0.3957716 0.6539022 0.6448075 -0.2339004 0.9095381 0.3435565 -0.2343583 0.05990952 0.9703027 0.3094665 0.0195629 0.9507092 0.27962 0.4387489 0.8539977 0.3693432 0.9270508 -0.06451755 0.1945598 0.9449963 0.2629228 0.3641818 0.8668278 0.3405602 0.8352764 0.2425655 0.4934322 0.7926136 0.5325597 0.2968906 0.6864293 0.5814751 0.4366938 0.1641947 0.9396027 0.3003115 0.4153006 0.8674679 0.2739067 -0.9840383 -0.1646025 -0.06763732 -0.9530212 -0.1000728 -0.2858951 0.9874472 0.1579366 0.002105772 0.9303865 0.3504858 0.1074286 0.8418318 0.5397257 0.003936886 0.9355417 0.3506374 -0.04260504 0.1715199 0.9250482 0.3389198 -0.9757314 -0.07327705 -0.2063464 -0.895634 -0.09456342 -0.4346235 0.9190461 0.2526049 0.3025643 0.5685383 0.6613161 0.489311 0.9678415 0.1060221 0.2281277 0.9398803 0.2739741 0.2038706 -0.9056999 -0.4239168 0.001544713 -0.9899336 -0.06388294 0.1262952 0.7060005 0.004364192 0.7081979 0.2029806 0.5899288 0.781526 0.3754181 0.4247373 0.823808 0.2569122 0.737623 0.6244266 0.0970816 0.9553427 0.2790981 0.4262019 0.2643886 0.8651304 0.931865 -0.09961378 0.3488619 0.2153745 0.8490157 0.4824792 -0.4788204 -0.04893696 -0.8765479 0.1307461 0.3075464 0.9425077 -0.08182185 0.4504322 0.8890535 0.01272642 0.8277996 0.5608797 -0.2581753 -0.06913089 -0.9636216 0.2975335 0.2921011 0.9089285 0.554135 0.1980993 0.8085116 -0.5464946 -0.06484317 -0.8349486 0.8947864 0.03540199 0.445089 0.99461 0.05002039 -0.09082412 0.9005029 0.2719576 0.3393137 0.9928842 0.0338459 -0.1141726 0.899669 0.3624739 -0.2433278 0.8470773 0.3102227 -0.4315345 0.5665541 0.5476018 -0.6157506 0.6745297 0.5540104 -0.4879369 9.15063e-4 0.9999995 3.02064e-4 -9.02704e-5 1 -4.54403e-4 0.5725305 0.0685144 0.8170157 0.638696 0.04092562 0.7683701 0.6988043 0.04013305 0.7141861 0.7060578 0.01263487 0.7080416 0.5017015 0.8628631 -0.06134313 0.725406 0.1731037 0.6661992 -0.2818713 0.6247801 0.7281472 -0.1022073 0.8172619 0.5671302 -0.2284649 0.6858524 0.690949 -0.07107919 0.7158891 0.6945867 -0.6967242 -0.3472481 0.6276896 -0.7923072 0.2039899 -0.575011 -0.5225262 0.8490248 0.07825225 -0.6381367 0.6937072 0.3339942 -0.02365225 0.928238 0.3712342 -0.02578866 0.9212513 0.3881121 0.01080381 0.9428018 0.333179 0.00952202 0.9613594 0.2751319 0.008484244 0.9458134 0.3245998 -4.88299e-4 0.9208412 0.3899376 -0.7264131 -0.6782242 -0.1110673 0.7037711 0.6410238 -0.3062595 0.7089956 0.6326667 -0.3115418 0.6563238 0.7081766 -0.2602405 0.6505491 0.7154331 -0.254836 -0.4502433 0.889622 0.07651054 -0.1745415 0.9395153 0.2946972 0.03527987 0.9060155 0.4217717 0.002105832 0.9183583 0.3957446 -0.1126784 0.8721893 0.4760143 -0.07687664 0.8939547 0.4415145 -0.0757181 0.8842633 0.4608094 0.03772157 0.905532 0.4225978 -0.07281881 -0.3866174 -0.9193609 0.004242122 0.9160594 0.4010202 0.1280571 0.9432469 0.3064095 0.06888228 0.9065793 0.4163764 -3.05191e-5 0.9183492 0.3957712 -0.2598391 0.9536894 0.151527 -0.09854626 0.8859402 0.4532092 -0.0428794 0.9346807 0.3528934 0.0100103 0.9045007 0.4263547 0.06582951 0.9034238 0.4236649 0.05340909 0.9384137 0.3413607 0.09396857 0.8753512 0.4742681 -0.02548384 0.908904 0.4162262 -0.05890262 0.9221771 0.3822566 -0.09924685 0.8876675 0.4496628 0.06256431 0.9463998 0.3168806 0.07757848 0.9100062 0.4072719 -0.08838391 0.8946431 0.4379521 0.06262582 0.9480861 0.3117865 0.002716183 0.9116319 0.4109988 0.0446195 0.9465014 0.3196002 0.04797625 0.9485085 0.3130972 -0.07184302 0.9072853 0.4143335 0.06729447 0.9174022 0.3922306 0.05700951 0.9726715 0.2250777 -0.07989835 0.9131549 0.3997055 -0.1655359 0.3763318 0.9115768 0.05142462 0.9860409 0.1583635 0.1315067 0.9166406 0.37746 -0.009949207 0.9020829 0.4314482 0.02108877 0.9979498 -0.06042814 0.08255392 0.9237801 0.373919 -0.039186 0.8872708 0.4595814 0.02072227 0.9974161 0.06878942 0.1390129 0.9304251 0.3390938 -0.1085555 0.922737 0.3698273 -0.05417156 0.8908255 0.4511046 0.1006199 0.9327709 0.3461421 -0.06738591 0.9773402 0.2006624 -0.08350026 0.9234471 0.3745305 -0.07672512 0.9138655 0.3987022 -0.01431345 0.94527 0.3259751 -0.0885061 0.9357234 0.3414505 -0.7219713 0.06375539 -0.6889796 -0.7022185 0.02398812 -0.7115573 -0.713472 0.04620563 -0.6991586 -0.9945219 0.007171928 -0.1042833 -0.9808779 -0.1314449 -0.1435304 -0.3019893 0.4574549 0.8363836 -0.1756685 0.7294092 0.6611377 -0.4630715 0.2306048 0.8557956 -0.3700488 0.6005014 0.7088456 -0.1292791 0.9356867 0.3282945 -0.160198 0.8852555 0.4366459 0.0424683 -0.0707404 -0.9965904 -0.2545932 0.7580115 0.6005006 -0.1384337 0.2162569 0.9664725 -0.384024 0.5416561 0.7477529 -0.1526273 0.9385313 0.3096189 0.4250251 -0.06907635 -0.9025421 -0.4589152 0.2906941 0.8395795 -0.6876608 0.3693445 0.6250658 0.7591508 -0.07297259 -0.6468117 -0.7330413 0.5346359 0.4204939 -0.8559949 0.2447618 0.4553729 -0.6762105 0.7325181 -0.07846444 -0.4116472 0.8511893 0.3256127 -0.9374231 0.3462386 -0.03683644 0.9949877 -0.0999704 0.002353668 -0.5492634 0.2658572 0.7922309 -0.5180938 0.7084115 0.4793039 -0.9741628 0.2231846 -0.03457784 -0.3122449 0.8772827 0.3645247 -0.1850378 0.9435922 0.2745811 -0.1753921 0.9352213 0.3075695 -0.173379 0.9202423 0.3508475 -0.9357579 0.3476474 0.05914676 0.9240922 -0.07641524 -0.3744521 0.3593039 0.05893278 0.931358 0.1623622 0.02389651 0.9864419 6.10383e-5 0.05539226 0.9984647 -0.6851149 -0.08432322 0.723538 -0.7788527 0.04913604 0.6252795 -0.732887 0.2773581 0.621248 -0.03070235 0.851305 0.523772 -0.001373171 0.9999987 8.96262e-4 -5.00557e-4 0.9999991 0.001281201 -0.5416473 0.7251262 -0.4252181 -0.1951083 0.9771895 0.08386635 -0.2362178 0.7865993 -0.5704935 0.01083439 0.9376194 0.3474948 -0.1134407 0.9670996 -0.2277054 -0.1812837 0.1818025 -0.9664803 -0.1544598 0.9387228 0.3081262 -0.1345916 0.9557839 0.2614619 0.5960112 0.7835522 0.175547 0.2008165 0.3939421 -0.8969295 0.1209172 0.911884 0.3922331 0.1801843 -0.3922916 -0.9020205 0.5045165 0.3947076 -0.7678991 0.3905524 0.9130083 -0.1178341 -0.1128296 0.9303789 0.3488044 0.1482321 0.9664846 0.2096064 0.1723739 0.8449619 0.5062873 0.2310284 0.9367489 0.2629208 -0.04428249 0.9910011 0.1263166 0.2313074 0.9651796 -0.1221696 0.05527043 0.9983778 -0.01367264 0.01468622 0.1070074 0.9941498 -0.9687197 -0.1094797 0.2227022 -0.9692201 -0.107469 0.2215018 -0.2268784 0.9593654 -0.167763 0.9973096 0.06467038 -0.03451728 -0.6499679 0.7322209 -0.2034559 -0.783912 0.09833234 -0.6130359 -0.8111477 0.01675516 -0.5846014 0.6837761 0.04269301 -0.7284418 0.7266048 0.03891217 -0.685953 0.7285165 0.03235 -0.6842641 0.727759 0.03497487 -0.6849406 0.7315384 0.02163785 -0.6814568 0.6733028 -0.1147807 0.7304033 -0.574522 0.03231972 0.8178508 -0.5938719 0.01480174 0.8044235 -0.3369952 -0.009094774 0.9414625 0.147893 0.02758878 0.9886186 0.3920751 0.002929747 0.9199286 0.996596 0.01382505 0.08127194 0.9852915 0.05856686 0.1605325 0.8099096 0.04370296 -0.5849245 0.8179191 0.01379472 -0.575168 -0.6889024 -9.76604e-4 -0.7248536 -0.7089546 0.02603262 0.7047736 0.03549373 0.9986474 0.03799629 -0.2287725 0.9643176 0.1332471 -0.08224821 0.9957987 0.04025429 -0.8819251 0.4705831 -0.02756649 -0.08664482 0.9891365 0.1187513 0.8971112 0.2604294 -0.3568865 -0.9456698 0.2722623 0.1777136 0.4945375 0.08960515 0.864525 0.4586423 0.0177316 0.888444 0.5055838 0.1130742 0.8553357 0.5339872 0.1771615 0.8267234 -0.9280359 0.01165699 0.3723084 -0.9440147 0.008697867 0.3297887 -0.8679752 0.09473258 0.4874883 -0.1774979 0.004120051 0.9841126 -0.7598971 0.08136409 0.6449314 -0.07492423 0.03848445 -0.9964464 -0.5931319 0.06445556 0.8025211 -0.4081331 -0.001953184 -0.9129204 -0.7303591 -0.04391735 -0.6816502 -0.8783386 0.07922744 -0.471428 -0.8382895 0.08630704 -0.5383511 -0.4038846 0.02288901 0.9145237 -0.9247516 -0.01367241 -0.3803259 -0.9929262 -0.02169877 -0.116734 -0.9958494 0.08313494 0.0370506 0.01968467 0.9997997 -0.003631711 -0.06015306 0.9934571 0.09708118 -0.0277726 0.9911473 0.1298294 9.56867e-4 0.9999888 -0.004655301 0.008087575 0.9996618 -0.02472066 -3.38008e-4 1 1.97678e-4 0.003529369 0.9999936 6.61913e-4 -0.001403868 0.9999985 -0.001068174 2.61369e-4 0.9999997 7.56738e-4 -8.59175e-4 0.9999992 0.001018464 -0.001264452 0.9999958 0.002618372 6.40908e-4 0.9999998 3.96753e-4 0.002990782 0.9999398 -0.01055938 -0.002075314 0.9999968 0.001464903 -8.94852e-4 0.9999841 0.005571663 5.58675e-7 1 -6.54881e-6 -5.23628e-4 0.999998 -0.001913487 0.00121665 0.9999925 -0.003693163 1.33985e-4 1 2.37907e-4 -2.76589e-4 0.9999983 -0.001854479 -0.003229796 0.9999922 -0.002303242 0.001122951 0.9999992 5.23405e-4 -3.61885e-4 0.9999978 0.002099037 -6.56194e-4 0.9999998 1.98368e-4 6.6698e-4 0.9999998 -2.34521e-4 0.004758954 0.9999884 -7.29596e-4 1.20308e-5 1 -1.20494e-5 0 1 -2.85319e-6 0 1 -1.22244e-6 9.26639e-4 0.9999562 0.009326398 -0.009191691 0.9999517 0.003493368 -1.64487e-4 0.9999989 0.001510143 2.14709e-4 0.9999938 -0.003525376 -1.38772e-4 1 -5.59945e-6 -3.68661e-4 0.9999994 0.001116096 0.003103971 0.9999938 0.001743137 0.006317734 0.9999798 -7.28228e-4 0.005589067 0.9999577 0.007313966 0 1 3.54785e-6 0.002846896 0.9999718 0.00694561 4.50395e-4 1 -1.96267e-4 -1.2253e-4 1 3.44086e-4 -2.03752e-4 1 8.7504e-5 -0.005462765 0.9999406 -0.009430229 -0.03921669 0.9991266 -0.01443541 -3.20563e-4 1 6.77485e-5 -0.05462884 0.9984261 -0.01269584 -0.07342869 0.9973002 -8.24013e-4 -0.05029541 0.9986146 -0.01547312 -0.01107823 0.9996061 -0.02578818 -0.01895242 0.9997485 -0.011994 0.1555568 0.0358296 0.987177 0.11524 -0.07303214 0.9906494 0.2596914 -0.309011 0.9149168 0.1561976 -0.3121815 -0.937094 0.2897149 -0.2125939 -0.9332037 0.5077719 -0.2611494 0.8209559 0.4385055 -0.4455556 -0.7805082 0.7821741 -0.08057039 -0.6178287 0.5990954 -0.3189275 -0.7344183 0.7183015 -0.2395152 0.6532039 0.8076007 -0.4381651 0.3947056 0.7482308 -0.6493191 0.1361446 0.9153968 -0.2869427 0.2823343 0.9556176 -0.2740015 0.1082516 0.9523898 -0.1654459 0.2560886 0.8345212 -0.5412912 -0.1028502 0.6842169 -0.6897104 -0.2369534 0.7740874 -0.5094865 -0.3757821 0.7160148 -0.4226016 -0.5556355 0.8606469 -0.2799849 -0.4253183 0.1397491 -0.4489428 -0.8825648 0.7594997 -0.1212831 -0.6391016 0.1080978 -0.9941218 0.006073236 0.03668338 -0.9948474 0.09451627 0.08356034 -0.9953086 0.04876899 0.009338855 -0.9996561 -0.02450686 0.0446794 -0.9989997 0.001892149 -0.01330626 -0.9998645 -0.009705007 0.09009093 -0.9948154 -0.04718178 0.01226866 -0.9944975 0.1040398 -0.3343104 0.1579383 0.9291351 0.1575685 -0.9819117 -0.1049847 0.04467934 -0.9658562 -0.2551975 0.04873877 -0.981917 -0.1829306 0.8221855 -0.4192413 -0.3850294 0.9005595 -0.4338604 0.02752828 0.8824223 -0.2425333 -0.4031236 0.07348889 -0.9918866 0.1037328 0.08017396 -0.9923936 0.09341931 0.2790966 -0.9571686 -0.07703006 0.6670767 -0.7381545 0.100681 0.2705832 -0.9592185 -0.08176094 0.6960788 -0.6365362 0.3321084 -0.1155776 -0.8823207 -0.456237 -0.0167244 -0.7733512 0.6337573 -0.1051396 -0.9555343 0.2754993 -0.3121508 -0.7897464 0.5280744 -0.01071226 -0.9756098 0.2192505 -0.2620368 -0.7624275 0.5916427 -0.3712995 -0.8446255 0.3856742 -0.4479066 -0.8098087 0.3789321 -0.2280716 -0.9735695 -0.01208567 -0.5783399 -0.7783938 0.2441846 -0.1731973 -0.9586437 -0.2258433 -0.2501013 -0.9534674 -0.168372 0.2256255 -0.8525734 0.4713935 0.6269175 -0.7587893 0.1766734 0.2817792 -0.910495 -0.302654 0.03817951 -0.9798493 -0.1960553 0.08539283 -0.8943055 -0.439233 -0.06610381 -0.9188919 -0.3889321 0.1998087 -0.9622984 -0.1845491 0.3084576 -0.9387096 -0.1538778 0.5635724 -0.6966983 0.4438444 0.3558828 0.1593095 0.9208518 0.05508762 -0.9833989 -0.1728929 0.2614587 -0.9427407 0.2070733 0.2832765 -0.9166049 0.2821168 0.5782782 -0.8059821 -0.1264411 0.2288666 -0.8092279 -0.5410825 0.06717163 -0.9494979 -0.3064993 -0.9660345 -0.02917665 -0.2567608 -0.6458209 -0.3982781 -0.6513754 -0.7510522 -0.04895311 -0.6584257 -0.9940723 -0.07696944 0.07678633 -0.8743198 -0.485289 0.007721364 -0.9461786 -0.3178547 -0.06094628 0.1601005 -0.05444514 -0.9855981 -0.01248228 -0.2097274 -0.9776803 0.0124517 -0.9947633 0.1014448 -0.5510291 -0.8344834 0.00211656 -0.5669603 -0.5760268 0.5888541 -0.0202037 -0.9992311 0.0336017 0.01742631 -0.9986129 0.04968494 0.003517687 0.9999899 0.002797544 0.1877822 -0.9736415 0.1294608 0.5000955 -0.2156826 -0.8386808 0.004588007 0.9999871 0.002216935 0.03674519 -0.9468919 0.3194456 0.07968521 -0.9128247 0.4005014 0.08862638 -0.9081462 0.4091648 -0.009705007 -0.9999527 -7.62973e-4 9.46102e-4 -0.9999993 -8.24024e-4 -0.01361161 -0.9999074 1.22078e-4 0.009827017 -0.9976869 0.06726318 -0.02234005 -0.999597 -0.01751804 -0.5925298 -0.5166897 0.6180133 -0.533387 -0.6218627 0.5733979 0.8931013 -0.3150758 0.321088 0.9545899 -0.1158826 0.2744621 0.775814 -0.6289221 0.05069339 0.2757729 -0.9073709 -0.3172181 0.8801494 -0.2387228 0.4103029 0.8129121 -0.2731783 0.5143418 -0.006531 -0.9842642 -0.1765822 -0.4528123 -0.884841 -0.1096247 -0.7626162 -0.6027257 0.2348155 0.03555482 -0.8154114 -0.5777891 -0.236889 -0.9416046 -0.2393 -0.5215703 -0.8470864 -0.1020251 0.3005535 -0.08462983 -0.9500029 0.2088747 -0.06335824 -0.9758879 0.1173751 -0.7413617 -0.6607616 -0.1138675 -0.9285808 -0.3532306 -0.08258587 -0.9293811 -0.3597643 -0.2823945 -0.876482 -0.3899137 0.04095691 -0.9038298 -0.4259277 0.04806727 -0.8717426 -0.4876008 0.4926828 -0.5782301 -0.6503181 0.06995058 -0.9090831 -0.4107004 -0.4955381 -0.7754499 -0.3913047 -0.1080369 -0.9014678 -0.4191468 -0.1498189 -0.8793203 -0.452051 0.03848731 0.924779 0.3785533 0.5169652 -0.7281581 -0.4500365 -0.117986 -0.875862 -0.4679158 -0.3463662 -0.8896445 -0.297596 -0.6792387 0.7036846 -0.2084776 -0.4630154 -0.5616859 -0.6856571 -0.02752864 -0.9026464 -0.4295017 0.3408365 -0.8715624 -0.3524338 -0.03619545 -0.8979892 -0.4385266 0.1988011 -0.9137101 -0.3544178 0.5843235 -0.5615255 0.58588 -0.07330769 -0.9966732 0.03561615 -0.06235051 -0.9978523 0.02008152 0.08344012 -0.9930415 0.08310443 -0.02716159 -0.9982664 -0.05221748 0.00270915 0.9999809 -0.005569636 0.5375035 -0.1094112 -0.8361335 -0.1863819 -0.07538288 -0.9795812 -0.1371638 -0.4819901 -0.8653737 0.1856194 -0.9693288 -0.1610817 0.1448759 -0.9834901 -0.1084356 -0.001556456 -0.9999771 0.006592035 0.0132454 -0.999906 0.003570735 0.1730457 -0.9692698 0.1748464 0.1976706 -0.9717512 -0.1289421 0.08804875 -0.9841015 0.1542456 -0.03576791 -0.9989992 0.02685642 -0.01016271 -0.9993682 0.03405892 0.06634885 -0.9977965 6.10385e-5 0.2447058 -0.9695147 0.01266556 -0.166633 -0.9646102 -0.2043544 6.10378e-4 -0.7324542 0.6808162 0.7695732 -0.09006226 -0.6321756 0.5892064 0.01303172 0.8078774 0.03949189 -0.901753 -0.4304438 -0.02353 -0.9123616 -0.4087087 -0.05527001 -0.8826723 -0.466728 0.3263381 -0.05868774 0.9434295 0.3771592 -0.2937802 0.878319 0.1969378 -0.2884637 0.9370189 -0.1380981 -0.9879584 0.06976622 -0.007599234 -0.9845179 0.175119 -0.7753788 -0.5906136 -0.2235249 0.1474706 -0.5962001 0.7891755 0.6521318 -0.1582719 -0.7414001 0.5597575 -0.0475493 -0.8272911 0.6939474 -0.03537184 -0.7191563 0.8831899 -0.1264403 0.4516509 0.9270184 -0.2417114 0.2867272 0.3966642 -0.2578302 -0.8810114 0.4102696 -0.04983782 -0.9106015 0.9292749 -0.3665339 0.0458396 0.9658657 -0.1566541 0.2063085 0.9960299 -0.05563676 -0.06949257 0.9978008 -0.04538232 0.04831218 0.959755 -0.0626856 -0.2737535 0.9566799 -0.05221801 -0.2864211 0.9282553 -0.0363782 -0.3701607 0.1923632 -0.1423725 -0.9709411 0.86096 -0.2409833 -0.4479678 0.8838102 -0.02850508 -0.4669767 0.8088302 -0.03958386 -0.5867086 0.01675474 -0.05905365 -0.9981143 0.7871848 -0.128059 -0.6032754 0.2298693 -0.7146946 0.6605844 0.2026472 -0.968617 0.1439283 -0.6800582 -0.1822298 -0.7101501 0.2711018 -0.6383389 -0.7204355 -0.2873078 0.6469156 -0.7063671 0.5978806 -0.6607205 -0.4538582 0.3987321 -0.7519298 -0.5249897 0.2593193 -0.8838281 -0.3893604 0.4315108 -0.3898521 -0.8135194 0.5940616 -0.3661422 -0.7162616 0.8463315 -0.4868748 -0.2160463 0.8541482 -0.5162672 -0.06244277 0.133614 -0.9901106 -0.04275768 0.0993691 -0.9949424 -0.01467949 0.1002234 -0.9812985 0.1643432 -0.1431959 -0.8422375 0.5197414 0.09754037 -0.8682805 -0.4863896 -0.2201626 -0.9659201 0.1361138 -0.5198439 -0.4696388 0.7135837 -0.6303696 -0.0682404 0.77329 -0.5909132 -0.375539 0.7139973 -0.7845898 0.03106862 -0.6192363 -0.9053368 -0.4168688 -0.0811519 -0.7879458 -0.4931299 -0.3687335 -0.4154567 -0.9040678 -0.1002858 -0.862762 -0.32011 -0.391371 -0.3986755 -0.1197888 0.9092352 -0.2157362 -0.07608294 0.9734831 -0.8404093 -0.2159544 0.4970675 -0.5642405 -0.3872897 0.7291361 -0.9748746 -0.1582725 0.1567466 -0.9316163 -0.1399896 -0.3354014 2.72341e-5 -0.9914447 -0.1305273 -1.62829e-5 -0.991444 -0.1305328 -1.0517e-5 -0.9914442 -0.1305316 0 -0.9914415 -0.1305521 -3.47398e-6 -0.9914444 -0.1305294 4.84457e-6 -0.9914444 -0.1305299 9.12533e-6 -0.9914473 -0.1305081 -5.87388e-5 -0.9914457 -0.1305199 8.84002e-6 -0.9914458 -0.1305188 -1.45703e-5 -0.9914509 -0.1304814 3.19629e-5 -0.9914473 -0.1305081 -5.92139e-5 -0.9914466 -0.1305131 -5.31891e-7 -0.9914469 -0.1305118 3.99617e-6 -0.9914451 -0.1305248 0.5204147 -0.8426676 -0.1381302 -9.81726e-6 -0.9914446 -0.1305283 -2.96721e-5 -0.99143 -0.1306397 2.39175e-5 -0.9914509 -0.1304804 0.01684641 -0.9954357 -0.09393721 0.01733469 -0.9949149 -0.09921681 0.03723269 -0.9925261 -0.1162148 1.13462e-5 -0.9914435 -0.130537 -3.44466e-5 -0.9914387 -0.1305736 8.72268e-6 -0.9914484 -0.1304994 -0.02337777 -0.9941374 -0.1055664 -0.03534144 -0.9891952 -0.1422815 7.04037e-6 -0.9914444 -0.1305307 -4.70586e-5 -0.9914429 -0.1305413 -0.005951106 -0.9911514 -0.1326031 -0.004974544 -0.9891815 -0.1466132 -0.009125113 -0.9922597 -0.1238455 1.36618e-5 -0.9914533 -0.1304623 -1.22078e-4 -0.9914241 -0.1306842 -6.10373e-5 -0.9914286 -0.1306503 -0.08722448 -0.9879748 -0.1276627 1.21206e-5 -0.9914484 -0.1305002 -2.23718e-4 -0.9914157 -0.1307477 -5.69052e-5 -0.9914539 -0.130458 9.75425e-6 -0.9914446 -0.1305283 0 -0.9914447 -0.1305273 0.9995111 -0.002636551 -0.03115713 0.2715907 -0.6745669 -0.6864388 0.3234435 -0.935508 -0.1421589 0.595246 -0.8033257 0.01870822 0.8895071 -0.3474285 -0.2967669 0.969407 -0.2123515 -0.1231138 0.9561702 -0.2801673 -0.08511835 0.7590765 -0.5829495 0.2897809 0.7529036 -0.628203 -0.1962066 0.9894826 -0.08264505 -0.1187183 0.7373113 -0.1896763 -0.6483787 0.9793668 -0.03580045 -0.1988944 0.6484737 -0.6349841 -0.4198538 0.2846516 -0.9238438 -0.2559027 0.09906643 -0.7975674 -0.5950397 0.1200521 -0.002610683 -0.9927642 0.07467955 -0.2167447 -0.9733678 0.8251974 -0.5586159 0.08365195 0.8840109 -0.4673972 -0.008056938 0.8258242 -0.5542932 -0.1037964 0.2190942 -0.9754409 -0.02264487 0.7389563 -0.2913953 0.6074805 0.1018424 -0.7923994 0.601441 -0.006408929 -0.9964745 -0.08365243 -0.0852099 -0.6004368 0.7951195 -0.3498404 -0.8033236 0.4819576 -0.2278836 -0.9546578 0.1915663 -0.09976279 -0.472656 0.8755819 -0.3704774 -0.4653628 0.8038557 -0.3642455 -0.6769138 0.6396194 -0.4082854 -0.7975878 0.4440233 -0.1135908 -0.9870688 -0.1131026 -0.6101921 -0.3885039 0.6904566 -0.01785367 -0.9914754 -0.1290654 -0.1984367 -0.6666337 0.7184861 -0.6246001 -0.6126367 0.4843046 -0.6353172 -0.6815232 0.3631779 -0.9930891 0.06805741 0.0956161 -0.4896063 -0.8214762 -0.2923402 -0.3029978 -0.7527371 -0.584448 -0.6017169 -0.7913939 -0.1078549 0.9940235 0.1072121 0.02056956 0.3500194 0.8053491 0.4784342 0.1000072 -0.9206249 0.3774236 -0.4080761 -0.9060322 -0.1121591 -0.8742414 -0.1954423 0.4444147 -0.481416 -0.8746915 -0.05615603 -0.8648188 -0.03772151 0.5006653 -0.004822075 0.8580614 0.5135245 0.1846387 -0.8497968 0.4937146 -0.5084517 -0.61414 -0.6035803 -0.6587933 0.6786921 0.3246051 -0.6666067 -0.5972969 0.4459508 -0.9880694 0.1361781 0.07193446 -0.6025344 -0.6844776 0.410418 0.01040709 -0.9895289 -0.1439598 -1.22074e-4 -0.989686 -0.143254 -6.83482e-6 -0.9914457 -0.13052 1.06483e-5 -0.9914445 -0.1305294 4.41906e-6 -0.9914444 -0.1305301 -0.001098692 -0.9903238 -0.1387717 3.9931e-5 -0.9914485 -0.1304991 -2.42013e-4 -0.9914668 -0.1303592 -1.83115e-4 -0.9901052 -0.1403275 0.00903362 -0.9915353 -0.129523 -1.0222e-5 -0.9914439 -0.1305332 -4.88309e-4 -0.9936488 -0.1125248 -0.007171988 -0.9909872 -0.1337654 -0.008362174 -0.9915333 -0.1295838 0.002746641 -0.9920405 -0.1258895 -0.00665301 -0.9914904 -0.1300095 -0.002777218 -0.9902649 -0.1391687 4.76025e-5 -0.991447 -0.1305098 1.0875e-6 -0.991445 -0.1305255 7.58569e-6 -0.9914406 -0.1305594 -3.05189e-5 -0.9915885 -0.1294305 -0.01211589 -0.992009 -0.1255843 -0.005371332 -0.9919325 -0.1266543 0.01040685 -0.9924364 -0.1223188 -0.005340874 -0.9904505 -0.1377652 -2.65862e-5 -0.9914448 -0.1305273 -1.24465e-5 -0.9914441 -0.130533 -3.89898e-6 -0.9914455 -0.1305215 1.07465e-4 -0.9914487 -0.130498 0.005615413 -0.9923769 -0.1231124 5.54475e-5 -0.9914591 -0.1304181 -1.15661e-4 -0.9914262 -0.1306681 -8.75224e-5 -0.9914383 -0.1305764 -8.4458e-6 -0.9914436 -0.1305362 -3.46149e-5 -0.9914401 -0.130563 1.01754e-5 -0.9914484 -0.1304998 -6.39253e-5 -0.9914426 -0.1305438 0.7060344 0.08511841 -0.7030436</float_array>
          <technique_common>
            <accessor source="#shape1-mesh-normals-array" count="3587" stride="3">
              <param name="X" type="float"/>
              <param name="Y" type="float"/>
              <param name="Z" type="float"/>
            </accessor>
          </technique_common>
        </source>
        <vertices id="shape1-mesh-vertices">
          <input semantic="POSITION" source="#shape1-mesh-positions"/>
        </vertices>
        <lines count="574">
          <input semantic="VERTEX" source="#shape1-mesh-vertices" offset="0"/>
          <p>3552 700 4374 183 1881 1582 992 990 3643 1447 1183 27 2905 2904 351 349 378 4547 3894 689 493 491 1330 1316 4010 2887 2886 3881 2446 2419 4083 2711 5013 2190 4889 627 4638 1358 4133 962 4155 3841 3100 3106 3281 2042 4388 4371 5084 1158 3750 3645 4577 1193 2893 1320 3787 3726 3969 3230 1403 1402 4592 4142 4852 1548 4088 1702 4090 2353 3233 2900 4901 2455 4924 4729 4957 850 4227 2084 3560 3398 4129 2745 2132 2126 4650 1178 3982 3872 4065 2984 3261 3137 4188 3319 832 831 2023 2022 4178 1353 3426 761 4305 2295 2739 2738 3638 254 4511 3176 282 172 1185 1118 3564 3562 3871 1397 3898 3066 3962 2722 597 500 2117 1967 1504 1490 3226 1386 3289 529 2740 1340 4474 4442 158 156 1863 1583 1043 1010 1935 1786 2742 2741 278 221 712 710 4894 2067 460 458 2294 2264 2089 2080 3384 1381 4274 261 4307 4304 3438 3016 3268 568 1140 1088 5064 99 3518 715 2202 2200 2217 2076 4483 4033 4709 2594 2047 1424 125 82 106 4415 2928 1512 4028 3834 3126 3124 4064 121 2442 2425 2705 1343 685 578 4100 2576 3385 2706 5009 160 797 796 4943 553 4196 1683 3591 189 4561 3360 3636 95 3553 705 4504 1232 1760 1505 3481 1375 1778 3301 3762 1423 4069 2986 2457 2456 4734 2450 543 542 4122 4066 3436 3002 4733 2470 4945 1748 4532 1227 4346 2347 1240 1119 4659 2359 2096 1949 4031 1792 3748 1590 4550 1368 1847 1689 4920 2090 3291 530 2219 2218 4555 2131 283 157 2882 2881 301 297 4675 1309 2713 2709 1039 88 2726 2724 1083 18 3333 1712 928 104 3454 2565 507 506 3863 3068 2902 1323 724 573 3221 2995 1036 1034 4418 1465 5113 744 5104 2707 3624 561 556 4019 4233 1761 4261 2328 1756 1647 4288 4266 4757 1006 3084 3009 2982 2981 3906 2932 1033 115 3569 2465 2750 1350 4419 124 4942 2866 4966 4016 4215 2333 5052 2201 3883 1317 4745 3568 4001 1145 2070 2068 2931 2889 4646 1870 3875 3740 4703 1411 2708 1344 2733 2729 3989 3088 4496 251 3292 554 3792 1238 4222 2736 5005 3709 4265 255 3451 459 3452 3361 1322 1321 3116 3115 654 653 2437 2342 3151 83 2875 1328 4712 3744 347 298 2747 2746 4428 1882 4189 2749 4720 1424 4694 1376 3227 1064 3310 3308 4849 4632 2473 2361 534 532 4692 3626 4718 4691 3715 3578 269 229 3604 1332 3622 562 2789 2788 123 122 3421 786 3245 649 3309 3163 3981 3973 4018 2874 4547 339 3804 1773 4620 1370 3980 2008 3618 1388 1027 1003 3554 1853 4154 2315 2441 2431 723 720 4116 3322 2296 2287 4759 1030 3896 3877 2286 1488 1925 1923 4902 2057 2732 2730 3826 525 3348 1106 1922 1858 5038 3027 4132 623 3251 1845 4161 3018 4955 998 4032 1793 676 675 4117 4095 3915 638 4737 4481 4752 1820 892 643 598 453 4015 833 4730 1626 1646 1643 699 692 2483 1586 765 461 3256 2515 830 679 1814 1739 1837 1789 3586 2851 3616 3614 4562 1421 2720 2718 1269 186 4697 2037 4780 4358 247 3492 2395 2159 3150 764 4879 2432 3202 2775 3583 1371 3313 3063 3512 3019 3399 3164 4365 964 4430 781 1108 1107 4376 1467 3680 1998 2034 2030 3691 3690 2062 2058 308 306 4622 3802 3861 1115 546 545 4789 345 3832 3011 4059 1136 4335 2236 4863 1714 706 703 4131 518 3263 357 1624 1592 3371 497 3457 90 3478 3338 3844 3605 2048 2046 1177 1102 1208 1205 4627 2337 4656 1360 2985 2983 4458 3642 3931 727 3334 1704 4750 1821 235 230 4004 1325 592 589 1380 1377 4027 1751 4239 3831 2760 2685 3209 46 791 624 585 584 3374 3362 920 707 4297 1266 3453 3152 2777 1389 2710 1345 4810 2267 4597 2248 4470 650 2784 1404 3174 2141 279 174 3800 3796 3873 1400 4054 1443 1931 1649 4793 332 4798 4736 5042 4280 4952 2462 73 72 2786 1383 3662 1346 3668 3667 182 180 3507 3377 1900 1896 2728 2727 3856 1666 4576 1333 304 300 3770 3734 4094 1351 2723 2719 867 783 3503 618 989 988 5099 102 4417 1468 3062 3005 2162 2160 3122 3121 1029 119 4602 4582 4742 1481 3943 3370 1554 1545 4820 3089 3250 1803 1762 1916 4479 3213 4499 932 4352 4302 4427 264 3610 3609 1257 346 249 219 4554 1461 275 169 655 656 3178 2998 3191 225 2507 2249 4111 1496 4990 1912 2926 2925 4180 116 4194 640 1071 1041 3574 2737 4495 253 3673 708 4984 4152 1044 126 3573 3571 2204 2088 3846 728 4381 2100 2867 1314 872 793 3352 1696 4245 1758 1744 1741 509 463 3125 80 3185 3184 2496 2093 268 226 4583 1558 1618 1594 2459 2453 2944 2794 1228 1226 4651 563 4370 56 3527 576 2776 1390 3640 3639 1146 1144 1557 1552 3279 566 4214 1318 3369 2138 3386 1000 3411 3410 159 3867 3443 1959 1819 1700 3970 1783 4779 1797 3991 3104 3914 641 4878 4876 4101 2734 3197 3196 2066 2060 241 244 3781 631 2120 2118 4672 2458 3479 1372 5059 2428 3598 2579 4510 2244 3255 3204 827 672 4218 1229 4275 3273 927 97 929 721 3428 3033 4320 3927 3930 3064 5035 1516 3958 1768 642 547 4076 4068 3161 3160 3699 1042 2128 2127 2209 2065 4660 570 4373 4369 4387 320 1929 1613 4414 103 3630 2027 1151 1150 3693 3660 1569 1562 4240 3072 1684 1606 3424 854 1828 1826 4011 2885 3104 3013 1790 1791 2469 2463 3169 3078 271 176 1203 1197 3821 50 1264 237 3344 1953 4378 170 2917 2916 4443 340 4503 1413 3246 348 1560 1559 4186 3330 4887 3905 1239 1117 3836 464 4704 1409 4571 2313 2748 1342 2770 1401 2774 1362 1992 1855 3663 1348 3692 2714 4213 2086 1813 1735 3216 606 3971 1339 3265 567 3290 3288 3882 1315 4207 1327 868 619 3099 3065 3200 704 730 580 4600 2934 4722 4502 3924 3922 1234 1110 405 334 3698 2802 3779 3737 3606 1373 1086 63 4493 263 4332 4331 2717 2716 1650 5069 3541 187 789 788 1933 1620 3345 2122 3378 513 4150 3650 3311 3105 4811 1843 236 233 4767 1004 1665 1662 3996 2863 4807 321 2935 2994 3829 3014 3870 2480 3904 521 5093 1934 2087 2083 342 341 2744 2743 4386 401 1035 1032 1920 1575 3356 1222 3036 2950 4824 4176 4833 1822 3941 3359 4744 1001 3972 3611 838 717 2664 1367 4359 2224 4153 2323 2293 2290</p>
        </lines>
        <triangles material="SWMaterial-1-material" count="3749">
          <input semantic="VERTEX" source="#shape1-mesh-vertices" offset="0"/>
          <input semantic="NORMAL" source="#shape1-mesh-normals" offset="1"/>
          <p>5 0 45 1 44 2 2 3 1 4 41 5 3182 6 3183 6 3588 6 5 0 44 2 43 7 13 8 4477 9 8 10 3 11 41 5 45 1 3 11 2 3 41 5 4276 12 4 12 4277 12 26 13 3589 14 2 3 4278 15 7 15 11 15 6 16 1139 17 1204 18 16 19 34 20 37 21 4765 22 6 16 1199 23 12 24 1138 25 6 16 1199 23 4933 26 4890 27 4765 22 1199 23 4890 27 13 8 8 10 0 28 5083 29 16 19 37 21 4765 22 12 24 6 16 5 0 3 11 45 1 26 13 2 3 3 11 5122 30 1141 31 12 24 14 32 15 32 4761 32 17 33 4765 22 3324 34 1147 35 19 35 4055 35 17 33 12 24 4765 22 13 8 1082 36 4477 9 28 37 5083 29 37 21 30 38 4056 39 5122 30 13 8 1188 40 1082 36 4057 41 20 41 1152 41 30 38 5122 30 12 24 4760 42 3689 42 3688 42 5083 29 4098 43 16 19 43 7 1209 44 1159 45 10 46 13 8 0 28 25 47 1142 48 26 13 25 47 26 13 3 11 4098 43 22 49 16 19 24 50 16 19 22 49 34 20 25 47 3 11 13 8 33 51 1188 40 1143 52 21 53 25 47 17 33 31 54 12 24 3998 55 32 55 1148 55 31 54 30 38 12 24 35 56 24 50 22 49 37 21 5 0 43 7 35 56 22 49 42 57 4871 58 1143 52 25 47 10 46 33 51 13 8 34 20 4871 58 25 47 34 20 3 11 5 0 31 54 1135 59 30 38 38 60 3999 61 4871 58 38 60 4871 58 34 20 43 7 23 62 1209 44 31 54 40 63 1135 59 43 7 17 33 23 62 44 2 31 54 17 33 4058 64 4136 64 3210 64 43 7 44 2 17 33 41 5 40 63 31 54 36 65 24 50 35 56 45 1 41 5 31 54 35 56 42 57 39 66 37 21 34 20 5 0 45 1 31 54 44 2 16 19 38 60 34 20 10 46 35 56 39 66 0 28 36 65 35 56 10 46 0 28 35 56 53 67 47 68 1194 69 52 70 1082 36 1188 40 993 71 52 70 1078 72 55 73 47 68 53 67 1078 72 1075 74 54 75 49 76 75 77 60 78 51 79 49 76 60 78 57 80 58 81 1075 74 1075 74 1078 72 57 80 62 82 51 79 60 78 58 81 57 80 61 83 1070 84 58 81 61 83 3579 85 59 86 51 79 3579 85 51 79 62 82 64 87 1070 84 61 83 1085 88 64 87 68 89 64 87 61 83 68 89 71 90 1085 88 68 89 48 91 66 92 59 86 48 91 59 86 3579 85 1084 93 1085 88 71 90 65 94 66 92 48 91 67 95 65 94 48 91 75 77 70 96 1084 93 49 76 70 96 75 77 75 77 1084 93 71 90 1194 69 67 95 48 91 1194 69 47 68 74 97 1194 69 74 97 67 95 199 98 4522 99 4457 100 199 98 4457 100 4446 101 4636 102 199 98 4446 101 77 103 4637 104 4445 105 79 106 78 107 3706 108 79 106 3706 108 4249 109 3342 110 691 111 127 112 691 111 3342 110 84 113 5087 114 691 111 84 113 87 115 5087 114 84 113 3373 116 5087 114 87 115 4859 117 5087 114 3373 116 93 118 4859 117 3373 116 92 119 4498 120 4859 117 92 119 4859 117 93 118 4498 120 92 119 987 121 1089 122 924 123 96 124 1089 122 98 125 924 123 100 126 98 125 1089 122 5097 127 98 125 100 126 100 126 101 128 5097 127 105 129 101 128 100 126 105 129 4609 130 101 128 108 131 721 132 4609 130 105 129 108 131 4609 130 108 131 107 133 721 132 108 131 111 134 107 133 110 135 111 134 108 131 109 136 111 134 110 135 112 137 109 136 110 135 112 137 113 138 109 136 4179 139 114 140 113 138 112 137 4179 139 113 138 1031 141 114 140 4179 139 1079 142 4071 143 114 140 1079 142 114 140 1031 141 118 144 926 145 4071 143 118 144 4071 143 1079 142 4063 146 926 145 118 144 4063 146 120 147 926 145 127 112 120 147 4063 146 3342 110 127 112 4063 146 4643 148 778 149 128 150 133 151 128 150 4285 152 4643 148 4491 153 778 149 778 149 130 154 128 150 133 151 4285 152 4333 155 128 150 130 154 132 156 769 157 4491 153 4643 148 134 158 825 159 660 160 4224 161 660 160 662 162 4075 163 4224 161 662 162 4216 164 4224 161 4075 163 136 165 4216 164 4075 163 136 165 4217 166 4216 164 4578 167 4217 166 136 165 4217 166 4578 167 415 168 564 169 214 170 140 171 3938 172 4447 172 4459 172 4350 173 4450 173 139 173 140 171 4162 174 3485 175 214 170 4162 174 140 171 4611 176 3655 177 626 178 4611 176 626 178 4193 179 144 180 142 181 3167 182 4225 183 3704 183 4201 183 517 184 143 185 4466 186 146 187 3705 188 4226 189 550 190 3486 191 147 192 148 193 4226 189 4885 194 148 193 146 187 4226 189 4617 195 4619 196 148 193 4617 195 148 193 4885 194 4618 197 5046 197 4640 197 151 198 4621 199 149 200 538 201 4621 199 151 198 3655 177 150 202 4839 203 3655 177 4839 203 626 178 154 204 280 205 3537 206 3537 206 280 205 284 207 163 208 3537 206 284 207 163 208 284 207 164 209 1250 210 3524 211 276 212 1250 210 5003 213 4301 214 1250 210 4301 214 1256 215 168 216 163 208 164 209 164 209 169 217 168 216 4301 214 4300 218 1262 219 1256 215 4301 214 1262 219 168 216 169 217 1258 220 1262 219 4300 218 277 221 1258 220 169 217 4272 222 1262 219 277 221 175 223 1262 219 175 223 177 224 181 225 1262 219 177 224 177 224 3351 226 181 225 4272 222 4246 227 1258 220 3542 228 181 225 3351 226 1258 220 4246 227 184 229 3542 228 3351 226 185 230 4246 227 231 231 184 229 3542 228 185 230 154 204 154 204 185 230 280 205 191 232 1219 233 3684 234 3684 234 1219 233 1220 235 191 232 3476 236 1165 237 3394 238 1125 239 1180 240 3395 241 3394 238 1134 242 1134 242 3394 238 1180 240 4855 243 3395 241 3228 244 3397 245 1176 246 3528 247 1176 246 4776 248 3528 247 190 249 193 250 1060 251 1172 252 190 249 1060 251 1049 253 1155 254 5061 255 1046 256 1049 253 5061 255 3396 257 1123 258 4482 259 192 260 197 261 196 262 192 260 196 262 1065 263 201 264 199 98 4636 102 1162 265 1161 266 3806 267 1161 266 201 264 3806 267 4523 268 199 98 201 264 204 269 3758 270 203 271 204 269 203 271 76 272 367 273 4725 274 4635 275 367 273 4635 275 3567 276 3946 277 4455 278 1054 279 4455 278 3565 280 1054 279 207 281 913 282 916 283 1025 284 207 281 916 283 861 285 858 286 212 287 4420 288 3363 289 768 290 4420 288 3468 291 3363 289 4420 288 768 290 132 156 4488 292 138 292 4449 292 4368 293 4448 293 4349 293 745 294 5112 295 214 170 4014 296 745 294 214 170 740 297 141 298 216 299 748 300 588 301 215 302 748 300 215 302 145 303 5109 304 216 299 141 298 748 300 145 303 148 193 5109 304 141 298 142 181 5108 305 5109 304 142 181 750 306 148 193 746 307 746 307 148 193 4619 196 5108 305 142 181 144 180 5112 295 144 180 214 170 746 307 4619 196 747 308 747 308 4619 196 217 309 747 308 217 309 740 297 740 297 217 309 152 310 740 297 152 310 141 298 291 311 287 312 3130 313 3278 314 246 315 257 316 3129 317 218 318 220 319 3278 314 257 316 223 320 3129 317 220 319 3716 321 224 322 3278 314 223 320 224 322 223 320 227 323 3304 324 224 322 227 323 3304 324 227 323 229 325 4002 326 1267 327 231 231 3304 324 229 325 234 328 3890 329 3304 324 234 328 231 231 3647 330 4002 326 3890 329 234 328 264 331 3142 332 3890 329 264 331 4002 326 3647 330 252 333 1255 334 3142 332 264 331 4002 326 252 333 242 335 1255 334 264 331 243 336 242 335 252 333 246 315 1255 334 243 336 4494 337 1255 334 4494 337 248 338 218 318 1255 334 248 338 246 315 252 333 257 316 248 338 220 319 218 318 4311 339 250 340 364 341 260 342 4264 343 273 344 245 345 270 346 4264 343 4311 339 364 341 3494 347 245 345 4264 343 260 342 3494 347 361 348 222 349 222 349 361 348 266 350 262 351 265 352 3646 353 3190 354 222 349 266 350 267 355 3646 353 265 352 4287 356 4325 357 4661 358 3190 354 266 350 3192 359 267 355 265 352 471 360 250 340 267 355 471 360 4994 361 4999 361 4375 361 3509 362 4273 363 474 364 3509 362 474 364 363 365 256 366 4286 367 3717 368 360 369 281 370 3717 368 162 371 3717 368 281 370 281 370 166 372 162 371 363 365 362 373 4271 374 362 373 258 375 4271 374 4400 376 285 377 286 378 409 379 285 377 290 380 368 381 287 312 288 382 285 377 288 382 290 380 409 379 286 378 285 377 288 382 4716 383 293 384 290 380 288 382 291 311 288 382 287 312 291 311 293 384 368 381 288 382 302 385 5072 386 1265 387 302 385 1265 387 1248 388 310 389 302 385 1248 388 310 389 1248 388 325 390 232 391 3501 392 3393 393 327 394 232 391 3393 393 153 395 232 391 327 394 318 396 153 395 327 394 4870 397 178 398 318 396 1245 399 178 398 4870 397 4005 400 4548 401 3141 402 295 403 161 404 5094 405 311 406 307 407 373 408 3778 409 4177 409 4298 409 3868 410 276 212 3524 211 408 411 3869 411 294 411 4534 412 1260 413 377 414 4007 415 4723 416 4864 417 303 418 3521 419 299 420 4007 415 4864 417 302 385 303 418 299 420 5117 421 4008 422 4007 415 302 385 5117 421 3495 423 303 418 3495 423 5117 421 314 424 4008 422 302 385 315 425 312 426 3495 423 314 424 4385 427 4008 422 315 425 312 426 314 424 4858 428 4385 427 315 425 319 429 331 430 312 426 4858 428 322 431 316 432 4318 433 331 430 4858 428 4821 434 328 435 4385 427 319 429 328 435 319 429 330 436 3211 437 322 431 4318 433 3211 437 4318 433 4792 438 3297 439 331 430 4821 434 3211 437 4792 438 4474 440 338 441 3298 442 333 443 344 444 338 441 333 443 344 444 333 443 1247 445 344 444 1247 445 4787 446 4723 416 344 444 4787 446 4723 416 4787 446 4864 417 3406 447 173 448 4822 449 1261 450 4175 451 4822 449 4896 452 350 453 4823 454 353 455 4825 455 4897 455 440 456 3379 457 4896 452 3379 457 350 453 4896 452 4896 452 355 458 354 459 440 456 4896 452 354 459 810 460 440 456 354 459 354 459 4174 461 810 460 4755 462 356 463 165 464 4661 358 3629 465 4678 466 4325 357 3629 465 4661 358 4678 466 4286 367 259 467 4325 357 4287 356 3637 468 492 469 4325 357 3637 468 259 467 4286 367 256 366 265 352 262 351 477 470 492 469 3637 468 228 471 492 469 228 471 494 472 477 470 262 351 258 375 4286 367 360 369 3717 368 155 473 483 474 4273 363 266 350 494 472 3192 359 494 472 228 471 3192 359 477 470 258 375 473 475 4273 363 483 474 474 364 473 475 258 375 362 373 166 372 281 370 572 476 272 477 166 372 572 476 362 373 363 365 469 478 363 365 474 364 478 479 469 478 363 365 478 479 572 476 3975 480 272 477 272 477 3975 480 4377 481 361 348 3494 347 364 341 4377 481 3975 480 4995 482 4995 482 3975 480 574 483 364 341 250 340 471 360 4995 482 574 483 4998 484 3866 485 274 485 3718 485 4317 486 3719 486 289 486 4487 487 4399 488 844 489 4487 487 4367 490 4454 491 4367 490 4724 492 4454 491 3945 493 3948 493 4664 493 3948 494 4669 494 4664 494 3757 495 4714 496 3759 497 4399 488 3945 498 4664 499 3759 497 4714 496 4670 500 3948 501 3759 501 4670 501 3948 502 4670 502 4669 502 4487 487 4454 491 4399 488 4724 492 4367 490 3757 495 4454 491 3945 498 4399 488 4367 490 4714 496 3757 495 4715 503 5071 504 368 381 4126 505 5025 506 317 507 396 508 4404 509 374 510 393 511 305 512 3548 513 317 507 381 514 372 515 4126 505 317 507 952 516 376 517 323 518 287 312 3548 513 305 512 3549 519 287 312 368 381 376 517 393 511 3548 513 3635 520 942 521 393 511 3635 520 952 516 317 507 372 515 388 522 380 523 390 524 390 524 380 523 373 408 375 525 335 526 391 527 335 526 386 528 391 527 373 408 307 407 371 529 3548 513 389 530 3635 520 400 531 381 514 339 532 400 531 339 532 957 533 390 524 373 408 371 529 386 528 393 511 392 534 1268 535 380 523 950 536 305 512 317 507 5025 506 392 534 393 511 399 537 307 407 323 518 371 529 3549 519 305 512 396 508 4404 509 305 512 5025 506 386 528 394 538 391 527 369 539 378 540 950 536 378 540 1268 535 950 536 950 536 380 523 388 522 400 531 372 515 381 514 396 508 305 512 4404 509 957 533 339 532 369 539 4023 541 399 537 942 521 371 529 323 518 376 517 369 539 339 532 378 540 399 537 393 511 942 521 437 542 425 543 417 544 404 545 403 546 4106 547 438 548 418 549 425 543 821 550 4698 551 3416 552 3157 553 403 546 420 554 410 555 296 556 421 557 3157 553 420 554 414 558 425 543 418 549 887 559 3143 560 329 561 882 562 887 559 418 549 422 563 425 543 887 559 417 544 3899 564 410 555 421 557 421 557 296 556 4322 565 422 563 423 566 430 567 887 559 422 563 430 567 424 568 3777 569 412 570 891 571 412 570 435 572 428 573 414 558 420 554 420 554 324 574 428 573 329 561 4473 575 882 562 435 572 412 570 329 561 882 562 4473 575 821 550 826 576 421 557 4322 565 416 577 433 578 424 568 335 526 375 525 324 574 428 573 324 574 375 525 4698 551 4473 575 410 555 4438 579 3515 580 410 555 409 379 425 543 286 378 821 550 4473 575 4698 551 4322 565 296 556 404 545 4438 579 410 555 3917 581 424 568 412 570 416 577 410 555 3899 564 3917 581 4698 551 410 555 3515 580 430 567 423 566 4693 582 423 566 433 578 4693 582 404 545 296 556 403 546 435 572 329 561 3143 560 286 378 425 543 437 542 3314 583 4322 565 404 545 4693 582 433 578 416 577 416 577 412 570 891 571 309 584 439 585 810 460 440 456 4336 586 4360 587 352 588 440 456 4360 587 4137 589 448 590 3238 591 3593 592 3149 593 443 594 443 594 3149 593 444 595 3720 596 498 597 452 598 3721 599 3237 600 498 597 3594 601 4615 602 462 603 3214 604 450 605 3212 606 3594 601 462 603 501 607 3594 601 501 607 763 608 3837 609 4137 589 3238 591 466 610 3212 606 450 605 451 611 466 610 450 605 600 612 457 613 446 614 600 612 446 614 456 615 465 616 451 611 454 617 465 616 466 610 451 611 471 360 359 618 3659 619 364 341 471 360 4559 620 361 348 364 341 4091 621 265 352 477 470 3659 619 477 470 4070 622 3659 619 359 618 265 352 3659 619 582 623 4678 466 3629 465 487 624 483 474 155 473 3328 625 572 476 281 370 487 624 155 473 188 626 3657 627 4326 627 492 469 488 628 487 624 188 626 488 628 188 626 4998 484 3687 629 488 628 4998 484 4998 484 574 483 3687 629 3595 630 574 483 3975 480 4286 367 4678 466 496 631 582 623 496 631 4678 466 3449 632 498 597 3237 600 504 633 3364 634 608 635 609 636 504 633 608 635 615 637 4466 186 143 185 615 637 143 185 508 638 511 639 505 640 3754 641 3238 591 3755 642 3838 642 3839 643 510 643 447 643 505 640 3506 644 753 645 512 646 3506 644 505 640 4467 647 3422 647 4060 647 519 648 515 649 516 650 519 648 4888 651 515 649 516 650 515 649 4061 652 626 178 3825 653 3166 654 4944 655 3876 656 550 190 3874 657 3241 657 3243 657 3485 175 3489 658 535 659 3488 660 4020 660 3491 660 533 661 531 661 557 661 535 659 140 171 3485 175 3733 662 626 178 3724 663 3672 664 4639 665 3785 666 3724 663 4839 203 3671 667 3724 663 626 178 4839 203 3671 667 4639 665 3672 664 3671 667 4839 203 4639 665 637 668 3735 669 540 670 527 671 548 672 3242 673 549 674 548 672 527 671 523 675 549 674 527 671 3189 676 549 674 523 675 528 677 552 677 3244 677 3490 678 3658 679 3496 680 3658 679 664 681 3496 680 666 682 560 683 3496 680 664 681 666 682 3496 680 3666 684 4089 684 3623 684 140 171 535 659 678 685 3199 686 472 687 3575 688 3199 686 4606 689 472 687 3120 690 479 691 4606 689 3120 690 4606 689 3199 686 3119 692 479 691 3120 690 3119 692 467 693 479 691 3188 694 467 693 3119 692 476 695 467 693 3188 694 695 696 476 695 3188 694 480 697 476 695 695 696 470 698 480 697 695 696 693 699 470 698 695 696 3266 700 475 701 470 698 3266 700 470 698 693 699 684 702 475 701 3266 700 3140 703 468 704 475 701 3140 703 475 701 684 702 4645 705 468 704 3140 703 569 706 468 704 4645 705 3285 707 569 706 4645 705 489 708 4250 709 3388 710 4250 709 3387 711 3388 710 485 712 489 708 3388 710 485 712 3388 710 3824 713 485 712 3824 713 481 714 481 714 3824 713 3293 715 481 714 3293 715 495 716 495 716 3293 715 3520 717 490 718 495 716 3519 719 495 716 3520 717 3519 719 490 718 3519 719 575 720 3675 721 490 718 577 722 490 718 575 720 577 722 3675 721 577 722 3575 688 3675 721 3575 688 472 687 569 706 3285 707 579 723 579 723 3285 707 3763 724 581 725 579 723 3763 724 581 725 3763 724 3893 726 486 727 581 725 3893 726 482 728 486 727 3893 726 482 728 3893 726 3911 729 482 728 3911 729 484 730 484 730 3911 729 3921 731 484 730 3921 731 4310 732 4310 732 3921 731 712 733 4310 732 712 733 4250 709 4250 709 712 733 709 734 4250 709 709 734 3387 711 749 735 849 736 753 645 588 301 749 735 3694 737 749 735 753 645 3694 737 588 301 3694 737 215 302 591 738 3702 738 3139 738 5107 739 449 739 5054 739 4478 740 3754 641 5053 741 448 590 4137 589 4480 742 4137 589 593 743 4480 742 499 744 498 597 3449 632 499 744 3449 632 3425 745 5106 746 3450 746 594 746 758 747 756 748 4762 749 499 744 3425 745 855 750 499 744 596 751 452 598 499 744 452 598 498 597 3464 752 3364 634 504 633 601 753 600 612 3365 753 614 754 3508 755 3409 756 613 757 614 754 3409 756 505 640 613 757 3409 756 3367 758 607 758 3368 758 611 759 503 760 609 636 611 759 609 636 608 635 782 761 3467 762 3613 763 613 757 505 640 511 639 613 757 511 639 612 764 604 765 3508 755 614 754 4062 766 621 767 4424 768 514 769 3504 770 620 771 622 772 4975 773 4424 768 621 767 622 772 4424 768 790 774 3903 775 520 776 522 777 628 778 4766 779 522 777 3925 780 3928 781 522 777 3928 781 3926 782 3665 783 4588 784 681 785 795 786 3785 666 4886 787 4130 788 795 786 4886 787 3420 789 4466 186 615 637 3420 789 615 637 3376 790 564 169 140 171 3665 783 564 169 3665 783 681 785 3876 656 555 791 556 792 3876 656 556 792 3487 793 4926 794 4392 795 795 786 4926 794 795 786 4130 788 550 190 3876 656 3487 793 526 796 550 190 147 192 626 178 3166 654 4193 179 3952 797 3916 797 3913 797 753 645 3754 641 505 640 3785 666 4639 665 4886 787 871 798 804 799 628 778 3797 800 3736 801 539 802 801 803 3797 800 539 802 537 804 801 803 539 802 4969 805 801 803 537 804 630 806 4969 805 537 804 803 807 4969 805 630 806 803 807 630 806 536 808 632 809 3798 809 4653 809 634 810 3936 811 4486 812 3939 813 635 814 3935 815 634 810 633 816 3936 811 637 668 540 670 636 817 3944 818 541 818 544 818 639 819 814 820 644 821 639 819 644 821 524 822 814 820 643 823 644 821 551 824 646 825 648 826 647 827 551 824 648 826 818 828 651 828 817 828 4469 829 555 791 3876 656 819 830 559 831 558 832 819 830 558 832 652 833 3790 834 137 835 657 836 3790 834 657 836 662 162 670 837 3790 834 662 162 670 837 662 162 658 838 3986 839 670 837 658 838 890 840 4836 841 4835 842 890 840 4081 843 4836 841 415 168 4578 167 4836 841 662 162 660 160 658 838 660 160 4819 844 4248 845 660 160 822 846 4819 844 668 847 3752 847 669 847 671 848 673 849 3985 850 671 848 3753 851 673 849 3790 834 820 852 137 835 3753 851 667 853 673 849 3753 851 674 854 667 853 663 855 671 848 3985 850 663 855 3985 850 909 856 4026 857 4652 857 3307 857 564 169 4014 296 214 170 89 858 3433 858 3280 858 839 859 120 147 683 860 839 859 683 860 3576 861 839 859 3576 861 711 862 3267 863 995 864 682 865 686 866 85 867 86 868 3774 869 85 867 686 866 3284 870 688 871 3372 872 696 873 3286 874 690 875 991 876 3267 863 3269 877 3773 878 3774 869 686 866 3773 878 686 866 565 879 4500 880 991 876 3269 877 3286 874 696 873 697 881 701 882 4500 880 3269 877 4777 883 3286 874 697 881 3327 884 4500 880 701 882 4777 883 697 881 682 865 120 147 3773 878 565 879 120 147 565 879 683 860 734 885 3372 872 688 871 734 885 688 871 931 886 4569 887 4254 888 571 889 3674 890 4569 887 571 889 4604 891 577 722 3517 892 3712 893 3674 890 583 894 4421 895 4604 891 3517 892 3923 896 3712 893 583 894 716 897 4421 895 3517 892 719 898 3888 899 3923 896 3294 900 4421 895 716 897 726 901 4421 895 3294 900 725 902 3910 903 718 904 3912 905 3910 903 725 902 4413 906 4421 895 726 901 731 907 4413 906 726 901 3932 908 3912 905 725 902 729 909 731 907 726 901 934 910 3912 905 3932 908 3895 911 934 910 3932 908 731 907 729 909 732 912 735 913 3895 911 3932 908 3389 914 731 907 732 912 3389 914 732 912 736 915 571 889 4254 888 733 916 3937 917 4875 917 4351 917 635 814 841 918 4348 919 213 920 843 920 846 920 4487 487 845 921 634 810 634 810 4486 812 808 922 738 923 4014 296 587 924 5116 925 739 926 743 927 739 926 5114 928 745 294 144 180 5112 295 5108 305 743 927 739 926 740 297 741 929 742 930 739 926 741 929 739 926 5116 925 3685 931 3686 932 749 735 749 735 3686 932 849 736 751 933 748 300 752 934 148 193 750 306 748 300 588 301 751 933 752 934 748 300 746 307 752 934 746 307 747 308 752 934 757 935 5053 741 753 645 753 645 849 736 757 935 3138 936 590 937 848 938 5053 741 757 935 754 939 5053 741 3754 641 753 645 441 940 3123 940 766 940 3165 941 4078 941 442 941 456 615 4079 942 600 612 599 943 3633 944 3696 945 767 946 3366 946 599 943 128 150 3731 947 860 948 128 150 768 290 3731 947 128 150 132 156 768 290 128 150 860 948 4568 949 3731 947 768 290 602 950 4491 153 769 157 770 951 4420 288 132 156 4393 952 4420 288 4393 952 130 154 776 953 4420 288 130 154 776 953 130 154 778 149 3439 954 131 955 129 956 3439 954 774 957 131 955 3440 958 3439 954 129 956 605 959 866 960 772 961 773 962 3551 963 780 964 3472 965 4435 965 4432 965 3471 966 776 953 4429 967 4429 967 776 953 778 149 3613 763 3467 762 3470 968 3471 966 775 969 776 953 780 964 779 970 773 962 3468 291 4420 288 777 971 612 764 603 972 613 757 772 961 617 973 616 974 772 961 616 974 605 959 514 769 3545 975 621 767 514 769 620 771 3545 975 622 772 870 976 790 774 622 772 790 774 520 776 4907 977 792 977 3902 977 628 778 522 777 3926 782 3926 782 3928 781 625 978 3926 782 871 798 628 778 4981 979 798 980 4953 981 812 982 3799 983 798 980 799 984 794 985 629 986 798 980 801 803 806 987 4968 988 798 980 806 987 874 989 802 989 807 989 5067 990 812 982 798 980 798 980 3799 983 801 803 799 984 4967 991 794 985 4968 988 806 987 800 992 803 807 805 993 4969 805 4981 979 5067 990 798 980 540 670 3801 994 636 817 878 995 634 810 845 921 875 996 878 995 845 921 4655 997 875 996 845 921 635 814 3939 813 877 998 877 998 841 918 635 814 439 585 3776 999 810 460 3380 1000 418 549 438 548 3801 994 811 1001 813 1002 636 817 3801 994 813 1002 636 817 813 1002 3953 1003 3782 1004 3783 1004 3827 1004 551 824 883 1005 646 825 644 821 643 823 645 1006 643 823 883 1005 645 1006 883 1005 551 824 645 1006 648 826 646 825 816 1007 899 1008 882 562 4234 1009 4234 1009 882 562 885 1010 819 830 652 833 5060 1011 674 854 890 840 4835 842 667 853 674 854 4835 842 4081 843 415 168 4836 841 901 1012 3415 1012 3417 1012 4819 844 4817 1013 4248 845 823 1014 4166 1015 3418 1016 659 1017 4166 1015 823 1014 660 160 4781 1018 822 846 4782 1019 659 1017 823 1014 135 1020 659 1017 4782 1019 825 159 4781 1018 660 160 134 158 135 1020 4782 1019 134 158 4782 1019 825 159 4248 845 4817 1013 4323 1021 4248 845 658 838 660 160 908 1022 3986 839 658 838 665 1023 559 831 819 830 3823 1024 665 1023 671 848 665 1023 819 830 674 854 671 848 665 1023 674 854 3823 1024 671 848 906 1025 4590 1026 680 1027 4563 1028 3282 1029 828 1029 3305 1029 906 1025 3283 1030 3306 1031 829 1032 3823 1024 906 1025 829 1032 906 1025 3306 1031 4629 1033 666 682 680 1027 4629 1033 677 1034 560 683 4629 1033 560 683 666 682 586 1035 564 169 681 785 586 1035 681 785 738 923 3155 1036 3175 1037 3215 1038 824 1039 835 1040 834 1041 824 1039 834 1041 836 1042 837 1043 824 1039 836 1042 922 1044 4072 1044 711 1044 3713 1045 3923 896 3888 899 3712 893 3923 896 3713 1045 4072 1046 839 859 711 862 4569 887 3674 890 3712 893 842 1047 4259 1048 5011 1049 4367 490 840 1050 4978 1051 4348 919 841 918 842 1047 4978 1051 4714 496 4367 490 841 918 4259 1048 842 1047 4367 490 737 1052 840 1050 844 489 845 921 4487 487 4654 1053 845 921 844 489 848 938 590 937 939 1054 739 926 745 294 4014 296 740 297 739 926 4014 296 939 1054 590 937 4014 296 747 308 740 297 4014 296 738 923 428 573 4014 296 428 573 939 1054 4014 296 752 934 747 308 4014 296 847 1055 752 934 4014 296 590 937 847 1055 4014 296 754 939 757 935 849 736 848 938 754 939 849 736 595 1056 758 747 4805 1057 4103 1058 851 1059 852 1060 4085 1061 3633 944 599 943 762 1062 595 1056 4805 1057 3608 1063 3427 1063 941 1063 4024 1064 3608 1064 941 1064 499 744 855 750 3162 1065 4472 1066 455 1066 856 1066 456 615 445 1067 4079 942 857 1068 944 1068 3732 1068 4828 1069 3669 1070 211 1071 4828 1069 211 1071 3731 947 3731 947 211 1071 860 948 946 1072 3601 1073 4423 1074 4423 1074 3601 1073 4333 155 4423 1074 4333 155 4285 152 4568 949 862 1075 128 150 862 1075 4285 152 128 150 956 1076 292 1076 863 1076 948 1077 3442 1077 3602 1077 4491 153 770 951 864 1078 3441 1079 3551 963 773 962 610 1080 3469 1081 612 764 3469 1081 603 972 612 764 3469 1081 4431 1082 603 972 866 960 865 1083 603 972 4431 1082 866 960 603 972 772 961 959 1084 3375 1085 3375 1085 959 1084 4328 1086 772 961 866 960 959 1084 965 1087 785 1088 402 1089 787 1090 621 767 3546 1091 3545 975 620 771 4727 1092 870 976 622 772 787 1090 622 772 621 767 787 1090 871 798 3926 782 4391 1093 871 798 954 1094 804 799 804 799 954 1094 799 984 5066 1095 813 1002 811 1001 954 1094 813 1002 799 984 813 1002 5066 1095 799 984 4983 1096 878 995 875 996 960 1097 809 1097 4243 1097 4260 1098 877 998 3939 813 4959 1099 634 810 878 995 875 996 889 1100 4983 1096 861 285 212 287 971 1101 859 1102 861 285 971 1101 810 460 426 1103 4336 586 4336 586 440 456 810 460 4035 1104 352 588 4360 587 419 1105 418 549 3380 1000 416 577 4416 1106 4693 582 4416 1106 416 577 887 559 881 1107 887 559 815 1108 895 1109 881 1107 813 1002 815 1108 887 559 416 577 883 1005 894 1110 646 825 885 1010 882 562 821 550 365 1111 286 378 4401 1112 4401 1112 286 378 884 1113 286 378 437 542 884 1113 885 1010 821 550 890 840 4401 1112 884 1113 886 1114 3983 1115 3984 1115 413 1115 819 830 885 1010 890 840 888 1116 886 1114 895 1109 674 854 819 830 890 840 884 1113 887 559 886 1114 884 1113 417 544 887 559 876 1117 888 1116 895 1109 3784 1118 815 1108 883 1005 643 823 3784 1118 883 1005 876 1117 895 1109 954 1094 416 577 891 571 894 1110 813 1002 954 1094 895 1109 815 1108 416 577 894 1110 886 1114 887 559 881 1107 3525 1119 407 1119 893 1119 886 1114 881 1107 895 1109 891 571 435 572 896 1120 883 1005 815 1108 894 1110 891 571 896 1120 894 1110 896 1120 3144 1121 899 1008 894 1110 896 1120 899 1008 887 559 430 567 4416 1106 899 1008 3144 1121 897 1122 436 1123 429 1123 900 1123 427 1124 898 1124 3193 1124 882 562 899 1008 897 1122 899 1008 646 825 894 1110 834 1041 835 1040 902 1125 834 1041 902 1125 432 1126 4818 1127 837 1043 836 1042 4818 1127 836 1042 3631 1128 434 1129 658 838 661 1130 434 1129 908 1022 658 838 663 855 905 1131 906 1025 671 848 663 855 906 1025 3314 583 905 1131 663 855 3314 583 404 545 905 1131 4629 1033 680 1027 4590 1026 907 1132 910 1133 406 1134 4591 1135 907 1132 406 1134 4106 547 403 546 3157 553 3156 1136 4589 1136 4107 1136 3175 1037 3155 1036 911 1137 738 923 414 558 428 573 3404 1138 3900 1138 3632 1138 3404 1139 3632 1139 904 1139 912 1140 4699 1141 3514 1142 904 1143 3405 1143 3404 1143 903 1144 4699 1141 912 1140 914 1145 3405 1145 904 1145 210 1146 903 1146 912 1146 914 1147 206 1147 3405 1147 917 1148 210 1148 209 1148 917 1149 903 1149 210 1149 915 1150 206 1150 914 1150 915 1151 917 1151 209 1151 915 1152 209 1152 206 1152 4605 1153 918 1153 919 1153 923 1154 713 1154 921 1154 839 859 4073 1155 117 1155 3390 1156 925 1157 5115 1158 5098 1159 3390 1156 5115 1158 5098 1159 731 907 3390 1156 930 1160 721 132 107 133 694 1161 702 1162 1008 1163 688 871 694 1161 1008 1163 986 1164 91 1164 94 1164 734 885 931 886 1013 1165 4021 1166 734 885 1013 1165 4021 1166 1013 1165 975 1167 722 1168 4021 1166 975 1167 722 1168 975 1167 4544 1169 3887 1170 935 1170 980 1170 682 865 995 864 4777 883 428 573 375 525 938 1171 375 525 379 1172 938 1171 391 527 394 538 848 938 938 1171 391 527 848 938 938 1171 379 1172 391 527 939 1054 938 1171 848 938 754 939 848 938 4865 1173 394 538 386 528 392 534 4865 1173 848 938 940 1174 4647 1175 4762 749 756 748 4022 1176 760 1177 4866 1178 4866 1178 760 1177 755 1179 4805 1057 758 747 4762 749 853 1180 4806 1181 395 1182 4806 1181 759 1183 395 1182 855 750 943 1184 4077 1185 855 750 942 521 943 1184 855 750 4025 1186 942 521 4077 1185 943 1184 502 1187 4077 1185 3162 1065 855 750 3634 1188 4828 1069 3695 1189 4103 1058 385 1190 851 1059 3634 1188 3669 1070 4828 1069 212 287 858 286 3670 1191 212 287 3670 1191 384 1192 4125 1193 859 1102 971 1101 4125 1193 971 1101 5026 1194 951 1195 383 1195 953 1195 4040 1196 4039 1196 382 1196 873 1197 949 1198 879 1199 952 516 961 1200 771 1201 949 1198 376 517 5012 1202 952 516 372 515 958 1203 961 1200 952 516 958 1203 947 1204 950 536 955 1205 4327 1206 4366 1206 387 1206 950 536 390 524 955 1205 376 517 5071 504 4715 503 771 1201 961 1200 866 960 5012 1202 376 517 4715 503 947 1204 955 1205 963 1207 372 515 784 1208 958 1203 4431 1082 771 1201 866 960 966 1209 947 1204 870 976 965 1087 402 1089 957 533 787 1090 966 1209 870 976 947 1204 963 1207 870 976 965 1087 957 533 369 539 955 1205 390 524 371 529 965 1087 369 539 966 1209 869 1210 965 1087 966 1209 873 1197 963 1207 955 1205 787 1090 869 1210 966 1209 966 1209 369 539 947 1204 871 798 879 1199 954 1094 947 1204 369 539 950 536 955 1205 371 529 949 1198 871 798 873 1197 879 1199 873 1197 955 1205 949 1198 371 529 376 517 949 1198 967 1211 945 1211 4711 1211 967 1212 4977 1212 945 1212 3547 1213 4711 1214 945 1215 1016 1216 4711 1214 3547 1213 968 1217 4977 1217 967 1217 968 1218 4535 1218 4977 1218 969 1219 4535 1219 968 1219 970 1220 4535 1220 969 1220 880 1221 4535 1221 970 1221 973 1222 880 1222 970 1222 972 1223 880 1223 973 1223 4403 1224 972 1224 973 1224 370 1225 972 1225 4403 1225 207 281 4425 1226 913 282 1025 284 916 283 411 1227 1025 284 411 1227 1022 1228 4425 1226 3918 1229 431 1230 4425 1226 431 1230 913 282 976 1231 977 1232 933 1233 977 1232 976 1231 978 1234 981 1235 977 1232 978 1234 981 1235 979 1236 977 1232 981 1235 936 1237 979 1236 982 1238 936 1237 981 1235 983 1239 936 1237 982 1238 714 1240 936 1237 983 1239 714 1240 983 1239 985 1241 984 1242 714 1240 985 1241 985 1241 4570 1243 984 1242 96 124 924 123 4570 1243 96 124 4570 1243 985 1241 987 121 698 1244 4498 120 4874 1245 698 1244 987 121 1037 1246 698 1244 4874 1245 4881 1247 698 1244 1037 1246 4883 1248 687 1249 698 1244 4883 1248 698 1244 4881 1247 4986 1250 994 1250 4882 1250 687 1249 4883 1248 996 1251 4758 1252 687 1249 996 1251 4804 1253 937 1254 687 1249 4758 1252 4804 1253 687 1249 4928 1255 999 1255 997 1255 1002 1256 937 1254 4804 1253 1002 1256 702 1162 937 1254 1005 1257 702 1162 1002 1256 4756 1258 1008 1163 702 1162 702 1162 1005 1257 4756 1258 1009 1259 1008 1163 4756 1258 1009 1259 1011 1260 1008 1163 1011 1260 1009 1259 1012 1261 933 1233 1011 1260 1012 1261 976 1231 933 1233 1012 1261 201 264 1161 266 4523 268 1014 1262 366 1263 4253 1264 1014 1262 4253 1264 4251 1265 1015 1266 3947 1267 3805 1268 3947 1267 1052 1269 3805 1268 3760 1270 200 1271 5063 1272 202 1273 3760 1270 5063 1272 4405 1274 4205 1275 4342 1276 4405 1274 4342 1276 398 1277 1019 1278 3550 1279 3840 1280 1019 1278 1018 1281 3550 1279 1017 1282 4205 1275 4405 1274 1017 1282 4405 1274 1018 1281 1019 1278 1017 1282 1018 1281 205 1283 198 1283 1026 1283 1021 1284 1020 1284 4681 1284 195 1285 4437 1285 974 1285 205 1218 4527 1218 198 1218 1069 1286 4437 1286 195 1286 1021 1287 4681 1287 4527 1287 208 1218 4527 1218 205 1218 208 1218 1021 1218 4527 1218 1023 1288 195 1288 974 1288 1024 1289 1023 1289 974 1289 4681 1290 4437 1290 1069 1290 1026 1291 1023 1291 1024 1291 1020 1292 4437 1292 4681 1292 1026 1293 198 1293 1023 1293 1002 1256 58 81 1005 1257 1079 142 1028 1294 118 144 1031 141 1081 1295 1079 142 112 137 1081 1295 1031 141 112 137 4200 1296 1081 1295 112 137 110 135 4200 1296 4363 1297 81 1298 3342 110 1007 1299 1070 84 1009 1259 1028 1294 4363 1297 3342 110 1028 1294 3342 110 4063 146 1028 1294 1076 1300 4363 1297 1005 1257 1070 84 1007 1299 1005 1257 58 81 1070 84 5057 1301 1087 1302 108 131 985 1241 47 68 1090 1303 77 103 1050 1304 1157 1305 4445 105 1050 1304 77 103 1051 1306 3325 1307 1046 256 3806 267 4252 1308 1162 265 3566 1309 4637 104 77 103 4252 1308 1053 1310 3563 1311 4252 1308 3563 1311 79 106 79 106 1162 265 4252 1308 1055 1218 3529 1218 4844 1218 3529 1218 4775 1218 4844 1218 1095 1312 5128 1312 1057 1312 5128 1313 1056 1313 1057 1313 397 1314 4490 1314 194 1314 4844 1315 4775 1315 1058 1315 397 1316 4343 1316 4490 1316 4775 1218 1095 1218 1058 1218 1095 1218 1057 1218 1058 1218 397 1317 194 1317 1059 1317 4490 1318 4343 1318 4868 1318 1059 1218 194 1218 3529 1218 1059 1218 3529 1218 1055 1218 5128 1319 4868 1319 1056 1319 4868 1320 4343 1320 1056 1320 3358 1321 3807 1322 1109 1323 3355 1324 1111 1325 3807 1322 3355 1324 3807 1322 3358 1321 1105 1326 1064 1327 4505 1328 3358 1321 1109 1323 3117 1329 1101 1330 1105 1326 4505 1328 1101 1330 4219 1331 1105 1326 4219 1331 3358 1321 3117 1329 5136 1332 3355 1324 5125 1333 3540 1334 3358 1321 4219 1331 3540 1334 4219 1331 1101 1330 1235 1335 5136 1332 5125 1333 1235 1335 5125 1333 3145 1336 1063 1337 4649 1338 3145 1336 4648 1339 1063 1337 3145 1336 1105 1326 1104 1340 1064 1327 1064 1327 1104 1340 1103 1341 3407 1342 192 260 1065 263 3407 1342 1065 263 4680 1343 5017 1344 1124 1345 4682 1346 1124 1345 1066 1347 4682 1346 4856 1348 1128 1349 1067 1350 4856 1348 1067 1350 4689 1351 1123 258 1068 1352 4482 259 1074 1353 3127 1353 81 1298 1072 1354 4363 1297 1076 1300 58 81 1002 1256 1077 1355 1075 74 4372 1356 54 75 4000 1357 1076 1300 1028 1294 4372 1356 4954 1358 54 75 993 71 54 75 4954 1358 4000 1357 1028 1294 1079 142 52 70 993 71 1037 1246 1080 1359 52 70 1037 1246 1082 36 1080 1359 1037 1246 1037 1246 987 121 1082 36 1084 93 49 76 976 1231 1082 36 987 121 92 119 1082 36 92 119 8 10 8 10 92 119 1038 1360 1084 93 976 1231 1012 1261 1038 1360 1040 1361 8 10 3153 1362 8 10 1040 1361 1012 1261 1009 1259 1070 84 5057 1301 105 129 1087 1302 65 94 67 95 985 1241 1087 1302 105 129 100 126 985 1241 983 1239 65 94 59 86 65 94 983 1239 47 68 985 1241 67 95 1047 1363 1160 1364 1155 254 1045 1365 1047 1363 1155 254 1049 253 1045 1365 1155 254 1162 265 79 106 4249 109 1172 252 1060 251 4867 1366 1173 1367 4869 1368 1096 1369 4869 1368 1094 1370 1096 1369 1097 1371 1122 1371 5120 1371 3539 1372 3522 1372 1100 1372 3540 1334 1101 1330 3817 1373 4220 1374 3118 1375 1242 1376 3118 1375 4220 1374 1061 1377 1111 1325 3355 1324 5136 1332 5136 1332 1235 1335 5132 1378 3145 1336 4649 1338 1235 1335 3145 1336 1116 1379 4648 1339 3145 1336 4074 1380 3147 1381 4074 1380 3145 1336 5125 1333 5126 1382 3357 1382 1241 1382 4855 243 3228 244 3408 1383 3408 1383 1130 1384 1181 1385 3408 1383 1181 1385 1125 239 3324 34 23 62 17 33 4099 1386 1127 1387 1133 1388 39 66 1131 1389 1180 240 4099 1386 4109 1390 1127 1387 1130 1384 3408 1383 3228 244 29 1391 1132 1391 1129 1391 42 57 1131 1389 39 66 28 37 1130 1384 5083 29 4139 1392 1131 1389 42 57 1133 1388 4139 1392 42 57 3228 244 3395 241 1134 242 1127 1387 4139 1392 1133 1388 24 50 1076 1300 16 19 4364 1393 1076 1300 24 50 1137 1394 1087 1302 40 63 108 131 1087 1302 1137 1394 24 50 1073 1395 4364 1393 1073 1395 24 50 36 65 36 65 3153 1362 1073 1395 1138 25 1090 1303 47 68 110 135 108 131 1137 1394 3153 1362 36 65 0 28 8 10 3153 1362 0 28 1138 25 47 68 55 73 41 5 110 135 1137 1394 21 53 1081 1295 110 135 100 126 1090 1303 12 24 21 53 110 135 1 4 1 4 110 135 41 5 12 24 1090 1303 1138 25 1135 59 1149 1396 100 126 1141 31 100 126 12 24 1143 52 1081 1295 21 53 38 60 3858 1397 1081 1295 1135 59 100 126 1141 31 1081 1295 1143 52 3999 61 38 60 1081 1295 3999 61 4000 1357 3858 1397 38 60 40 63 1087 1302 1149 1396 16 19 1076 1300 4000 1357 4000 1357 38 60 16 19 40 63 1149 1396 1135 59 1155 254 1156 1398 5061 255 1155 254 4927 1399 1153 1400 1051 1306 23 62 3325 1307 1159 45 1209 44 1154 1401 1209 44 23 62 1051 1306 5061 255 1051 1306 1046 256 1156 1398 1048 1402 5061 255 1159 45 1154 1401 1153 1400 1091 1403 4521 1403 1207 1403 4927 1399 1200 1404 1153 1400 4927 1399 4524 1405 1200 1404 4891 1406 1163 1406 3326 1406 9 1407 1093 1407 1126 1407 4462 1408 1092 1409 4933 26 1166 1410 1165 237 1171 1411 1166 1410 191 232 1165 237 1169 1412 1168 1413 1167 1414 1169 1412 1170 1415 1168 1413 1171 1411 1170 1415 1169 1412 1165 237 3476 236 1168 1413 1165 237 1170 1415 1171 1411 3476 236 1175 1416 1168 1413 1220 235 1167 1414 1174 1417 1175 1416 1174 1417 1167 1414 1167 1414 1168 1413 1175 1416 1220 235 1174 1417 3684 234 3765 1418 3845 1419 3764 1420 1182 1421 1130 1384 28 37 1182 1421 1181 1385 1130 1384 1181 1385 1182 1421 4916 1422 1180 240 1125 239 1181 1385 1181 1385 4916 1422 1236 1423 3979 1424 3845 1419 1184 1425 3764 1420 3845 1419 3979 1424 1195 1426 1194 69 48 91 3621 1427 1189 1427 1196 1427 4949 1428 3620 1429 1192 1430 1195 1426 1210 1431 1211 1432 1190 1433 1195 1426 1211 1432 1198 1434 4949 1428 1192 1430 1186 1435 4515 1436 1206 1437 1164 1438 57 80 1191 1439 60 78 75 77 4949 1428 1198 1434 1192 1430 1212 1440 60 78 4949 1428 1198 1434 1186 1435 1198 1434 1212 1440 1199 23 1194 69 1195 1426 1201 1441 52 70 1188 40 1166 1410 1164 1438 1191 1439 55 73 1194 69 1199 23 1200 1404 1199 23 1195 1426 1200 1404 1195 1426 1190 1433 1219 233 1166 1410 1191 1439 1159 45 1190 1433 1206 1437 1201 1441 1188 40 33 51 61 83 57 80 1164 1438 1206 1437 1198 1434 1186 1435 1204 18 55 73 1199 23 1153 1400 1200 1404 1190 1433 1201 1441 1078 72 52 70 1202 1442 61 83 1164 1438 4462 1408 1199 23 1200 1404 68 89 61 83 1202 1442 1202 1442 1164 1438 1169 1412 1199 23 6 16 1204 18 1199 23 4462 1408 4933 26 1159 45 1153 1400 1190 1433 1206 1437 60 78 1198 1434 1191 1439 1201 1441 33 51 3580 1443 3596 1443 3577 1443 1210 1431 3579 85 62 82 1211 1432 62 82 60 78 1212 1440 68 89 1202 1442 4515 1436 1169 1412 1167 1414 1211 1432 60 78 1206 1437 1186 1435 1202 1442 1169 1412 1213 1444 69 1445 1210 1431 1186 1435 1212 1440 1202 1442 57 80 1078 72 1201 1441 1210 1431 62 82 1211 1432 1186 1435 1169 1412 4515 1436 1191 1439 57 80 1201 1441 1190 1433 1211 1432 1206 1437 1192 1430 71 90 68 89 4341 1446 1215 1446 1218 1446 1216 1447 1217 1447 1187 1447 1195 1426 1213 1444 1210 1431 1212 1440 1192 1430 68 89 1219 233 191 232 1166 1410 4256 1448 4255 1448 4506 1448 1167 1414 1220 235 4451 1449 1214 1450 4516 1450 1221 1450 1223 1451 3940 1452 1098 1452 1224 1453 1244 1453 1099 1453 1230 1454 1105 1326 1062 1455 1112 1456 1113 1456 1114 1456 3146 1457 3793 1457 1179 1457 3885 1458 3852 1458 3148 1458 5127 1459 3886 1460 1120 1461 1121 1462 4560 1463 5127 1459 3886 1460 4560 1463 1223 1451 1243 1464 3886 1460 1223 1451 1064 1327 4531 1465 1206 1437 1104 1340 1159 45 1206 1437 1104 1340 1206 1437 4531 1465 1233 1466 1104 1340 1231 1467 1243 1464 1223 1451 3523 1468 1233 1466 1159 45 1104 1340 1191 1439 4533 1469 4507 1470 1111 1325 1159 45 1233 1466 1111 1325 43 7 1159 45 1064 1327 4515 1436 4257 1471 1064 1327 1206 1437 4515 1436 33 51 4533 1469 1191 1439 37 21 43 7 5136 1332 33 51 3818 1472 4533 1469 37 21 5136 1332 5131 1473 1236 1423 5131 1473 3862 1474 1237 1475 3523 1475 3818 1475 1237 1476 1243 1476 3523 1476 1225 1477 1064 1327 4257 1471 4916 1422 5131 1473 1236 1423 4916 1422 28 37 37 21 4916 1422 37 21 5131 1473 33 51 1237 1478 3818 1472 10 46 1237 1478 33 51 39 66 1237 1478 10 46 1104 1340 1105 1326 1231 1467 3886 1460 5127 1459 4560 1463 1230 1454 1231 1467 1105 1326 43 7 1111 1325 5136 1332 1191 1439 4507 1470 1219 233 1253 1479 4005 400 4108 1480 239 1481 232 391 238 1482 3501 392 232 391 239 1481 1253 1479 4108 1480 1251 1483 326 1484 4319 1485 3543 1486 1249 1487 325 390 1248 388 171 1488 4786 1488 167 1488 358 1489 1246 1490 356 463 239 1481 3502 1491 3501 392 1254 1492 1253 1479 1251 1483 337 1493 326 1484 3543 1486 3484 1494 165 464 1246 1490 356 463 1246 1490 165 464 1252 1495 4854 1495 4808 1495 3544 1496 337 1493 3543 1486 336 1497 325 390 1249 1487 4788 1498 3502 1491 239 1481 4788 1498 239 1481 4096 1499 3516 1500 1254 1492 3128 1501 3516 1500 1253 1479 1254 1492 4847 1502 337 1493 3544 1496 4231 1503 1249 1487 3889 1504 336 1497 1249 1487 4231 1503 3538 1505 3544 1496 3592 1506 4847 1502 3544 1496 3538 1505 5072 386 4788 1498 4096 1499 153 395 318 396 178 398 4755 462 165 464 3381 1507 5072 386 4096 1499 4382 1508 4548 401 336 1497 4231 1503 4755 462 3381 1507 3264 1509 4534 412 3516 1500 3128 1501 313 1510 1259 1510 1263 1510 4548 401 4231 1503 3141 402 1261 450 4822 449 173 448 1265 387 5072 386 4382 1508 343 1511 4847 1502 3538 1505 4175 451 1261 450 179 1512 4534 412 3128 1501 1260 413 1267 327 184 229 231 231 161 404 343 1511 3538 1505 161 404 295 403 343 1511 4005 400 3141 402 240 1513 4613 1514 4175 451 179 1512 4319 1485 4175 451 4613 1514 4005 400 240 1513 4108 1480 3543 1486 4319 1485 4613 1514 1275 1515 1272 1516 2840 1517 1276 1518 1272 1516 1275 1515 1275 1515 1271 1519 3053 1520 1277 1521 1274 1522 1276 1518 1270 1523 1275 1515 3053 1520 1278 1524 1272 1516 1276 1518 1277 1521 1276 1518 1270 1523 1270 1523 1276 1518 1275 1515 1277 1521 1270 1523 1273 1525 1275 1515 2840 1517 1271 1519 1274 1522 1278 1524 1276 1518 1282 1526 1301 1527 1279 1528 1300 1529 1286 1530 1280 1531 4545 1532 1287 1533 1299 1534 1280 1531 1281 1535 1304 1536 1288 1537 4545 1532 1299 1534 1295 1538 1285 1539 1281 1535 1289 1540 1283 1541 1284 1542 1288 1537 1299 1534 1306 1543 1295 1538 1291 1544 1285 1539 1300 1529 1279 1528 1286 1530 1299 1534 1294 1545 1283 1541 1299 1534 1283 1541 1289 1540 1305 1546 1287 1533 4545 1532 2941 1547 1306 1543 1292 1548 2941 1547 1288 1537 1306 1543 1298 1549 1287 1533 1305 1546 1286 1530 1295 1538 1281 1535 1300 1529 1282 1526 1279 1528 1286 1530 1281 1535 1280 1531 1307 1550 1331 1551 1294 1545 1303 1552 2941 1547 1292 1548 1280 1531 1303 1552 1292 1548 1297 1553 4303 1553 3349 1553 1281 1535 1305 1546 1304 1536 1301 1527 1291 1544 1295 1538 1306 1543 1299 1534 1289 1540 1308 1554 1296 1555 1282 1526 1306 1543 1289 1540 1293 1556 1292 1548 1306 1543 1293 1556 1285 1539 1302 1557 1298 1549 1285 1539 1305 1546 1281 1535 3350 1558 1307 1550 1294 1545 1285 1539 1298 1549 1305 1546 1300 1529 1308 1554 1282 1526 1279 1528 1301 1527 1295 1538 1299 1534 3350 1558 1294 1545 1279 1528 1295 1538 1286 1530 1280 1531 1304 1536 1303 1552 1311 1559 1308 1554 1300 1529 1287 1533 3350 1558 1299 1534 1319 1560 1312 1561 1298 1549 2901 1562 3350 1558 1287 1533 1324 1563 2959 1564 1283 1541 1298 1549 1312 1561 1287 1533 1302 1557 3987 1565 1312 1561 1302 1557 1312 1561 1319 1560 1285 1539 4003 1566 3987 1565 1285 1539 3987 1565 1302 1557 1294 1545 1326 1567 1324 1563 1291 1544 4003 1566 1285 1539 1291 1544 3135 1568 4003 1566 1301 1527 4206 1569 2880 1570 2880 1570 1291 1544 1301 1527 2880 1570 3135 1568 1291 1544 1294 1545 1324 1563 1283 1541 2901 1562 1326 1567 3350 1558 1282 1526 4206 1569 1301 1527 4206 1569 1282 1526 1296 1555 1329 1571 4206 1569 1296 1555 1310 1572 1329 1571 1296 1555 3350 1558 1326 1567 1331 1551 1287 1533 1312 1561 2901 1562 1326 1567 1294 1545 1331 1551 1334 1573 2845 1574 3530 1575 5070 1576 2859 1577 4575 1578 1337 1579 4037 1580 4038 1581 1356 1582 3572 1583 1354 1584 2820 1585 3572 1583 1356 1582 1355 1586 1341 1587 4013 1588 2820 1585 3570 1589 3572 1583 2816 1590 4128 1591 2820 1585 2815 1592 4128 1591 2816 1590 2813 1593 4181 1594 2815 1592 4880 1595 3661 1596 1347 1597 2820 1585 4128 1591 3570 1589 2818 1598 4208 1599 4880 1595 2815 1592 4181 1594 4128 1591 1341 1587 1355 1586 2814 1600 2832 1601 3741 1602 2818 1598 2773 1603 3951 1604 1378 1605 2813 1593 3661 1596 4181 1594 4880 1595 4208 1599 3661 1596 2818 1598 4210 1606 4208 1599 2818 1598 4084 1607 4210 1606 2818 1598 4082 1608 4084 1607 2818 1598 3741 1602 4082 1608 2814 1600 1354 1584 2735 1609 1355 1586 2721 1610 3951 1604 1355 1586 3951 1604 2773 1603 1352 1611 1354 1584 2814 1600 1355 1586 4013 1588 2721 1610 1356 1582 1354 1584 1352 1611 2656 1612 1412 1613 1364 1614 2655 1615 1359 1616 1361 1617 1359 1616 2772 1618 1361 1617 1365 1619 2656 1612 1364 1614 1361 1617 2772 1618 1363 1620 1363 1620 4663 1621 2667 1622 1361 1617 1363 1620 2667 1622 2667 1622 4663 1621 1366 1623 2667 1622 1366 1623 1369 1624 1364 1614 4549 1625 1365 1619 1366 1623 3582 1626 1369 1624 1365 1619 4549 1625 3703 1627 1384 1628 4551 1628 3225 1628 1369 1624 3582 1626 3656 1629 1369 1624 3656 1629 3480 1630 3480 1630 3656 1629 1378 1605 3480 1630 1378 1605 1379 1631 3703 1627 3532 1632 1387 1633 1365 1619 3703 1627 1387 1633 1408 1634 1405 1635 1382 1636 1407 1637 1408 1634 1382 1636 2291 1638 3741 1602 1391 1639 3532 1632 1392 1640 1393 1641 1387 1633 3532 1632 1393 1641 1391 1639 3741 1602 1394 1642 1391 1639 1394 1642 3423 1643 1393 1641 1392 1640 1396 1644 1392 1640 1395 1645 1396 1644 3423 1643 1394 1642 1399 1646 1396 1644 1395 1645 1398 1647 1398 1647 1395 1645 1382 1636 1398 1647 1382 1636 1405 1635 1399 1646 1394 1642 2501 1648 1394 1642 1406 1649 2501 1648 2501 1648 1406 1649 3274 1650 1410 1651 3272 1651 3414 1651 2501 1648 3274 1650 2656 1612 1407 1637 1359 1616 2655 1615 1407 1637 2655 1615 1408 1634 3274 1650 1412 1613 2656 1612 1414 1652 2593 1653 2497 1654 1414 1652 2592 1655 3842 1656 1414 1652 3842 1656 2593 1653 1448 1657 4687 1658 1418 1659 1416 1660 2038 1661 1415 1662 1448 1657 1418 1659 1419 1663 1415 1662 2038 1661 1417 1664 2038 1661 5123 1665 1417 1664 1418 1659 1424 1666 1420 1667 1419 1663 1418 1659 1420 1667 1420 1667 1424 1666 1425 1668 5123 1665 3738 1669 1427 1670 1417 1664 5123 1665 1427 1670 2214 1671 1434 1672 1422 1673 3738 1669 1426 1674 1427 1670 1425 1668 1424 1666 2031 1675 1427 1670 1426 1674 1428 1676 1422 1673 1434 1672 1431 1677 1429 1678 1427 1670 1428 1676 1432 1679 1429 1678 1428 1676 1425 1668 2031 1675 1437 1680 1428 1676 1433 1681 1432 1679 1436 1682 1432 1679 1433 1681 1436 1682 1433 1681 1435 1683 1436 1682 1435 1683 4771 1684 1435 1683 3513 1685 4771 1684 4771 1684 3513 1685 4402 1686 1439 1687 4771 1684 4402 1686 1437 1680 2031 1675 1441 1688 1439 1687 4402 1686 1440 1689 1431 1677 1434 1672 4687 1658 4402 1686 4845 1690 1440 1689 1440 1689 4845 1690 4289 1691 4845 1690 1442 1692 4289 1691 1446 1693 4289 1691 4309 1694 4289 1691 1442 1692 4309 1694 3641 1695 3750 1696 4293 1697 1445 1698 1444 1698 4294 1698 4293 1697 3750 1696 2195 1699 1441 1688 1416 1660 1415 1662 1431 1677 4687 1658 1448 1657 1437 1680 1441 1688 1415 1662 1449 1700 1450 1701 1986 1702 1450 1701 1449 1700 1452 1703 1457 1704 1450 1701 1452 1703 1460 1705 1989 1706 1459 1707 2269 1708 1457 1704 1452 1703 4313 1709 1457 1704 2269 1708 1463 1710 1958 1711 1963 1712 1462 1713 4313 1709 2269 1708 1464 1714 4313 1709 1462 1713 1472 1715 1460 1705 1459 1707 1958 1711 1463 1710 2285 1716 2285 1716 4860 1717 1958 1711 1469 1718 4860 1717 2285 1716 2285 1716 1984 1719 1469 1718 1471 1720 1984 1719 2285 1716 1474 1721 1471 1720 2285 1716 1474 1721 1473 1722 1471 1720 1464 1714 1476 1723 4313 1709 2265 1724 1473 1722 1474 1721 2265 1724 1477 1725 1473 1722 1477 1725 4872 1726 1478 1727 1477 1725 2265 1724 4872 1726 1479 1728 1460 1705 1472 1715 1478 1727 1482 1729 1477 1725 1479 1728 1472 1715 1480 1730 1483 1731 1476 1723 1464 1714 1485 1732 1482 1729 1478 1727 1484 1733 1482 1729 1485 1732 1486 1734 1482 1729 1484 1733 2252 1735 1983 1736 1479 1728 1449 1700 1482 1729 1486 1734 2252 1735 1479 1728 1480 1730 1986 1702 1482 1729 1449 1700 1459 1707 1476 1723 1483 1731 1459 1707 1989 1706 1476 1723 2142 1737 3811 1738 3172 1739 2025 1740 2142 1737 1924 1741 1838 1742 1536 1743 1489 1744 5111 1745 1503 1746 1502 1747 5111 1745 1491 1748 1503 1746 5111 1745 1492 1749 1491 1748 1494 1750 1492 1749 5111 1745 1494 1750 5110 1751 1544 1752 1494 1750 1544 1752 1495 1753 1495 1753 1489 1744 1494 1750 5121 1754 1584 1755 1811 1756 3707 1757 1489 1744 1495 1753 4135 1758 3710 1758 1495 1753 2092 1759 5121 1754 1811 1756 1500 1760 1497 1761 4112 1762 4114 1763 1500 1760 4112 1762 5033 1764 1501 1765 4115 1766 1625 1767 1595 1768 4542 1769 4593 1770 4141 1771 1765 1772 4593 1770 1765 1772 4232 1773 1742 1774 1898 1775 3625 1776 1644 1777 1742 1774 1740 1778 2929 1779 2923 1780 3043 1781 2929 1779 3043 1781 4971 1782 2929 1779 4971 1782 5129 1783 4284 1784 2929 1779 5129 1783 2930 1785 4284 1784 5129 1783 2930 1785 5129 1783 1513 1786 1514 1787 2807 1788 2808 1789 1514 1787 2808 1789 5016 1790 2806 1791 1514 1787 5016 1790 2806 1791 5016 1790 2918 1792 4873 1793 2804 1794 5034 1795 2804 1794 2803 1796 5034 1795 2801 1797 4873 1793 3865 1798 4873 1793 5034 1795 3865 1798 4572 1799 2800 1800 3581 1801 4572 1799 3581 1801 2861 1802 3510 1803 4572 1799 2861 1802 2751 1804 3240 1805 3239 1806 4584 1807 2751 1804 3239 1806 4587 1808 4585 1809 4747 1810 4587 1808 4747 1810 4607 1811 1525 1812 4586 1813 1524 1814 1525 1812 1524 1814 3329 1815 3207 1816 5001 1817 3205 1818 3207 1816 3954 1819 5001 1817 4580 1820 3206 1821 4979 1822 4580 1820 3208 1823 3206 1821 1531 1824 3218 1825 1528 1826 2565 1827 1527 1828 4537 1829 1527 1828 1531 1824 4537 1829 1531 1824 1528 1826 1529 1830 4537 1829 1531 1824 1529 1830 4140 1831 2684 1832 1531 1824 2684 1832 3219 1833 1531 1824 5019 1834 4911 1835 4913 1836 5076 1837 5019 1834 4913 1836 2682 1838 4914 1839 5077 1840 1535 1841 1533 1842 2000 1843 1534 1844 2000 1843 4696 1845 4411 1846 2007 1846 4412 1846 1534 1844 1535 1841 2000 1843 1534 1844 2174 1847 1535 1841 1859 1848 1691 1849 1693 1850 1536 1743 1859 1848 1693 1850 3132 1851 1503 1746 1492 1749 3131 1852 3132 1851 1492 1749 4080 1853 1703 1854 1500 1760 1703 1854 1493 1855 1500 1760 3131 1852 1492 1749 1494 1750 1695 1856 3131 1852 1494 1750 1701 1857 4080 1853 1500 1760 1695 1856 1494 1750 1489 1744 1701 1857 1500 1760 4114 1763 1695 1856 1489 1744 1536 1743 1693 1850 1695 1856 1536 1743 4173 1858 1701 1857 1502 1747 1701 1857 4114 1763 1502 1747 3132 1851 4173 1858 1503 1746 4173 1858 1502 1747 1503 1746 1622 1859 1835 1860 1790 1861 4774 1862 1543 1862 1541 1862 4773 1863 4538 1863 4540 1863 1542 1864 2352 1864 1567 1864 4543 1865 4513 1866 4749 1867 4626 1868 4513 1866 4543 1865 4624 1869 4543 1865 1563 1870 4624 1869 4626 1868 4543 1865 4850 1871 1563 1870 1546 1872 4850 1871 4624 1869 1563 1870 4850 1871 1546 1872 1547 1873 1589 1874 2418 1875 1547 1873 1561 1876 4440 1877 4439 1878 1550 1879 4625 1880 4623 1881 1550 1879 4623 1881 4634 1882 1550 1879 4441 1883 4625 1880 4631 1884 4851 1884 1556 1884 2418 1875 4850 1871 1547 1873 4630 1885 1555 1885 1549 1885 4634 1882 4623 1881 1551 1886 1561 1876 3115 1887 4440 1877 4390 1888 2220 1889 1510 1890 2220 1889 2417 1891 1510 1890 2538 1892 1561 1876 4439 1878 2598 1893 2538 1892 4633 1894 1553 1895 2598 1893 4633 1894 2538 1892 4439 1878 4633 1894 2221 1896 2598 1893 1510 1890 1510 1890 2598 1893 1553 1895 3347 1897 4113 1898 4110 1899 4665 1900 4113 1898 3347 1897 4665 1900 3347 1897 1547 1873 4665 1900 1564 1901 4113 1898 4665 1900 5032 1902 1564 1901 1566 1903 5032 1902 4665 1900 1566 1903 4665 1900 1565 1904 1544 1752 5032 1902 1566 1903 1568 1905 4791 1906 1540 1907 4610 1908 1568 1905 1540 1907 4603 1909 4610 1908 1540 1907 5000 1910 2182 1911 3201 1912 4772 1913 4541 1914 4917 1915 4361 1916 4281 1917 4295 1918 4361 1916 4295 1918 4296 1919 4361 1916 4296 1919 2103 1920 4536 1921 3401 1921 4236 1921 2106 1922 4361 1916 2103 1920 1994 1923 2307 1924 1573 1925 2106 1922 1574 1926 4361 1916 3976 1927 2106 1922 2103 1920 4315 1928 3803 1929 4192 1930 4315 1928 4192 1930 4384 1931 4812 1932 1573 1925 3959 1933 4812 1932 1994 1923 1573 1925 5032 1902 1544 1752 5110 1751 3977 1934 4380 1934 2481 1934 5004 1935 4812 1932 3959 1933 4815 1936 4987 1937 4812 1932 4315 1928 3234 1938 3803 1929 1887 1939 2092 1759 1725 1940 4666 1941 3234 1938 4315 1928 5000 1910 3201 1912 1859 1848 5096 1942 4988 1942 1577 1942 5095 1943 5000 1910 1859 1848 4092 1944 3234 1938 4666 1941 5033 1764 1564 1901 5032 1902 5041 1945 4093 1945 4290 1945 1580 1946 1887 1939 4658 1947 1580 1946 2092 1759 1887 1939 4115 1766 1564 1901 5033 1764 4668 1948 5045 1949 4815 1936 1498 1950 1588 1950 1499 1950 3749 1951 4732 1951 4923 1951 1593 1952 1598 1953 1595 1768 5088 1954 4267 1955 1596 1956 1601 1957 1600 1958 1603 1959 4740 1960 1601 1957 1602 1961 5088 1954 1596 1956 4956 1962 1603 1959 1600 1958 1591 1963 4993 1964 1604 1965 1605 1966 1599 1967 1619 1968 1598 1953 1603 1959 4993 1964 1605 1966 4816 1969 3808 1969 1623 1969 1599 1967 1598 1953 1593 1952 4397 1970 1619 1968 1660 1971 1596 1956 3809 1972 4956 1962 1604 1965 1593 1952 1605 1966 1595 1768 1598 1953 4397 1970 4739 1973 4741 1974 1614 1975 3222 1976 1608 1977 1630 1978 1539 1979 5086 1980 1607 1981 1631 1982 4721 1983 1799 1984 3745 1985 1775 1986 1611 1987 3746 1988 1653 1988 3727 1988 3747 1989 4731 1989 1930 1989 4976 1990 3247 1990 4728 1990 3771 1991 1652 1992 1610 1993 3772 1994 5091 1994 3701 1994 1612 1995 3748 1996 3260 1997 1612 1995 3260 1997 4497 1998 3725 1999 1615 2000 1616 1999 3728 2001 1779 2002 1539 1979 1614 1975 1654 2003 4739 1973 1619 1968 1599 1967 1591 1963 1619 1968 1591 1963 1659 2004 1659 2004 1591 1963 1600 1958 3857 2005 1596 1956 4267 1955 5090 2006 4501 2006 3700 2006 5092 2007 3429 2007 3430 2007 1675 2008 4684 2009 1597 2010 1675 2008 1597 2010 1673 2011 1673 2011 1597 2010 3462 2012 4662 2013 1673 2011 1602 1961 1673 2011 3462 2012 1602 1961 4662 2013 1602 1961 1676 2014 1676 2014 1602 1961 1601 1957 1676 2014 1601 1957 4958 2015 4958 2015 1601 1957 1603 1959 1680 2016 4958 2015 4970 2017 4958 2015 1603 1959 4970 2017 1625 1767 1680 2016 1605 1966 1680 2016 4970 2017 1605 1966 1625 1767 1605 1966 1593 1952 1625 1767 1593 1952 1595 1768 4197 2018 1631 1982 1799 1984 1627 2019 4229 2020 4197 2018 4197 2018 1799 1984 1627 2019 1802 2021 1538 2022 1688 2023 1802 2021 1688 2023 1628 2024 3249 2025 4242 2026 1609 2027 3249 2025 1806 2028 4242 2026 1632 2029 4198 2029 1687 2029 4034 2030 4841 2031 1720 2032 1710 2033 4034 2030 1636 2034 4034 2030 1720 2032 1636 2034 1639 2035 1640 2036 1729 2037 1728 2038 1639 2035 1729 2037 1640 2036 1509 2039 1729 2037 3561 2040 1753 2041 1643 2042 1753 2041 1743 2043 1643 2042 1743 2043 1645 2044 1643 2042 3627 2045 1645 2044 4690 2046 1754 2047 1648 2048 1765 1772 1754 2047 1765 1772 4141 1771 1915 2049 1769 2050 4468 2051 1769 2050 1506 2052 1507 2053 5086 1980 1539 1979 1617 2054 1780 2055 4292 2056 1615 2000 1659 2004 1656 2057 1619 1968 1824 2058 1661 2059 3859 2060 1781 2061 1661 2059 1824 2058 1659 2004 3819 2062 1656 2057 3820 2063 3819 2062 1659 2004 1664 2064 1663 2064 1596 1956 3300 2065 1829 2066 1655 2067 1670 2068 1669 2068 1668 2068 1673 2011 1679 2069 1678 2070 4958 2015 1681 2071 1676 2014 1673 2011 1678 2070 1672 2072 1675 2008 1673 2011 1672 2072 1677 2073 1674 2074 1681 2071 1682 2075 4778 2076 3463 2077 3461 2078 3462 2012 1597 2010 4518 2079 4778 2076 1682 2075 1799 1984 4356 2080 1798 2081 1800 2082 4357 2082 1685 2082 1927 2083 1629 2084 1686 2085 1927 2083 1686 2085 4910 2086 3248 2087 4199 2087 3252 2087 1692 2088 1690 2089 1694 2090 1693 1850 1690 2089 1695 1856 1697 2091 1698 2092 4834 2093 4848 2094 1697 2091 4834 2093 1699 2095 1537 2096 1698 2092 1706 2097 1705 2098 1708 2099 1706 2097 3412 2100 1705 2098 1705 2098 1633 2101 3500 2102 1708 2099 1705 2098 3500 2102 1862 2103 1634 2104 1865 2105 3335 2106 1707 2107 1713 2108 1809 2109 1715 2110 1710 2033 4862 2111 1718 2112 4006 2113 4006 2113 1810 2114 4862 2111 1636 2034 4006 2113 1873 2115 1636 2034 1720 2032 1717 2116 1509 2039 1640 2036 1722 2117 1640 2036 4846 2118 1724 2119 1640 2036 1724 2119 1722 2117 1728 2038 1727 2120 4641 2121 1639 2035 1728 2038 4642 2122 1727 2120 1728 2038 1729 2037 1730 2123 1729 2037 1509 2039 4030 2124 1753 2041 3561 2040 3833 2125 1738 2126 4940 2127 4940 2127 4918 2128 3833 2125 3835 2129 3708 2129 3628 2129 3711 2130 4939 2131 1737 2132 1643 2042 1645 2044 3627 2045 1645 2044 1743 2043 3276 2133 1749 2134 4946 2135 1745 2136 1753 2041 1752 2137 4029 2138 1743 2043 1753 2041 4029 2138 3318 2139 1818 2140 3321 2141 1817 2142 1907 2142 3320 2142 4143 2143 1818 2140 3318 2139 4992 2144 3321 2141 1759 2145 1765 1772 1648 2048 1766 2146 1919 2147 1915 2049 1913 2148 1917 2149 1767 2150 1771 2151 3957 2152 1917 2149 1771 2151 1652 1992 3855 2153 1610 1993 1775 1986 1651 2154 1611 1987 1775 1986 1776 2155 1651 2154 4268 2156 1779 2002 1667 2157 1539 1979 4268 2156 1617 2054 4268 2156 1539 1979 1779 2002 1791 2158 3786 2158 1780 2055 4049 2159 3860 2160 1661 2059 4050 2161 4049 2159 1661 2059 1781 2061 4050 2161 1661 2059 1833 2162 4050 2161 1781 2061 1657 2163 1833 2162 1781 2061 1833 2162 1657 2163 1656 2057 1829 2066 1656 2057 3819 2062 1829 2066 1833 2162 1656 2057 1655 2067 1829 2066 3819 2062 4671 2164 4396 2165 1787 2166 1788 2167 1671 2168 3431 2169 1788 2167 3431 2169 4169 2170 1615 2000 1790 1861 1780 2055 1615 2000 1622 1859 1790 1861 1678 2070 1794 2171 1672 2072 1774 2172 1795 2173 1674 2074 1537 2096 1694 2090 1795 2173 1698 2092 1537 2096 1795 2173 4834 2093 1698 2092 1795 2173 1693 1850 1792 2174 1795 2173 1690 2089 1693 1850 1795 2173 1694 2090 1690 2089 1795 2173 1792 2174 1794 2171 1795 2173 1681 2071 1674 2074 1795 2173 1676 2014 1681 2071 1795 2173 1678 2070 1676 2014 1795 2173 1794 2171 1678 2070 1795 2173 1672 2072 1794 2171 4596 2175 3949 2176 4809 2177 4519 2178 4520 2179 4778 2076 4518 2079 1798 2081 1801 2180 1627 2019 1798 2081 1627 2019 1799 1984 4557 2181 4230 2182 4898 2183 1804 2184 3253 2185 4910 2086 1686 2085 1804 2184 4910 2086 1703 1854 1795 2173 1807 2186 1703 1854 1807 2186 1860 2187 1703 1854 1860 2187 1493 1855 1862 2103 1635 2188 1634 2104 1709 2189 1711 2190 1808 2191 1711 2190 1716 2192 1808 2191 1707 2107 1709 2189 1713 2108 1709 2189 1808 2191 1713 2108 1809 2109 1710 2033 1636 2034 1809 2109 1636 2034 1873 2115 1810 2114 4006 2113 1636 2034 3751 2193 1878 2194 1508 2195 3751 2193 4422 2196 1878 2194 1723 2197 4221 2198 1880 2199 1721 2200 1723 2197 1880 2199 1638 2201 1725 1940 1637 2202 1884 2203 1725 1940 1638 2201 4202 2204 1884 2203 1638 2201 1732 2205 1733 2206 1888 2207 1732 2205 1888 2207 1731 2208 1731 2208 1888 2207 1726 2209 1726 2209 1888 2207 1889 2210 1726 2209 1889 2210 4204 2211 1812 2212 1893 2213 1750 2214 1812 2212 1750 2214 1642 2215 1737 2132 4939 2131 4940 2127 1738 2126 1737 2132 4940 2127 1747 2216 1898 1775 1742 1774 1747 2216 1742 1774 1644 1777 1816 2217 1815 2218 1746 2219 1745 2136 1746 2219 1815 2218 1745 2136 1815 2218 1749 2134 1891 2220 4673 2220 1641 2220 1757 2221 1770 2222 1647 2223 1757 2221 1647 2223 1755 2224 1818 2140 1759 2145 3321 2141 1818 2140 4244 2225 1759 2145 1915 2049 1911 2226 1506 2052 1915 2049 1506 2052 1769 2050 1763 2227 1767 2150 1917 2149 1763 2227 1917 2149 1918 2228 1764 2229 1763 2227 1918 2228 1764 2229 1918 2228 1914 2230 1795 2173 1772 2231 1807 2186 1595 1768 3195 2232 4542 1769 4398 2233 1658 2233 4395 2233 1777 2234 3850 2234 1652 1992 3303 2235 3788 2236 3789 2237 3300 2065 1827 2238 1829 2066 1832 2239 1782 2240 1828 2241 3302 2242 3231 2242 3229 2242 4671 2164 1787 2166 1830 2243 1832 2239 4671 2164 1830 2243 1832 2239 1830 2243 1831 2244 1832 2239 1831 2244 1782 2240 4492 2245 1836 2245 4172 2245 1597 2010 1840 2246 1839 2247 1597 2010 1839 2247 3461 2078 4556 2248 4778 2076 4520 2179 4809 2177 1842 2249 4519 2178 1846 2250 4925 2250 3254 2250 4183 2251 1805 2251 4909 2251 4190 2252 4383 2252 4191 2252 3536 2253 2105 2254 2106 1922 3814 2255 1852 2256 3812 2257 3815 2258 3813 2259 3879 2260 2108 2261 3815 2258 3879 2260 4144 2262 1854 2262 4146 2262 2146 2263 5045 1949 4668 1948 4987 1937 1994 1923 4812 1932 1857 2264 4235 2265 1997 2266 1571 2267 5000 1910 1919 2147 1772 2231 1861 2268 1999 2269 1862 2103 1865 2105 1864 2270 4281 1917 1864 2270 4295 1918 4281 1917 1862 2103 1864 2270 1867 2271 1866 2272 1850 2273 1947 2274 1867 2271 1850 2273 1869 2275 1867 2271 1947 2274 2103 1920 1871 2276 1867 2271 2103 1920 1867 2271 1869 2275 2103 1920 4296 1919 1871 2276 4316 2277 1876 2277 4667 2277 1872 2278 1576 2278 1946 2278 1715 2110 1809 2109 1874 2279 4679 2280 1809 2109 1873 2115 1874 2279 4679 2280 1873 2115 1719 2281 1877 2281 1875 2281 4362 2282 4283 2282 4279 2282 1879 2283 1878 2194 4422 2196 1879 2283 4422 2196 4282 2284 1883 2285 1811 1756 1584 1755 1725 1940 2092 1759 1811 1756 1725 1940 1884 2203 1887 1939 1885 2286 1890 2286 1587 2286 4202 2204 1887 1939 1886 2287 1884 2203 4202 2204 1886 2287 4203 2288 4127 2289 3878 2290 3880 2291 4127 2289 4345 2292 3878 2290 4127 2289 3880 2291 4935 2293 1574 1926 4345 2292 4345 2292 5015 2294 4935 2293 1574 1926 4935 2293 4361 1916 4345 2292 4127 2289 5015 2294 1893 2213 1812 2212 1892 2295 1893 2213 1892 2295 4147 2296 4917 1915 1734 2297 4134 2298 1894 2299 1895 2299 1570 2299 4917 1915 4134 2298 4772 1913 1581 2300 4134 2298 1734 2297 1736 2301 1581 2300 1734 2297 1897 2302 1898 1775 1747 2216 1897 2302 1747 2216 5006 2303 4947 2304 1905 2305 5055 2306 1899 2307 5056 2307 1909 2307 5055 2306 1905 2305 4813 2308 1904 2309 1815 2218 1902 2310 1904 2309 1903 2311 1815 2218 4814 2312 1749 2134 1815 2218 1906 2313 1903 2311 1904 2309 1901 2314 1893 2213 4147 2296 1816 2217 1902 2310 1815 2218 3847 2315 3323 2315 1908 2315 1910 2316 4991 2316 4989 2316 1579 2317 1911 2226 1915 2049 1579 2317 1915 2049 5000 1910 1919 2147 5000 1910 1915 2049 1572 2318 1918 2228 1917 2149 1572 2318 1917 2149 1573 1925 1571 2267 1919 2147 1918 2228 1571 2267 1918 2228 1572 2318 3959 1933 1573 1925 1917 2149 3960 2319 4751 2319 5007 2319 1572 2318 1573 1925 1921 2320 3990 2321 1571 2267 1572 2318 3811 1738 4339 2322 3172 1739 1834 2323 1825 2324 4394 2325 1861 2268 1825 2324 1834 2323 1861 2268 1823 2326 1825 2324 1823 2326 1861 2268 1772 2231 1823 2326 1772 2231 1795 2173 1823 2326 1795 2173 1774 2172 4843 2327 3187 2327 4182 2327 3222 1976 1630 1978 3186 2328 4842 2329 3224 2329 1928 2329 2017 2330 3258 2330 3223 2330 3851 2331 1651 2154 1776 2155 3849 2332 2011 2333 3891 2334 3891 2334 3848 2335 3849 2332 5068 2336 1621 2337 3892 2338 4170 2339 5068 2336 3892 2338 1932 2340 4573 2340 4171 2340 4170 2339 3432 2341 5068 2336 1832 2239 1828 2241 2004 2342 1936 2343 4938 2343 1784 2343 4938 2344 1785 2344 1784 2344 2003 2345 1936 2346 1784 2347 1828 2241 3303 2235 3789 2237 2003 2345 1784 2347 1832 2239 2004 2342 1828 2241 2014 2348 1828 2241 3789 2237 2014 2348 2003 2345 1832 2239 2004 2342 4517 2349 2019 2350 3950 2351 4517 2352 3950 2352 1937 2352 4685 2353 2019 2350 4517 2349 1859 1848 4685 2353 1841 2354 1859 1848 1841 2354 1691 1849 1859 1848 2019 2350 4685 2353 4230 2182 4557 2181 4908 2355 1848 2356 4908 2355 2013 2357 1844 2358 2013 2357 4557 2181 2013 2357 4908 2355 4557 2181 4769 2359 1471 1720 1982 2360 4769 2359 1982 2360 4719 2361 2031 1675 4719 2361 1982 2360 1983 1736 2050 2362 1470 2363 4686 2364 1471 1720 4769 2359 1939 2365 1968 2366 2085 2367 4686 2364 1985 2368 1471 1720 1441 1688 1982 2360 1988 2369 1441 1688 2031 1675 1982 2360 4861 2370 1985 2368 4686 2364 1972 2371 2074 2372 1983 1736 2045 2373 2038 1661 1988 2369 1939 2365 4899 2374 2063 2375 2079 2376 2074 2372 1972 2371 1979 2377 1939 2365 2063 2375 2037 2378 1940 2379 4861 2370 3444 2380 2079 2376 1972 2371 1952 2381 1979 2377 2063 2375 1952 2381 2063 2375 2061 2382 1952 2381 2061 2382 4922 2383 1969 2384 1940 2379 2037 2378 3343 2385 1952 2381 4922 2383 4840 2386 2051 2387 2045 2373 3343 2385 4922 2383 2091 2388 1453 2389 4840 2386 2045 2373 4748 2390 4840 2386 1453 2389 1456 2391 4748 2390 1453 2389 4710 2392 4748 2390 1456 2391 4700 2393 4710 2392 1456 2391 4700 2393 1456 2391 1458 2394 1941 2395 4700 2393 1458 2394 2035 2396 4700 2393 1941 2395 1957 2397 1954 2398 4903 2399 4919 2400 1957 2397 4903 2399 1961 2401 1957 2397 4919 2400 4790 2402 2041 2403 1987 2404 4228 2405 1961 2401 4919 2400 4738 2406 4790 2402 1987 2404 1470 2363 4738 2406 1987 2404 2050 2362 4738 2406 1470 2363 1968 2366 1961 2401 4228 2405 2085 2367 1968 2366 4228 2405 1944 2407 1868 2408 1947 2274 1945 2409 1868 2408 1944 2407 1945 2409 2103 1920 1868 2408 4102 2410 1943 2410 2227 2410 3315 2411 4334 2411 3316 2411 1958 1711 4861 2370 1940 2379 1963 1712 1958 1711 1940 2379 3346 2412 3343 2385 1962 2413 3343 2385 3444 2380 1962 2413 1963 1712 1940 2379 1964 2414 4594 2415 1963 1712 1964 2414 2111 2416 1962 2413 3444 2380 3769 2417 1965 2418 3739 2419 1971 2420 4594 2415 1964 2414 2111 2416 3444 2380 1972 2371 3739 2419 1970 2421 1975 2422 1973 2423 1971 2420 1974 2424 1975 2422 1968 2366 1939 2365 2112 2425 1975 2422 1977 2426 1977 2426 1975 2422 1939 2365 1979 2377 1977 2426 1939 2365 1951 2427 1978 2428 1954 2398 5102 2429 1977 2426 3413 2430 4329 2431 5102 2429 3413 2430 1981 2432 1988 2369 1982 2360 1475 2433 1983 1736 1470 2363 1451 2434 1453 2389 2045 2373 1470 2363 1987 2404 1455 2435 1922 2436 1926 2437 4338 2438 2136 2439 1926 2437 1922 2436 2136 2439 1922 2436 1572 2318 2137 2440 1572 2318 1921 2320 2137 2440 2136 2439 1572 2318 4237 2441 2137 2440 1921 2320 3811 1738 2142 1737 2025 1740 3811 1738 2025 1740 3619 2442 4987 1937 4815 1936 5045 1949 1856 2443 2307 1924 1994 1923 1995 2444 2137 2440 4237 2441 3677 2445 2094 2446 3920 2447 3679 2448 2172 2448 2168 2448 3920 2447 4677 2449 1948 2450 2095 2451 1585 2452 2171 2453 1861 2268 1834 2323 1533 1842 2001 2454 2002 2454 4937 2454 1535 1841 2174 1847 2006 2455 2006 2455 2174 1847 4695 2456 2003 2345 2005 2457 4508 2458 4508 2458 1936 2346 2003 2345 3259 2459 2009 2460 3851 2331 4042 2461 2176 2462 2012 2463 3259 2459 2012 2463 2009 2460 1776 2155 3259 2459 3851 2331 4184 2464 4526 2465 4042 2461 4042 2461 2012 2463 4184 2464 2014 2348 2015 2466 2004 2342 2009 2460 2015 2466 2014 2348 2013 2357 2016 2467 1848 2356 4042 2461 4045 2468 2176 2462 4044 2469 2018 2470 3722 2471 4043 2472 2010 2473 4525 2474 2021 2475 2019 2350 1859 1848 2026 2476 2144 2477 2179 2478 2182 1911 5000 1910 1571 2267 2144 2477 4931 2479 2179 2478 1844 2358 1796 2480 2013 2357 1428 1676 2029 2481 2032 2482 1428 1676 2032 2482 2033 2483 2081 2484 1969 2384 2037 2378 2036 2485 2033 2483 2035 2396 2033 2483 2032 2482 2035 2396 1435 1683 1433 1681 4701 2486 2035 2396 1941 2395 2036 2485 1941 2395 1987 2404 2040 2487 2036 2485 1941 2395 2040 2487 1441 1688 1988 2369 2038 1661 2040 2487 1987 2404 2041 2403 4402 1686 1435 1683 4701 2486 4402 1686 4701 2486 4845 1690 1438 2488 2039 2489 4861 2370 2041 2403 2043 2490 1942 2491 2038 1661 2045 2373 2044 2492 1438 2488 4861 2370 4686 2364 2049 2493 1942 2491 2050 2362 3644 2494 1442 1692 4845 1690 2044 2492 2045 2373 2051 2387 2050 2362 2064 2495 2049 2493 3738 1669 5123 1665 2051 2387 2052 2496 3738 1669 2051 2387 1426 1674 2052 2496 2051 2387 1426 1674 2051 2387 1428 1676 1428 1676 2051 2387 2029 2481 2051 2387 2053 2497 2029 2481 2210 2498 2055 2499 2059 2500 2210 2498 2059 2500 2071 2501 3810 2502 2210 2498 2071 2501 2073 2503 4051 2504 3391 2505 3392 2506 4903 2399 1954 2398 2071 2501 2063 2375 4921 2507 2069 2508 3810 2502 2071 2501 2050 2362 1983 1736 2075 2509 2196 2510 3750 1696 4895 2511 1954 2398 1978 2428 3392 2506 2075 2509 1983 1736 2074 2372 4921 2507 2072 2512 2071 2501 3392 2506 1978 2428 3526 2513 3526 2513 1978 2428 1976 2514 3526 2513 1976 2514 4948 2515 2069 2508 2071 2501 4312 2516 4899 2374 1939 2365 2078 2517 2071 2501 2072 2512 4312 2516 5051 2518 2069 2508 4312 2516 2196 2510 4895 2511 2082 2519 4337 2520 2074 2372 4936 2521 2194 2522 4948 2515 1976 2514 2203 2523 2196 2510 2082 2519 2078 2517 1939 2365 2080 2524 2214 1671 4355 2525 4340 2526 5051 2518 4312 2516 4247 2527 1976 2514 1969 2384 2081 2484 4270 2528 5051 2518 4247 2527 4337 2520 4936 2521 1966 2529 4337 2520 1966 2529 4258 2530 2191 2531 4270 2528 4247 2527 4258 2530 1966 2529 4726 2532 2203 2523 2082 2519 2054 2533 4258 2530 4726 2532 2054 2533 2054 2533 4726 2532 2055 2499 2097 2534 2094 2446 3678 2535 2097 2534 3920 2447 2094 2446 2097 2534 4677 2449 3920 2447 3676 2536 3682 2537 4097 2538 3682 2537 2478 2539 4097 2538 2101 2540 4187 2541 1945 2409 2225 2542 1945 2409 1944 2407 2225 2542 2101 2540 1945 2409 2225 2542 1944 2407 1849 2543 1851 2544 2106 1922 2484 2545 2105 2254 1574 1926 2106 1922 2105 2254 2107 2546 1574 1926 4195 2547 2107 2546 2105 2254 2108 2261 2107 2546 4195 2547 2108 2261 3879 2260 2107 2546 2109 2548 1960 2549 2135 2550 2115 2551 1977 2426 2110 2552 1960 2549 2109 2548 2114 2553 2112 2425 1977 2426 2115 2551 2115 2551 2113 2554 2112 2425 1975 2422 2113 2554 2115 2551 3739 2419 1975 2422 2115 2551 2116 2555 3739 2419 2115 2551 1463 1710 1963 1712 4306 2556 3739 2419 2116 2555 2119 2557 2119 2557 3775 2558 3739 2419 1956 2559 1960 2549 2114 2553 3769 2417 3775 2558 2119 2557 2119 2557 1965 2418 3769 2417 2121 2560 1956 2559 2114 2553 2123 2561 1955 2562 1965 2418 2123 2561 1965 2418 2119 2557 2124 2563 1983 1736 2252 1735 2124 2563 1972 2371 1983 1736 2123 2561 1950 2564 1955 2562 4329 2431 1956 2559 2121 2560 2125 2565 1950 2564 2123 2561 1980 2566 1950 2564 2125 2565 1980 2566 2125 2565 2250 2567 1973 2423 1980 2566 2250 2567 2135 2550 1972 2371 2124 2563 1971 2420 2250 2567 2130 2568 1971 2420 1973 2423 2250 2567 4594 2415 1971 2420 2130 2568 4595 2569 4594 2415 2130 2568 4595 2569 2130 2568 4306 2556 2133 2570 2134 2570 2129 2570 4306 2556 1963 1712 5130 2571 2121 2560 5089 2572 4329 2431 2121 2560 5102 2429 5089 2572 2110 2552 5102 2429 2121 2560 1977 2426 5102 2429 2110 2552 2109 2548 2135 2550 2124 2563 3257 2573 3171 2573 3173 2573 3180 2574 2299 2575 2140 2576 4932 2577 4982 2577 2143 2577 2024 2578 4930 2578 3299 2578 2145 2579 2147 2580 3203 2581 2145 2579 3203 2581 1991 2582 2145 2579 1991 2582 5045 1949 2305 2583 2145 2579 5045 1949 2150 2584 2305 2583 5045 1949 2146 2263 2150 2584 5045 1949 4785 2585 2150 2584 2146 2263 4145 2586 4156 2586 4783 2586 4157 2587 4796 2587 2303 2587 2302 2588 2304 2589 4784 2588 2150 2584 2149 2590 3558 2591 1993 2592 1856 2443 1994 1923 2312 2593 3179 2594 1857 2264 2312 2593 1857 2264 2309 2595 2155 2596 2157 2597 2165 2598 2164 2599 3497 2599 4036 2599 2166 2600 2163 2601 2153 2602 2156 2603 2166 2600 2153 2602 2155 2596 2156 2603 2153 2602 2155 2596 2165 2598 2156 2603 2157 2597 2154 2604 2165 2598 2158 2605 3194 2606 2157 2597 2158 2605 2161 2607 3194 2606 3194 2606 2154 2604 2157 2597 2165 2598 2154 2604 2166 2600 2173 2608 3681 2609 4754 2610 1861 2268 1533 1842 2170 2611 1861 2268 2170 2611 1585 2452 2171 2453 1585 2452 2170 2611 2000 1843 1533 1842 1834 2323 2173 2608 2171 2453 4529 2612 2173 2608 4754 2610 2171 2453 2004 2342 2373 2613 2003 2345 2003 2345 2373 2613 2175 2614 2003 2345 2175 2614 2005 2457 2175 2614 2370 2615 2005 2457 2005 2457 2370 2615 4508 2458 2012 2463 2381 2616 2009 2460 2009 2460 2379 2617 2015 2466 2015 2466 2376 2618 2004 2342 2028 2619 4043 2472 4525 2474 2178 2620 4043 2472 2028 2619 2183 2621 2020 2622 2178 2620 2183 2621 1938 2623 1578 2624 2183 2621 1578 2624 2020 2622 2026 2476 2179 2478 2184 2625 2185 2626 2181 2627 2179 2478 2028 2619 2183 2621 2178 2620 2184 2625 1578 2624 2026 2476 4931 2479 2185 2626 2179 2478 2020 2622 1578 2624 2184 2625 2185 2626 2151 2628 2181 2627 2186 2629 2163 2601 2348 2630 2189 2631 4269 2632 4270 2528 2073 2503 2077 2633 2193 2634 2192 2635 2189 2631 4270 2528 4270 2528 2191 2531 2192 2635 2192 2635 2191 2531 2392 2636 2191 2531 2056 2637 2392 2636 2193 2634 2077 2633 4355 2525 2193 2634 4355 2525 2198 2638 2195 1699 3750 1696 2196 2510 2197 2639 2195 1699 2196 2510 2196 2510 2199 2640 2197 2639 2206 2641 2197 2639 2203 2523 2199 2640 2203 2523 2197 2639 2392 2636 2056 2637 2208 2642 2203 2523 2054 2533 2206 2641 2208 2642 2056 2637 4051 2504 2206 2641 2054 2533 2055 2499 2206 2641 2055 2499 2207 2643 4355 2525 2214 1671 2198 2638 2207 2643 2055 2499 2210 2498 2207 2643 2210 2498 2211 2644 2198 2638 2214 1671 1422 1673 2208 2642 4051 2504 2212 2645 2213 2646 2211 2644 2069 2508 2211 2644 2210 2498 2069 2508 2208 2642 2212 2645 2216 2647 2212 2645 2073 2503 2216 2647 2215 2648 2213 2646 2069 2508 2215 2648 2069 2508 5050 2649 2189 2631 2215 2648 5051 2518 2215 2648 5050 2649 5051 2518 5051 2518 4269 2632 2189 2631 2216 2647 2073 2503 2193 2634 1510 1890 2417 1891 2221 1896 4529 2612 2171 2453 4048 2650 2228 2651 2226 2652 2229 2653 2478 2539 2228 2651 2229 2653 2230 2654 2104 2655 2102 2656 2230 2654 2482 2657 2104 2655 2484 2545 4434 2658 1851 2544 2231 2659 2489 2659 2237 2659 4444 2660 2486 2660 3535 2660 2492 2661 3815 2258 2108 2261 2235 2662 2492 2661 2108 2261 2105 2254 2235 2662 2108 2261 2232 2663 2235 2662 2105 2254 2233 2664 2232 2663 2105 2254 1852 2256 3814 2255 2490 2665 2494 2666 2491 2666 4803 2666 2642 2667 2262 2668 4644 2669 2652 2670 2263 2671 4484 2672 2238 2673 2121 2560 2114 2553 4485 2674 2652 2670 4484 2672 4485 2674 2640 2675 2652 2670 4565 2676 2642 2667 4644 2669 4406 2677 4321 2677 2240 2677 4565 2676 4579 2678 2642 2667 2241 2679 2245 2680 4407 2681 4485 2674 2505 2682 2640 2675 2243 2683 2505 2682 4485 2674 2242 2684 2119 2557 2116 2555 4566 2685 4579 2678 4565 2676 2246 2686 4461 2687 2239 2688 2500 2689 2645 2690 4579 2678 2242 2684 2116 2555 2247 2691 2255 2692 2242 2684 2247 2691 2241 2679 2506 2693 2245 2680 4509 2694 2506 2693 2241 2679 2255 2692 2247 2691 2115 2551 2504 2695 2505 2682 2243 2683 2254 2696 4461 2687 2246 2686 4509 2694 2251 2697 2506 2693 2500 2689 2242 2684 2255 2692 4768 2698 2255 2692 2115 2551 2255 2692 2502 2699 2500 2689 4768 2698 2115 2551 2256 2700 2502 2699 2255 2692 2257 2701 2646 2702 2504 2695 2252 1735 2258 2703 2253 2704 2254 2696 2251 2697 2253 2704 2258 2703 4717 2705 2256 2700 2260 2706 4717 2705 4768 2698 2256 2700 2502 2699 2257 2701 2259 2707 2261 2708 2251 2697 2258 2703 2259 2707 2652 2670 2502 2699 4688 2709 2508 2710 2251 2697 4717 2705 2260 2706 2121 2560 2262 2668 2261 2708 2258 2703 2238 2673 4717 2705 2121 2560 2263 2671 2652 2670 2259 2707 2642 2667 2508 2710 4688 2709 2642 2667 2261 2708 2262 2668 2298 2711 2668 2712 2665 2713 2297 2714 1478 1727 2265 1724 4960 2715 2297 2714 2266 2716 4960 2715 4831 2717 2297 2714 2268 2718 2297 2714 2265 1724 2273 2719 2668 2712 2298 2711 2268 2718 4960 2715 2266 2716 2268 2718 2265 1724 1474 1721 2274 2720 4960 2715 2268 2718 2273 2719 1464 1714 1462 1713 1480 1730 2646 2702 2252 1735 2272 2721 1487 2722 2275 2723 4770 2724 1462 1713 2269 1708 4770 2724 2269 1708 1454 2725 2271 2726 2268 2718 1474 1721 2274 2720 2268 2718 2271 2726 2273 2719 1462 1713 2270 2727 1452 1703 4770 2724 1454 2725 4797 2728 2278 2729 2659 2730 2659 2730 4743 2731 4797 2728 2276 2732 2271 2726 1474 1721 2270 2727 2658 2733 2273 2719 1449 1700 4770 2724 1452 1703 2276 2732 1474 1721 2279 2734 4763 2735 2272 2721 2275 2723 4853 2736 2274 2720 2271 2726 2278 2729 4797 2728 2280 2737 1466 2738 4763 2735 2275 2723 2658 2733 2270 2727 2277 2739 4826 2740 4853 2736 2271 2726 4827 2741 2656 1612 2281 2742 5085 2743 2276 2732 2279 2734 2658 2733 2277 2739 2284 2744 4764 2745 2278 2729 2280 2737 4827 2741 1391 1639 2656 1612 5085 2743 2279 2734 1463 1710 2284 2744 2661 2746 2658 2733 1459 1707 4763 2735 1466 2738 2284 2744 2288 2747 2661 2746 2288 2747 1449 1700 1486 1734 5100 2748 2283 2749 2282 2750 2289 2751 1391 1639 4827 2741 4764 2745 2665 2713 2278 2729 2665 2713 4764 2745 4900 2752 2289 2751 2291 1638 1391 1639 4408 2753 5100 2748 2282 2750 4407 2681 2291 1638 2289 2751 4306 2556 5085 2743 1463 1710 2288 2747 1486 1734 2292 2754 4308 2755 4408 2753 2282 2750 2297 2714 1486 1734 1484 1733 2297 2714 1484 1733 1478 1727 4831 2717 1486 1734 2297 2714 2665 2713 4900 2752 2298 2711 4830 2756 1387 1633 2288 2747 2299 2575 3180 2574 2311 2757 2299 2575 2311 2757 2513 2758 2141 2759 2299 2575 2513 2758 2141 2759 2513 2758 4929 2760 2139 2761 2141 2759 4929 2760 2185 2626 2301 2762 4941 2763 2151 2628 2185 2626 4941 2763 2670 2764 2516 2765 5081 2766 2150 2584 3558 2591 2305 2583 2148 2767 2517 2768 4974 2769 2526 2770 2517 2768 2148 2767 2306 2771 4124 2772 2308 2773 1856 2443 2306 2771 2308 2773 1856 2443 1993 2592 4964 2774 1856 2443 4964 2774 4965 2775 1997 2266 4235 2265 3400 2776 1997 2266 2309 2595 1857 2264 2310 2777 3179 2594 2312 2593 2314 2778 2321 2779 2317 2780 2325 2781 2314 2778 2317 2780 2318 2782 2320 2783 2326 2784 2329 2785 4705 2786 2152 2787 2152 2787 2336 2788 2329 2785 2322 2789 2319 2790 2330 2791 2326 2784 2320 2783 2330 2791 2331 2792 2318 2782 2326 2784 2327 2793 2325 2781 2317 2780 2334 2794 4262 2795 2321 2779 2520 2796 2322 2789 4262 2795 2326 2784 2330 2791 2319 2790 2334 2794 2520 2796 4262 2795 2327 2793 2317 2780 2329 2785 2327 2793 2329 2785 2336 2788 2322 2789 2330 2791 4262 2795 2338 2797 2334 2794 2321 2779 2314 2778 2338 2797 2321 2779 3967 2798 2153 2602 2674 2799 2674 2799 2186 2629 2348 2630 4354 2800 2439 2801 2343 2802 2343 2802 4347 2803 2339 2804 2339 2804 4347 2803 3791 2805 4354 2800 2343 2802 2339 2804 2339 2804 3791 2805 2345 2806 2341 2807 2158 2605 2157 2597 2345 2806 3791 2805 2158 2605 2155 2596 2153 2602 3967 2798 2153 2602 2186 2629 2674 2799 2345 2806 2158 2605 2341 2807 1568 1905 4603 1909 4628 2808 1568 1905 4628 2808 4791 1906 1990 2809 4148 2809 4158 2809 2154 2604 2161 2607 2166 2600 2161 2607 2158 2605 2354 2810 2348 2630 2163 2601 2354 2810 2166 2600 2161 2607 2354 2810 2163 2601 2166 2600 2354 2810 3761 2811 2471 2812 4735 2813 3761 2811 4735 2813 3295 2814 3295 2814 4735 2813 2474 2815 2474 2815 2466 2816 3295 2814 3295 2814 2466 2816 2460 2817 3534 2818 4046 2819 2367 2820 2223 2821 2222 2821 4353 2821 3341 2822 2366 2822 2169 2822 2571 2823 3270 2824 2368 2825 3271 2826 3534 2818 2367 2820 2369 2827 2571 2823 2368 2825 1535 1841 2006 2455 2582 2828 2373 2613 2004 2342 2376 2618 2376 2618 2015 2466 2379 2617 2379 2617 2009 2460 2381 2616 2012 2463 2176 2462 2381 2616 2381 2616 2176 2462 3460 2829 3460 2829 2176 2462 3458 2830 3597 2831 4043 2472 2178 2620 4044 2469 2018 2470 2382 2832 3556 2833 2383 2833 2180 2833 2387 2834 3597 2831 2178 2620 2386 2835 2387 2834 2178 2620 2184 2625 5119 2836 2020 2622 4706 2837 2384 2837 2385 2837 2388 2838 4707 2838 2583 2838 4705 2786 2329 2785 3557 2839 3557 2839 2329 2785 2317 2780 2317 2780 2321 2779 2399 2840 2321 2779 2332 2841 2399 2840 2399 2840 2332 2841 2588 2842 2332 2841 2330 2791 2588 2842 2588 2842 2330 2791 2320 2783 2318 2782 2674 2799 2348 2630 2207 2643 2211 2644 2406 2843 2393 2844 2207 2643 2188 2845 2205 2846 2207 2643 2393 2844 3919 2847 2393 2844 2188 2845 1422 1673 1430 2848 2375 2849 2205 2846 2393 2844 2394 2850 2396 2851 3919 2847 2188 2845 2396 2851 2188 2845 2353 2852 3403 2853 2396 2851 2353 2852 3403 2853 2353 2852 2401 2854 2205 2846 2394 2850 2397 2855 3483 2856 2398 2857 2400 2858 2400 2858 2398 2857 3612 2859 2195 1699 2205 2846 2397 2855 2402 2860 2198 2638 2403 2861 2401 2854 2195 1699 2397 2855 2574 2862 4456 2863 2400 2858 2213 2646 2215 2648 2404 2864 5014 2865 2213 2646 2404 2864 2406 2843 5014 2865 2404 2864 2211 2644 5014 2865 2406 2843 2406 2843 2574 2862 2207 2643 1432 1679 1436 1682 2407 2866 1432 1679 2407 2866 2408 2867 1448 1657 1420 1667 1425 1668 1427 1670 1429 1678 2408 2867 4293 1697 2195 1699 2401 2854 1443 2868 4293 1697 2401 2854 1431 1677 1448 1657 1430 2848 1427 1670 2408 2867 2409 2869 4041 2870 2409 2869 2410 2871 1439 1687 1440 1689 2413 2872 1436 1682 1439 1687 2413 2872 2416 2873 1436 1682 2413 2872 2415 2874 2580 2875 2407 2866 1425 1668 1437 1680 2414 2876 2407 2866 1436 1682 2416 2873 2421 2877 2422 2878 2429 2879 5010 2880 2421 2877 2429 2879 2424 2881 2422 2878 2426 2882 2420 2883 5010 2880 2429 2879 2426 2882 2427 2884 2601 2885 2424 2881 2426 2882 2601 2885 2601 2885 2427 2884 2430 2886 2429 2879 2422 2878 2424 2881 2601 2885 2430 2886 2423 2887 2423 2887 2430 2886 2434 2888 2344 2889 2433 2889 4877 2889 2434 2888 3853 2890 2423 2887 2158 2605 3791 2805 2436 2891 3791 2805 2343 2802 2436 2891 2343 2802 2439 2801 2438 2892 2436 2891 2343 2802 2438 2892 2439 2801 5058 2893 4324 2894 2438 2892 2439 2801 4324 2894 5058 2893 2427 2884 2443 2895 4324 2894 5058 2893 2443 2895 2427 2884 2422 2878 2443 2895 2422 2878 5010 2880 2420 2883 2443 2895 2422 2878 2420 2883 2420 2883 2475 2896 2587 2897 2475 2896 4951 2898 2587 2897 4951 2898 2471 2812 2587 2897 2587 2897 2471 2812 3761 2811 2471 2812 4951 2898 2468 2899 2461 2900 2454 2901 2630 2902 2622 2903 2460 2817 2451 2904 2452 2905 2629 2906 2471 2812 2461 2900 2472 2907 2454 2901 2630 2902 2454 2901 2357 2908 2464 2909 2452 2905 2471 2812 2468 2899 4951 2898 4794 2910 2464 2909 2471 2812 2468 2899 2466 2816 2362 2911 2472 2907 2468 2899 4794 2910 2475 2896 2357 2908 2471 2812 2629 2906 2451 2904 2466 2816 2472 2907 2629 2906 2630 2902 2357 2908 2451 2904 2460 2817 2466 2816 2468 2899 2475 2896 2610 2912 2472 2907 2362 2911 2454 2901 4529 2612 4048 2650 2617 2913 3683 2914 2477 2914 4616 2914 2098 2915 2099 2916 4985 2917 2098 2915 4985 2917 2228 2651 2476 2918 2098 2915 2478 2539 2098 2915 2228 2651 2478 2539 2476 2918 2478 2539 3682 2537 2102 2656 2621 2919 2230 2654 4379 2920 2104 2655 2482 2657 2484 2545 2106 1922 3976 1927 2487 2921 2484 2545 4489 2922 2487 2921 4434 2658 2484 2545 2488 2923 2234 2924 2493 2925 2488 2923 2493 2925 4433 2926 2234 2924 4801 2927 4802 2928 2493 2925 2234 2924 4802 2928 2619 2929 2698 2930 4702 2931 2635 2932 1414 1652 2497 1654 4962 2933 4657 2934 2498 2935 2498 2935 2699 2936 4962 2933 2643 2937 2642 2667 4579 2678 2281 2742 2656 1612 2274 2720 2645 2690 2643 2937 4579 2678 4830 2756 2499 2938 1387 1633 2646 2702 4743 2731 2659 2730 2502 2699 2503 2939 2500 2689 2245 2680 2291 1638 4407 2681 2670 2764 5081 2766 2527 2940 3723 2941 2670 2764 2527 2940 3723 2941 2557 2942 2670 2764 2513 2758 2336 2788 2300 2943 2350 2944 2509 2945 2304 2589 2510 2946 2524 2947 2528 2948 4795 2949 2350 2944 2304 2589 2509 2945 2528 2948 2511 2950 2529 2951 2521 2951 4212 2951 2514 2952 3448 2952 2531 2952 2513 2758 2300 2943 4929 2760 2511 2950 2524 2947 2517 2768 2338 2797 4211 2953 2518 2954 2510 2946 2520 2796 2524 2947 2522 2955 2534 2956 2327 2793 4159 2957 2350 2944 4795 2949 2517 2768 2526 2770 2304 2589 2518 2954 4211 2953 2534 2956 2311 2757 2522 2955 2513 2758 2533 2958 2335 2958 3447 2958 2532 2959 2530 2959 2525 2959 2520 2796 4829 2960 2524 2947 2519 2961 2326 2784 2528 2948 2509 2945 2511 2950 2304 2589 4829 2960 2523 2962 4574 2963 2314 2778 2325 2781 4211 2953 2326 2784 2319 2790 2510 2946 2522 2955 2327 2793 2336 2788 2524 2947 2518 2954 2517 2768 1996 2964 3402 2964 3482 2964 2528 2948 2524 2947 2511 2950 2524 2947 4829 2960 4574 2963 2522 2955 2518 2954 2534 2956 4211 2953 2325 2781 2534 2956 4574 2963 2334 2794 2338 2797 2528 2948 2326 2784 2510 2946 2522 2955 2336 2788 2513 2758 2512 2965 2324 2965 2316 2965 2519 2961 2528 2948 2509 2945 2510 2946 2322 2789 2520 2796 4574 2963 2338 2797 2518 2954 2511 2950 2517 2768 2304 2589 2336 2788 2152 2787 2300 2943 2524 2947 4574 2963 2518 2954 2331 2792 2536 2966 2318 2782 2318 2782 2536 2966 2674 2799 2537 2967 2543 2968 2540 2969 2538 1892 3756 2970 1561 1876 2157 2597 2155 2596 2552 2971 3967 2798 2674 2799 3965 2972 2538 1892 2540 2969 2546 2973 2542 2974 3968 2974 2547 2974 2537 2967 2548 2975 2552 2971 2538 1892 2546 2973 3756 2970 2339 2804 2345 2806 2548 2975 2550 2976 2548 2975 2537 2967 2543 2968 3965 2972 2674 2799 2598 1893 2539 2977 2538 1892 2538 1892 2537 2967 2540 2969 2553 2978 2551 2978 2346 2978 2341 2807 2157 2597 3768 2979 2539 2977 2537 2967 2538 1892 2548 2975 2345 2806 3768 2979 2552 2971 2554 2980 2543 2968 2537 2967 2552 2971 2543 2968 2544 2981 2340 2981 3966 2981 2539 2977 2550 2976 2537 2967 3768 2979 2157 2597 2552 2971 2543 2968 2554 2980 3965 2972 2548 2975 3768 2979 2552 2971 2549 2982 3277 2983 2351 2984 2545 2985 3277 2983 2549 2982 2545 2985 2675 2986 3277 2983 2545 2985 2541 2987 2675 2986 2541 2987 2752 2988 2676 2989 5020 2990 2555 2990 4912 2990 5020 2991 5079 2991 2555 2991 2559 2992 2560 2993 3723 2941 3723 2941 2560 2993 2557 2942 2560 2993 4539 2994 2557 2942 2557 2942 4539 2994 2351 2984 2558 2995 2549 2982 4539 2994 4539 2994 2549 2982 2351 2984 2351 2984 2561 2996 5078 2997 1530 2998 3235 2999 3555 3000 3599 3001 2564 3001 5044 3001 1528 1826 3218 1825 3236 3002 2684 1832 2563 3003 3287 3004 3220 3005 3600 3005 3217 3005 2562 3006 5118 3007 3235 2999 3353 3008 3337 3009 3477 3010 3353 3008 3477 3010 3383 3011 3354 3012 3336 3012 3339 3012 3382 3013 2693 3014 3340 3015 3382 3013 3340 3015 2569 3016 2389 3017 2574 2862 2590 3018 3383 3011 1425 1668 2575 3019 2207 2643 2574 2862 2389 3017 2575 3019 1425 1668 2414 2876 2577 3020 1425 1668 3383 3011 2578 3021 2405 3022 5043 3023 3498 3024 2575 3019 2414 2876 3533 3025 4614 3025 4047 3025 2371 3026 1425 1668 2577 3020 2371 3026 1448 1657 1425 1668 2580 2875 2448 3027 2407 2866 2364 3028 2414 2876 1437 1680 2364 3028 2167 3029 2414 2876 2207 2643 2389 3017 2535 3030 3555 3000 3235 2999 5118 3007 3934 3031 2405 3022 2578 3021 2188 2845 2207 2643 2535 3030 2188 2845 2535 3030 2187 3032 3477 3010 2577 3020 3383 3011 2372 3033 1448 1657 2371 3026 1430 2848 1448 1657 2372 3033 2363 3034 2364 3028 1437 1680 2447 3035 2448 3027 2580 2875 2410 2871 2363 3034 1437 1680 3270 2824 2570 3036 2572 3037 2369 2827 2365 3038 2571 2823 3934 3031 2578 3021 2584 3039 2392 2636 3934 3031 2584 3039 3270 2824 2571 2823 2570 3036 2412 3040 2447 3035 2580 2875 2360 3041 2363 3034 2410 2871 2390 3042 2392 2636 2584 3039 2445 3043 2447 3035 2412 3040 2374 3044 1430 2848 2372 3033 2444 3045 2445 3043 2412 3040 2411 3046 2444 3045 2412 3040 2360 3041 2410 2871 2409 2869 4409 3047 2392 2636 2390 3042 2375 2849 1430 2848 2374 3044 2398 2857 2392 2636 4409 3047 2358 3048 2360 3041 2409 2869 4915 3049 2444 3045 2411 3046 4410 3050 2398 2857 4409 3047 1422 1673 2375 2849 2377 3051 2440 3052 4915 3049 2411 3046 1443 2868 2440 3052 2411 3046 2356 3053 2358 3048 2409 2869 2378 3054 1422 1673 2377 3051 2408 2867 2356 3053 2409 2869 3612 2859 2398 2857 4410 3050 2198 2638 1422 1673 2378 3054 2585 3055 2440 3052 1443 2868 2355 3056 2356 3053 2408 2867 2380 3057 2198 2638 2378 3054 4299 3058 2585 3055 1443 2868 2401 2854 4299 3058 1443 2868 2403 2861 2198 2638 2380 3057 2449 3059 2355 3056 2408 2867 2391 3060 2400 2858 3612 2859 2407 2866 2449 3059 2408 2867 3459 3061 2403 2861 2380 3057 5062 3062 2449 3059 2407 2866 2586 3063 4299 3058 2401 2854 2405 3022 2403 2861 3459 3061 2400 2858 2391 3060 2589 3064 2177 3065 2405 3022 3459 3061 2448 3027 5062 3062 2407 2866 2574 2862 2400 2858 2589 3064 4884 3066 2586 3063 2401 2854 2405 3022 2177 3065 2581 3067 2574 2862 2589 3064 2590 3018 2353 2852 4884 3066 2401 2854 4476 3068 3474 3069 4100 3070 2599 3071 2635 2932 2497 1654 2599 3071 2497 1654 4676 3072 3842 1656 4676 3072 2593 1653 3842 1656 2599 3071 4676 3072 2603 3073 2601 2885 2550 2976 2600 3074 2550 2976 2539 2977 2429 2879 2595 3075 2603 3073 2608 3076 2429 2879 2603 3073 5105 3077 2604 3078 2598 1893 2603 3073 2595 3075 2601 2885 2602 3079 2349 3079 4708 3079 2597 3080 2603 3073 2600 3074 2550 2976 2423 2887 2605 3081 2609 3082 2603 3073 2597 3080 2339 2804 2548 2975 2605 3081 2604 3078 2597 3080 2598 1893 2600 3074 2603 3073 2550 2976 4713 3083 5105 3077 2221 1896 2605 3081 2548 2975 2550 2976 2598 1893 2600 3074 2539 2977 2606 3084 2435 3084 2607 3084 2429 2879 2424 2881 2595 3075 2597 3080 2600 3074 2598 1893 2609 3082 2608 3076 2603 3073 2221 1896 5105 3077 2598 1893 2601 2885 2423 2887 2550 2976 2468 2899 4263 3085 2618 3086 2615 3087 2631 3087 2613 3087 2611 3088 2629 2906 4138 3089 2476 2918 2625 3090 2098 2915 2488 2923 2611 3088 2623 3091 2472 2907 2479 3092 2625 3090 2611 3088 2468 2899 2618 3086 2467 3093 2616 3093 2614 3093 2618 3086 4263 3085 3963 3094 2623 3091 2611 3088 2620 3095 2610 2912 3963 3094 4263 3085 4138 3089 2464 2909 2468 2899 2632 3096 2630 2902 2479 3092 2611 3088 2618 3086 2620 3095 2623 3091 2620 3095 4683 3097 2626 3098 2623 3091 4683 3097 2611 3088 4138 3089 2468 2899 2234 2924 2623 3091 2627 3099 2623 3091 2626 3098 2627 3099 2451 2904 2472 2907 2625 3090 2626 3098 4314 3100 2627 3099 2485 3101 2629 2906 2611 3088 2622 2903 2451 2904 2625 3090 2479 3092 2630 2902 2485 3101 2625 3090 2479 3092 2098 2915 2476 2918 2622 2903 2625 3090 2630 2902 2629 2906 2485 3101 2488 2923 2623 3091 2234 2924 2488 2923 2485 3101 2611 3088 2612 3102 2633 3102 2628 3102 2629 2906 2452 2905 4138 3089 2472 2907 2461 2900 2632 3096 2472 2907 2632 3096 2479 3092 2624 3103 4702 2931 2698 2930 2624 3103 2698 2930 5135 3104 5135 3104 2699 2936 2498 2935 2634 3105 5135 3104 2498 2935 2634 3105 2624 3103 5135 3104 2495 3106 2498 2935 4657 2934 2596 3107 4657 2934 2635 2932 4657 2934 4962 2933 3955 3108 2635 2932 4657 2934 1414 1652 4657 2934 3955 3108 1414 1652 4962 2933 2699 2936 2636 3109 5029 3110 4980 3110 2639 3110 5029 3111 2639 3111 5002 3111 2641 3112 2640 2675 2644 3113 2641 3112 2644 3113 2505 2682 2725 3114 2641 3112 2505 2682 2725 3114 1341 1587 2641 3112 4950 3115 2291 1638 2245 2680 2646 2702 2505 2682 2504 2695 2725 3114 2505 2682 2646 2702 4238 3116 3961 3117 2725 3114 3961 3117 4238 3116 2646 2702 3961 3117 2646 2702 1379 1631 2508 2710 2506 2693 2251 2697 2650 3118 2502 2699 2652 2670 2653 3119 2652 2670 2640 2675 2641 3112 2653 3119 2640 2675 2657 3120 2273 2719 2658 2733 1379 1631 2646 2702 3901 3121 1399 1646 2501 1648 1391 1639 3901 3121 2646 2702 2659 2730 2661 2746 2660 3122 2658 2733 2662 3123 1379 1631 3901 3121 2662 3123 1369 1624 1379 1631 2663 3124 1369 1624 2662 3123 4558 3125 1369 1624 2663 3124 2666 3126 2288 2747 1387 1633 4471 3127 2278 2729 2665 2713 2667 1622 4558 3125 2663 3124 1361 1617 2667 1622 2663 3124 1387 1633 2499 2938 2274 2720 1385 3128 1387 1633 2274 2720 1365 1619 2274 2720 2656 1612 1365 1619 1385 3128 2274 2720 2669 3129 2668 2712 2273 2719 2670 2764 2671 3130 2516 2765 2670 2764 2557 2942 2671 3130 2561 2996 3317 3131 5133 3132 2675 2986 2561 2996 2351 2984 2675 2986 2541 2987 2676 2989 2561 2996 2675 2986 2676 2989 5074 3133 5080 3133 2678 3133 2679 3134 5021 3134 1532 3134 2679 3135 5073 3135 5021 3135 2561 2996 5075 3136 5078 2997 2351 2984 5078 2997 2557 2942 2680 3137 2682 1838 5077 1840 2556 3138 2677 3138 2681 3138 4140 1831 2563 3003 2684 1832 4140 1831 5048 3139 2563 3003 4140 1831 2686 3140 5048 3139 5047 3141 5065 3141 4906 3141 3455 3142 2687 3143 3653 3144 3653 3144 2687 3143 4904 3145 1527 1828 2565 1827 2566 3146 4475 3147 2591 3148 2573 3149 4475 3147 2573 3149 3168 3150 3168 3150 2573 3149 2690 3151 2691 3152 3168 3150 2567 3153 2567 3153 3168 3150 2690 3151 2691 3152 2567 3153 3475 3154 2691 3152 3475 3154 3473 3155 4100 3070 3474 3069 2568 3156 2696 3157 2610 2912 2475 2896 2429 2879 2696 3157 2420 2883 2696 3157 2475 2896 2420 2883 2696 3157 3963 3094 2610 2912 2619 2929 2697 3158 2636 3109 2636 3109 2699 2936 2698 2930 2636 3109 2698 2930 2619 2929 4961 3159 2636 3109 4581 3160 5030 3161 3956 3161 2702 3161 3955 3108 2769 3162 1414 1652 2637 3163 4963 3163 5028 3163 4962 2933 2704 3164 3955 3108 1526 3165 2703 3166 5027 3167 2700 3168 1526 3165 5027 3167 2701 3169 5031 3169 2638 3169 2643 2937 5103 3170 2712 3171 2648 3172 4084 1607 3741 1602 2643 2937 2712 3171 2642 2667 2648 3172 3741 1602 2291 1638 4128 1591 5103 3170 2643 2937 2642 2667 2712 3171 2715 3173 2642 2667 2715 3173 2508 2710 1379 1631 1378 1605 3951 1604 1379 1631 3951 1604 3997 3174 2715 3173 3664 3175 2508 2710 3997 3174 3951 1604 3961 3117 3961 3117 3951 1604 2725 3114 2725 3114 3951 1604 4013 1588 2725 3114 4013 1588 2731 3176 2731 3176 4013 1588 1341 1587 1341 1587 2814 1600 2641 3112 3664 3175 4208 1599 2508 2710 2814 1600 2735 1609 2641 3112 2641 3112 2735 1609 2654 3177 2508 2710 4208 1599 2506 2693 2735 1609 4223 3178 2654 3177 2654 3177 4223 3178 2651 3179 2506 2693 4208 1599 4209 3180 2651 3179 4223 3178 5040 3181 4223 3178 3570 1589 5040 3181 5040 3181 3570 1589 2649 3182 3570 1589 4128 1591 2649 3182 2506 2693 4209 3180 4210 1606 2506 2693 4210 1606 2648 3172 2649 3182 4128 1591 2647 3183 2647 3183 4128 1591 2643 2937 2648 3172 4210 1606 4084 1607 5075 3136 2561 2996 2793 3184 2516 2765 2753 3185 2672 3186 2753 3187 3499 3187 2672 3187 2561 2996 5133 3132 2793 3184 2516 2765 2671 3130 2753 3185 2671 3130 1522 3188 2753 3185 2791 3189 2792 3189 5101 3189 2672 3190 3499 3190 2673 3190 2793 3184 5133 3132 2792 3191 2791 3192 5101 3192 2754 3192 2791 3193 2754 3193 2673 3193 3499 3194 2791 3194 2673 3194 2792 3191 5133 3132 5101 3195 2671 3130 5018 3196 1522 3188 5018 3196 2755 3197 1522 3188 5018 3196 5075 3136 2793 3184 2755 3197 5018 3196 2793 3184 1520 3198 2799 3198 3654 3198 4905 3199 1520 3199 3654 3199 2683 3200 1518 3200 2757 3200 2756 3201 4460 3201 4753 3201 4905 3202 2683 3202 2757 3202 2799 3203 2756 3203 4753 3203 2799 3204 4753 3204 3654 3204 2683 3205 2759 3205 2758 3205 1518 3206 2683 3206 2758 3206 4905 3207 2757 3207 4601 3207 2758 3208 2759 3208 4460 3208 2758 3209 4460 3209 2756 3209 4601 3210 1520 3210 4905 3210 2761 3211 2805 3211 2767 3211 2761 3212 2767 3212 2692 3212 2688 3213 2689 3213 4838 3213 2688 3214 4838 3214 2805 3214 2761 3215 2688 3215 2805 3215 2764 3216 2762 3216 2763 3216 2766 3217 2762 3217 2692 3217 2766 3218 2763 3218 2762 3218 2764 3219 2765 3219 2762 3219 4837 3220 2765 3220 2764 3220 2689 3221 2765 3221 4837 3221 2692 3222 2767 3222 2766 3222 2689 3223 4837 3223 4838 3223 4857 3224 4553 3224 2768 3224 4553 3225 2695 3225 2768 3225 4564 3226 2694 3226 2695 3226 4581 3160 4674 3227 2769 3162 2769 3162 4674 3227 1515 3228 2769 3162 1515 3228 1414 1652 4564 3229 2695 3229 4553 3229 1515 3228 4857 3230 1414 1652 1414 1652 4857 3230 2592 1655 4857 3230 2768 3231 2592 1655 2636 3109 2697 3158 4567 3232 2636 3109 4567 3232 4674 3227 2697 3158 2694 3233 4564 3234 4567 3232 2697 3158 4564 3234 2636 3109 4674 3227 4581 3160 2827 3235 3742 3236 2832 1601 2841 3237 1394 1642 2827 3235 2833 3238 1378 1605 3582 1626 2833 3238 3582 1626 2790 3239 2838 3240 1412 1613 2841 3237 1364 1614 1412 1613 2838 3240 2771 3241 2772 1618 1357 3242 2771 3241 1357 3242 4530 3243 2778 3244 1374 3245 1364 1614 2828 3246 1374 3245 2778 3244 2779 3247 1374 3245 2828 3246 2781 3248 2780 3249 2779 3247 2773 1603 1378 1605 2833 3238 2782 3250 2780 3249 2781 3248 2783 3251 1382 1636 2782 3250 2785 3252 1382 1636 2783 3251 2829 3253 3743 3254 2785 3252 2771 3241 4663 1621 2772 1618 1366 1623 4663 1621 2771 3241 2832 1601 3742 3236 3741 1602 2827 3235 1394 1642 3742 3236 2841 3237 1412 1613 1394 1642 1364 1614 1374 3245 4549 1625 2779 3247 2780 3249 1374 3245 2782 3250 1382 1636 2780 3249 3743 3254 1382 1636 2785 3252 2829 3253 1357 3242 3743 3254 2787 3255 3582 1626 1366 1623 4552 3256 1357 3242 2829 3253 2790 3239 3582 1626 2787 3255 4530 3243 1357 3242 4552 3256 1525 1812 3329 1815 3240 1805 2751 1804 1525 1812 3240 1805 4746 3257 3584 3258 2795 3259 2848 3260 4746 3257 3794 3261 2855 3262 2848 3260 3794 3261 4746 3257 2795 3259 4997 3263 4997 3263 3794 3261 4746 3257 3584 3258 5008 3264 2795 3259 2800 1800 3510 1803 3559 3265 3510 1803 2861 1802 3559 3265 2800 1800 3559 3265 3581 1801 2804 1794 2801 1797 3865 1798 2804 1794 3865 1798 2803 1796 2807 1788 2806 1791 2918 1792 2807 1788 2918 1792 2808 1789 4037 1580 2973 3266 2913 3267 2973 3266 4037 1580 2919 3268 2968 3269 4167 3270 1338 3271 2920 3272 1337 1579 2809 3273 3864 3274 2811 3275 4163 3276 2907 3277 1274 1522 2811 3275 2814 1600 2812 3278 1352 1611 2818 1598 2830 3279 2832 1601 2819 3280 2830 3279 2818 1598 2822 3281 2817 3282 2819 3280 2821 3283 2819 3280 2818 1598 2822 3281 2818 1598 1349 3284 2822 3281 2821 3283 2818 1598 2824 3285 1349 3284 1347 1597 2824 3285 2822 3281 1349 3284 2823 3286 2822 3281 2824 3285 2826 3287 2824 3285 1347 1597 2825 3288 2823 3286 2824 3285 2826 3287 2869 3289 2823 3286 2826 3287 2823 3286 2825 3288 2826 3287 1347 1597 3661 1596 2813 1593 2826 3287 3661 1596 2812 3278 2820 1585 1356 1582 2832 1601 2839 3290 2841 3237 2830 3279 2839 3290 2832 1601 2831 3291 2842 3292 2828 3246 2831 3291 2828 3246 2778 3244 2830 3279 2819 3280 2817 3282 2830 3279 2817 3282 2844 3293 2787 3255 2773 1603 2833 3238 2835 3294 2829 3253 2834 3295 3714 3296 2870 3297 2831 3291 2835 3294 2834 3295 2785 3252 2836 3298 2870 3297 3714 3296 2836 3298 2831 3291 2778 3244 2836 3298 2778 3244 2838 3240 2782 3250 2835 3294 2783 3251 2839 3290 2838 3240 2841 3237 2839 3290 2836 3298 2838 3240 3154 3299 2836 3298 2839 3290 2836 3298 3465 3300 2981 3301 2843 3302 3465 3300 2836 3298 2782 3250 2781 3248 3505 3303 2843 3302 3154 3299 2839 3290 2779 3247 2782 3250 3505 3303 2829 3253 2771 3241 4530 3243 2828 3246 2782 3250 2779 3247 2887 3304 2771 3241 2829 3253 2843 3302 2839 3290 2844 3293 2844 3293 3465 3300 2843 3302 2844 3293 2817 3282 3465 3300 3854 3305 2870 3297 2836 3298 2847 3306 2943 3307 2796 3308 2797 3309 5023 3310 2940 3311 2798 3312 2796 3308 2942 3313 2797 3309 2940 3311 2847 3306 2796 3308 2797 3309 2847 3306 5024 3314 5008 3264 3584 3258 2938 3315 3585 3315 2853 3315 4546 3316 2946 3316 1290 3316 4545 1532 2854 3317 2852 3318 2850 3319 3587 3319 1523 3319 2855 3262 2849 3320 2848 3260 4545 1532 2852 3318 2849 3320 2855 3262 4545 1532 2849 3320 2942 3313 2945 3321 2798 3312 1335 3322 1519 3322 2856 3322 2858 3323 4118 3324 2993 3325 5070 1576 2989 3326 2860 3327 1521 3328 2860 3327 2989 3326 1521 3328 2862 3329 3493 3330 2862 3329 1521 3328 2989 3326 3493 3330 2862 3329 4118 3324 4067 3331 1329 1571 1310 1572 4067 3331 1310 1572 4120 3332 3994 3333 2865 3334 3942 3335 2864 3336 2842 3292 2868 3337 2871 3338 3994 3333 3942 3335 1324 1563 2773 1603 4017 3339 2842 3292 2831 3291 2868 3337 2868 3337 2831 3291 2870 3297 1329 1571 4067 3331 3822 3340 2869 3289 2826 3287 2872 3341 2773 1603 2787 3255 4017 3339 4017 3339 2787 3255 2876 3342 2826 3287 2813 1593 2873 3343 2872 3341 2826 3287 2873 3343 3816 3344 1329 1571 3822 3340 3729 3345 2954 3346 3730 3347 2873 3343 2813 1593 2877 3348 4206 1569 3816 3344 3822 3340 4206 1569 3822 3340 2880 1570 2813 1593 2816 1590 3607 3349 2877 3348 2813 1593 3607 3349 3607 3349 2816 1590 3133 3350 2878 3351 2771 3241 3617 3352 2816 1590 2820 1585 3133 3350 3617 3352 2771 3241 2884 3353 2771 3241 2887 3304 2884 3353 3133 3350 2820 1585 3134 3354 4012 3355 2883 3355 3136 3355 3134 3354 2820 1585 3884 3356 2820 1585 2890 3357 3884 3356 2888 3358 2892 3358 2891 3358 2887 3304 2829 3253 4053 3359 2820 1585 2812 3278 2890 3357 2890 3357 2812 3278 1313 3360 4053 3359 2829 3253 2895 3361 2812 3278 2814 1600 1313 3360 1312 1561 2896 3362 2899 3363 1313 3360 2814 1600 5124 3364 2901 1562 1312 1561 2899 3363 2835 3294 2953 3365 2895 3361 2814 1600 3603 3366 5124 3364 2953 3365 2782 3250 3232 3367 2782 3250 2864 3336 3232 3367 2907 3277 2811 3275 2964 3368 3978 3369 2908 3370 2966 3371 2811 3275 3864 3274 5036 3372 2909 3373 1517 3373 2911 3373 2966 3371 2811 3275 5036 3372 3978 3369 2966 3371 5036 3372 2968 3269 1338 3271 2912 3374 1338 3271 1336 3375 2912 3374 2971 3376 2974 3376 4832 3376 2976 3377 2973 3266 5049 3378 2976 3377 5049 3378 4168 3379 2920 3272 2915 3380 1337 1579 5039 3381 2973 3266 2919 3268 5134 3382 2973 3266 5039 3381 5049 3378 2973 3266 5134 3382 1337 1579 2915 3380 2919 3268 1337 1579 2919 3268 4037 1580 2920 3272 2809 3273 2922 3383 2966 3371 2908 3370 2924 3384 2908 3370 3697 3385 2924 3384 2924 3384 3697 3385 4291 3386 3697 3385 2927 3387 4291 3386 4291 3386 2927 3387 4163 3276 4164 3388 4291 3386 4163 3276 2927 3387 3864 3274 4163 3276 2930 1785 1513 1786 2910 3389 1273 1525 2923 1780 2810 3390 1278 1524 1274 1522 2906 3391 2878 3351 2837 3392 2771 3241 2876 3342 2837 3392 2878 3351 2787 3255 2837 3392 2876 3342 2835 3294 2895 3361 2829 3253 2782 3250 2953 3365 2835 3294 1355 1586 2773 1603 1324 1563 3933 3393 1355 1586 1324 1563 2864 3336 2782 3250 2842 3292 3843 3394 1355 1586 3933 3393 3603 3366 1355 1586 3843 3394 2814 1600 1355 1586 3603 3366 5070 1576 4575 1578 2989 3326 2937 3395 2846 3396 2992 3397 4575 1578 2859 1577 3531 3398 3531 3398 2859 1577 4599 3399 2859 1577 2858 3323 4599 3399 2858 3323 2993 3325 4599 3399 4118 3324 2862 3329 2993 3325 2939 3400 1288 1537 2941 1547 2941 1547 1303 1552 2943 3307 2940 3311 2941 1547 2943 3307 2943 3307 1303 1552 2942 3313 1303 1552 1304 1536 2942 3313 2943 3307 2942 3313 2796 3308 2939 3400 2941 1547 2940 3311 2940 3311 5023 3310 2939 3400 1305 1546 4545 1532 2855 3262 2942 3313 1304 1536 2945 3321 1308 1554 1310 1572 1296 1555 2947 3401 2846 3396 1308 1554 2947 3401 2992 3397 2846 3396 1311 1559 2947 3401 1308 1554 2951 3402 3615 3403 2949 3404 2964 3368 2871 3338 2907 3277 3995 3405 2871 3338 2948 3406 3994 3333 3995 3405 2948 3406 2865 3334 3994 3333 2948 3406 3022 3407 2879 3408 3615 3403 3022 3407 3729 3345 2879 3408 3021 3409 2903 3410 2865 3334 3021 3409 2865 3334 2948 3406 2898 3411 2903 3410 3021 3409 2952 3412 2898 3411 3021 3409 3022 3407 3615 3403 2951 3402 2957 3413 2898 3411 2952 3412 2957 3413 2897 3414 2898 3411 2957 3413 2894 3415 2897 3414 2962 3416 2954 3346 3729 3345 2962 3416 3729 3345 3022 3407 2960 3417 2894 3415 2957 3413 2960 3417 4052 3418 2894 3415 2959 1564 2954 3346 2962 3416 2960 3417 4009 3419 4052 3418 2961 3420 2959 1564 2962 3416 1283 1541 2959 1564 2961 3420 2951 3402 2949 3404 4009 3419 5022 3421 4009 3419 2960 3417 2951 3402 4009 3419 5022 3421 2966 3371 2964 3368 2811 3275 2965 3422 1513 1786 2977 3423 2964 3368 2910 3389 1513 1786 1513 1786 2965 3422 2964 3368 2914 3424 2969 3425 2970 3426 2970 3426 2912 3374 1336 3375 2968 3269 2921 3427 4167 3270 2967 3428 3034 3429 2968 3269 2969 3425 2967 3428 2970 3426 3034 3429 2921 3427 2968 3269 2969 3425 2914 3424 2972 3430 2914 3424 2970 3426 1336 3375 2976 3377 2975 3431 2973 3266 2921 3427 3262 3432 4167 3270 2923 1780 1273 1525 3043 1781 2811 3275 1274 1522 2978 3433 2978 3433 1273 1525 2810 3390 1277 1521 1273 1525 2978 3433 1274 1522 1277 1521 2978 3433 1272 1516 1278 1524 3466 3434 3854 3305 2836 3298 2981 3301 2979 3435 1272 1516 3466 3434 4121 3436 3465 3300 2817 3282 3445 3437 2980 3438 2817 3282 2817 3282 2822 3281 3445 3437 3445 3437 2822 3281 3055 3439 2822 3281 2823 3286 3055 3439 3052 3440 2933 3441 2988 3442 1334 1573 3048 3443 4123 3444 1334 1573 3060 3445 2990 3446 2857 3447 1334 1573 4123 3444 2857 3447 2845 1574 1334 1573 2936 3448 2937 3395 2992 3397 2936 3448 2992 3397 4426 3449 4598 3450 2936 3448 3056 3451 2936 3448 4426 3449 3056 3451 3530 1575 4598 3450 2996 3452 4598 3450 3056 3451 2996 3452 1334 1573 3530 1575 3456 3453 3530 1575 2996 3452 3456 3453 3312 3454 3177 3454 3159 3454 3435 3455 3177 3455 3312 3455 3435 3456 3001 3456 3177 3456 3312 3457 3159 3457 3000 3457 3435 3458 3081 3458 3001 3458 3434 3459 3081 3459 3435 3459 4149 3460 3181 3460 3081 3460 4149 3461 3081 3461 3434 3461 3795 3462 3419 3462 4344 3462 3648 3463 3181 3463 4149 3463 3275 3464 3181 3464 3648 3464 3830 3465 3907 3465 3795 3465 3830 3466 3795 3466 4344 3466 3006 3467 3312 3467 3000 3467 4528 3468 2997 3468 3590 3468 3437 3469 3006 3469 3000 3469 3992 3470 3648 3470 4119 3470 3992 3471 3275 3471 3648 3471 3828 3472 3012 3473 3907 3474 3828 3475 3907 3475 3830 3475 3008 3476 3992 3476 4119 3476 3008 3477 4119 3477 3010 3477 3897 3478 3012 3473 3828 3472 3897 3478 3296 3479 3012 3473 3988 3480 3008 3480 3010 3480 3988 3481 3010 3481 4087 3481 3006 3482 3437 3483 3296 3479 3929 3484 3006 3482 3296 3479 3988 3485 4087 3485 4165 3485 4185 3486 4165 3487 3017 3488 4185 3489 3988 3489 4165 3489 3929 3484 3296 3479 3897 3478 3331 3490 4185 3490 3017 3490 4160 3491 3331 3491 3017 3491 3795 3492 3766 3492 3419 3492 3419 3493 3766 3493 3511 3493 3041 3494 3023 3494 2955 3494 3030 3495 2975 3431 2921 3427 3030 3495 2921 3427 3034 3429 3032 3496 3020 3497 2977 3423 3028 3498 3780 3499 5082 3500 2972 3430 5022 3421 2960 3417 3029 3501 2871 3338 2964 3368 3029 3501 2964 3368 2965 3422 3024 3502 3021 3409 3020 3497 3028 3498 5082 3500 3021 3409 3031 3503 3780 3499 3028 3498 3024 3502 3020 3497 3032 3496 2972 3430 5037 3504 5022 3421 2948 3406 2871 3338 3029 3501 3024 3502 3028 3498 3021 3409 2956 3505 3035 3505 2958 3505 2972 3430 2960 3417 3025 3506 3026 3507 3032 3496 2977 3423 2969 3425 2972 3430 3025 3506 1284 1542 3022 3407 3030 3495 2972 3430 2951 3402 5037 3504 1284 1542 2962 3416 3022 3407 3029 3501 2965 3422 2977 3423 2960 3417 2957 3413 3028 3498 3038 3508 3030 3495 3034 3429 2963 3509 3037 3509 3039 3509 1284 1542 3040 3510 2962 3416 2967 3428 3025 3506 3026 3507 3040 3510 1283 1541 2961 3420 2967 3428 2969 3425 3025 3506 1293 1556 3038 3508 3034 3429 3038 3508 1284 1542 3030 3495 2960 3417 3028 3498 3024 3502 1284 1542 1283 1541 3040 3510 3025 3506 2960 3417 3024 3502 3022 3407 2951 3402 2972 3430 3021 3409 2948 3406 3029 3501 3022 3407 2972 3430 2975 3431 3020 3497 3029 3501 2977 3423 3026 3507 3024 3502 3032 3496 3034 3429 2967 3428 3026 3507 3038 3508 1289 1540 1284 1542 3020 3497 3021 3409 3029 3501 3038 3508 1293 1556 1289 1540 3026 3507 3025 3506 3024 3502 3030 3495 3022 3407 2975 3431 5082 3500 2952 3412 3021 3409 1511 3511 3043 1781 4972 3512 5129 1783 4973 3513 3045 3514 5129 1783 4971 1782 3044 3515 5129 1783 3045 3514 3046 3516 4973 3513 1273 1525 3045 3514 3043 1781 1273 1525 4972 3512 1513 1786 3042 3517 2977 3423 1513 1786 5129 1783 3046 3516 3049 3518 3198 3519 3053 1520 1270 1523 3053 1520 3051 3520 3054 3521 3050 3521 3446 3521 3053 1520 2987 3522 3047 3523 3051 3520 2988 3442 2991 3524 3053 1520 1271 1519 3049 3518 2990 3446 3051 3520 2991 3524 3051 3520 3053 1520 3047 3523 3053 1520 3198 3519 2987 3522 3047 3523 3052 3440 2988 3442 3047 3523 2988 3442 3051 3520 2987 3522 3052 3440 3047 3523 3057 3525 4452 3526 3061 3527 3056 3451 4436 3528 3058 3529 3059 3530 3056 3451 3058 3529 3060 3445 4452 3526 3057 3525 2992 3397 2947 3401 4436 3528 3060 3445 3057 3525 2990 3446 2996 3452 4453 3531 3060 3445 3056 3451 2992 3397 4436 3528 1334 1573 2996 3452 3060 3445 3649 3532 4151 3532 3651 3532 3071 3533 3111 3533 3070 3533 3103 3534 3004 3534 3074 3534 3767 3535 3075 3535 4463 3535 3909 3536 4464 3536 3077 3536 3908 3537 3170 3537 4465 3537 3007 3538 3079 3539 4389 3540 3158 3541 4389 3540 3079 3539 3102 3542 2999 3542 4612 3542 3003 3543 4105 3543 3082 3543 3091 3544 3974 3544 3090 3544 3015 3545 4934 3546 3108 3547 3015 3545 3108 3547 3017 3488 3094 3548 4934 3546 3015 3545 4608 3549 3034 3429 3026 3507 3096 3550 3034 3429 4608 3549 3096 3550 1293 1556 3034 3429 3092 3551 4799 3551 3095 3551 3097 3552 4512 3552 3096 3552 3098 3553 3096 3553 4512 3553 3098 3554 1293 1556 3096 3550 3080 3555 3097 3555 3096 3555 3098 3554 1292 1548 1293 1556 3087 3556 3086 3556 3085 3556 4996 3557 1292 1548 3098 3554 3073 3558 4608 3549 3026 3507 3092 3559 3095 3559 4086 3559 3073 3558 3026 3507 2977 3423 1273 1525 3069 3560 3045 3514 1280 1531 4892 3561 3993 3562 1273 1525 3067 3563 3069 3560 3073 3558 2977 3423 3042 3517 1300 1529 1280 1531 3993 3562 1300 1529 3993 3562 3086 3564 4104 3565 1292 1548 4996 3557 3332 3566 3086 3566 3087 3566 4893 3567 3092 3567 4086 3567 1270 1523 3067 3563 1273 1525 3110 3568 3964 3568 3101 3568 1270 1523 4086 3569 3067 3563 1300 1529 3086 3564 3332 3570 1270 1523 4893 3571 4086 3569 3042 3517 4330 3572 3073 3558 3061 3527 3332 3570 4893 3571 3083 3573 1292 1548 4104 3565 3057 3525 3061 3527 4893 3571 3051 3520 4893 3571 1270 1523 1300 1529 3332 3570 3061 3527 3112 3574 3080 3574 3076 3574 1311 1559 1300 1529 3061 3527 3083 3573 1280 1531 1292 1548 3051 3520 3057 3525 4893 3571 3051 3520 2990 3446 3057 3525 3096 3575 3076 3575 3080 3575 3101 3576 3095 3576 4799 3576 3101 3577 4799 3577 4800 3577 4241 3578 4330 3572 3042 3517 3652 3579 3107 3579 3110 3579 3114 3580 3076 3580 3109 3580 3045 3514 4241 3578 3042 3517 3113 3581 3652 3581 3110 3581 3113 3582 3110 3582 3101 3582 3112 3583 3076 3583 3114 3583 1280 1531 3083 3573 4892 3561 3093 3584 3113 3584 3101 3584 3069 3560 4241 3578 3045 3514 4800 3585 3093 3585 3101 3585 4603 1909 1540 1907 4514 3586</p>
        </triangles>
      </mesh>
    </geometry>
    <geometry id="shape0-mesh" name="shape0">
      <mesh>
        <source id="shape0-mesh-positions">
          <float_array id="shape0-mesh-positions-array" count="4263">0.006713092 -0.01168882 -0.05594825 0.009809851 0.0588907 -0.05551689 -0.05800455 -0.03569597 -2.51594e-4 0.0169835 0.0588907 -0.0537579 0.02287298 -0.01354521 -0.05164128 -0.0567488 0.0588907 -0.0105316 -0.05799996 0.0588907 -7.61167e-4 -0.05706828 -0.03196763 -0.008900761 0.03250497 0.0588907 -0.04639858 -0.05466556 -0.02812284 -0.01782113 0.03733181 -0.01738178 -0.04274028 0.03039622 -0.01522558 -0.0477423 -0.05084037 -0.02446299 -0.02631163 0.03831905 0.0588907 -0.04183894 -0.04358154 0.0588907 -0.03664934 -0.04571551 -0.02111911 -0.03406971 0.04358154 0.0588907 -0.03664934 -0.03831905 0.0588907 -0.04183894 0.05183726 0.0588907 -0.02443248 -0.03943777 -0.01817882 -0.04089087 0.04877376 -0.02297556 -0.02976304 -0.03250497 0.0588907 -0.04639858 0.05297034 -0.0263096 -0.02202785 -0.03217583 -0.01571297 -0.04661154 -0.03943794 0.0588907 -0.04133248 0.05596947 -0.02991044 -0.0136739 0.0546869 0.0588907 -0.01762193 -0.02411711 -0.01377922 -0.05109864 -0.01604372 0.05889093 -0.05473673 0.05765813 -0.03366529 -0.004962921 0.05799996 0.0588907 -7.61167e-4 -0.009809851 0.0588907 -0.05551689 -0.004572153 -0.01155734 -0.05623435 0.02158182 0.05268251 0.059174 0.05148011 0.03342843 0.02920484 0.006550848 0.05815994 0.05939328 0.05391585 0.02130371 0.03073632 0.05799776 0.01348388 0.002200961 0.05453211 0.01960211 0.06269919 0.05778348 0.004110455 0.0626707 0.05733293 0.007896363 0.06265401 0.04437375 0.0371856 0.06272041 0.04742664 0.03308928 0.04018729 0.01355081 0.05611169 0.0586695 0.05799251 0.007336497 0.00770992 0.05726486 0.00839585 0.06269997 0.0579856 0.00912863 0.002992928 0.04113399 0.04403793 0.04310935 0.03526669 0.04522484 0.06269931 0.03759038 0.04386681 0.0489937 0.05793046 0.01992058 0.004746079 0.05799639 0.009128749 0.002992987 0.05400002 0.02033603 0.06269741 0.02948606 0.05171579 0.051687 0.05233657 0.02416938 0.06269794 0.01338028 0.05556488 0.06021183 -0.001565456 0.058299 0.06014579 0.05703586 0.01319098 0.01689636 0.04132795 0.04079842 0.06269913 0.03061825 0.04845023 0.06269901 0.02819073 0.04986768 0.06269925 0.009216845 0.05660784 0.05983299 0.0500707 0.02844655 0.06269794 0.02478629 0.05353766 0.05413699 0.0225647 0.05278736 0.06270086 0.04945647 0.02948975 0.06269997 0.006395757 0.05686753 0.06027519 0.02500313 0.05151039 0.06269925 0.02164709 0.05287379 0.05922204 0.01743936 0.05443084 0.06074899 0.02147942 0.05478012 0.05555963 0.009595811 0.05645567 0.06270021 0.009575188 0.05639487 0.06270003 -0.0515238 -0.02743965 0.06269901 -0.05345749 -0.02331 0.06269901 -0.05351215 -0.02317935 0.06269901 -0.0567919 -0.01396614 0.06271731 -0.0405339 -0.04229426 0.06269997 -0.04088759 -0.04194229 0.06269937 -0.05633205 -0.02831262 0.01550889 -0.0490393 -0.03194653 0.06269955 -0.007997512 -0.05827242 0.06044667 8.91926e-4 -0.06049633 0.06018829 -0.05317807 -0.02468478 0.03292787 -0.03006589 -0.0528534 0.05158585 -0.04390871 -0.03869885 0.06269937 -0.05724942 -0.02576464 0.01081073 -0.0572018 -0.02598702 0.01128906 -0.05768507 -0.006764829 0.06269901 -0.05791682 -0.003822803 0.06266152 -0.05800092 -8.51427e-4 0.06269115 -0.003261864 -0.05873733 0.06402903 -0.02970838 -0.05088758 0.05404531 -0.00834012 -0.05845636 0.06269866 -0.007511377 -0.05958682 0.05920994 -0.0121029 -0.05748569 0.06102883 -0.05829656 -0.004932701 0.02145624 -0.04675275 -0.03513145 0.06269943 -0.05787873 -0.02338349 0.00609976 -0.0428707 -0.03994405 0.04557639 -0.01716727 -0.05621016 0.06269997 -0.01505976 -0.05672752 0.05987304 -0.04437547 -0.04323452 0.03966248 -0.01836037 -0.05574268 0.06073099 -0.05404645 -0.0219441 0.06269901 -0.02170336 -0.05459553 0.06269997 -0.01452887 -0.05845612 0.05802726 -0.03404748 -0.04775959 0.06269997 -0.05512976 -0.03094184 0.02038896 -0.0369541 -0.04551237 0.06269997 -0.03746879 -0.04507672 0.06269997 -0.05800008 -0.003249466 0.06799995 0.01934093 0.05392557 0.06800001 0.01844298 0.05417966 0.06270003 -0.05633038 0.01300668 0.06269901 -0.05141079 0.02604037 0.06269997 -0.05272912 0.02396118 0.06269896 -0.04667365 0.03371036 0.06800001 -0.04187345 0.03932303 0.06800001 -0.04087859 0.04033607 0.06270003 0.05474293 0.01904934 0.06269973 -0.02609401 0.05098903 0.06270003 0.0581144 0.001729011 0.06268924 -0.01934093 0.05392557 0.06800001 -0.009809672 0.05640798 0.06800001 -0.004823684 0.05723953 0.06800001 0 0.05724191 0.06800001 -0.05776828 -0.009821414 0.0679804 -0.003218889 -0.05870378 0.06404715 -0.003160238 -0.05882722 0.06799978 -0.01986408 -0.05535626 0.06799995 -0.02655524 -0.05237311 0.06799995 -0.03052204 -0.0501185 0.06269997 -0.03287166 -0.04865694 0.06799995 -0.03860569 -0.04409444 0.06799995 -0.04962068 -0.0313149 0.06799989 -0.04925847 -0.03142952 0.06269901 -0.04956382 -0.03103148 0.06799995 -0.05392897 -0.0222941 0.06799995 -0.05676782 -0.01294821 0.06799995 -0.001757979 -0.0584594 0.06543099 0.001714885 -0.05778509 0.06438994 5.85131e-4 -0.05780696 0.06659597 -0.001714885 -0.05778509 0.06560999 -5.85131e-4 -0.05780696 0.06340402 2.68177e-4 -0.0584594 0.06316101 0.003192245 -0.05913859 0.06799852 -0.003156304 -0.05859059 0.06799995 0.003156304 -0.05859059 0.06799995 0.001348733 -0.0584594 0.06635898 0.003112733 -0.0585488 0.06435716 0.05327761 -0.02510124 0.06799286 0.05392897 -0.0222941 0.06799995 0.04038572 -0.04278284 0.06799995 0.02452266 -0.05364114 0.06799989 -0.05674904 0.01142114 0.06799995 -0.04956221 0.02978533 0.06799989 0.009809672 0.05640798 0.06800001 -0.01043558 -0.05791491 0.06799995 -0.04379278 -0.03891617 0.06799995 -0.003085911 -0.05845946 0.06341099 8.53445e-4 -0.05845928 0.06177604 0.002633333 -0.05874907 0.06301993 0.05796992 -0.005196332 0.06800019 0.04956382 -0.03103148 0.06799995 0.04469293 -0.03775507 0.06269854 0.0244674 -0.05339568 0.06269997 0.02047049 -0.05507642 0.06269997 0.01986408 -0.05535626 0.06799995 0.04938191 -0.03120923 0.06269788 0.05817562 -0.005382597 0.01025271 0.007663488 -0.05850565 0.06005126 0.04745703 -0.03413486 0.06269776 0.05583268 -0.02547699 0.01975768 0.02789133 -0.05165505 0.06269931 0.05786001 -0.03654015 0.00170046 0.02668827 -0.05239784 0.05577474 0.05507379 -0.01959109 0.02967888 0.02401328 -0.05354213 0.06133902 0.04295957 -0.03977692 0.06269997 0.01583182 -0.05651772 0.06043785 0.01596444 -0.05684882 0.06270098 -0.002580404 -0.05804765 0.06089287 0.01133066 -0.05943316 0.05880284 1.03995e-4 -0.05883044 0.06161803 0.05800455 -0.03737831 0.003651738 0.04468566 -0.04246461 0.03928965 0.04186165 -0.04140162 0.06270474 0.03992933 -0.0428763 0.06269997 0.0579999 -8.09424e-4 0.06269997 0.05763274 -0.007237255 0.0626626 0.05796444 -0.002614378 0.06267869 0.04935991 -0.0314005 0.03857219 0.0571438 -0.01061475 0.06260395 0.05697137 -0.01168406 0.06269997 0.03517568 -0.04691243 0.06269931 0.05641698 -0.01422315 0.06269639 0.05599921 -0.0159105 0.06269997 0.04043728 -0.04256039 0.04762417 0.05514973 -0.01872718 0.06269717 0.05223923 -0.02635377 0.06269872 0.05359852 -0.02294564 0.06269717 0.02985513 -0.05234438 0.05182987 0.05293107 -0.02452147 0.06269997 0.05165863 -0.02715975 0.06269788 -0.01856088 0.05576699 0.05667501 -0.03397631 0.04633748 0.06270003 -0.0372141 0.04352086 0.05817484 -0.01538437 0.05533808 0.05878335 -0.05302703 0.02266961 0.06269931 -0.0524007 0.02522325 0.03270477 -0.04221534 0.03890234 0.06082624 -0.009041428 0.0588907 0.05905425 -0.0438385 0.03716635 0.06270003 0 0.0588907 0.05970305 -0.03360193 0.04919719 0.04920411 -0.05605715 0.01404726 0.06269901 -0.05498999 0.01763224 0.06269997 -0.05785977 0.02151322 0.004298388 -0.009207248 0.05645465 0.06270003 -0.05769342 0.02257287 0.007571637 -0.05750995 0.006603419 0.06269901 -0.05688941 0.01189267 0.02272653 -0.05779999 0.007095336 0.06269884 -0.01345676 0.05560779 0.06270003 -0.05800086 -6.39436e-4 0.06269901 -0.05779403 0.004092037 0.06269901 -0.0468375 0.03339922 0.06269997 -0.04660242 0.03371572 0.06269997 -0.0454865 0.04023408 0.03824931 -0.0287652 0.04968416 0.05458319 -0.0427044 0.03865057 0.04557967 -0.0138458 0.05545067 0.06059104 -0.009447336 0.05772948 0.05905598 -0.0176348 0.05444473 0.06270003 -0.01809448 0.05421686 0.06065607 -0.02215087 0.05279386 0.06270003 -0.02585881 0.05096364 0.05927503 -0.05477756 0.02871966 0.02184414 -0.03722667 0.04353469 0.05817294 -0.009486556 0.05639779 0.06025981 -0.03623521 0.0588907 0.0470559 -0.0554797 0.0588907 0.01879113 0.05757713 0.0588907 0.009115874 0.05739164 0.05889075 0.01110905 0.04194217 0.0588907 0.04199069 0.02799731 0.0588907 0.05255514 -0.0546869 0.0588907 -0.01762193 -0.05183726 0.0588907 -0.02443248 -0.04805356 0.0588907 -0.03077894 0 0.0588907 -0.05635225 0.02391123 0.0588907 -0.05119925 0.04805356 0.0588907 -0.03077894 0.0567488 0.0588907 -0.0105316 -0.05765813 -0.03940868 0.008361518 -0.04614013 -0.05182248 0.03715437 -0.03733229 -0.05569231 0.04613983 -0.01877969 -0.06029337 0.0568788 -0.006715655 -0.06138515 0.05934786 0.001918315 -0.06154215 0.05971181 0.01546597 -0.06065225 0.05764716 0.02392882 -0.05940687 0.05470955 0.02411651 -0.05929499 0.05449885 0.03217583 -0.05736124 0.05001163 0.03943771 -0.05489534 0.0442909 0.0389133 -0.05517768 0.04488396 0.05466538 -0.04495161 0.02122187 0.0508396 -0.04861176 0.02971321 0.0570811 -0.04147058 0.01315015 0.0435099 -0.01997971 -0.03671258 0.04002648 -0.01834726 -0.04045385 0.02638131 -0.01418662 -0.05009573 0.01492708 -0.01236253 -0.05438512 -0.001921415 -0.01153194 -0.0563116 -0.01546621 -0.01242184 -0.05424708 -0.04342085 0.0588907 0.040232 -0.05176639 0.0588907 0.02797466 0.05795329 0.02331537 0.004022896 -0.05757713 0.0588907 0.009115874 -0.05596971 -0.04316335 0.01707315 -0.05773538 0.02240359 0.007233977 0.05799978 -0.03653717 0.001699984 -0.05808699 -0.0377596 0.004536628 0.0554797 0.0588907 0.01879113 0.05706828 -0.04110652 0.01230084 0.05176639 0.0588907 0.02797466 0.006134212 0.05882 0.05941337 0.0276426 0.05889105 0.05300468 0.0109573 -0.0611065 0.05869418 -0.00214219 -0.06159734 0.05981832 -0.04350966 -0.05309456 0.04011303 -0.05460858 -0.04523664 0.02189046 -0.02812099 0.05888998 0.05274635 -0.02799731 0.0588907 0.05255514 -0.03357553 -0.05700671 0.04914516 -0.04362136 0.0588907 0.04029923 -0.0128166 -0.04291713 0.07903999 -0.00624752 -0.04385983 0.0817635 0.001522839 -0.04534804 0.07870256 0.00832504 -0.04308265 0.08179229 0.01854813 -0.03947287 0.08173233 -0.04217863 -0.01400357 0.07882106 0.0216068 -0.0411036 0.07823801 -0.04391008 -0.001731455 0.07906049 0.02556359 -0.03544676 0.08180159 0.03193575 -0.02947407 0.081748 -0.04205125 -0.01047194 0.08177202 -0.03789556 -0.02513206 0.07831597 0.03845483 -0.02471363 0.07825881 0.03685551 -0.02305519 0.08180153 0.0404005 -0.01520627 0.08174061 -0.03487837 -0.02598285 0.08175462 0.04410362 -0.01037597 0.07824152 -0.02551108 -0.03865516 0.07816296 0.04255563 -0.007302224 0.08180147 0.04396176 0.001340031 0.07887017 -0.02103829 -0.03833627 0.08174836 0.05532151 0.0049178 0.07595747 0.05057376 0.02166497 0.07613688 0.03834426 0.03903746 0.07614016 0.02166771 0.04971879 0.07632017 -0.003685414 0.05488365 0.07601612 -0.02047967 0.05027002 0.07633882 -0.03802376 0.03901362 0.07629275 -0.05230599 0.01769304 0.07619452 -0.0521143 0.02348607 0.07299351 -0.04667365 0.03371036 0.06800001 -0.05183631 0.02532541 0.06799995 -0.0546869 0.01851266 0.06799995 -0.05588501 0.01631057 0.06799954 -0.05777376 -0.002292037 0.07223194 -0.05779105 0.004109323 0.06799995 0.05660969 0.01373064 0.06804078 0.05674904 0.01142114 0.06799989 0.05396819 0.02010583 0.0711348 0.05686092 0.01180034 0.06800001 0.05779105 0.004109323 0.06799995 0.05386608 0.02083516 0.06800025 0.0506348 0.02747666 0.06800001 0.04588407 0.03386515 0.07220226 0.04667365 0.03371036 0.06800001 0.04359728 0.03859674 0.06797623 0.03475302 0.04630643 0.06797116 0.03236126 0.04667162 0.07227474 0.02831035 0.0498715 0.06800001 0.01924246 0.05319547 0.07292765 0.01934093 0.05392557 0.06800001 0.004367232 0.05669242 0.07186669 0.01751852 0.05529385 0.06805998 -0.01719403 0.05539965 0.06807279 -0.009809672 0.05640798 0.06800001 -0.01934093 0.05392557 0.06800001 -0.0216127 0.05261522 0.07192474 -0.03795272 0.04272526 0.07228726 -0.03646904 0.04435724 0.06800001 0.04295271 0.003454566 0.08180564 0.0374481 -0.04107236 0.07631665 0.007846891 -0.05866366 0.06801104 0.04199206 -0.0415638 0.06798875 0.05183601 -0.02694481 0.06799995 0.05674904 -0.01304006 0.06799995 0.05799978 -8.09425e-4 0.06799995 -0.05683654 0.01192384 0.06800001 -0.05799961 -0.003275275 0.06799995 -0.05674904 -0.01304006 0.06799995 -0.05183601 -0.02694481 0.06799995 0.05402386 -0.02263206 0.06799995 0.05665242 -0.01158642 0.07212972 -0.05814796 -0.001112699 0.06800067 -0.05457895 -0.008458197 0.0762692 0.05822509 -0.004073381 0.06799322 -0.05173474 -0.02297288 0.07545286 -0.05395698 -0.02392935 0.06802898 -0.04602396 -0.03526771 0.07231521 -0.03827452 -0.04073458 0.07613372 -0.04017251 -0.04315859 0.06799113 -0.03214716 -0.04849976 0.07215356 -0.02220201 -0.05200421 0.0757544 -0.02831041 -0.0514903 0.06799995 -0.01902639 -0.05637973 0.06801497 -0.007226705 -0.05554622 0.07626825 0.01488888 -0.05437248 0.07622563 -0.002129316 -0.05840057 0.07166057 0.01221925 -0.05750757 0.06799995 0.004922449 -0.05865222 0.06799995 0.02369868 -0.05401778 0.06800001 0.02124834 -0.05431276 0.07216256 0.02831041 -0.0514903 0.06799995 0.03685659 -0.04531842 0.07197505 0.03646808 -0.04597693 0.06799995 0.05020374 -0.02895915 0.07260102 0.04187345 -0.04094183 0.06799995 0.0514549 -0.02118551 0.0763601 0.008200943 0.04409229 0.07821351 -0.01484841 0.04208296 0.07824397 0.0263198 0.03593528 0.07818466 0.04215747 0.01533681 0.07821989 -0.02799767 0.03362762 0.07862603 0.002444446 0.04202407 0.08173781 -0.006260812 0.04178369 0.08180183 -0.01599103 0.03903263 0.08172148 -0.0255562 0.03373569 0.08178693 0.04039824 0.01387298 0.08177149 -0.03181952 0.0281859 0.08180159 -0.04095578 0.019804 0.0781908 -0.03684735 0.02116739 0.08174443 0.03434079 0.02684611 0.07888263 0.03480547 0.02457588 0.0817582 -0.04272407 0.003889441 0.08173161 0.02574235 0.03349077 0.08176386 0.01365703 0.04000777 0.08175194 -0.04047995 0.01383787 0.08180153 -0.005075335 -0.04938757 0.5291693 -0.01713943 -0.04682892 0.532127 -0.004544556 -0.04907995 0.5293427 -0.004270672 -0.04798495 0.5290582 8.32079e-4 -0.01168823 0.6182048 -0.008774816 -0.01405799 0.6165217 -0.01205945 -0.01405388 0.6158124 -0.008604466 -0.01210099 0.6168369 -0.01713711 -0.01305425 0.6147974 -0.01805526 -0.01523882 0.613741 -0.02123177 -0.0141291 0.6121679 -0.02438378 -0.01469606 0.6103991 -0.03228378 -0.01738297 0.6036412 -0.03998744 -0.02189946 0.592614 -0.03635925 -0.02137792 0.5985337 -0.04007512 -0.023997 0.5920528 -0.04281902 -0.02490901 0.5851613 -0.04376286 -0.02819925 0.5815891 -0.04433751 -0.03107631 0.5698192 -0.04360002 -0.03331178 0.5651133 -0.04088383 -0.03704762 0.5558313 -0.04347932 -0.03543347 0.5637549 -0.03507822 -0.04257065 0.5458515 -0.03540068 -0.04088675 0.5464823 -0.02189815 -0.04715299 0.5346072 -0.01744866 0.05979418 0.5318356 0.009192109 0.05979645 0.5291115 0.01437085 0.05978983 0.530672 0.03341329 0.0597186 0.5431485 -0.04480671 0.05977189 0.5707834 -0.02121329 0.0598008 0.53362 -0.01306056 0.05979681 0.53024 -0.009028017 0.05979502 0.5292321 0.01721817 0.05979681 0.53173 -0.02941018 0.0597521 0.5392301 0.03272104 0.0591855 0.5429522 -0.02506095 0.0594033 0.5354961 -0.02478313 0.06020611 0.5355893 0.03778851 0.0594877 0.5490009 -0.01027697 0.06017607 0.52963 -0.01797872 0.05971008 0.5322551 -0.01485651 0.05978298 0.5308319 0.04092293 0.05970394 0.555153 -0.01033568 0.05979257 0.529519 0.04330992 0.05973279 0.56099 -0.007719933 0.0597316 0.5290537 -0.006153881 0.05979251 0.5287392 -0.04482388 0.05956536 0.5695844 0.001922011 0.05979245 0.528364 -0.001922011 0.05979245 0.528364 0.04417926 0.05975162 0.5648056 0.001723349 0.05973011 0.5283773 0.0449894 0.05976068 0.5730761 0.006153881 0.05979251 0.5287392 0.01022487 0.05964261 0.5293731 0.01045602 0.05978822 0.529545 -0.04311674 0.05994302 0.5605002 0.006929874 0.0598005 0.5287833 -0.04309552 0.05974626 0.5601001 0.01912993 0.05975127 0.5328186 0.01811397 0.05978697 0.5321149 -0.03524732 0.05970472 0.5446096 0.02301299 0.0598396 0.5346758 0.02241325 0.0597853 0.5342894 0.03188574 0.05962866 0.5417861 -0.03188157 0.05972957 0.5414486 -0.01025933 -0.01182109 0.61711 0.02264618 0.05934077 0.6123384 -0.03411537 -0.01764148 0.6026501 0.006697177 0.05934023 0.6181864 -0.01677626 0.05934119 0.6156606 0.01976692 -0.0132023 0.6138139 -0.01797068 -0.0128504 0.61456 0.04521322 0.05933988 0.579356 0.04488974 -0.02866643 0.575365 -0.01386886 -0.0122559 0.61612 -0.001104831 -0.04430037 0.5211279 -2.93235e-5 -0.04586827 0.519283 9.62169e-4 -0.04600298 0.5193262 -1.80715e-4 -0.04427856 0.5207549 -0.04285168 0.05934083 0.5877767 -0.04521852 0.05934154 0.5707001 -0.0278545 0.05935204 0.60873 -0.03438585 0.05934011 0.6027017 0.03413063 0.05938595 0.6027929 0.03569048 0.05934149 0.601352 -0.002204358 0.05927002 0.617971 0.04482346 0.05944138 0.5745688 0.04349988 0.05916082 0.5827147 -0.02070713 0.05934113 0.6133067 -0.01809853 0.05999803 0.6141919 0.04244458 0.05958729 0.5874013 0.04091423 0.05928224 0.5919788 0.0386241 0.05976724 0.5970383 -0.03523188 0.05924665 0.6008049 -0.0406906 0.05946296 0.5927702 -0.04154592 0.05922842 0.5897631 -0.03866481 0.05919939 0.5956282 -0.04408037 0.05961686 0.581167 0.02002602 0.05958765 0.6132979 -0.04435884 0.05912858 0.5788524 0.01614314 0.05955362 0.6150866 -0.04471206 0.05980592 0.5718383 0.01732921 0.05913662 0.6145244 -0.02922284 0.05978709 0.6075087 -0.02823311 0.05974912 0.6081509 -0.0330162 0.05971401 0.6038006 0.02734792 0.0597279 0.608855 0.02587896 0.05978947 0.6101015 -0.0324189 0.05990344 0.6042991 0.02197068 0.05941778 0.61277 0.02251684 0.05978345 0.6122519 0.01839852 0.05979269 0.61435 0.02183896 0.05966717 0.6126897 -0.03770178 0.05971181 0.5977442 0.01535826 0.05949902 0.6157082 0.01442968 0.05979257 0.6159062 -0.04322504 0.05974793 0.5860885 0.01033508 0.05979251 0.6170812 0.008250892 0.05949926 0.6173742 -0.04466974 0.06005686 0.5804505 0.00583285 0.05978631 0.6179141 -0.002030611 0.05966538 0.6184105 0.04492408 0.05972158 0.5757501 -0.001922726 0.05979239 0.618236 0.001922726 0.05979239 0.618236 -0.0446338 0.05984556 0.5780611 0.0448966 0.05974191 0.5760068 0.04381567 0.05939328 0.5843406 -0.01034903 0.05977123 0.6170468 -0.01045596 0.05978822 0.6170552 0.04130733 0.05957859 0.59055 -0.01208019 0.05968147 0.6166052 -0.01469928 0.05978387 0.6158269 0.03812885 0.05966883 0.5973396 0.03826862 0.05985277 0.5965992 -0.02216899 0.05970406 0.6124725 0.03307783 0.0597459 0.6037086 0.03167009 0.05994838 0.6057082 0.02951341 0.06014758 0.6073052 0.03545308 0.06069064 0.6013771 0.0295248 0.06070232 0.6072908 0.02916336 0.05978602 0.6075646 0.02499669 0.05979675 0.61071 0.01306056 0.05979681 0.53024 0.01468765 0.06067067 0.530775 0.02120947 0.05979675 0.61298 0.01471537 0.06070977 0.6158589 0.02120947 0.05979681 0.53362 0.02250558 0.06067109 0.5343322 0.0294916 0.06070607 0.5392751 0.004410088 0.05979675 0.61808 0.006390035 0.06071186 0.6178812 0.0339815 0.06069076 0.54385 0.0378164 0.0597769 0.548907 0.03478235 0.05979561 0.5447601 0.03788459 0.06071203 0.5489497 0.03968149 0.05979776 0.55209 0.04179573 0.06069463 0.5565692 0.04321646 0.05975931 0.5607245 0.04368686 0.05976486 0.5619115 0.04420042 0.06068789 0.5818079 0.0437414 0.05975508 0.58376 0.04298865 0.06088042 0.5859212 0.04178577 0.06067794 0.5900093 0.0378682 0.06067496 0.5976046 0.03984051 0.06087726 0.5937904 0.001233398 0.0605123 0.527508 0.002125859 0.06087076 0.5285604 0.00635606 0.06066894 0.5287593 0.03397613 0.06073421 0.6026654 0.0324158 0.0609014 0.6042594 0.03646349 0.06089079 0.5992701 0.01471847 0.06090825 0.5309516 0.02239507 0.06068998 0.6125932 0.02767109 0.06089079 0.60849 0.02240681 0.06087189 0.6120905 0.02241092 0.06068992 0.5340151 0.02247875 0.0606715 0.6122839 0.02600616 0.06090694 0.5367794 0.03236865 0.06084769 0.5423716 0.006598472 0.06068867 0.6179928 0.03646349 0.06089079 0.54733 0.008471608 0.06089079 0.61726 0.03986102 0.06089591 0.552807 -0.002166688 0.0606817 0.6182506 0.002141475 0.06087863 0.6180475 0.04176992 0.06069082 0.5565142 0.04299873 0.06089079 0.5606759 0.0398522 0.06089079 0.5528021 0.04419738 0.06068724 0.5647797 0.04501515 0.06069105 0.5689877 0.04430836 0.06089079 0.5669299 0.04501086 0.0606867 0.5732946 0.04481428 0.06089079 0.5733 0.04430836 0.06089079 0.57967 -0.04298865 0.06088042 0.5859212 -0.04430836 0.06089079 0.57967 -0.04481047 0.06088685 0.5733054 -0.04430836 0.06089079 0.5669299 -0.0398522 0.06089079 0.5528021 -0.0324167 0.06090056 0.542343 -0.03397619 0.06073445 0.5439343 -0.0147019 0.06089079 0.5309655 -0.006405651 0.06087011 0.5289643 0.008471608 0.06089079 0.52934 0.02240306 0.06089079 0.5344852 0.03239405 0.06089079 0.5423343 0.04299896 0.06089079 0.5859231 0.03985321 0.06089079 0.593796 0.01470208 0.06089079 0.6156344 -0.006406784 0.06087011 0.6176356 -0.01469159 0.06087154 0.6156169 -0.02240681 0.06087189 0.6120905 -0.03786838 0.06067591 0.5489938 -0.0081712 0.0606904 0.6176529 -0.02767109 0.06089079 0.53811 -0.02948278 0.06069135 0.5390161 -0.03239405 0.06089079 0.5423343 -0.01470208 0.06089079 0.6156344 -0.02046877 0.0606904 0.6134921 -0.0224052 0.06087231 0.5345082 -0.02247798 0.06067126 0.5343161 -0.02767109 0.06089079 0.60849 -0.03239262 0.06089079 0.6042674 -0.01469182 0.06087142 0.5309834 -0.008509457 0.06069076 0.5291501 -0.03397613 0.06073421 0.6026654 -0.0378682 0.06067496 0.5976046 -0.002173542 0.06066983 0.5283618 -0.03985321 0.06089079 0.593796 -0.03997218 0.06069082 0.5940011 -0.0438205 0.06069093 0.5839712 -0.04501593 0.06069099 0.5689902 -0.04299873 0.06089079 0.5606759 -0.04017239 0.06069123 0.5525393 -0.04299789 0.06088888 0.5606801 -0.03984028 0.06087803 0.5528074 -0.006155014 0.05979245 0.6178607 -0.03181797 0.05979478 0.54148 -0.02357649 0.05979818 0.5346689 -0.01471537 0.06070977 0.6158589 -0.01721817 0.05979675 0.61487 -0.02120947 0.05979675 0.61298 -0.01648747 0.06069099 0.5313252 -0.02499938 0.05980074 0.61071 -0.02247875 0.0606715 0.6122839 -0.03267109 0.06069082 0.6045676 -0.006578683 0.05979794 0.5284802 -1.94813e-4 0.05979514 0.5283237 -0.04412889 0.05979478 0.5645201 -0.044187 0.0606755 0.5647883 -0.008777737 0.05979675 0.61743 -0.03781491 0.0597769 0.5977013 -0.03968149 0.05979776 0.59451 -0.04321634 0.05975925 0.5858753 -0.04412889 0.05979561 0.58208 0.03181815 0.05979675 0.60511 -0.01306056 0.05979675 0.61636 -0.01863819 0.05978834 0.6142448 -0.02241498 0.0597853 0.6123098 -0.03181815 0.05979561 0.60511 -0.03478235 0.05979561 0.60184 -0.01022177 0.05954021 0.6169211 0.02255648 0.05962723 0.5345251 -0.02120876 0.05955791 0.6136387 -0.02620738 0.05942445 0.6096814 0.01830738 0.0599482 0.5324565 -0.03655093 0.05990886 0.5991408 0.01037752 0.05918294 0.5299395 0.04296588 0.05942165 0.5603796 0.008952438 0.05978155 0.529367 0.04297512 0.05946719 0.561257 0.004909634 0.05974036 0.528822 0.04425317 0.05962133 0.5803247 -0.0200265 0.05958765 0.5333023 0.03471314 0.05930775 0.6021389 -0.02982974 0.0598976 0.5395074 0.02852898 0.05916726 0.6074873 0.02215784 0.05945855 0.6124216 -0.0372346 0.05963057 0.548264 0.0171411 0.05958676 0.6146401 -0.04348385 0.05961239 0.5624692 -0.002568662 0.06008392 0.6181733 0.002181887 0.05927926 0.5286277 -0.04413992 0.05922853 0.5670621 -0.04155933 0.05921369 0.5569962 -0.03906661 0.05938524 0.5507518 0.02905839 0.05930221 0.5393465 -0.03808271 0.05924385 0.5500395 -0.03404611 0.05900365 0.5446234 0.04048603 0.05933994 0.5520273 0.0371415 0.05944705 0.5483183 -0.02351081 0.05958867 0.5351716 -0.01830303 0.05957198 0.5324552 0.04512625 0.05988168 0.5684865 -0.01118236 0.05914372 0.5302538 -0.02648288 0.05934423 0.5365215 -0.01077347 0.05934077 0.5294678 -0.006046414 0.05965113 0.5288396 0.005875885 0.05934053 0.5283231 0.02410995 0.05934047 0.5349657 -0.04015475 0.05934023 0.5522545 -0.02784347 0.05934327 0.5378754 -0.03631585 -0.0216332 0.5981187 0.01784771 -0.01519674 0.6138069 0.02381694 -0.01651966 0.6106933 0.02826231 -0.04572272 0.5390644 -0.01241791 -0.04863798 0.531279 -0.03872239 -0.0231992 0.59424 0.04001122 -0.03935128 0.5540661 0.02940011 -0.01819026 0.6063901 0.03825807 -0.04114127 0.5509623 0.04201281 -0.03714299 0.5596039 -0.003249108 -0.04965353 0.5289694 -0.008161783 -0.04907268 0.5302001 0.04363012 -0.03481286 0.5657827 0.04419785 -0.03349226 0.5685373 9.88579e-4 -0.04941844 0.5289954 0.01091516 -0.01456719 0.6166132 0.04430156 -0.03119766 0.5743506 0.01445049 -0.04849058 0.5314539 0.016644 -0.04812842 0.5322037 0.03374546 -0.04285287 0.5447459 0.03395688 -0.01998275 0.6015262 0.03171765 -0.04403394 0.5423865 -0.03216457 -0.04383265 0.5430622 -0.02903598 -0.04500186 0.54023 -0.02795642 -0.04536598 0.539327 -0.02548599 -0.04607212 0.5376249 -0.01911711 -0.04761719 0.5333788 0.001651585 -0.01358008 0.6172287 -0.04332482 -0.02809214 0.5836163 0.001923143 -0.01347011 0.6174781 -0.0442698 -0.03122097 0.5730394 -0.0044173 -0.01379144 0.6173099 -0.04355794 -0.0346027 0.5656611 -0.04147046 -0.03804016 0.557884 -0.03659087 -0.04126232 0.5478714 -0.03173243 -0.01916027 0.6041198 4.76656e-5 -0.04368937 0.5229917 0.003713667 -0.04793167 0.52916 0.03196156 -0.0425651 0.5422179 0.0427792 -0.03453409 0.5616356 0.04266625 -0.03427082 0.5628707 0.04334998 -0.02619904 0.5821608 0.03684431 -0.02169758 0.5977905 0.04194962 -0.02374333 0.5874277 0.03549933 -0.01878821 0.6002562 0.02611356 -0.01705902 0.6088014 0.02520346 -0.01479297 0.6100093 0.01400446 -0.0144906 0.6154671 0.01779288 -0.01320648 0.6139533 0.01344734 -0.01275855 0.6155103 0.01241165 -0.01255744 0.6161707 0.03677207 -0.04005235 0.5473351 -0.004436314 -0.04794299 0.5291302 -0.001785457 -0.04730021 0.5287544 0.03206294 -0.01652419 0.6050149 0.02865725 -0.01593983 0.6075034 0.04227572 -0.03600597 0.5587933 0.005195915 -0.04760229 0.5290038 0.00268656 -0.04776114 0.52899 0.005226731 -0.04786133 0.529325 0.04445034 -0.02973508 0.5730655 0.01225298 -0.04666775 0.5306379 0.04410672 -0.02775353 0.5768394 0.0166409 -0.04653578 0.5318666 0.04356902 -0.02625107 0.5817716 0.04309552 -0.02575153 0.5835416 0.04040032 -0.02170157 0.5912575 0.02311301 -0.04490429 0.5353404 0.02457576 -0.04495483 0.5365505 0.02852118 -0.04354161 0.53924 0.03216999 -0.04209381 0.5418735 -0.03562474 -0.0185768 0.6010608 -0.03823947 -0.03936046 0.5503962 -0.0399416 -0.0370872 0.5520216 -0.04082 -0.02129459 0.5925607 -0.03090214 -0.04237526 0.5404112 -0.03403425 -0.04156416 0.544768 -0.02717244 -0.04422903 0.53815 -0.03280353 -0.04191273 0.5424247 -0.02552831 -0.04447609 0.5368935 -0.04403853 -0.02581185 0.5835217 -2.73141e-4 -0.01179599 0.6177943 -0.008528053 -0.01221203 0.6169208 -0.01855206 -0.0458818 0.5328342 -0.02040261 -0.04534554 0.5335833 -0.01589232 -0.04688465 0.5316236 -0.01440948 -0.01268649 0.61531 -0.04433441 -0.03088307 0.5703767 -0.0112341 -0.04709595 0.5302782 -0.01021134 -0.04724729 0.5300532 -0.01295971 -0.04696244 0.5304901 -0.02236849 -0.013951 0.6125046 -0.0430926 -0.03416144 0.562223 -0.02427428 -0.01468819 0.61046 -0.04118472 -0.03637903 0.5570115 -0.04139226 -0.03625786 0.5572028 -0.02835339 -0.01592499 0.60744 0.002457976 -0.04573941 0.52402 -0.002523899 -0.04625058 0.5223477 -0.02896833 -0.03547757 0.5193001 -0.03931158 -0.02289116 0.5193001 0.04482311 0.005008637 0.5192909 -0.00741887 0.0436933 0.5193001 -0.02177435 0.03881448 0.5193001 -0.03413981 0.02871274 0.5193001 -0.0284211 0.03430455 0.5193001 -0.04409706 0.009548008 0.5193002 -0.04232126 0.01467412 0.5193001 -0.04460686 0.005766749 0.5193001 0.04387068 -0.01105338 0.5193001 0.04136824 -0.01870834 0.5193001 0.0178911 -0.01323139 0.61396 0.0385667 -0.02070838 0.59546 0.03454452 -0.01832288 0.60136 -0.005326509 -0.04769837 0.5286201 -0.0297966 -0.01591765 0.6072004 0.03652745 -0.04022318 0.5469548 -0.04496073 -0.02958875 0.5734491 -0.04533272 -0.02755898 0.5785097 -0.01554483 -0.01226466 0.6154329 0.01334732 0.04240512 0.5297704 -0.01646256 0.04156941 0.5193008 0.04457098 0.00794214 0.5630022 0.001028418 0.04422843 0.5193001 0.02665781 0.03567349 0.5193001 0.023229 0.03816425 0.5337884 0.01316356 0.04241842 0.5193001 0.03254491 0.03047829 0.5193001 0.02249765 0.03922444 0.5193034 0.03944963 0.02151024 0.5192987 -0.04508084 5.54319e-4 0.5658647 0.00100094 0.04440438 0.5192981 0.03750228 0.0242452 0.5193001 -0.04230695 0.0153256 0.5511043 0.04137122 0.01708233 0.5193001 -0.04214578 0.01967692 0.5562849 0.04387074 0.009433984 0.5193001 0.03478586 0.03148376 0.5440938 0.004626929 0.04439246 0.5279613 -0.03255647 0.03334295 0.5422012 -0.03487956 0.02780848 0.5408865 -0.02943694 0.03580182 0.5392137 -0.02363991 0.03941208 0.5349286 -0.01468259 0.04193568 0.5193001 -0.02505624 0.03656953 0.5339481 0.03279125 0.03014278 0.5399165 -0.01459532 0.04200679 0.5297703 -0.03888797 0.02201652 0.5193001 -0.00592792 0.04425585 0.5280821 0.03994256 0.02078682 0.5501094 -0.03460562 0.02894175 0.5193011 0.02017182 0.0396502 0.5193001 0.04040205 -0.02615356 0.5524714 0.002910137 -0.04572212 0.5221409 0.007551968 -0.04571443 0.5281283 -0.01075166 -0.0446763 0.5193001 -0.03800058 -0.0254755 0.5192998 -0.04412209 -0.01548451 0.5621309 -0.002965688 -0.04586619 0.5229577 -0.04283308 -0.01512461 0.5511121 -0.03716862 -0.02930963 0.5471896 0.03949224 -0.02266025 0.5468703 0.04472649 -0.008684098 0.5635366 -0.04500406 -0.001964867 0.5193001 0.01417446 -0.04422402 0.5192748 -0.03367269 -0.03101706 0.5393078 -0.0445736 -0.008904218 0.5192997 -0.02901059 -0.03766369 0.538941 -0.02395719 -0.03967374 0.5193042 -0.04449975 -0.007791996 0.5193001 0.03366672 -0.03155541 0.5193002 -0.01834785 -0.04213827 0.5193001 -0.00877124 -0.04513907 0.5192974 -0.02065736 -0.04097974 0.5317813 -0.0238409 -0.03916198 0.5193001 -0.02211099 -0.04178607 0.53411 -0.02398765 -0.04076409 0.5352405 0.01676869 -0.04279053 0.5193001 -0.00168401 -0.04577904 0.5248777 -0.006568551 -0.04581624 0.5280563 0.02236932 -0.04041045 0.5333945 0.02862006 -0.03803598 0.5385097 1.06177e-4 -0.04579377 0.52535 0.001396 -0.04578363 0.5250101 -0.002222836 -0.045762 0.5202801 -0.01982694 -0.04285967 0.5328738 0.03514552 -0.02910679 0.5193001 0.01144528 -0.04446268 0.5193001 0.02926659 -0.03523856 0.5193001 -0.001345098 -0.04578852 0.5196169 0.001694262 -0.04578638 0.5198273 0.002515614 -0.04575037 0.52064 0.005934476 -0.0455054 0.5193001 0.03234314 -0.03204733 0.5395399 0.04361623 -0.01314437 0.5193046 0.03393328 -0.03376728 0.54374 0.003979265 -0.04759055 0.528681 -0.03639864 -0.01884216 0.5997825 -0.03899627 -0.0383948 0.5511569 -0.03905797 -0.03858178 0.5509492 -0.04262936 -0.03535705 0.5588937 -0.04385644 -0.03388798 0.5623387 -0.04394364 -0.03312885 0.5646969 -0.007982254 -0.04714906 0.5290874 -0.04407513 -0.03309732 0.5644417 -0.01996064 -0.04603809 0.5321478 -0.01850306 -0.04566556 0.5323768 -0.02079707 -0.01346051 0.61322 -0.02105653 -0.01349192 0.613072 -0.04477363 -0.03153836 0.5685232 -0.0193426 -0.01305538 0.614097 -0.02435362 -0.04495209 0.5354518 -0.008450031 -0.01161104 0.6176105 -0.003134131 -0.01139283 0.6182481 -0.002947032 -0.01152139 0.6183547 -0.03665202 -0.03994435 0.5474457 0.03820919 -0.01988351 0.59707 0.04323703 -0.02432698 0.5861327 0.03812336 -0.01989573 0.5969936 0.04026526 -0.02170902 0.5929639 0.03475201 -0.04113674 0.5447217 0.007324695 -0.01160597 0.6177921 0.0269708 -0.04412519 0.5373852 0.01116567 -0.01200163 0.6168788 0.01778376 -0.04634815 0.532078 0.01970303 -0.04573464 0.5329632 0.04448735 -0.03197503 0.5675293 0.0135284 -0.04684948 0.530374 0.04300367 -0.03515052 0.5595889 0.0444858 -0.03197586 0.56752 0.02614915 -0.01493299 0.60975 0.02861827 -0.01567298 0.6078494 0.03213274 -0.01668822 0.6050067 0.03459233 -0.01792281 0.6024968 0.04500043 -0.002934336 0.5193001 0.04422587 0.06008815 0.5675159 -0.04292327 -0.02517324 0.5855222 0.0189619 0.0588907 0.05656874 0.01043558 -0.05791491 0.06799995 -0.01471543 0.06070941 0.5307415 -0.02360618 0.05979794 0.6119141 -0.02499938 0.05980074 0.61071 0.01540082 0.05982387 0.5313768 0.01608556 0.05915051 0.531762 0.002978444 -0.04575133 0.5224441 0.002515614 -0.04575037 0.52064 0.001719355 -0.04626148 0.5202529 0.002515614 -0.04575037 0.52064 -0.04226666 0.03968614 0.06801652 -0.03512066 0.0458498 0.0679953 -0.04187345 0.03932303 0.06800001 -0.03646904 0.04435724 0.06800001 -0.0189619 0.0588907 0.05656874 0.01237112 0.05888998 -0.05542933 0.0106697 -0.01188284 -0.05542743 0.02523815 0.05979281 0.6105412 0.02615571 0.05978578 0.60992 -0.00799328 -0.05825448 0.06043303 -0.00799328 -0.05825448 0.06043303 -0.003261864 -0.05873733 0.06402903 -0.003261864 -0.05873733 0.06402903 -0.00321865 -0.05859178 0.06379449 -0.03761208 0.05978417 0.5980023 -0.03627794 0.05979472 0.6009188 -0.03478235 0.05979561 0.60184 0.03109771 -0.03612077 0.5407701 0.03413313 -0.03348171 0.5440234 -0.04320776 0.05975902 0.560693 -0.0239579 0.05991876 0.6116212 0.0426827 0.05927962 0.5875459 0.008709013 -0.06125354 0.05904185 0.05780792 0.05889064 -0.005640566 -0.05785435 0.0588907 -0.005388796 -0.03984051 0.06087726 0.5937905 -0.04420042 0.06068789 0.5818079 -0.01008933 -0.04896086 0.5302172 -0.01577019 0.05907279 0.6148616 0.04474627 -0.02745777 0.5784084 0.04495894 -0.03782081 0.06269997 0.02675062 -0.04478937 0.5365169 -0.04447972 -0.02865672 0.5768662 -0.01021206 0.0591588 0.6166923 -0.03039824 -0.05784803 0.05114102 0.04476678 0.05960798 0.57479 0.02155447 0.05907696 0.612254 0.02852118 -0.04354161 0.53924 0.03020662 -0.04328513 0.5408295 0.03088241 -0.04281526 0.541503 -0.05504626 -0.01908028 0.06269901 -0.05633091 -0.01462239 0.06269901 0.03287166 -0.04865694 0.06799995 0.05206006 0.0588907 -0.0244131 -0.04178577 0.06067794 0.5900093 -0.01745796 0.05979275 0.6147599 -0.014921 0.05997782 0.6155552 0.044842 0.03596955 0.06269836 0.04439091 0.03651905 0.06269901 -0.009243071 0.05670684 0.06270003 -0.01345676 0.05560779 0.06270003 -0.01345676 0.05560779 0.06270003 -0.0295248 0.06070232 0.6072908 0.04667443 -0.03532797 0.06799995 -0.01295971 -0.04696244 0.5304901 -0.01330322 0.05979192 0.6162759 0.03819 -0.02003771 0.5970301 0.03144037 -0.04953956 0.06269931 0.02874141 -0.0511868 0.06269997 0.03274857 -0.04883337 0.06269997 -0.04501086 0.0606867 0.5732946 -0.004410088 0.05979681 0.5285201 -0.00463587 0.05979508 0.5285562 -0.01774871 -0.01284909 0.6146533 0.02111202 -0.04777514 0.5344437 -0.0138458 0.05545067 0.06059104 0.00465095 0.05979293 0.6180474 0.006131947 0.05978173 0.6178901 0.007050693 0.05970174 0.6177271 0.006052136 0.05975568 0.6178936 0.01418012 0.06007319 0.6166462 -0.002257466 -0.04916471 0.52909 -0.002257466 -0.04916471 0.52909 -0.04926049 0.02980715 0.06269997 -0.04912304 0.03002583 0.06269997 -0.04655718 0.03428977 0.06270521 -0.05126529 0.02631449 0.06269997 -0.0292778 0.05969029 0.6072618 -0.02884417 0.05979114 0.6078252 -0.02640271 0.05965292 0.6099929 0.03917461 -0.03877216 0.5505508 -0.02427428 -0.01468819 0.61046 0.05674904 0.01142114 0.06799995 0.05799776 0.01348388 0.002200961 0.05799978 -0.03653717 0.001699984 0.03242594 -0.04889822 0.06269997 0.03623521 0.0588907 0.0470559 -0.01900428 -0.0135293 0.61337 0.009065985 0.05979436 0.6173601 0.008777737 0.05979675 0.61743 -0.02390664 0.05991435 0.535449 -0.01347696 0.05679684 0.05798065 -0.04178589 0.06067842 0.5565896 -0.05703747 0.00968182 0.06269901 -0.01716727 -0.05621016 0.06269997 -0.01716727 -0.05621016 0.06269997 -0.0129801 -0.05733811 0.06269997 -0.0129801 -0.05733811 0.06269997 -0.0129801 -0.05733811 0.06269997 0.05783629 0.003449141 0.06266617 0.01842296 0.05978173 0.53224 0.01291018 0.05998873 0.5301291 0.0215137 0.05979132 0.5337929 -0.0176348 0.05444473 0.06270003 -0.0176348 0.05444473 0.06270003 -0.03957515 -0.03848773 0.552836 -0.03806734 -0.039173 0.5500708 -0.03859573 -0.02002042 0.5967162 -0.02191627 0.04026407 0.534 -0.01962101 0.04132312 0.5328143 -0.006578624 0.05979782 0.61812 1.94813e-4 0.05979508 0.6182764 -0.04667443 -0.03532797 0.06799995 -0.05605173 -0.02970665 -0.01415687 -0.03268468 0.05972009 0.6042222 -0.03235995 0.05979746 0.6043448 -0.004634678 0.05979502 0.618044 -0.004410088 0.05979675 0.61808 0.01332592 0.0597949 0.616266 0.01306056 0.05979675 0.61636 0.02655524 -0.05237311 0.06799995 0.0244674 -0.05339568 0.06269997 0.02463221 -0.05370628 0.06269639 0.02047049 -0.05507642 0.06269997 0.02047049 -0.05507642 0.06269997 -0.02767109 0.06089079 0.53811 -0.03541231 -0.01661813 -0.04450756 -0.008509457 0.06069076 0.61745 -0.04239755 -0.04047048 0.06269919 -0.03725987 -0.04575836 0.0626797 -0.01208019 -0.04869788 0.53113 -0.0546869 -0.02013134 0.06799995 0.03566551 -0.01900702 0.5997602 -0.02952414 0.06070137 0.5393099 -0.04391872 0.03723615 0.06270033 -0.02831035 0.0498715 0.06800001 -0.02831035 0.0498715 0.06800001 -0.01505976 -0.05672752 0.05987304 0.04381877 0.05949836 0.5613033 0.04412889 0.05979561 0.5645201 -0.01030164 0.05888998 0.05897641 -0.03357106 -0.01986193 0.6019147 -0.00457108 -0.04901367 0.52926 0.0106076 0.05979079 0.6170301 0.01089924 0.05974972 0.6169283 0.01278877 0.05971628 0.6163926 0.0106076 0.05979079 0.6170301 0.009041428 0.0588907 0.05905425 -0.009020686 0.05979371 0.6173695 -0.05789643 0.002594888 0.06269901 -0.0547561 0.01830321 0.06269937 -0.05730134 0.01120245 0.06267899 -0.05183631 0.02532541 0.06799989 -0.006403148 0.05979079 0.61784 -0.002904593 0.05974215 0.6181291 -0.002199649 0.05969965 0.6182233 0.04379278 -0.03891617 0.06799995 0.04499179 0.05933392 0.5754299 0.02401328 -0.05354213 0.06133902 0.02878248 0.05979073 0.6078805 0.02854335 0.05979675 0.60808 -0.05345857 0.02168935 0.06269997 -0.04219383 0.03888094 0.06082803 -0.0438385 0.03716635 0.06270003 0.01070827 0.05978477 0.52959 0.009022235 0.05979377 0.5292309 0.01331472 0.05979365 0.530329 0.003871083 -0.05992949 0.05957382 0.026115 0.05972421 0.536979 0.03869384 -0.04400002 0.0626986 0.03630048 -0.04604476 0.06269997 -0.05674904 0.01142114 0.06799995 -0.0546869 0.01851266 0.06799995 0.04184019 0.03934782 0.06269872 0.04114675 0.04006797 0.06270003 0.05069696 -0.02421683 -0.02687931 0.05710601 -0.03160202 -0.009758472 -0.00213921 0.06089079 0.6180596 -0.008471608 0.06089079 0.61726 0.04529529 0.05954211 0.5762512 0.04604274 -0.0360803 0.06269997 0.03858941 0.04248332 0.06269878 0.03797709 0.04302775 0.06270003 -0.03127378 0.0591492 0.5408768 0.02224606 -0.01389658 0.6125934 0.0214526 -0.01353371 0.61286 0.02408802 -0.01430499 0.6112179 -0.001574218 -0.04773807 0.52846 -0.03259056 -0.04131734 0.5430313 0.05779427 -0.005689918 0.06799995 0.05799978 -8.09425e-4 0.06799995 0.05799978 -8.09425e-4 0.06799995 0.05799978 -8.09425e-4 0.06799995 -0.0171411 0.05958676 0.53196 -5.85131e-4 -0.05780696 0.06340402 -5.85131e-4 -0.05780696 0.06340402 -5.85131e-4 -0.05780696 0.06340402 2.68177e-4 -0.0584594 0.06316101 2.68177e-4 -0.0584594 0.06316101 2.68177e-4 -0.0584594 0.06316101 -0.03476542 -0.02958065 0.5193001 -0.05779105 0.004109323 0.06799995 2.49234e-4 -0.05870133 0.06751513 5.85131e-4 -0.05780696 0.06659597 -0.00206381 -0.05864006 0.06648355 -0.001714885 -0.05778509 0.06560999 -0.006381094 0.05950695 0.5287722 0.02277737 0.05977761 0.61212 0.02148258 0.0597915 0.6128234 0.02209299 0.05971932 0.6124956 0.01869088 0.05979079 0.61423 0.01749163 0.05979484 0.6147446 0.01869088 0.05979079 0.61423 0.01757961 0.05980509 0.6148402 -0.008709013 -0.01182055 -0.05564177 -0.01978981 -0.01294666 -0.05294984 0.02666354 0.05105781 0.06269991 0.03421008 0.04602712 0.06270003 0.04167413 -0.04113346 0.06269854 -0.05637127 0.05889117 0.01842522 -0.04794257 0.0588907 0.03434205 0.0218448 -0.04034072 0.5193001 0.05386608 0.02083516 0.06799978 0.04965192 0.02964103 0.06800001 0.0506348 0.02747666 0.06800001 0.0506348 0.02747666 0.06800001 0.0506348 0.02747666 0.06800001 0.01721817 0.05979675 0.61487 0.01583182 -0.05651772 0.06043785 0.01589769 -0.05658793 0.06269997 0.001348733 -0.0584594 0.06635898 0.001348733 -0.0584594 0.06635898 -0.02854549 0.05979859 0.53852 -0.02690416 0.05978113 0.5372593 -0.02582299 0.05979293 0.5364655 -0.02533435 0.05979466 0.5361288 0.03845149 -0.0242843 0.5193001 -0.04365885 0.05946439 0.562601 -0.04063838 0.05973964 0.5545238 -0.04802262 -0.022376 -0.03110885 0.04667365 0.03371036 0.06800001 -0.008252799 -0.05821883 0.06269997 -0.008252799 -0.05821883 0.06269997 -0.008252799 -0.05821883 0.06269997 -0.05297017 -0.04676455 0.02542811 -0.03646349 0.06089079 0.54733 -0.004922449 -0.05865222 0.06799995 0.0205121 0.06089079 0.53351 -0.04260259 -0.01549369 0.5193001 -0.04481428 0.06089079 0.5733 0.01213628 -0.04704147 0.53032 -0.03874093 0.05949348 0.5499187 0.003149986 -0.0584594 0.06799995 0.003346204 -0.05858683 0.0679993 -0.003149986 -0.0584594 0.06799995 -0.003676116 -0.05852645 0.06799268 -0.004413545 -0.04790312 0.52923 -0.04430836 0.06089079 0.57967 -0.04299896 0.06089079 0.5859231 -0.001464962 0.05939197 0.6184887 -0.01065003 0.0593928 0.6173079 0.003137648 -0.0584594 0.06420302 0.003340661 -0.05858701 0.06461566 0.003137648 -0.0584594 0.06420302 -0.001673996 -0.04577434 0.5248851 -0.02443283 -0.04599708 0.5362101 0.01469159 0.06087154 0.6156169 0.04342085 0.0588907 0.040232 0.04794257 0.0588907 0.03434205 0.0441901 -0.0316739 0.56834 0.04455041 -0.02952468 0.5736401 -0.02903598 -0.04500186 0.54023 0.005191326 -0.04736763 0.5291301 0.04400432 0.06088811 0.5648334 0.04481047 0.06088685 0.5733054 -0.03658509 -0.02176159 0.5978001 0.04571437 -0.05195564 0.03747117 0 0.05724191 0.06800001 -0.002617716 -0.04578828 0.5193001 0.003040552 -0.04821336 0.5283022 1.03995e-4 -0.05883044 0.06161803 1.03995e-4 -0.05883044 0.06161803 1.03995e-4 -0.05883044 0.06161803 0.01933896 -0.0555455 0.06799995 0.05796509 6.42872e-4 0.06264001 0.05779105 0.004109323 0.06799995 0.006403148 0.05979079 0.52876 0.005910754 0.05973637 0.5286582 0.002113938 0.05971419 0.5283503 0.00463587 0.05979508 0.5285562 7.47826e-4 -0.04621052 0.5249487 0.003149986 -0.05872362 0.06499999 -0.04464077 -0.03177148 0.56787 0.04230195 0.06089079 0.5586599 -0.01070863 0.05978477 0.6170101 -0.01494711 0.05977869 0.61576 -0.01494711 0.05977869 0.61576 0.04412758 0.06015771 0.5803473 0.04173737 0.05983114 0.5900079 0.05546891 0.0161224 0.06269747 0.05525434 0.01682388 0.06269997 0.0546869 -0.02013134 0.06799995 0.05058681 -0.04899543 0.03062665 0.0564177 0.01264572 0.06269997 0.05656462 0.01199692 0.06269693 -0.0149284 -0.0607115 0.05778473 -0.03646808 -0.04597693 0.06799995 0.05581271 -0.01789253 0.06269997 -0.003085911 -0.05845946 0.06341099 -0.003085911 -0.05845946 0.06341099 -0.04351878 -0.03915137 0.06269997 0.03860569 -0.04409444 0.06799995 -0.03351038 -0.04814893 0.06269997 0.03778433 0.05889105 -0.0432105 0.002633333 -0.05874907 0.06301993 0.002633333 -0.05874907 0.06301993 0.002633333 -0.05874907 0.06301993 0.009809672 0.05640798 0.06800001 -0.02287274 -0.05952894 0.05504143 0.04208838 -0.02402102 0.58743 0.01112866 0.05913782 0.616357 -0.006403148 0.05979079 0.52876 -0.007390439 0.05974423 0.528923 -0.00214082 0.05979079 0.52836 9.85593e-4 0.05978852 0.528297 8.53445e-4 -0.05845928 0.06177604 8.53445e-4 -0.05845928 0.06177604 8.53445e-4 -0.05845928 0.06177604 -0.05498898 -0.01925361 0.06269901 0.02499938 0.0598008 0.5358901 0.04305607 0.05979776 0.58636 0.05209189 0.0588907 0.02776008 -0.009486556 0.05639779 0.06025981 -0.009487032 0.05644124 0.06026309 -0.0106076 0.05979079 0.52957 -0.0106076 0.05979079 0.52957 -0.0106076 0.05979079 0.52957 0.0158028 -0.04666215 0.5317451 -0.05756628 0.02309846 0.008779048 0.05676782 -0.01294821 0.06799995 0.0545541 -0.02050322 0.06269997 0.00214082 0.05979079 0.61824 -9.24632e-4 0.05979692 0.6183248 -0.05203974 0.0588907 -0.02447336 -0.02391123 0.0588907 -0.05119925 -0.008777737 0.05979681 0.52917 -0.05795699 0.02141213 0.003990948 -0.0169835 0.0588907 -0.0537579 -0.02121329 0.0598008 0.53362 0.004410088 0.05979681 0.5285201 0.009843885 -0.01259416 0.6169226 -0.01906889 0.05401629 0.06799995 -0.04430836 0.06089079 0.5669299 0.0178911 -0.01323139 0.61396 -5.37258e-4 -0.04580748 0.5193001 0.00214082 0.05979079 0.52836 0.00214082 0.05979079 0.52836 0.05101138 -0.02841037 0.06269997 0.04430836 0.06089079 0.57967 0.04480201 0.003431618 0.5193001 -0.04187345 -0.04094183 0.06799995 -0.0339359 0.0462833 0.06270051 0.04374873 0.05931079 0.5627038 0.04240268 0.0596677 0.58868 0.04337054 0.06069093 0.5861089 -0.04281812 0.05965065 0.5883985 -0.0121029 -0.05748569 0.06102883 0.006437003 0.06089079 0.6176527 -0.01839834 0.05979287 0.5322498 -0.01721817 0.05979681 0.53173 0.05779105 -0.005728006 0.06799995 -0.01330834 0.05979228 0.5303289 0.05360436 0.02133977 0.06269997 0.03761136 0.05978429 0.5486004 -0.01507455 0.05977761 0.5308901 -0.01491034 0.05988049 0.5310392 -0.01395201 0.05969661 0.5305446 -2.16359e-4 -0.04430884 0.5207601 -0.04877412 -0.05009841 0.03316247 0.008777737 0.05979681 0.52917 0.002812504 -0.04564297 0.5234762 0.03320103 0.05937337 0.6031365 -0.02370935 -0.04098755 0.5350169 0.02767109 0.06089079 0.53811 0.05179911 0.02528285 0.06269997 -0.01723957 0.05914396 0.5320316 0.04515022 0.05983972 0.5767216 -0.04655069 -0.0354073 0.06269997 -0.002551972 -0.04558074 0.52063 -0.001824617 -0.04580688 0.5198659 0.01471585 0.05979079 0.61582 0.02240484 0.06089079 0.6121139 0.03891509 0.05925458 0.5509896 0.03187221 0.04763728 0.06269907 -0.04477292 0.05961108 0.5721324 0.03646349 0.06089079 0.54733 -0.057204 -0.01038461 0.06269901 0.01448351 0.0556088 0.06800001 0.01338028 0.05556488 0.06021183 0.02767109 0.06089079 0.60849 0.03201258 0.05939871 0.5409235 -0.006436645 0.06089079 0.5289472 0.03239262 0.06089079 0.6042674 -0.02240306 0.06089079 0.5344852 0.00605005 0.05965113 0.6177597 -0.03044557 0.0596202 0.6061713 0.002140104 0.06089079 0.5285404 0.05795329 0.02331537 0.004022896 0.05795329 0.02331537 0.004022896 0.01381826 0.05552083 0.06270003 0.01381826 0.05552083 0.06270003 0.01381826 0.05552083 0.06270003 -0.01933896 -0.0555455 0.06799995 0.03646904 0.04435724 0.06800001 0.03646904 0.04435724 0.06800001 0.008471608 0.06089079 0.52934 0.0147019 0.06089079 0.5309655 0.02831035 0.0498715 0.06800001 -0.00214082 0.05979079 0.61824 -0.00214082 0.05979079 0.61824 -0.0369867 -0.04580408 0.06799989 0.03544628 0.06069064 0.5452142 0.04187345 0.03932303 0.06800001 0.04187345 0.03932303 0.06800001 -0.02612316 0.0510416 0.06270039 -0.02215087 0.05279386 0.06270003 -0.02215087 0.05279386 0.06270003 0.04499316 0.05979478 0.5733001 -0.02585881 0.05096364 0.05927503 0.007387638 0.05965662 0.6176699 -0.02240484 0.06089079 0.6121139 -0.02767109 0.06089079 0.60849 0.007366776 0.04365921 0.5193001 -0.01836037 -0.05574268 0.06073099 0.01743936 0.05443084 0.06074899 -0.01976615 -0.05563694 0.06799983 -0.02170336 -0.05459553 0.06269997 0.001714885 -0.05778509 0.06438994 0.001714885 -0.05778509 0.06438994 0.001714885 -0.05778509 0.06438994 0.04752159 0.03243398 0.06269741 0.04705637 0.03309726 0.06269806 -0.001757979 -0.0584594 0.06543099 -0.001757979 -0.0584594 0.06543099 -0.04087859 0.04033607 0.06270003 -0.04087859 0.04033607 0.06270003 0.04413396 -0.02723199 0.5793099 -0.0324158 0.0609014 0.6042594 -0.03646349 0.06089079 0.5992701 0.02250009 0.05264884 0.06270003 0.02250009 0.05264884 0.06270003 0.01844298 0.05417966 0.06270003 0.01844298 0.05417966 0.06270003 -0.02150106 -0.0142312 0.61203 -0.01221925 -0.05750757 0.06799995 0.007548749 -0.04920053 0.5297682 -0.01809448 0.05421686 0.06065607</float_array>
          <technique_common>
            <accessor source="#shape0-mesh-positions-array" count="1421" stride="3">
              <param name="X" type="float"/>
              <param name="Y" type="float"/>
              <param name="Z" type="float"/>
            </accessor>
          </technique_common>
        </source>
        <source id="shape0-mesh-normals">
          <float_array id="shape0-mesh-normals-array" count="2865">0.4657216 -0.007263541 -0.8849015 0.192973 -0.00463891 -0.9811931 0.2102779 0.01458817 -0.9775329 -0.9718 -0.007996082 -0.2356711 -0.9975288 -0.01709085 0.06814992 -0.9928866 0.01086485 -0.1185677 0.6354359 0.009094655 -0.7721 -0.8920786 0.008118093 -0.4518074 0.7094304 -0.004547417 -0.7047609 -0.8424683 -0.008087396 -0.5386853 -0.6630306 0.008362233 -0.7485456 0.8867343 -0.002288937 -0.4622738 0.8899107 0.00476098 -0.4561101 -0.6251528 -0.003418087 -0.7804949 -0.2711945 0.01144468 -0.9624567 0.9830331 -0.003692805 -0.1833916 0.9905185 0.007354974 -0.137182 -0.3630851 -0.004211604 -0.9317466 0.9973321 -0.003601193 -0.07291001 -0.07818919 -0.004608333 -0.9969279 0.9313204 0.363055 0.02887105 0.998878 0.04220736 0.02148514 0.9913638 0.07516944 0.107459 0.1214641 0.8648368 0.4871383 0.2911236 0.873798 0.3895178 0.188608 0.3288128 0.9253697 0.9999614 0.006775259 0.005615472 0.8724799 0.4523235 0.1848847 0.9454907 0.3165776 0.07632899 0.9124951 0.1193608 0.3912873 -0.9995525 5.1882e-4 -0.02990841 -0.9996744 3.96745e-4 -0.0255137 -0.9990214 9.15581e-4 -0.04422253 -0.9998914 9.15568e-5 -0.01474058 0.9995818 -0.02050858 0.02038651 0.9998789 3.66222e-4 -0.01556444 0.9998593 0.004211604 -0.016236 0.7877914 0.2071946 0.5800474 0.9870098 0.02032554 0.1593694 0.7055832 0.6627337 0.2508713 -0.01101756 0.1649581 0.9862391 0.2760175 0.942836 0.1867482 0.475609 0.8530992 0.2145184 0.7013298 0.7125914 0.01870822 0.6181455 0.2459275 0.7466028 0.1695004 0.9832488 0.06701886 0.5303328 0.8300622 -0.1724642 0.3133439 0.9340498 -0.1713671 0.5073482 0.7362713 0.447775 0.119054 0.9909473 0.06204479 0.3529164 0.9352917 -0.02606576 0.3656536 0.9282189 -0.06860774 0.2784551 0.9602482 -0.0196551 0.2727468 0.9615871 -0.03097659 0.2017231 0.9792742 -0.01816552 0.3998267 0.4980973 0.7694399 -0.6048616 -0.3070545 0.7347517 -0.2988467 -0.4474156 0.8429176 -0.5991206 -0.7481759 0.2851095 -0.9470536 -0.2964063 0.1234212 -0.9729484 -0.2307853 0.010468 -0.9984779 -0.04608309 0.03030496 -0.6534438 -0.754706 -0.05856609 -0.7265425 -0.6862875 -0.0338459 -0.8054939 -0.5533441 0.2121086 -0.963711 -0.06531149 0.258835 -0.9961973 -0.02215665 0.0842626 -0.1922691 -0.880318 0.4336737 -0.3550621 -0.8776448 0.3219791 -0.9234766 -0.3835637 0.008362174 -0.8420443 -0.5392367 -0.01361137 -0.2113425 -0.9742206 -0.07892155 -0.3210279 -0.9416899 -0.1008037 -0.09213846 -0.9022185 -0.4213222 -0.05179172 -0.9729341 -0.2252041 -0.07962566 -0.9581028 -0.2751345 -0.9916132 0.1286973 0.01184123 -0.104305 -0.9945385 0.003699064 0.0545991 -0.9776269 -0.2031369 -0.187904 -0.9821854 0.002014219 -0.1831457 -0.9830416 -0.009322226 -0.8354567 -0.1920253 0.514916 -0.2344812 -0.971405 -0.0372948 -0.2600847 -0.9654329 -0.01718366 -0.2967391 -0.9538193 -0.04663342 -0.3535991 -0.933531 -0.05905526 -0.3352711 -0.9418994 -0.02046573 0.1341015 -0.5013091 0.8548135 0.1872064 -0.839438 0.5101939 0.2591098 0.9652374 -0.0343343 -0.9802678 0.1962977 0.02328592 -0.9910948 -0.1128886 -0.07062023 -0.9719675 0.2288616 0.0538659 0.4370382 0.8965692 0.07184273 0.5992444 0.792675 -0.1121275 -0.873149 0.483116 -0.06488341 -0.7851135 0.6175615 0.04706102 0.7514154 0.6535401 0.09088641 -0.6217437 0.7830089 -0.01822012 0.8583217 0.5100367 -0.05609422 -0.6369602 0.7673065 -0.07431352 0.9331759 0.3562775 0.04742634 0.97721 0.2085345 -0.03967434 -0.5589385 0.7997391 0.2191011 -0.4411165 0.8968819 0.03192245 -0.3301229 0.9431865 -0.0376603 -0.1084945 0.9933893 -0.03750765 0.994861 -0.092839 -0.04040724 -0.05798619 0.9982782 -0.008850514 -0.1470435 0.9240119 0.3529593 -0.1740203 -0.9830225 0.05816954 -0.1164903 -0.9921973 0.04443538 -0.3427919 -0.93929 -0.01510697 -0.04016262 -0.9987251 -0.03057974 -0.6297049 -0.7764113 0.02563619 -0.858246 -0.5130189 -0.01501518 -0.6689451 -0.6562299 -0.3491058 0 -1 -6.10389e-5 0 -1 6.1037e-5 0.004303097 -0.999917 0.01214647 -0.004303097 -0.999917 -0.01214647 0.8755522 -0.1754479 0.4501403 0.6032078 0.5884349 0.5384095 -0.2949964 -0.6475608 0.7025967 -0.5380753 0.823054 0.181816 0 -1 6.50233e-7 1.90372e-5 -1 2.04748e-5 1.15177e-5 -1 -8.08619e-5 0 -1 1.80759e-6 2.79448e-5 -1 -7.61883e-5 0 -1 -3.13858e-6 0 -1 2.8152e-6 2.46048e-5 -1 1.16916e-5 1.25447e-5 -2.93399e-7 1 2.70708e-6 -7.11319e-7 1 3.38258e-6 -9.83323e-7 1 2.36579e-6 -1.05748e-6 1 1.41448e-6 -1.04487e-6 1 7.53603e-7 -1.00071e-6 1 -6.54925e-7 -9.6137e-7 1 2.10449e-6 -9.07458e-7 1 5.66402e-7 -8.62407e-7 1 -3.31547e-7 -8.0025e-7 1 -5.87214e-7 0 1 -4.54483e-7 0 1 -7.99116e-7 1.68746e-7 1 -8.41175e-7 1.37954e-6 1 -5.49058e-7 -7.69363e-6 1 0 0 1 0 0 1 0 0 1 0 0 1 -2.73405e-7 0 1 0 0 1 1.45657e-7 0 1 6.67498e-7 0 1 -5.2741e-7 0 1 2.92283e-6 0 1 -7.56853e-6 0 1 -4.23438e-4 -1.73256e-4 1 4.9933e-5 1.17488e-5 1 5.75915e-6 4.10418e-7 1 2.42186e-7 -5.84561e-7 1 -3.42596e-7 -5.2164e-7 1 -1.10351e-6 -4.75836e-7 1 2.8479e-7 -4.18046e-7 1 -2.79389e-7 -3.70999e-7 1 -4.12934e-7 -3.05033e-7 1 -5.14717e-7 -2.30073e-7 1 -5.20392e-7 -1.51279e-7 1 -4.26631e-7 0 1 0 -6.92535e-7 1 9.66979e-7 -7.29909e-7 1 -8.67161e-7 -6.54563e-7 1 0.3559722 0.8101987 0.4656846 0.2494212 -0.7594343 0.6008731 -0.4211658 0.540266 0.7285135 -0.398265 -0.8372082 0.3747901 0.9644423 -0.2631379 0.02469015 0.8901078 -0.4414373 -0.1133197 0.7890138 -0.6124295 0.04886126 0.6863023 -0.7269836 -0.02200388 0.5611456 -0.8265659 0.04364156 0.4237589 -0.9044971 -0.0480982 0.2597522 -0.9651515 0.0318014 0.1081295 -0.9940707 0.0114752 -0.05676609 -0.9938041 -0.09555631 0.04391676 -0.9990075 -0.007446587 0.7107309 -0.7034368 0.006195366 0.8940854 -0.431539 0.1199398 0.8799093 -0.4750979 0.006439626 0.6311947 -0.3419047 0.6962002 0.7426632 -0.6425285 0.1887025 0.5182773 -0.8320759 0.1975814 0.9756134 -0.08881139 0.200726 0.9662433 -0.2452841 0.07880097 0.2548058 -0.9460075 -0.2003594 0.3874546 -0.9213954 -0.03015571 0.2515685 -0.9647375 -0.07742679 0.3412984 -0.9382578 -0.05646085 0.3135972 -0.9487732 -0.0385521 0.2507183 -0.1775934 0.9516308 0.9782629 -0.009216785 0.2071644 0.9957228 0.00137335 0.09238189 0.4189941 -0.9065643 -0.05084449 0.8378735 -0.2047531 0.506008 -0.9991618 0.01477116 0.03817927 -0.6561312 0.7546469 -2.13634e-4 -0.6897355 0.7240392 -0.005676567 -0.6945922 0.7174208 -0.05337852 -0.6323837 0.7740222 -0.03131246 -0.9040085 0.4275126 0.001281797 -0.9350299 0.3168243 0.1591904 -0.9880535 0.1337954 0.07648068 -0.3241415 0.8574901 0.3995537 -0.3984613 0.3303115 0.8556419 -0.2268205 0.9716781 0.06628823 -0.2103692 0.9772875 0.0255751 -0.9584714 0.08490312 0.2722576 -0.5336037 -0.7596315 0.3717891 -0.7307709 0.6824107 -0.01701855 -0.09741741 -0.004730463 0.9952325 0.07913547 0.02182096 0.996625 -0.1824747 -0.02688747 0.9828429 -0.3405046 0.9402102 -0.007843434 -0.6718175 0.2462588 0.6985828 -0.998291 0.02050906 0.05472135 -0.9576154 0.01290935 0.2877607 -0.7923271 0.6100693 -0.005768001 -0.8031546 0.5592111 0.2054886 -0.1954414 0.9807153 -4.84449e-4 -0.214578 0.9761455 -0.03311294 -0.268119 0.9631279 -0.02229326 -0.8565304 0.1784781 0.4842532 -0.2792186 0.959213 -0.0441305 -0.3432079 0.9388571 -0.02749145 -0.369099 0.9277833 -0.05462932 -0.4159253 0.9087136 -0.03529715 -0.4215863 0.9066821 0.01388603 -0.2835531 0.7456737 0.6029663 0 1 0 0 1 0 0 1 2.21504e-7 0 1 0 -5.1959e-7 1 0 4.81767e-7 1 -3.12434e-7 0 1 0 0 1 1.67651e-7 0 1 0 4.09719e-7 1 0 -4.09719e-7 1 0 -4.81767e-7 1 -3.12434e-7 5.1959e-7 1 0 0 1 -4.39072e-7 -5.54412e-7 1 6.61698e-7 4.53711e-7 1 -1.11048e-6 -5.71121e-7 1 4.19353e-7 4.376e-7 1 -1.04109e-6 -5.9926e-7 1 0 4.10456e-7 1 1.93296e-6 -7.53317e-7 1 -4.56846e-6 2.76315e-7 1 1.03366e-5 -2.76315e-7 1 1.03366e-5 7.53317e-7 1 -4.56846e-6 -4.10456e-7 1 1.93296e-6 5.9926e-7 1 0 -4.376e-7 1 -1.04109e-6 5.71121e-7 1 4.19353e-7 -4.53711e-7 1 -1.11048e-6 5.54412e-7 1 6.61698e-7 -8.54704e-6 -0.9183158 -0.3958489 5.17971e-6 -0.9183304 -0.3958148 -9.62951e-6 -0.9183178 -0.3958442 9.76671e-6 -0.9183318 -0.3958118 -2.00812e-5 -0.9183141 -0.3958526 -1.16581e-5 -0.9183182 -0.3958433 2.96311e-5 -0.9183357 -0.3958026 2.35235e-6 -0.9183258 -0.3958253 -6.75904e-6 -0.918323 -0.395832 -2.36462e-5 -0.9183183 -0.3958428 6.48224e-6 -0.9183253 -0.3958266 -7.33422e-6 -0.9183228 -0.3958327 2.90549e-5 -0.9183283 -0.3958195 -9.29784e-6 -0.9183235 -0.3958309 1.48975e-5 -0.9183259 -0.3958252 -1.73615e-5 -0.9183236 -0.3958305 -2.31217e-5 -0.9183234 -0.3958312 1.79089e-5 -0.9183242 -0.3958292 2.26705e-5 -0.9183242 -0.3958292 -3.65517e-5 -0.918326 -0.395825 5.83325e-6 -0.9183236 -0.3958305 2.07117e-5 -0.918322 -0.3958343 -5.81889e-6 -0.9183254 -0.3958266 3.81697e-6 -0.9183239 -0.3958299 -1.53777e-5 -0.9183276 -0.3958211 1.74194e-5 -0.91832 -0.3958392 -3.13272e-5 -0.9183331 -0.3958086 1.88575e-5 -0.9183179 -0.3958439 -1.27117e-6 -0.9183247 -0.3958281 -1.50092e-5 -0.9183301 -0.3958157 6.8832e-5 -0.9182892 -0.3959103 -3.83289e-5 -0.9183516 -0.3957658 6.40298e-5 -0.9182804 -0.3959308 -7.36822e-5 -0.9183958 -0.3956632 -3.84563e-5 -0.9184187 -0.3956102 -1.52227e-5 -0.9183434 -0.3957847 -5.80175e-6 -0.9182784 -0.3959353 -5.65646e-6 -0.918286 -0.3959177 1.15924e-5 -0.9183604 -0.3957453 -8.59483e-6 -0.9183151 -0.3958503 -0.7929499 -0.01730436 0.6090412 -0.5901212 -0.01330637 0.807205 -0.7600075 0.02322471 0.6494993 -0.9187284 0.004791557 0.3948612 0.9999154 -0.002594053 -0.01275682 -0.9865087 -0.01266551 0.1632177 0.8917301 0.01974564 0.4521366 0.8599818 -0.01272666 0.5101659 0.7230374 0.01718246 0.6905953 0.6567732 -0.005462884 0.7540684 0.4735384 0.01156681 0.8806972 0.3635699 0.06323486 0.9294182 0.1273248 -0.3216082 0.9382733 -0.08948302 -0.09134471 0.9917908 -0.1933979 -0.2277317 0.9543246 -0.3244479 0.08380526 0.9421838 0.178598 -0.1033988 0.9784741 -0.473045 -0.02258408 0.8807488 -0.2238885 -0.610841 0.7594388 0.03796565 -0.5863314 0.8091813 -0.160957 -0.9702895 0.1806417 0.2971393 -0.9537696 0.0450775 0.2357597 -0.4271447 0.872906 0.3054072 -0.7776944 0.5494706 -0.9319348 -0.190562 0.3085187 -0.9679369 0.1254936 0.2175996 -0.6402963 0.008514881 0.7680808 0.6713074 -0.6539723 0.3488076 0.03866708 -0.05020314 -0.9979903 -0.5753163 -0.2218436 0.7872717 0.4196071 -0.2670421 0.8675359 -0.473786 -0.2805055 0.8347716 -0.6910843 -0.5197476 0.5022599 0.8357089 -0.2993023 0.460444 0.05105853 -0.03079378 -0.9982208 0.4516252 -0.07489442 0.8890588 -0.2889843 -0.4091681 0.865488 -0.3715373 -0.761386 0.5312734 0.6666049 0.02539211 0.7449787 0.9460163 -0.2310259 -0.2273332 0.9632321 0.1544247 0.2198569 -0.8286334 0.4431729 0.3420009 -0.7317054 0.6407877 0.2323756 -0.9187836 0.2438492 0.3104423 -0.9322952 -0.01730424 0.3612842 -0.6343337 0.1732859 0.7533876 -0.6240286 -0.09735661 0.7753129 -0.9961028 4.27263e-4 0.08819925 0.9400014 0.2117139 0.2675342 0.6926305 0.06796598 0.7180834 0.9631821 -0.01821988 0.2682322 0.9063619 0.3846957 0.1746924 0.5769663 0.2595662 0.7744258 0.7637717 0.5257835 0.3744392 0.7034041 0.6641566 0.2532169 0.4431377 0.4692925 0.7638021 0.5332071 0.8071506 0.2533733 0.2349693 0.5290853 0.8153884 0.2933526 0.8452656 0.4466211 0.2829135 0.9378873 0.2008167 -0.05292004 0.6886934 0.7231189 0.06506639 0.9849684 0.1600108 -0.2556577 0.9297311 0.2650271 -0.4067297 0.8610084 0.3053449 -0.2285252 0.5559316 0.7991973 -0.5856991 0.7514808 0.3036992 -0.4332231 0.4152777 0.7999139 -0.09961539 -0.6446618 0.7579498 0.1682239 -0.642376 0.7476991 -0.4459776 -0.4646859 0.7649647 -0.2653681 -0.6219594 0.7367132 0.5917325 -0.2243145 0.774297 0.4148752 -0.4294938 0.8021307 -0.656565 -0.2754076 0.7021917 -3.27269e-7 0 -1 2.17006e-7 0 -1 0 0 -1 -2.94517e-7 0 -1 0 0 -1 4.02755e-7 0 -1 -1.85462e-7 0 -1 -5.22378e-7 0 -1 1.16533e-6 0 -1 -1.71538e-6 0 -1 -1.39874e-6 0 -1 7.11948e-6 0 -1 -3.23508e-5 0 -1 3.23501e-5 0 -1 5.94818e-5 6.74536e-6 -1 -1.16454e-4 -2.77563e-5 -1 1.05618e-5 3.57006e-6 -1 3.98942e-6 2.80139e-6 -1 4.28924e-7 2.3737e-6 -1 1.86432e-6 1.94694e-6 -1 8.70803e-7 1.59962e-6 -1 2.73453e-7 1.33444e-6 -1 -9.63423e-7 1.12206e-6 -1 8.12582e-7 9.46379e-7 -1 -1.63119e-7 7.96018e-7 -1 -3.61768e-7 6.64549e-7 -1 -5.23552e-7 5.46751e-7 -1 0 4.47596e-7 -1 -5.40965e-7 3.79868e-7 -1 5.51263e-7 4.72299e-6 -1 4.24467e-7 2.04082e-6 -1 1.38761e-7 0 -1 -1.36674e-7 0 -1 0 0 -1 -1.38765e-7 0 -1 0 0 -1 3.23463e-7 0 -1 0.7979639 -0.4922496 0.3477702 0.7177183 -0.6491723 0.2519049 0.9114795 -0.357133 0.2041108 0.9218623 -0.1697171 0.3483764 -0.8959211 -0.3597601 0.2605727 -0.7617571 -0.5647868 0.3173988 -0.6652547 -0.7035561 0.2498901 -0.5304881 -0.7982958 0.2851427 -0.2904821 -0.9075505 0.3032696 -0.03936922 -0.9736724 0.224527 0.1259536 -0.9501916 0.2850819 0.3649786 -0.8564286 0.3651312 0.4285813 -0.8886889 0.1629421 0.5698828 -0.7600166 0.3124238 -0.1434697 0.4788428 0.8660982 0.08490407 0.5062506 0.8581967 0.3038446 0.4368758 0.846651 0.4910559 0.4075551 0.769911 0.4974035 0.1887924 0.8467274 -0.4301049 0.2061867 0.8789181 -0.3883255 0.4768005 0.7885839 -0.03781306 0.8921027 0.4502477 -0.3490214 0.7827652 0.5152309 -0.009003102 0.06103807 -0.9980948 -0.5063163 0.781601 0.3643402 0.8303619 0.2888321 0.4765242 -0.7910573 0.6056838 0.08588099 -0.6945955 0.4905414 0.5262188 0.8050322 0.5219373 0.2819657 -0.05478179 0.01934909 -0.9983109 0.5324111 0.6627594 0.5265819 0.3359244 0.821057 0.4615412 -0.4702423 0.144326 -0.8706563 -0.3285731 -0.5881111 -0.73903 -0.04996013 -0.04696923 -0.9976462 -0.07254302 0.005066096 -0.9973526 0.4093268 -0.2051212 -0.8890314 -0.0743395 -0.01637428 -0.9970986 -0.01385545 0.8409441 -0.5409448 0.03454768 0.02023422 -0.9991983 -0.03589016 -0.08810794 -0.9954642 -0.2050554 -0.1601929 0.965552 0.04571717 -0.4423092 0.8956967 0.007385551 -0.4254636 0.9049455 -0.1887313 -0.1561367 0.969537 -0.2647525 -0.327347 0.9070557 -0.2345688 -0.6367785 0.7345002 -0.473625 -0.144355 0.868816 -0.4733529 -0.3403807 0.8124518 -0.4590359 -0.5857507 0.6679688 -0.3963513 -0.6408398 0.6574422 -0.5395464 -0.5688142 0.6207576 -0.7308516 -0.4169886 0.5403486 -0.5812176 -0.6215341 0.5252444 -0.9353566 -0.0951898 0.3406568 -0.9746099 0.2219073 0.02987855 -0.9519662 -0.2908209 0.09583139 -0.9586809 0.06329554 -0.2773531 -0.8251368 0.441668 -0.352248 -0.829968 -0.5307279 -0.1717007 -0.6939178 0.1124331 -0.7112222 -0.8028081 0.04876971 -0.5942397 -0.6372509 -0.6602933 -0.3973968 0.3661736 -0.7803851 0.5068688 0.332965 -0.7192165 0.609805 -0.7440673 -0.1623336 -0.6480832 -0.224256 -0.9493345 0.2201665 0.8650594 0.08920687 -0.4936744 -0.2544108 -0.9431145 0.2140334 0.09210711 -0.9923641 -0.08203572 -0.0165717 -0.9973851 0.07034581 0.2038666 -0.9730969 -0.1073352 0.8834454 -0.18568 -0.4301711 -0.9186811 -0.3836231 0.09412038 -0.128577 -0.9875681 0.09042811 0.53509 -0.8388763 -0.0998277 -0.8377718 -0.444309 -0.3173767 -0.9385845 0.2977749 -0.1743251 -0.9239633 0.3477947 -0.1591566 0.3663542 -0.1365435 -0.9204024 0.1009578 -0.9431074 -0.3167903 -0.6384333 0.08502674 -0.7649664 0.0667752 -0.9977521 0.00564593 -0.2008491 -0.9539799 0.2226706 -8.54541e-4 -0.9988053 -0.04886138 -0.3634505 0.01242119 0.9315308 -0.1732583 -0.3908918 0.9039831 -0.0444352 0.005157649 0.9989991 0.5015225 0.005279779 0.8651285 0.3045474 -0.5218109 0.7968466 0.7151772 -0.006744623 0.6989107 -0.9465325 0.009826958 0.3224589 -0.997902 0.01666319 -0.06256341 -0.9961618 -0.01403856 0.08639848 0.1250659 0.009399771 0.992104 0.8015296 0.007782399 0.5979045 -0.8799605 -0.008514821 0.4749705 -0.7483372 0.009613573 0.663249 0.1166147 -0.3163949 0.9414327 -0.4666447 -0.5282027 0.7093975 0.8724568 0.01281809 0.4885233 -0.4488095 -0.00338757 0.893621 0.6198143 -0.6340059 0.4624574 0.9915453 0.022035 0.1278764 0.7889382 -0.5692648 0.2313315 0.5342037 -0.8107969 0.239238 -0.01641911 -0.9764211 -0.2152497 0.767351 -0.6384368 -0.05975711 0.5580439 -0.6635488 0.4982872 0.4025781 -0.6172498 0.6759687 -0.1667889 -0.6810421 0.712996 -0.1850683 -0.8592064 0.4769842 -0.5223405 -0.7123852 0.4686873 -0.5460548 -0.8207608 0.1678572 0.8782378 -0.4113315 0.2439363 0.5988738 0.7905635 0.127905 0.6663557 0.7410055 0.08295112 -0.4824582 -0.4392726 0.7578086 -0.1441104 0.8172056 0.5580388 -0.1158517 0.8495383 0.5146487 0.9125486 -0.04333692 0.4066657 0.6150587 -0.7657333 0.1880304 -0.5565229 0.5372346 0.6337677 0.6905419 0.6292276 0.3566854 -0.6607348 -0.4147828 0.6256076 -0.6505604 -0.4502589 0.6115866 0.01437443 0.9970581 0.07529056 0.007965505 0.9982839 0.05801701 -0.2703083 0.9188103 -0.2876127 -0.01989859 0.9977983 -0.06326651 -0.1160652 -0.9748194 -0.1904104 -0.8990953 -0.4328536 0.06531107 -0.7677628 -0.6075693 0.2034692 -0.8030403 -0.5697549 0.1746589 0.0741918 -0.5938397 0.8011555 -0.6370952 -0.7706182 -0.01605325 0.05267673 -0.860987 0.505892 -0.03610378 -0.9905195 -0.1325433 -0.109014 -0.9687664 -0.222728 -0.1197279 -0.9643847 -0.2358545 0.1050757 -0.9572479 0.2695102 -0.1807026 -0.982588 0.04321479 -0.5738251 0.7573074 0.3117858 -0.5432707 0.7848601 0.2980802 -0.4489744 -0.893432 0.01419162 -0.9790105 -0.1142621 0.1687686 0.4469271 -0.8453893 0.2925291 0.08145594 -0.9612048 -0.263534 0.08472168 -0.3148985 -0.9453365 -0.05179119 -0.4815332 -0.8748964 0.09985816 -0.9615315 -0.2559018 0.8060088 -0.4307463 0.4059647 0.878086 0.4109658 0.2450962 -0.3282364 -0.08502709 0.9407611 0.8175569 0.2286522 0.5285065 -0.2885299 0.4404552 0.8501469 0.6745045 -0.1020866 0.7311786 0.6248548 0.6166756 0.4788193 0.6591136 -0.1669681 0.7332742 0.4822655 0.6813428 0.5506287 0.8139198 0.3879616 0.4324588 0.7628218 -0.2524224 0.5953031 0.2082641 0.6630332 -0.7190362 -0.1613221 0.5810773 -0.7976995 0.02243173 -0.8235042 -0.5668668 0.3393743 -0.7588312 0.5558781 0.4303245 -0.6402069 -0.6363615 0.1720974 0.8422061 0.5109515 0.0659818 -0.6915277 0.7193303 0.6607084 0.1493605 -0.7356329 0.7636789 -0.2459227 -0.5969226 -0.06998038 0.3280502 0.9420648 0.905646 -0.1915361 -0.3783113 0.8882444 0.3965115 -0.2319495 0.8654666 -0.4941686 -0.08224952 0.7594621 0.6465728 0.07184141 0.9281526 -0.1256173 0.3503614 0.926023 -0.3198445 0.2004521 0.9796835 0.09625619 0.1759408 0.4383218 0.8814657 0.1757621 0.5269988 0.8427464 0.1097761 0.9575656 0.05838292 0.2822402 0.8878617 0.04272669 0.4581223 0.07190406 0.8085245 -0.584053 -0.0218212 0.8835011 -0.4679208 0.04623663 0.04495483 -0.9979185 0.2578293 0.9485788 0.1836363 0.2187314 0.3268306 -0.9194229 0.5836458 0.6166369 0.5283148 0.2646949 0.5501431 -0.7920095 0.292709 0.5438509 -0.7864781 0.3431005 0.8543636 0.3903142 0.7132046 0.1301952 0.6887587 0.3091887 0.790566 -0.5285903 0.3923193 0.2762868 -0.8773547 0.5138899 0.4619454 0.722858 0.3441997 0.7106787 0.6135654 0.3496918 0.7137581 0.6068486 0.5773002 -0.05172991 -0.8148917 0.2646301 0.9188349 -0.2927685 0.1793911 0.8250528 0.5358235 0.1932813 0.8222009 0.5353767 0.5538947 0.6344656 -0.5391234 0.3199668 0.9132666 -0.2521219 0.05804795 0.8860095 0.4600193 0.2331693 0.3860722 0.8925135 0.4057536 0.877551 -0.2554768 0.7220124 0.354231 -0.5943219 0.04199385 0.1471006 0.9882298 0.8877122 0.06698966 -0.4554992 -0.02212649 0.8953771 0.4447587 0.4926769 0.8463678 -0.202314 0.838222 0.4857201 -0.247911 0.699589 0.7023968 -0.1312015 0.6982188 0.70475 -0.1257697 0.706755 0.7074569 -0.00149542 0.7093303 0.7048745 0.001617491 0.9436108 0.3216987 0.07815861 0 1 3.37959e-7 0 1 0 0 1 1.38654e-6 0 1 -2.74084e-6 0 1 5.45016e-6 0 1 -3.24589e-6 0 1 2.92329e-6 0 1 -1.44545e-6 0 1 2.13531e-6 0 1 -1.48399e-6 0 1 1.83389e-6 0 1 -1.76068e-6 0 1 1.69423e-6 0 1 -1.23115e-6 0 1 6.88809e-7 0 1 -7.39822e-7 0 1 1.21559e-6 -0.2570355 0.9488828 -0.1831782 -0.4488753 0.8750444 -0.181131 -0.8878901 0.04214674 -0.4581211 -0.5816707 0.6198199 -0.5267661 -0.1133784 0.4473792 0.8871287 -0.1174074 0.8603672 0.4959678 -0.3445024 0.853199 -0.3916243 -0.7125896 0.1351079 -0.688449 -0.1936751 0.8250569 0.530821 -0.1816523 0.8247905 0.5354653 -0.5152941 0.4574899 -0.7246896 -0.3455691 0.7081681 -0.6156948 -0.3507627 0.7113527 -0.6090508 -0.3496929 0.7137299 0.606881 -0.3441932 0.7106654 0.6135844 -0.1819542 0.824135 -0.5363714 -0.1940094 0.8244106 -0.5317025 -0.5138899 0.4619454 0.722858 -0.3430694 0.8543623 0.3903441 -0.7132346 0.130195 0.6887276 -0.1174371 0.8599952 -0.4966053 -0.112494 0.4254386 -0.8979684 -0.5836769 0.616607 0.5283153 -0.8878676 0.0425744 0.4581252 -0.2578578 0.9485714 0.1836348 -0.4383465 0.8814539 0.1757597 -0.9575656 0.05838292 0.2822402 -0.5269988 0.8427464 0.1097761 -0.9436108 0.3216987 0.07815861 -0.7094779 0.7046864 0.007629752 -0.710116 0.7040731 0.004059016 -0.9082218 0.4083167 -0.09171026 -0.5722413 0.8115755 -0.1178359 -0.959581 -0.00778234 -0.2813249 -0.2748523 0.01263475 0.9614035 -0.5960032 -0.3890241 -0.7024531 -0.5855767 0.6647136 -0.4639567 -0.7375555 -0.563627 -0.3719365 -0.4224144 0.5589568 -0.7135359 -0.343922 -0.3334539 0.8777962 -0.2867004 -0.5594533 -0.7776984 -0.5076919 0.4569684 0.7303621 -0.6327264 -0.3075736 0.7106727 -0.6338239 0.6304668 0.4480837 -0.8487123 -0.3427017 0.4027942 -0.9388619 0.1104489 0.3260976 -0.9468718 -0.2933853 0.1317533 -0.9880234 -0.1479868 0.04370325 -0.918882 -0.3780454 -0.1128612 -0.8261924 0.5067757 -0.2461394 0.00149542 -0.9986442 -0.05203497 -0.2116494 -0.8466892 0.4881823 -0.2990895 -0.8492006 0.4352057 -0.3043036 -0.8490653 0.4318419 -0.3888169 -0.8420907 0.3737708 -0.2607543 -0.381518 -0.8868209 -0.01281797 0.7592826 -0.6506349 -0.02792471 0.7226868 -0.6906114 0.2604491 -0.9524368 0.1582104 -0.2036847 -0.9783214 -0.03741645 -0.07248425 -0.7910097 -0.6074947 -0.4349855 -0.9003678 0.01120042 -0.6074217 -0.7897733 -0.08542293 -0.9871656 -0.0732454 -0.1419131 -0.5927121 -0.791178 -0.1507645 0.2237629 0.9675945 0.1170086 0.2319478 0.9641399 0.1289752 0.2193097 -0.9080022 -0.3569811 -0.6929986 -0.09137433 -0.715125 0.3485947 0.9227902 -0.1641343 0.5482759 -0.7253478 -0.4162502 0.5809588 -0.6877751 -0.4352613 -0.5289282 0.3485597 -0.7737837 -0.6410529 -0.4345914 -0.6325991 -0.391381 -0.6141728 -0.6852831 0.6423317 0.7184459 -0.2669185 0.5638703 0.7973106 -0.2152814 -0.2982616 0.1793597 -0.9374808 -0.4350796 -0.2160138 -0.8740961 0.6203334 0.7789112 -0.09210693 -0.1284551 -0.6827138 -0.7193062 -0.05194431 -0.8650467 -0.498995 0.7016862 -0.6392143 0.3147089 0.002990841 -0.9282409 0.3719678 0.003601193 -0.9233182 0.3840191 0.01379442 -0.9172708 0.3980252 -0.01580888 -0.9328171 0.3600036 0.006531 -0.9226152 0.3856666 -0.05279767 -0.9427592 0.3292683 0.07327604 -0.9061392 0.4165841 -0.009064257 -0.9294413 0.3688588 0.0275284 -0.9209814 0.388633 0.5383029 -0.6224146 0.5681815 0.1826859 -0.9213648 0.3430932 -0.2182757 -0.8928797 0.3938547 -0.2524526 -0.8652728 0.4330942 0.1279664 -0.9375452 0.3234714 0.0435509 -0.9306535 0.3633009 -0.07672488 -0.9041884 0.4201865 -0.01449638 -0.9238327 0.3825219 0.01037639 -0.9301551 0.3670203 -0.003173947 -0.9270488 0.3749274 -0.006398916 -0.923947 0.382467 -0.01760947 -0.9365985 0.3499617 -0.0127874 -0.9209067 0.3895733 0.001403808 -0.9280394 0.3724792 -0.02182102 -0.9073597 0.4197885 -0.005676448 -0.9288402 0.3704373 0.004700005 -0.9318844 0.362725 -0.005188167 -0.9120885 0.4099606 -0.004944026 -0.9361684 0.3515172 0.004303157 -0.9351591 0.354202 -0.05197423 -0.9518648 0.3020795 -0.3942414 -0.8894389 -0.2312406 -0.0476101 -0.9609925 0.272446 0.09698915 -0.06793516 -0.9929643 0.3829182 -0.2191854 -0.8974027 0.1741132 -0.8806983 -0.440517 0.3917088 -0.1846387 -0.9013727 0.5172362 0.2110389 -0.8294151 0.7230362 -0.2161997 -0.656107 0.7284058 -0.4315744 -0.5321357 0.6740924 0.4806574 -0.5608637 0.6511889 -0.7295623 0.2090262 0.9702709 -0.1311416 -0.2034114 0.9407984 0.2217556 -0.256365 0.999473 -0.0164498 0.02798604 0.7155193 -0.5456197 0.4362699 0.701727 -0.5489786 0.4540945 0.6132251 -0.3391614 0.7133895 0.02847456 -0.8767008 0.4801926 0.6255534 -0.1561976 0.7643857 0.3315901 -0.1164914 0.936204 0.4183586 -0.1863203 0.8889663 0.2073166 -0.1792084 0.9617195 0.649011 -0.6415949 -0.4088287 0.287643 -0.9392879 0.1870824 -0.6911676 -0.7217783 -0.0363788 -0.234903 -0.01303148 -0.9719315 0.4207455 -0.8889797 0.1807991 -0.3115091 0.2010602 -0.9287286 0.005829155 -0.9543986 0.2984785 0.4998679 -0.3831028 0.7767653 0.8095601 -0.06808894 0.583075 0.2680195 -0.7792159 0.5665583 -0.02899336 -0.9984408 0.04770171 -2.13637e-4 -0.5581114 0.829766 0.01266551 -0.5741924 0.8186225 0.9002518 -0.4254359 -0.09247279 0.08236956 -0.9263911 0.3674436 0.05798637 -0.8680565 0.4930676 0.2437004 0.5716049 -0.7835037 0.2432687 0.5726017 -0.7829097 -0.1143238 -0.8669202 0.4851592 -0.2168986 -0.6439512 0.733677 0.1199407 0.861193 -0.493924 0.2195847 -0.8863041 0.4077347 0.1090129 -0.9336596 0.3411689 -0.1643463 0.8463607 -0.5066201 -0.6736769 -0.714084 -0.1903776 -0.6873516 -0.6955612 -0.2091475 0.06418055 -0.9394837 0.3365283 -0.8209431 -0.2567908 -0.5100108 -0.851401 -0.4539462 -0.2627724 -0.3723049 -0.919699 0.1246713 -0.5214745 -0.6713829 0.5266017 -0.1681316 -0.946927 0.2739731 0.0493192 -0.9346846 0.3520403 0.1802482 -0.4103957 0.8939161 0.01904374 -0.8517814 0.5235511 -0.4337106 -0.8992835 -0.05643028 -0.5653691 -0.640538 0.5196818 -0.2408305 -0.8801562 0.4090548 0.07288062 -0.9296247 0.3612291 -0.5166926 -0.1397786 -0.844684 -0.1074284 -0.749466 0.6532687 -0.003540217 -0.8907727 0.4544354 -0.1131635 -0.9685431 -0.2216271 -0.8456326 -0.4707623 0.2515717 -0.1644676 -0.6838423 0.7108517 -0.3871418 -0.8729841 0.2966815 -0.1597672 -0.6471565 0.745428 -0.2874001 -0.9324864 -0.2187927 -0.2614579 0.2167167 -0.940571 -0.3346761 -0.8908928 0.3070865 -0.3799061 -0.8857964 0.2665263 -0.04727399 -0.8225191 0.5667694 0.03415095 -0.9454539 0.3239611 -0.5079349 0.744491 -0.4332844 0.01901364 -0.9452806 0.3257042 -0.08115029 -0.8831924 0.4619372 -0.2634399 -0.9180417 0.2963088 -0.315357 -0.9108212 0.2663734 -0.4515053 -0.7629566 -0.4626449 -0.1619372 -0.6327638 -0.7572228 0.3904021 -0.7744562 -0.4977993 -7.45211e-6 0 -1 5.36753e-6 0 -1 9.38734e-6 0 -1 -1.1112e-5 0 -1 -8.22736e-6 0 -1 9.99659e-6 0 -1 -2.53632e-5 0 -1 3.92707e-5 0 -1 -3.74062e-5 0 -1 1.6376e-6 0 -1 -8.71225e-7 0 -1 -6.78929e-7 0 -1 -3.90183e-6 0 -1 8.93815e-6 0 -1 -1.23979e-5 0 -1 3.19255e-5 0 -1 0.2693898 -0.8748224 0.402635 0.2422314 -0.4982575 0.8325045 -0.2381712 -0.9690738 0.06457847 -0.08765083 -0.9277195 0.3628416 0.1763383 -0.9415696 0.2869694 0.03946113 -0.3773074 -0.925247 0.356006 -0.6843616 -0.6363245 0.1412413 -0.9247217 -0.3534696 0.8110515 -0.5592364 0.1716102 0.6809429 -0.6818889 0.2671034 0.2387497 -0.8925266 0.3826161 -0.9586645 0.2746714 -0.07428336 -0.9985861 0.005920708 -0.0528286 -0.9570929 0.1157911 -0.2656421 0.9920982 0.1246379 -0.01437425 0.9969492 0.05096751 -0.05911618 0.997983 -0.04587054 -0.04388684 0.503661 0.8635147 -0.02584987 0.6925035 0.5363385 -0.4824727 0.7941657 0.5540422 -0.249676 0.8638179 0.5031105 -0.02642965 0.9499595 0.2216582 -0.2201017 -0.3849955 0.9224327 -0.02993899 -0.4956852 0.6637824 -0.5600797 -0.1720075 0.6847342 -0.7082037 -0.8135045 0.215317 -0.5402305 -0.845166 0.5228841 -0.1108454 -0.9720489 0.2340779 -0.01812803 -0.9847595 -0.173379 -0.01373356 -0.6630574 0.6968115 -0.273512 -0.5889969 0.2588669 -0.7655525 0.7938248 0.1237537 -0.595422 0.03781306 0.9970879 -0.0662263 0.1667266 0.6763675 -0.7174464 -0.7619688 0.6474003 -0.01663285 0.4013297 0.651497 -0.6438061 -0.06555491 -0.9975457 -0.02459836 -0.04019403 -0.9978629 -0.05151677 -0.2307841 -0.9728518 -0.01727366 -0.9866626 -0.06610506 -0.1487517 -0.9635612 -0.2606364 -0.0601539 0.1977342 -0.8478246 -0.4920313 0.08353078 -0.9955941 -0.04260462 0.3320468 -0.9431289 -0.01590037 0.7989286 -0.5770548 -0.1694725 0.6379806 -0.5836558 -0.5023212 0.7425277 -0.6693431 -0.02514767 -0.8901234 -0.1874185 -0.415397 -0.8103719 -0.5674098 -0.1460946 -0.5295366 -0.8482778 0.003967463 -0.5524879 -0.7819002 -0.2887721 -0.7183931 -0.257369 -0.6462761 -0.219372 -0.8050968 -0.5510854 0.008240163 -0.9999657 9.76618e-4 0.01257359 -0.9996646 0.02264469 -0.4650163 -0.1821062 -0.8663702 0.9245481 -0.1245793 -0.3601263 0.921356 -0.362115 -0.1413362 -0.8403493 -0.5418093 -0.0159921 0.01861649 -0.9997374 -0.01336723 -0.08081316 -0.9956076 0.04727327 0.1330937 -0.9906802 0.02896261 0.7062659 -0.1793894 -0.6848416 0.1334888 -0.9905152 0.03256344 0.9617065 -0.2733868 -0.01950144 -0.0777921 -0.3337217 -0.9394564 -0.4980986 -0.8669192 -0.01867753 -0.1057795 -0.9375498 0.3313775 0.233839 0.8914389 -0.3881447 0.1315972 -0.9851483 0.1102951 -0.007477045 -0.9271252 0.3746771 -0.8513299 -0.01898282 -0.5242874 -0.6011361 -0.001922667 -0.7991444 -0.7281522 0.09903407 -0.6782232 -0.3843304 0.1480494 -0.9112473 0.3988812 -0.09772127 -0.9117809 0.8927108 0.04110902 -0.4487511 0.7732776 -0.03662359 -0.6330091 0.766801 -3.05194e-4 -0.6418849 0.6336679 -0.08871895 -0.7685012 0.550534 0.04828119 -0.8334155 0.1384021 0.05243104 -0.9889874 -0.2560873 0.05008214 -0.9653555 -0.5914917 0.01834195 -0.8061024 -0.6635226 -0.002288937 -0.7481529 -0.882623 0.01907461 -0.4696946 -0.9625576 -0.01693779 -0.2705476</float_array>
          <technique_common>
            <accessor source="#shape0-mesh-normals-array" count="955" stride="3">
              <param name="X" type="float"/>
              <param name="Y" type="float"/>
              <param name="Z" type="float"/>
            </accessor>
          </technique_common>
        </source>
        <vertices id="shape0-mesh-vertices">
          <input semantic="POSITION" source="#shape0-mesh-positions"/>
        </vertices>
        <lines count="180">
          <input semantic="VERTEX" source="#shape0-mesh-vertices" offset="0"/>
          <p>977 1219 50 44 947 946 664 650 691 519 1113 225 1157 687 1198 1196 74 73 226 221 1340 1298 1360 88 905 900 487 478 86 79 810 432 109 107 543 503 1283 781 1343 465 997 992 1118 541 1335 1299 1357 1181 1339 449 40 39 727 720 1027 923 1256 918 1268 45 1293 475 1300 1286 997 498 1124 520 1174 1172 1336 54 1038 227 1042 657 1057 114 1288 1252 1251 466 199 197 1045 422 983 662 1073 1072 693 511 892 891 1279 150 463 457 179 165 1040 1037 228 213 651 446 1313 460 1321 169 1176 1173 681 696 1078 980 1103 571 1130 1128 680 521 924 484 1382 1080 1319 1253 1258 1019 666 665 1085 174 1264 52 1117 1112 1005 1004 217 216 670 542 1081 536 1146 48 462 456 196 194 1025 461 1414 67 1332 442 1250 1129 1312 1199 455 443 982 981 1144 172 1306 1119 563 537 204 203 1338 437 913 480 1348 62 1393 1108 560 472 136 97 209 115 774 773 1150 1149 1276 132 1292 75 556 467 957 672 683 958 721 716 1191 528 569 566 1304 201 1305 1030 1171 971 668 667 673 516 1405 1011 1096 828 1168 1166 1053 533 1248 1063 1383 1075 1309 458 1197 477 1404 65 931 914 1259 544 1267 1263 1285 444 1287 1026 1182 188 1354 1175 509 508 1041 548 1107 1082 778 780 907 906 445 439 555 523 1052 1031 551 522 1134 1133 685 683 1310 220 1391 539 1236 777 1079 517 506 509 191 189 110 77 669 554 1337 567 963 869 1066 1064 90 89 1320 661 526 518 1274 78 447 700 1083 530 832 767 1137 1012 654 545 671 655 535 464 920 916 558 524 1333 453 1110 1032 1123 972 1003 1001 1022 1021 1033 534 741 739 1049 195 1294 574 1018 805 193 190 1351 85 1260 1009 1226 1217 1125 1114 827 765 1145 1138 959 681 978 674 60 59</p>
        </lines>
        <triangles material="SWMaterial-0-material" count="1124">
          <input semantic="VERTEX" source="#shape0-mesh-vertices" offset="0"/>
          <input semantic="NORMAL" source="#shape0-mesh-normals" offset="1"/>
          <p>271 0 970 1 969 2 1077 3 282 4 988 5 271 0 969 2 1277 6 1077 3 988 5 1307 7 270 8 271 0 1277 6 1203 9 1077 3 1307 7 1203 9 1307 7 24 10 1139 11 270 8 1277 6 1139 11 1277 6 1007 12 1090 13 1203 9 24 10 1090 13 24 10 28 14 1140 15 1139 11 1007 12 1140 15 1007 12 987 16 1179 17 1090 13 28 14 281 18 1140 15 987 16 32 19 1179 17 28 14 32 19 28 14 969 2 970 1 32 19 969 2 38 20 122 21 57 22 66 23 43 24 35 25 1371 26 281 18 987 16 42 27 36 28 34 29 46 30 1048 31 1372 32 46 30 1047 33 1048 31 36 28 38 20 57 22 170 34 51 35 277 36 47 37 42 27 34 29 170 34 1371 26 244 38 49 39 42 27 47 37 56 40 66 23 35 25 42 27 38 20 36 28 1362 41 33 42 43 24 58 43 49 39 33 42 49 39 47 37 53 44 61 45 1362 41 43 24 58 43 38 20 42 27 64 46 58 43 33 42 49 39 58 43 42 27 1362 41 1398 47 33 42 33 42 49 39 53 44 63 48 33 42 53 44 71 49 1362 41 61 45 1413 50 68 50 1415 50 66 23 71 49 61 45 1416 51 33 42 1398 47 113 52 69 52 1374 52 1373 53 1398 47 1362 41 1375 54 55 54 72 54 43 24 70 55 35 25 33 42 63 48 70 55 122 21 170 34 57 22 43 24 33 42 70 55 36 28 57 22 34 29 84 56 106 57 92 58 83 59 76 60 96 61 92 58 1093 62 1092 63 99 64 92 58 1092 63 108 65 83 59 98 66 106 57 81 67 1101 68 76 60 83 59 104 69 83 59 99 64 80 70 99 64 1092 63 80 70 106 57 1101 68 92 58 81 67 1330 71 1101 68 92 58 1101 68 1397 72 1244 73 976 74 182 75 96 61 76 60 223 76 973 77 975 77 1205 77 182 75 976 74 974 78 81 67 1206 79 1330 71 95 80 1207 80 1062 80 102 81 84 56 99 64 84 56 92 58 99 64 1330 71 1061 82 1101 68 101 83 1060 83 1058 83 1101 68 1059 84 1397 72 1400 85 92 58 1397 72 103 86 100 86 105 86 82 87 171 88 81 67 98 66 83 59 96 61 102 81 99 64 83 59 108 65 102 81 83 59 82 87 81 67 106 57 83 59 80 70 104 69 71 49 66 23 1361 89 1115 90 127 91 362 92 1180 93 71 49 1361 89 1180 93 1361 89 342 94 1115 90 362 92 156 95 1039 96 1115 90 156 95 41 97 1180 93 342 94 1039 96 156 95 965 98 41 97 342 94 1187 99 1325 100 1039 96 965 98 120 101 41 97 1187 99 120 101 1187 99 335 102 230 103 1325 100 965 98 1388 104 230 103 965 98 1388 104 965 98 1315 105 122 21 120 101 335 102 1013 106 1388 104 1315 105 122 21 335 102 163 107 1013 106 1315 105 125 108 1297 109 1013 106 125 108 66 23 125 108 1361 89 66 23 1297 109 125 108 1115 90 76 60 127 91 93 110 129 111 1399 112 93 110 128 113 129 111 1400 85 93 110 1399 112 92 58 1400 85 1399 112 1093 62 1399 112 1384 114 1093 62 92 58 1399 112 1093 62 1384 114 135 115 80 70 1093 62 135 115 76 60 80 70 135 115 76 60 135 115 127 91 1167 116 1401 116 1195 116 1403 117 1169 118 1159 119 142 120 1169 118 1403 117 1160 121 143 121 140 121 1158 122 1407 122 1161 122 1402 123 144 123 145 123 141 124 1163 124 149 124 1194 125 1225 125 1216 125 1272 126 1162 126 1406 126 1272 127 1289 127 1162 127 1162 128 1225 128 1194 128 1289 129 1225 129 1162 129 1218 130 1406 130 1194 130 1218 131 1194 131 1216 131 1272 132 1406 132 1218 132 1188 133 1153 133 1156 133 1188 134 1303 134 1153 134 1188 135 152 135 1303 135 1188 136 164 136 152 136 1188 137 1120 137 164 137 1188 138 1275 138 1120 138 1188 139 1006 139 1275 139 1188 140 1084 140 1006 140 1188 141 168 141 1084 141 1188 142 954 142 168 142 1188 143 331 143 111 143 1188 144 155 144 331 144 1188 145 1136 145 155 145 1188 146 1116 146 1136 146 1188 147 117 147 1116 147 1188 148 118 148 117 148 1188 149 354 149 118 149 1188 150 1100 150 354 150 1188 151 351 151 1100 151 1188 152 350 152 351 152 1188 153 1241 153 350 153 1188 154 157 154 1241 154 1188 155 112 155 157 155 1188 156 1381 156 112 156 1188 150 1377 150 1381 150 1188 157 1386 157 1377 157 1188 158 340 158 1386 158 1189 159 333 159 337 159 1189 160 1249 160 333 160 1189 161 361 161 1249 161 1188 162 130 162 158 162 1188 163 131 163 130 163 1188 164 133 164 131 164 1188 165 134 165 133 165 1188 166 159 166 134 166 1188 167 137 167 159 167 1188 168 138 168 137 168 1188 169 139 169 138 169 1188 170 111 170 139 170 1188 171 147 171 148 171 1188 172 148 172 954 172 1188 173 158 173 147 173 1273 174 91 174 184 174 1291 175 160 175 1246 175 1290 176 1245 176 1280 176 1227 177 161 177 1278 177 1271 178 122 21 163 107 1271 178 163 107 151 179 994 180 1271 178 151 179 994 180 151 179 153 181 1023 182 994 180 153 181 1023 182 153 181 154 183 181 184 1023 182 154 183 181 184 154 183 146 185 171 88 181 184 146 185 1255 186 171 88 146 185 162 187 171 88 1255 186 187 188 192 189 200 190 202 191 198 192 176 193 173 194 170 34 177 195 171 88 176 193 1192 196 178 197 166 197 1087 197 1122 198 1088 199 176 193 180 200 167 200 1193 200 176 193 1088 199 1192 196 183 201 202 191 176 193 181 184 171 88 1192 196 170 34 122 21 1271 178 1244 73 182 75 171 88 171 88 162 187 1244 73 173 194 268 202 175 203 177 195 170 34 1271 178 173 194 177 195 192 189 176 193 198 192 1086 204 173 194 192 189 186 205 183 201 176 193 171 88 177 195 1271 178 200 190 186 205 192 189 198 192 177 195 200 190 192 189 173 194 175 203 170 34 198 192 187 188 1086 204 186 205 198 192 202 191 198 192 192 189 187 188 183 201 171 88 82 87 176 193 1086 204 1122 198 96 61 218 206 98 66 206 207 207 207 1408 207 211 208 1409 209 239 210 223 76 116 211 210 212 223 76 210 212 222 213 218 206 96 61 222 213 230 103 208 214 205 215 1029 216 1296 217 208 214 218 206 238 218 1302 219 222 213 210 212 238 218 119 220 1126 220 1127 220 233 221 286 222 1104 223 35 25 286 222 233 221 223 76 222 213 96 61 1420 224 1029 216 208 214 215 225 230 103 205 215 218 206 280 226 1183 227 218 206 222 213 238 218 1098 228 211 208 231 229 230 103 1420 224 208 214 219 230 240 230 1015 230 1014 231 1296 217 1029 216 231 229 230 103 215 225 224 232 232 232 1068 232 231 229 215 225 229 233 1067 234 1029 216 1420 224 234 235 235 235 236 235 98 66 218 206 988 5 230 103 1389 236 1420 224 56 40 1297 109 66 23 98 66 988 5 282 4 1390 237 237 237 121 237 1392 238 1389 236 230 103 239 210 230 103 231 229 239 210 1325 100 230 103 230 103 1388 104 1392 238 116 211 231 229 210 212 116 211 1098 228 231 229 210 212 231 229 229 233 210 212 229 233 238 218 239 210 231 229 211 208 1297 109 56 40 1055 239 208 214 1297 109 1055 239 208 214 1055 239 205 215 250 240 968 240 212 240 250 241 293 241 968 241 250 242 241 242 293 242 250 243 275 243 241 243 250 244 1184 244 275 244 250 245 276 245 1184 245 250 246 242 246 276 246 250 247 278 247 242 247 250 248 6 248 278 248 250 249 212 249 214 249 250 250 214 250 1111 250 250 248 243 248 30 248 250 247 283 247 243 247 250 246 285 246 283 246 250 251 1232 251 285 251 250 252 1231 252 1232 252 250 243 1050 243 1231 243 250 242 246 242 1050 242 250 241 953 241 246 241 250 240 1111 240 953 240 250 253 5 253 6 253 250 254 247 254 5 254 250 255 248 255 247 255 250 256 249 256 248 256 250 257 14 257 249 257 250 258 17 258 14 258 250 259 21 259 17 259 250 243 1308 243 21 243 250 260 1311 260 1308 260 250 261 31 261 1311 261 250 262 3 262 1 262 250 263 251 263 3 263 250 243 8 243 251 243 250 264 13 264 8 264 250 265 16 265 13 265 250 266 252 266 16 266 250 267 18 267 252 267 250 268 26 268 18 268 250 269 253 269 26 269 250 253 30 253 253 253 272 270 15 270 19 270 272 271 12 271 15 271 272 272 9 272 12 272 272 273 7 273 9 273 272 274 2 274 7 274 272 275 254 275 2 275 272 276 279 276 254 276 272 277 1208 277 279 277 272 278 1342 278 1208 278 272 279 290 279 1342 279 272 280 256 280 290 280 272 281 998 281 256 281 272 282 1282 282 998 282 272 283 1269 283 1282 283 272 284 258 284 1269 284 272 285 259 285 258 285 272 286 986 286 259 286 272 287 260 287 986 287 272 288 262 288 260 288 272 289 263 289 262 289 272 290 264 290 263 290 272 291 1240 291 264 291 272 292 267 292 1240 292 272 293 266 293 267 293 272 294 284 294 266 294 272 295 185 295 284 295 272 296 29 296 185 296 272 297 25 297 29 297 272 298 22 298 25 298 272 299 20 299 22 299 272 300 269 300 20 300 272 301 10 301 269 301 272 302 11 302 10 302 272 303 4 303 11 303 272 304 273 304 0 304 272 305 1178 305 273 305 272 306 274 306 1178 306 272 307 27 307 274 307 272 308 23 308 27 308 272 309 19 309 23 309 255 310 294 311 102 81 1183 227 229 233 295 312 238 218 229 233 1183 227 291 313 255 310 108 65 175 203 37 314 51 35 244 38 1371 26 987 16 1302 219 238 218 1183 227 280 226 1302 219 1183 227 282 4 291 313 87 315 98 66 282 4 87 315 988 5 218 206 1183 227 57 22 170 34 244 38 1295 316 57 22 244 38 34 29 57 22 1295 316 1266 317 268 202 173 194 1266 317 173 194 186 205 245 318 34 29 1295 316 47 37 34 29 245 318 265 319 1266 317 186 205 70 55 53 44 287 320 53 44 47 37 287 320 170 34 175 203 51 35 186 205 202 191 265 319 202 191 183 201 261 321 183 201 1131 322 289 323 82 87 94 324 289 323 94 324 106 57 289 323 106 57 84 56 257 325 84 56 102 81 294 311 287 320 47 37 245 318 102 81 108 65 255 310 108 65 87 315 291 313 229 233 215 225 295 312 205 215 233 221 1104 223 261 321 265 319 202 191 35 25 70 55 287 320 286 222 35 25 287 320 288 326 261 321 183 201 289 323 288 326 183 201 82 87 289 323 1131 322 257 325 289 323 106 57 292 327 205 215 1104 223 215 225 205 215 292 327 294 311 257 325 84 56 295 312 215 225 292 327 296 328 298 329 297 330 297 330 298 329 299 331 298 329 302 332 300 333 299 331 298 329 300 333 306 334 408 335 303 336 300 333 302 332 305 337 304 338 300 333 305 337 306 334 303 336 301 339 305 337 302 332 308 340 301 339 307 341 311 342 306 334 301 339 311 342 305 337 308 340 310 343 309 344 305 337 310 343 310 343 308 340 312 345 307 341 313 346 311 342 311 342 313 346 316 347 310 343 312 345 315 348 314 349 310 343 315 348 355 350 314 349 315 348 316 347 313 346 296 328 297 330 316 347 296 328 325 351 964 352 329 353 325 351 329 353 330 354 325 351 330 354 324 355 330 354 369 356 324 355 329 353 368 357 330 354 332 358 317 359 370 360 334 361 317 359 332 358 334 361 318 362 317 359 334 361 339 363 318 362 334 361 332 358 341 364 339 363 319 365 318 362 341 364 339 363 334 361 339 363 341 364 319 365 343 366 319 365 341 364 343 366 320 367 319 365 320 367 343 366 345 368 343 366 341 364 348 369 348 369 345 368 343 366 345 368 321 370 320 367 347 371 321 370 345 368 348 369 347 371 345 368 347 371 348 369 349 372 321 370 352 373 322 374 349 372 321 370 347 371 349 372 352 373 321 370 322 374 352 373 353 375 353 375 323 376 322 374 349 372 353 375 352 373 353 375 349 372 964 352 325 351 324 355 323 376 325 351 323 376 353 375 964 352 325 351 353 375 298 329 380 377 381 378 296 328 380 377 298 329 313 346 374 379 377 380 374 379 313 346 307 341 303 336 369 356 301 339 315 348 392 381 317 359 312 345 308 340 392 381 308 340 356 382 392 381 298 329 381 378 302 332 313 346 380 377 296 328 392 381 315 348 312 345 313 346 377 380 380 377 307 341 371 383 374 379 301 339 371 383 307 341 301 339 369 356 371 383 302 332 356 382 308 340 302 332 381 378 356 382 1154 384 378 384 1270 384 1154 385 1376 385 378 385 1154 386 1418 386 1376 386 1154 387 1210 387 1418 387 1154 388 384 388 1210 388 1154 389 383 389 384 389 1154 390 1247 390 383 390 1154 391 387 391 1247 391 1154 392 389 392 387 392 1154 393 391 393 389 393 1154 388 1017 388 391 388 1154 394 359 394 1017 394 1154 388 1265 388 359 388 1154 395 360 395 1265 395 1154 396 1334 396 360 396 1155 397 1046 397 336 397 1155 398 1186 398 1046 398 1155 399 1190 399 1186 399 1154 400 1204 400 338 400 1154 401 1387 401 1204 401 1154 402 1378 402 1387 402 1154 403 344 403 1378 403 1154 404 346 404 344 404 1154 405 1281 405 346 405 1154 406 126 406 1281 406 1154 407 124 407 126 407 1154 408 123 408 124 408 1154 409 1099 409 123 409 1154 410 967 410 1099 410 1154 411 966 411 967 411 1154 412 326 412 966 412 1154 413 327 413 326 413 1154 414 328 414 327 414 1154 415 1135 415 328 415 1154 416 1165 416 1135 416 1154 388 363 388 1165 388 1154 417 364 417 363 417 1154 418 1095 418 364 418 1154 388 365 388 1095 388 1154 419 1076 419 365 419 1154 388 1324 388 1076 388 1154 420 1270 420 1324 420 390 421 358 422 366 423 390 421 367 424 392 381 367 424 390 421 366 423 367 424 317 359 392 381 367 424 366 423 370 360 330 354 368 357 372 425 367 424 370 360 317 359 330 354 371 383 369 356 371 383 330 354 372 425 373 426 374 379 371 383 372 425 373 426 371 383 373 426 372 425 375 427 373 426 375 427 374 379 376 428 374 379 375 427 376 428 377 380 374 379 376 428 375 427 379 429 379 429 377 380 376 428 379 429 380 377 377 380 381 378 380 377 382 430 382 430 380 377 379 429 382 430 379 429 357 431 357 431 386 432 381 378 357 431 385 433 386 432 357 431 381 378 382 430 381 378 386 432 388 434 388 434 356 382 381 378 385 433 388 434 386 432 388 434 385 433 358 422 388 434 390 421 356 382 390 421 392 381 356 382 358 422 390 421 388 434 394 435 321 370 322 374 321 370 394 435 393 436 393 436 320 367 321 370 395 437 320 367 393 436 395 437 319 365 320 367 319 365 395 437 406 438 317 359 396 439 315 348 404 440 369 356 303 336 404 440 324 355 369 356 404 440 323 376 324 355 406 438 318 362 319 365 396 439 318 362 406 438 396 439 317 359 318 362 323 376 404 440 397 441 397 441 322 374 323 376 322 374 397 441 394 435 398 442 393 436 394 435 398 442 394 435 400 443 399 444 398 442 400 443 400 443 394 435 397 441 400 443 397 441 401 445 355 350 315 348 402 446 403 447 401 445 397 441 402 446 315 348 396 439 397 441 404 440 405 448 403 447 397 441 405 448 402 446 396 439 406 438 407 449 402 446 406 438 405 448 404 440 408 335 411 450 405 448 408 335 406 438 395 437 409 451 407 449 406 438 409 451 408 335 404 440 303 336 409 451 395 437 410 452 410 452 395 437 393 436 410 452 393 436 398 442 436 453 801 454 412 455 412 455 801 454 768 456 412 455 768 456 414 457 1220 458 1036 458 1106 458 415 459 730 460 1035 461 417 462 743 463 416 464 416 464 419 465 417 462 419 465 420 466 421 467 417 462 419 465 421 467 421 467 420 466 1417 468 1417 468 423 469 421 467 751 470 421 467 423 469 423 469 424 471 751 470 751 470 424 471 426 472 424 471 425 473 426 472 427 474 426 472 425 473 425 473 428 475 427 474 429 476 427 474 428 475 428 475 430 477 429 476 429 476 430 477 433 478 430 477 431 479 433 478 433 478 431 479 432 480 434 481 433 478 432 480 435 482 434 481 432 480 435 482 436 453 434 481 435 482 793 483 436 453 793 483 801 454 436 453 448 484 1054 485 477 486 1364 487 450 488 476 489 452 490 1054 485 448 484 1102 491 682 492 454 493 1102 491 951 494 682 492 951 494 1143 495 499 496 1143 495 951 494 1102 491 468 497 1201 498 459 499 471 500 469 501 1065 501 477 486 1147 502 692 503 1364 487 1132 504 474 505 1364 487 476 489 1132 504 482 506 928 507 929 508 479 509 483 510 948 511 492 512 493 513 834 514 481 515 482 506 929 508 497 516 479 509 948 511 492 512 834 514 1071 517 495 518 492 512 1071 517 481 515 929 508 937 519 495 518 1071 517 831 520 482 506 495 518 831 520 497 516 948 511 934 521 482 506 831 520 926 522 497 516 934 521 933 523 485 524 497 516 933 523 481 515 937 519 483 510 485 524 933 523 486 525 479 509 481 515 483 510 482 506 926 522 928 507 488 526 752 527 814 528 488 526 814 528 1353 529 1341 530 488 526 1353 529 1341 530 1353 529 489 531 491 532 1341 530 489 531 491 532 489 531 962 533 752 527 491 532 962 533 752 527 962 533 960 534 500 535 1121 536 999 537 984 538 501 539 992 540 504 541 500 535 1327 542 494 543 501 539 984 538 505 544 504 541 1327 542 494 543 984 538 1369 545 506 546 494 543 1369 545 496 547 505 544 1345 548 690 549 496 547 1345 548 515 550 690 549 1000 551 512 552 508 553 532 554 515 550 1000 551 1284 555 512 552 532 554 1358 556 498 557 1284 555 1368 557 527 558 513 559 691 560 1109 561 525 561 1177 561 1329 562 507 563 680 564 538 565 510 566 1329 562 1261 567 499 496 1143 495 1224 568 695 569 1223 570 1224 568 675 571 695 569 1262 572 985 573 1261 567 1224 568 677 574 675 571 547 575 985 573 1262 572 677 574 1224 568 1010 576 549 577 688 578 547 575 549 577 519 579 688 578 550 580 546 581 552 582 438 583 660 584 579 585 586 586 550 580 552 582 589 587 438 583 579 585 1034 588 550 580 586 586 471 500 438 583 589 587 1034 588 586 586 593 589 440 590 471 500 589 587 1385 591 440 590 589 587 450 488 440 590 1385 591 1074 592 1034 588 593 589 599 593 450 488 1385 591 454 493 450 488 599 593 572 594 454 493 599 593 603 595 572 594 599 593 1350 596 572 594 603 595 1328 597 1350 596 603 595 686 598 1350 596 1328 597 540 599 686 598 1328 597 546 581 540 599 1328 597 552 582 546 581 1328 597 576 600 573 601 575 602 576 600 575 602 578 603 581 604 641 605 580 606 577 607 576 600 578 603 581 604 580 606 1379 608 577 607 578 603 582 609 557 610 1379 608 585 611 557 610 581 604 1379 608 553 612 582 609 583 613 561 614 585 611 1211 615 553 612 583 613 587 616 561 614 557 610 585 611 590 617 587 616 588 618 561 614 1211 615 591 619 590 617 553 612 587 616 562 620 561 614 591 619 559 621 588 618 1230 622 559 621 590 617 588 618 562 620 591 619 592 623 565 624 562 620 592 623 564 625 1230 622 595 626 564 625 559 621 1230 622 568 627 592 623 594 628 568 627 565 624 592 623 564 625 595 626 598 629 568 627 594 628 596 630 597 631 564 625 598 629 570 632 568 627 596 630 570 632 596 630 1257 633 602 634 1257 633 1237 635 602 634 570 632 1257 633 605 636 1237 635 1238 637 605 636 602 634 1237 635 573 601 1238 637 1322 638 573 601 605 636 1238 637 573 601 1322 638 575 602 1412 639 636 639 612 639 642 243 1412 243 612 243 1222 640 642 640 612 640 1221 243 1222 243 612 243 1213 641 1221 641 612 641 1316 642 1213 642 612 642 646 243 1316 243 612 243 630 643 1209 643 612 643 1089 644 630 644 612 644 1367 243 1089 243 612 243 615 645 1367 645 612 645 1365 243 615 243 612 243 1370 243 1365 243 612 243 617 243 1370 243 612 243 1380 243 617 243 612 243 618 243 1380 243 612 243 1347 646 618 646 612 646 619 243 1347 243 612 243 1359 243 619 243 612 243 601 647 1359 647 612 647 600 648 601 648 612 648 604 649 600 649 612 649 606 650 604 650 612 650 607 651 606 651 612 651 620 243 607 243 612 243 621 652 620 652 612 652 584 243 621 243 612 243 1366 243 584 243 612 243 1363 243 1366 243 612 243 1355 243 1363 243 612 243 622 653 1355 653 612 653 1331 654 622 654 612 654 1141 243 1331 243 612 243 1142 655 1141 655 612 655 631 243 1142 243 612 243 1394 243 631 243 612 243 1395 243 1394 243 612 243 636 243 1395 243 612 243 626 656 1056 657 649 658 626 656 649 658 614 659 623 660 597 631 598 629 1091 661 597 631 623 660 1097 662 614 659 613 663 624 664 1091 661 623 660 653 665 1091 661 624 664 1097 662 613 663 628 666 634 667 628 666 633 668 634 667 1097 662 628 666 625 669 653 665 624 664 658 670 653 665 625 669 955 671 633 668 637 672 955 671 634 667 633 668 635 673 658 670 625 669 1016 674 658 670 635 673 1411 675 1016 674 635 673 638 676 637 672 616 677 638 676 955 671 637 672 639 678 1016 674 1411 675 641 605 638 676 616 677 989 679 640 680 639 678 641 605 616 677 580 606 1008 681 640 680 989 679 608 682 1008 681 989 679 990 683 1008 681 608 682 609 684 990 683 608 682 610 685 990 683 609 684 1024 686 990 683 610 685 611 687 1024 686 610 685 663 688 1024 686 611 687 648 689 663 688 611 687 1056 657 663 688 648 689 1056 657 648 689 649 658 627 690 1074 592 593 589 629 691 473 692 647 693 652 694 473 692 629 691 632 695 1074 592 627 690 652 694 629 691 656 696 956 697 1074 592 632 695 660 584 652 694 656 696 659 698 956 697 632 695 660 584 656 696 579 585 979 699 956 697 659 698 643 700 979 699 659 698 529 701 979 699 643 700 644 702 529 701 643 700 441 703 529 701 644 702 645 704 441 703 644 702 470 705 441 703 645 704 647 693 470 705 645 704 473 692 470 705 647 693 1329 562 510 566 507 563 474 505 1132 504 679 706 502 707 1043 708 678 709 678 709 1043 708 521 710 451 711 685 712 1170 713 451 711 1170 713 452 490 477 486 1054 485 1147 502 1215 714 692 503 1202 715 1202 715 1201 498 468 497 513 559 527 558 531 716 695 569 531 716 1223 570 538 565 514 717 510 566 697 718 512 552 1358 556 698 719 697 718 694 720 699 721 698 719 701 722 700 723 959 723 676 723 702 724 699 721 701 722 1356 725 447 726 704 727 715 728 702 724 689 729 705 730 715 728 689 729 684 731 1356 725 704 727 1326 732 1356 725 684 731 1349 733 715 728 705 730 706 734 1349 733 705 730 707 735 1326 732 684 731 1349 733 706 734 708 736 1121 536 707 735 999 537 696 737 708 736 711 737 732 738 1105 739 1239 740 732 738 751 470 1105 739 732 738 421 467 751 470 732 738 418 741 421 467 732 738 747 742 418 741 732 738 745 743 747 742 732 738 731 744 745 743 732 738 717 745 731 744 732 738 718 746 717 745 732 738 736 747 718 746 732 738 758 748 736 747 732 738 725 749 728 750 732 738 724 751 725 749 732 738 735 752 724 751 732 738 719 753 735 752 732 738 1028 754 719 753 732 738 733 755 1028 754 732 738 1419 756 733 755 732 738 726 757 1419 756 732 758 1094 758 726 758 732 738 742 759 1094 760 732 738 740 761 742 759 732 738 738 762 740 761 732 738 750 763 738 762 732 738 749 764 750 763 732 738 748 765 749 764 732 738 746 766 748 765 732 738 744 767 746 766 732 738 427 474 744 767 732 738 1239 740 427 474 718 746 736 747 723 768 427 474 1105 739 426 472 742 759 1235 769 1229 769 726 757 742 759 991 770 752 527 488 526 491 532 415 459 753 771 730 460 734 772 730 460 775 773 775 773 730 460 753 771 775 773 779 774 734 772 779 774 784 775 734 772 737 776 734 772 784 775 784 775 754 777 737 776 722 778 737 776 754 777 754 777 755 779 722 778 755 779 756 780 722 778 722 778 756 780 729 781 729 781 756 780 776 782 776 782 757 783 732 738 729 781 776 782 732 738 732 738 757 783 758 748 757 783 759 784 758 748 759 784 760 785 758 748 760 785 762 786 758 748 761 787 758 748 762 786 763 788 761 787 762 786 762 786 764 789 763 788 763 788 764 789 766 790 763 788 766 790 416 464 763 788 416 464 743 463 754 777 786 791 832 792 760 785 782 793 935 794 754 777 832 792 772 795 415 459 413 796 1243 797 755 779 754 777 772 795 771 798 829 799 770 800 919 801 1151 802 769 803 775 773 415 459 1243 797 772 795 944 804 1233 805 1317 806 762 786 483 510 775 773 1243 797 779 774 1301 807 777 808 995 809 783 810 1301 807 995 809 784 775 779 774 1002 811 782 793 780 812 933 523 785 813 783 810 995 809 785 813 995 809 786 791 782 793 933 523 935 794 785 813 786 791 754 777 792 814 1069 815 1070 816 425 473 424 471 787 817 788 818 789 819 1152 820 787 817 790 821 425 473 792 814 1070 816 793 483 1152 820 789 819 791 822 1152 820 791 822 927 823 1314 824 937 519 797 825 795 826 1152 820 927 823 952 827 425 473 796 828 425 473 790 821 796 828 927 823 800 829 795 826 413 796 793 483 799 830 798 831 797 825 930 832 413 796 799 830 804 833 996 834 952 827 796 828 930 832 928 507 798 831 928 507 835 835 798 831 796 828 833 836 996 834 835 835 802 837 798 831 800 829 922 838 806 839 996 834 833 836 803 840 803 840 833 836 808 841 1051 842 802 837 835 835 1243 797 413 796 804 833 1051 842 835 835 807 843 431 479 430 477 810 844 809 845 1051 842 807 843 809 845 807 843 831 520 812 846 809 845 831 520 812 846 831 520 424 471 788 818 811 847 916 848 788 818 916 848 789 819 752 527 960 534 813 849 752 527 813 849 1254 850 752 527 1254 850 1228 851 752 527 1228 851 814 528 826 388 1200 388 824 388 1200 852 902 852 824 852 902 853 904 853 824 853 904 388 1185 388 824 388 1185 854 893 854 824 854 893 388 903 388 824 388 903 855 908 855 824 855 908 856 1242 856 824 856 1242 857 871 857 824 857 871 388 887 388 824 388 887 388 890 388 824 388 890 388 815 388 824 388 815 858 1164 858 824 858 1164 859 816 859 824 859 816 388 1212 388 824 388 1212 860 885 860 824 860 885 388 879 388 824 388 1323 861 950 861 824 861 852 862 1323 862 824 862 850 863 852 863 824 863 848 388 850 388 824 388 843 388 848 388 824 388 840 388 843 388 824 388 867 864 840 864 824 864 842 865 867 865 824 865 1396 388 842 388 824 388 839 388 1396 388 824 388 818 866 839 866 824 866 859 388 818 388 824 388 819 388 859 388 824 388 821 867 819 867 824 867 820 388 821 388 824 388 863 388 820 388 824 388 823 388 863 388 824 388 950 388 825 388 824 388 825 388 826 388 824 388 1410 868 933 523 780 812 937 519 1314 824 939 869 800 829 927 823 922 838 939 869 1314 824 1317 806 939 869 1317 806 483 510 787 817 424 471 831 520 769 803 806 839 919 801 829 799 935 794 770 800 483 510 762 786 1148 870 916 848 811 847 808 841 762 786 771 798 1148 870 916 848 808 841 925 871 1148 870 771 798 770 800 925 871 808 841 833 836 772 795 767 872 944 804 912 873 943 874 1214 875 944 804 942 876 1233 805 1233 805 942 876 1234 877 1234 877 942 876 993 878 930 832 797 825 937 519 1234 877 993 878 1410 868 849 879 846 880 851 881 817 882 838 883 878 884 844 885 841 886 861 887 861 887 845 888 844 885 865 889 845 888 861 887 845 888 865 889 838 883 837 890 862 891 864 892 855 893 849 879 851 881 817 882 845 888 838 883 856 894 849 879 855 893 822 895 882 896 846 880 822 895 846 880 849 879 860 897 856 894 855 893 860 897 855 893 858 898 861 887 841 886 853 899 847 900 864 892 854 901 847 900 837 890 864 892 862 891 860 897 858 898 866 902 822 895 849 879 866 902 849 879 856 894 865 889 861 887 853 899 844 885 847 900 854 901 844 885 854 901 836 903 866 902 856 894 860 897 844 885 836 903 841 886 837 890 866 902 860 897 837 890 860 897 862 891 1352 904 874 905 888 906 873 907 846 880 875 908 870 909 1344 910 880 911 909 912 896 913 886 914 873 907 875 908 876 915 876 915 875 908 881 916 875 908 846 880 882 896 881 916 884 917 889 918 896 913 880 911 886 914 883 919 876 915 881 916 895 920 894 921 898 922 901 923 883 919 889 918 868 924 877 925 878 884 889 918 884 917 895 920 883 919 881 916 889 918 881 916 875 908 872 926 875 908 882 896 872 926 870 909 895 920 899 927 898 922 899 927 895 920 870 909 899 927 1344 910 901 923 889 918 895 920 1352 904 888 906 1318 928 874 905 894 921 895 920 909 912 886 914 877 925 961 929 880 911 1344 910 897 930 896 913 909 912 880 911 961 929 490 931 868 924 897 930 909 912 877 925 910 932 878 884 877 925 886 914 910 932 895 920 888 906 874 905 896 913 870 909 880 911 830 933 895 920 870 909 895 920 884 917 888 906 912 873 830 933 870 909 881 916 872 926 884 917 817 882 878 884 910 932 868 924 909 912 877 925 922 838 919 801 806 839 932 934 949 934 770 800 1020 935 770 800 935 794 933 523 934 521 935 794 1151 802 912 873 769 803 993 878 933 523 1410 868 486 525 993 878 942 876 945 936 486 525 942 876 943 874 941 937 1214 875 944 804 486 525 945 936 1044 938 944 804 767 872 873 907 876 915 915 939 876 915 883 919 915 939 883 919 1346 940 794 941 1346 940 901 923 921 942 901 923 895 920 921 942 878 884 838 883 486 525 912 873 870 909 943 874 870 909 896 913 940 943 485 524 486 525 838 883 944 804 878 884 486 525 868 924 878 884 944 804 703 944 485 524 838 883 865 889 703 944 838 883 936 945 868 924 944 804 853 899 703 944 865 889 911 946 868 924 936 945 897 930 911 946 936 945 938 947 897 930 936 945 713 948 703 944 853 899 896 913 897 930 938 947 713 948 853 899 841 886 940 943 896 913 938 947 943 874 870 909 940 943 836 903 713 948 841 886 712 949 713 948 836 903 854 901 712 949 836 903 864 892 712 949 854 901 921 942 895 920 830 933 710 950 712 949 864 892 858 898 710 950 862 891 709 951 710 950 858 898 794 941 1346 940 921 942 857 952 709 951 858 898 915 939 883 919 794 941 855 893 709 951 857 952 714 953 709 951 855 893 714 953 855 893 851 881 917 954 873 907 915 939 834 514 873 907 917 954 493 513 851 881 846 880 493 513 714 953 851 881 846 880 873 907 834 514 493 513 846 880 834 514 864 892 862 891 710 950</p>
        </triangles>
      </mesh>
    </geometry>
  </library_geometries>
  <library_visual_scenes>
    <visual_scene id="Scene" name="Scene">
      <node id="node-shape4-name" name="node-shape4-name" type="NODE">
        <matrix sid="transform">1 0 0 0 0 1 0 0 0 0 1 0 0 0 0 1</matrix>
        <instance_geometry url="#shape4-mesh" name="node-shape4-name">
          <bind_material>
            <technique_common>
              <instance_material symbol="SWMaterial-0-material" target="#SWMaterial-0-material"/>
              <instance_material symbol="SWMaterial-1-material" target="#SWMaterial-1-material"/>
              <instance_material symbol="SWMaterial-2-material" target="#SWMaterial-2-material"/>
              <instance_material symbol="SWMaterial-3-material" target="#SWMaterial-3-material"/>
              <instance_material symbol="SWMaterial-4-material" target="#SWMaterial-4-material"/>
            </technique_common>
          </bind_material>
        </instance_geometry>
      </node>
      <node id="node-shape3-name" name="node-shape3-name" type="NODE">
        <matrix sid="transform">1 0 0 0 0 1 0 0 0 0 1 0 0 0 0 1</matrix>
        <instance_geometry url="#shape3-mesh" name="node-shape3-name">
          <bind_material>
            <technique_common>
              <instance_material symbol="SWMaterial-0-material" target="#SWMaterial-0-material"/>
              <instance_material symbol="SWMaterial-1-material" target="#SWMaterial-1-material"/>
              <instance_material symbol="SWMaterial-2-material" target="#SWMaterial-2-material"/>
              <instance_material symbol="SWMaterial-3-material" target="#SWMaterial-3-material"/>
              <instance_material symbol="SWMaterial-4-material" target="#SWMaterial-4-material"/>
            </technique_common>
          </bind_material>
        </instance_geometry>
      </node>
      <node id="node-shape2-name" name="node-shape2-name" type="NODE">
        <matrix sid="transform">1 0 0 0 0 1 0 0 0 0 1 0 0 0 0 1</matrix>
        <instance_geometry url="#shape2-mesh" name="node-shape2-name">
          <bind_material>
            <technique_common>
              <instance_material symbol="SWMaterial-0-material" target="#SWMaterial-0-material"/>
              <instance_material symbol="SWMaterial-1-material" target="#SWMaterial-1-material"/>
              <instance_material symbol="SWMaterial-2-material" target="#SWMaterial-2-material"/>
              <instance_material symbol="SWMaterial-3-material" target="#SWMaterial-3-material"/>
              <instance_material symbol="SWMaterial-4-material" target="#SWMaterial-4-material"/>
            </technique_common>
          </bind_material>
        </instance_geometry>
      </node>
      <node id="node-shape1-name" name="node-shape1-name" type="NODE">
        <matrix sid="transform">1 0 0 0 0 1 0 0 0 0 1 0 0 0 0 1</matrix>
        <instance_geometry url="#shape1-mesh" name="node-shape1-name">
          <bind_material>
            <technique_common>
              <instance_material symbol="SWMaterial-0-material" target="#SWMaterial-0-material"/>
              <instance_material symbol="SWMaterial-1-material" target="#SWMaterial-1-material"/>
              <instance_material symbol="SWMaterial-2-material" target="#SWMaterial-2-material"/>
              <instance_material symbol="SWMaterial-3-material" target="#SWMaterial-3-material"/>
              <instance_material symbol="SWMaterial-4-material" target="#SWMaterial-4-material"/>
            </technique_common>
          </bind_material>
        </instance_geometry>
      </node>
      <node id="node-shape0-name" name="node-shape0-name" type="NODE">
        <matrix sid="transform">1 0 0 0 0 1 0 0 0 0 1 0 0 0 0 1</matrix>
        <instance_geometry url="#shape0-mesh" name="node-shape0-name">
          <bind_material>
            <technique_common>
              <instance_material symbol="SWMaterial-0-material" target="#SWMaterial-0-material"/>
              <instance_material symbol="SWMaterial-1-material" target="#SWMaterial-1-material"/>
              <instance_material symbol="SWMaterial-2-material" target="#SWMaterial-2-material"/>
              <instance_material symbol="SWMaterial-3-material" target="#SWMaterial-3-material"/>
              <instance_material symbol="SWMaterial-4-material" target="#SWMaterial-4-material"/>
            </technique_common>
          </bind_material>
        </instance_geometry>
      </node>
      <node id="Light" name="Light" type="NODE">
        <matrix sid="transform">-0.2908646 -0.7711008 0.5663932 4.076245 0.9551712 -0.1998834 0.2183912 1.005454 -0.05518906 0.6045247 0.7946723 5.903862 0 0 0 1</matrix>
        <instance_light url="#Light-light"/>
      </node>
    </visual_scene>
  </library_visual_scenes>
  <scene>
    <instance_visual_scene url="#Scene"/>
  </scene>
</COLLADA>