<?xml version="1.0" encoding="utf-8"?>
<COLLADA xmlns="http://www.collada.org/2005/11/COLLADASchema" version="1.4.1" xmlns:xsi="http://www.w3.org/2001/XMLSchema-instance">
  <asset>
    <contributor>
      <author>Blender User</author>
      <authoring_tool>Blender 3.0.1</authoring_tool>
    </contributor>
    <created>2026-06-09T13:14:41</created>
    <modified>2026-06-09T13:14:41</modified>
    <unit name="meter" meter="1"/>
    <up_axis>Z_UP</up_axis>
  </asset>
  <library_lights>
    <light id="Light-light" name="Light">
      <technique_common>
        <point>
          <color sid="color">1000 1000 1000</color>
          <constant_attenuation>1</constant_attenuation>
          <linear_attenuation>0</linear_attenuation>
          <quadratic_attenuation>0.00111109</quadratic_attenuation>
        </point>
      </technique_common>
      <extra>
        <technique profile="blender">
          <type sid="type" type="int">0</type>
          <flag sid="flag" type="int">0</flag>
          <mode sid="mode" type="int">1</mode>
          <gamma sid="blender_gamma" type="float">1</gamma>
          <red sid="red" type="float">1</red>
          <green sid="green" type="float">1</green>
          <blue sid="blue" type="float">1</blue>
          <shadow_r sid="blender_shadow_r" type="float">0</shadow_r>
          <shadow_g sid="blender_shadow_g" type="float">0</shadow_g>
          <shadow_b sid="blender_shadow_b" type="float">0</shadow_b>
          <energy sid="blender_energy" type="float">1000</energy>
          <dist sid="blender_dist" type="float">29.99998</dist>
          <spotsize sid="spotsize" type="float">75</spotsize>
          <spotblend sid="spotblend" type="float">0.15</spotblend>
          <att1 sid="att1" type="float">0</att1>
          <att2 sid="att2" type="float">1</att2>
          <falloff_type sid="falloff_type" type="int">2</falloff_type>
          <clipsta sid="clipsta" type="float">0.04999995</clipsta>
          <clipend sid="clipend" type="float">30.002</clipend>
          <bias sid="bias" type="float">1</bias>
          <soft sid="soft" type="float">3</soft>
          <bufsize sid="bufsize" type="int">2880</bufsize>
          <samp sid="samp" type="int">3</samp>
          <buffers sid="buffers" type="int">1</buffers>
          <area_shape sid="area_shape" type="int">1</area_shape>
          <area_size sid="area_size" type="float">0.1</area_size>
          <area_sizey sid="area_sizey" type="float">0.1</area_sizey>
          <area_sizez sid="area_sizez" type="float">1</area_sizez>
        </technique>
      </extra>
    </light>
  </library_lights>
  <library_effects>
    <effect id="SWMaterial-0-effect">
      <profile_COMMON>
        <technique sid="common">
          <lambert>
            <emission>
              <color sid="emission">0 0 0 1</color>
            </emission>
            <diffuse>
              <color sid="diffuse">0.2227451 0.2227451 0.2227451 1</color>
            </diffuse>
            <index_of_refraction>
              <float sid="ior">1</float>
            </index_of_refraction>
          </lambert>
        </technique>
      </profile_COMMON>
    </effect>
    <effect id="SWMaterial-1-effect">
      <profile_COMMON>
        <technique sid="common">
          <lambert>
            <emission>
              <color sid="emission">0 0 0 1</color>
            </emission>
            <diffuse>
              <color sid="diffuse">0.3921569 0.5427451 0.64 1</color>
            </diffuse>
            <index_of_refraction>
              <float sid="ior">1</float>
            </index_of_refraction>
          </lambert>
        </technique>
      </profile_COMMON>
    </effect>
    <effect id="SWMaterial-2-effect">
      <profile_COMMON>
        <technique sid="common">
          <lambert>
            <emission>
              <color sid="emission">0 0 0 1</color>
            </emission>
            <diffuse>
              <color sid="diffuse">0.4643137 0.4643137 0.4643137 1</color>
            </diffuse>
            <index_of_refraction>
              <float sid="ior">1</float>
            </index_of_refraction>
          </lambert>
        </technique>
      </profile_COMMON>
    </effect>
  </library_effects>
  <library_images/>
  <library_materials>
    <material id="SWMaterial-0-material" name="SWMaterial-0">
      <instance_effect url="#SWMaterial-0-effect"/>
    </material>
    <material id="SWMaterial-1-material" name="SWMaterial-1">
      <instance_effect url="#SWMaterial-1-effect"/>
    </material>
    <material id="SWMaterial-2-material" name="SWMaterial-2">
      <instance_effect url="#SWMaterial-2-effect"/>
    </material>
  </library_materials>
  <library_geometries>
    <geometry id="shape2_001-mesh" name="shape2.001">
      <mesh>
        <source id="shape2_001-mesh-positions">
          <float_array id="shape2_001-mesh-positions-array" count="192">0.03593528 0.05697685 0.08615618 0.03394228 0.05502027 0.08494693 0.03179877 0.05606722 0.08424788 0.03209042 0.05846101 0.08427631 0.03513991 0.05945938 0.08422964 0.03414404 0.05897951 0.08581435 0.03457999 0.05727779 0.08419996 0.03377068 0.05847764 0.08419996 0.03367322 0.05572324 0.08419996 -0.001007258 0.08212387 0.07513719 -4.16009e-5 0.07961767 0.07566553 0.001978039 0.08322221 0.07564562 0.001056492 0.08235871 0.07489627 6.0259e-5 0.08321744 0.07519811 -0.03189843 0.05604714 0.08457493 -0.0306704 0.05769211 0.08655428 -0.03234404 0.05513912 0.0847271 -0.0331754 0.05867695 0.08423405 -0.03474539 0.05714511 0.08465939 -0.03344947 0.05566155 0.08419996 -0.06393152 -1.15343e-5 0.07926362 -0.06382459 -0.001761019 0.07791447 -0.0643478 0.001718223 0.07836025 -0.06640321 0.001474261 0.07789999 -0.06784576 0.001667141 0.07879024 -0.06815731 -0.002381443 0.07828885 -0.06615859 -0.002214193 0.07953959 -0.06723588 -8.99537e-4 0.07789999 -0.06749498 5.25215e-4 0.07789999 -0.06514918 0.001299202 0.07789999 -0.0644226 -1.51584e-4 0.07789999 -0.06576508 -0.001605033 0.07789999 -0.03095442 -0.05866658 0.071168 -0.03091377 -0.05510884 0.07171064 -0.033522 -0.05724185 0.07221746 -0.0328722 -0.05733084 0.07069998 -0.03377157 -0.05604839 0.07069998 -0.03203999 -0.05433964 0.07069998 -0.03280061 -0.05352807 0.07124716 -0.03535181 -0.05643033 0.07069373 -0.03257715 -0.05498337 0.07121896 -0.03334647 -0.05474603 0.07069998 -0.03098857 -0.05684053 0.07069998 0.06771415 0.002855539 0.07788044 0.06649965 0.002279818 0.07933104 0.06755495 -9.46123e-4 0.0784325 0.06527441 -0.002342998 0.07858479 0.0644831 3.33682e-4 0.07789999 0.06576508 0.001604974 0.07789999 0.06329333 8.76552e-4 0.07790201 0.06388294 -3.06265e-4 0.07948255 0.06723588 8.99471e-4 0.07789999 0.06511169 -0.001357138 0.07789999 0.03037202 -0.05332022 0.07121396 0.03448611 -0.05463844 0.07149881 0.0302931 -0.05808615 0.07070702 0.03307211 -0.05732679 0.07145202 0.03276747 -0.05594962 0.07128977 0.0301966 -0.0561394 0.07308447 0.03375262 -0.05543261 0.07069998 0.03133332 -0.0570876 0.07069998 0.03068786 -0.0558809 0.07069998 0.0316165 -0.05439072 0.07069998 0.03298711 -0.05453819 0.07069998</float_array>
          <technique_common>
            <accessor source="#shape2_001-mesh-positions-array" count="64" stride="3">
              <param name="X" type="float"/>
              <param name="Y" type="float"/>
              <param name="Z" type="float"/>
            </accessor>
          </technique_common>
        </source>
        <source id="shape2_001-mesh-normals">
          <float_array id="shape2_001-mesh-normals-array" count="234">0.6895529 -0.2930467 -0.6622995 -0.3085094 0.9466856 0.09278136 0.5759191 0.6083337 0.5461204 -0.5685698 -0.1483029 0.8091568 -0.2988646 0.02508282 0.9539659 -0.374928 -0.1801285 0.9093859 0.6793717 -0.3962548 -0.6176052 0.965828 -0.2488834 0.07234263 -0.04613918 0.09443598 -0.9944612 -0.1535646 -0.7465709 -0.6473407 0.01462537 0.009864568 -0.9998444 -0.2244907 0.1656495 0.9602938 -0.2105281 0.123312 0.9697795 0.1932559 0.5172803 -0.8337106 0.7774577 -0.4381118 -0.4512404 0.8745978 -0.4565667 -0.1631736 0.7091852 0.259404 -0.6555654 0.1076799 0.1620018 0.9808979 -0.691245 -0.06210523 0.7199468 -0.5551113 -0.6468735 0.5228826 0.2934118 -0.2963264 -0.9089006 0.977044 0.1642936 -0.1356196 -0.04614704 0.1699787 0.9843667 0.100184 0.4794383 0.8718385 -0.5254702 -0.06463658 0.8483533 0.5614563 -0.483547 0.6715275 0.1342788 -0.9875031 -0.08250486 0.4056195 0.2031412 -0.8911827 -0.3099058 -0.05635631 -0.9490956 -0.02422672 -0.3870121 -0.9217564 0.006949365 -0.006417274 -0.9999553 0.5178594 0.1848784 -0.8352495 0.09106063 0.6523333 -0.7524422 -0.8557607 0.127934 -0.5013048 -0.04925447 0.9566304 -0.2871101 -0.09460747 -0.197216 -0.9757845 -0.4145466 0.4768978 -0.775061 -0.5238573 0.309138 0.79373 -0.2872526 -0.06259757 0.9558073 0.6259269 0.08107984 0.7756558 -0.217559 0.469361 0.8557853 0.3032164 -0.1470685 0.9415045 -0.4586505 -0.8850604 0.07942122 0.004289031 -0.001400053 -0.9999899 0.06420248 -0.2466462 -0.9669767 -0.2065265 -0.5741184 -0.7922973 -0.4381648 0.5243875 -0.7300886 0.6571742 0.7333222 -0.1742435 -0.1424674 0.4580562 -0.8774324 0.003378152 0.002368927 -0.9999915 0.997297 -1.80304e-4 -0.07347571 -0.4084165 0.9125716 0.02022862 -0.8400673 -0.5354117 -0.08730053 -0.5295522 0.5724788 0.6259733 0.2398458 -0.1868888 0.9526523 0.2229472 -0.2616155 0.9390697 0.7526142 0.06365633 0.6553777 -0.6284476 -0.511054 -0.5864107 -0.002073407 -7.62639e-4 -0.9999976 -0.004286885 -0.008924543 -0.9999511 0.264499 -0.5203285 -0.8119722 -0.001169562 0.001176357 -0.9999987 0.006980419 -0.02647435 -0.9996252 0.5494377 -0.1425568 -0.8232837 0.04105371 -0.7722339 0.6340107 -0.9979856 0.02282142 -0.05919611 0.4512886 -0.6830655 0.5742474 0.5480456 0.2164213 0.8079653 -0.1775377 0.07630246 0.9811516 0.1167841 0.5440285 0.8308998 0.330711 -0.3507128 -0.8761455 -0.2563073 0.1597343 -0.9533057 0.4535202 0.3881286 -0.8022939 0.8359233 -0.433812 -0.3362137 0.2998802 0.8370288 -0.4576624 -0.5564971 0.09698325 -0.8251699 -0.00447303 -0.00239706 -0.9999871 0.05166864 0.4804234 -0.8755134</float_array>
          <technique_common>
            <accessor source="#shape2_001-mesh-normals-array" count="78" stride="3">
              <param name="X" type="float"/>
              <param name="Y" type="float"/>
              <param name="Z" type="float"/>
            </accessor>
          </technique_common>
        </source>
        <vertices id="shape2_001-mesh-vertices">
          <input semantic="POSITION" source="#shape2_001-mesh-positions"/>
        </vertices>
        <triangles material="SWMaterial-2-material" count="78">
          <input semantic="VERTEX" source="#shape2_001-mesh-vertices" offset="0"/>
          <input semantic="NORMAL" source="#shape2_001-mesh-normals" offset="1"/>
          <p>1 0 4 0 0 0 4 1 3 1 5 1 4 2 5 2 0 2 3 3 1 3 5 3 2 4 1 4 3 4 0 5 5 5 1 5 8 6 6 6 1 6 1 7 6 7 4 7 7 8 3 8 4 8 1 9 2 9 8 9 6 10 7 10 4 10 13 11 9 11 11 11 10 12 11 12 9 12 11 13 12 13 13 13 12 14 11 14 10 14 16 15 14 15 15 15 14 16 17 16 15 16 18 17 16 17 17 17 15 18 17 18 16 18 19 19 16 19 18 19 16 20 19 20 14 20 20 21 21 21 22 21 26 22 20 22 24 22 22 23 24 23 20 23 25 24 26 24 24 24 21 25 20 25 26 25 25 26 21 26 26 26 22 27 30 27 29 27 28 28 27 28 25 28 21 29 25 29 31 29 21 30 31 30 30 30 22 31 21 31 30 31 29 32 23 32 22 32 28 33 25 33 24 33 22 34 23 34 24 34 31 35 25 35 27 35 23 36 28 36 24 36 39 37 34 37 38 37 33 38 38 38 40 38 38 39 34 39 40 39 33 40 40 40 34 40 32 41 33 41 34 41 39 42 32 42 34 42 41 43 36 43 39 43 32 44 35 44 42 44 32 45 39 45 35 45 41 46 39 46 38 46 33 47 37 47 38 47 37 48 41 48 38 48 35 49 39 49 36 49 32 50 42 50 33 50 43 51 49 51 44 51 49 52 46 52 50 52 49 53 50 53 44 53 45 54 44 54 50 54 50 55 46 55 45 55 43 56 44 56 45 56 52 57 46 57 49 57 47 58 52 58 49 58 51 59 48 59 43 59 45 60 46 60 52 60 48 61 47 61 49 61 43 62 48 62 49 62 45 63 51 63 43 63 55 64 56 64 58 64 53 65 55 65 58 65 54 66 58 66 57 66 58 67 56 67 57 67 56 68 54 68 57 68 53 69 58 69 54 69 60 70 56 70 55 70 62 71 61 71 53 71 54 72 59 72 63 72 54 73 56 73 59 73 53 74 54 74 63 74 53 75 61 75 55 75 61 76 60 76 55 76 53 77 63 77 62 77</p>
        </triangles>
      </mesh>
    </geometry>
    <geometry id="shape1_001-mesh" name="shape1.001">
      <mesh>
        <source id="shape1_001-mesh-positions">
          <float_array id="shape1_001-mesh-positions-array" count="1173">0.01769804 0.07268691 0.08482706 0.01081877 0.0707308 0.08812618 -0.06738728 -0.02771961 0.06894695 -0.04766368 0.05700528 0.08256185 -0.06399929 0.005313932 0.0822575 -0.06822049 0.02083563 0.08036082 -0.04647666 -0.05304574 0.0688771 -0.04976952 0.04829007 0.08598893 -0.003718852 -0.07238781 0.06093925 -0.002066552 -0.06793534 0.06977146 -0.05534362 -0.04765635 0.06445527 -0.06788694 0.03083837 0.07604271 -0.009058475 -0.05760675 0.07673126 -0.06308001 0.02065384 0.0836091 -0.07208847 -0.01138877 0.07158231 -0.05233383 -0.04256534 0.07435733 -0.01594179 -0.06602656 0.07033163 -0.06383037 -0.02665781 0.07520669 -0.03197699 -0.06554931 0.06175619 -0.04989886 -0.03275913 0.07917934 -0.06634986 -0.006234407 0.08006143 -0.04006063 0.06154453 0.08393365 -0.04004913 0.05713695 0.08675688 -0.07338124 0.005557596 0.07350659 -0.05857622 0.04492563 0.08168506 -0.06943905 -0.003372669 0.07783406 -0.02936089 -0.06120759 0.07091617 -0.06052035 -0.001033604 0.08151131 -0.02850705 -0.0521211 0.07659959 -0.07034319 0.003904342 0.0778923 0.03087902 0.05756926 0.08400672 -0.0235145 -0.07164126 0.02947217 -0.0749976 7.49203e-4 0.05933874 -0.06414687 0.002378165 0.07795941 -0.07269972 0.02116179 0.06182277 -0.05354195 -0.05243021 0.04101037 -0.0660997 -0.03634744 0.04176223 -0.07380163 -0.01551598 0.04896944 -0.04794389 -0.05833858 0.03405171 -0.03888225 -0.06419575 0.03702062 -0.01583147 0.07380938 0.07977849 -0.02205705 0.07150095 0.08462673 0.03304815 -0.05281758 0.07081276 0.02917641 -0.05446565 0.07087457 0.02888733 0.05727607 0.0795812 0.02964913 -0.0552383 0.06721735 0.03696727 -0.06345355 0.03605443 0.07482272 -0.001463413 0.05382943 0.02073597 -0.07048344 0.02981019 0.01858276 -0.07084232 0.03357136 0.0647065 -0.03571212 0.04181492 0.001588523 0.07531476 0.08017182 0.02331292 0.07039779 0.08245229 0.02260696 0.07152688 0.07902103 0.04301208 0.06148248 0.07556676 0.04360502 0.06015002 0.07894009 0.05638748 -0.04725629 0.04171741 0.04469197 -0.05913674 0.03374707 0.06197071 0.04080891 0.07201695 0.06502103 0.0369513 0.06706905 0.07205015 0.01961839 0.06106537 0.02549183 -0.05419218 0.06638765 -0.04063802 0.06017011 0.07889306 -0.0397194 0.05914372 0.0749039 -0.0609849 0.03954237 0.07167994 -0.02048224 0.06952434 0.0820567 -0.01112562 -0.07128733 0.03325664 -0.03872442 -0.06063419 0.0369572 -0.05579555 0.04637438 0.0705806 -0.05578303 -0.0441091 0.03907489 -0.06477516 -0.03110581 0.04706996 -0.06597727 -0.02649945 0.04507416 -0.06971567 -0.01699835 0.04862487 -0.0107823 0.07213234 0.07933455 -0.07131808 -0.01050519 0.05431789 0.01068538 -0.02100133 0.0724951 0.0188654 -0.01437771 0.07251036 0.02207028 -0.006126642 0.07254666 -0.0237869 1.35152e-5 0.07247257 -0.0197876 -0.01295417 0.07255184 -0.0108577 -0.02024543 0.0726267 -0.00146842 -0.02368903 0.07263791 0.03136402 0.05091589 0.07959192 0.02663958 0.0565325 0.07956671 -0.03233307 0.05875194 0.08413505 0.03417897 0.05850815 0.08420014 0.03480941 -0.05561643 0.0672239 0.06704384 0.001663148 0.07787334 0.06616681 0.001903951 0.07269799 0.06476914 -0.001226067 0.07269275 -0.06494766 0.001522183 0.07269823 -0.06748056 1.04702e-4 0.07787877 -0.02979612 -0.05363541 0.07075762 -0.02925401 0.05521643 0.0796771 -0.0358982 0.05321377 0.07279199 0.03127235 0.05455398 0.07966881 0.02783316 0.05682897 0.07412523 0.03780162 -0.05094033 0.07119959 0.02451324 -0.05491751 0.07281094 0.03555649 -0.05014866 0.06635999 0.02847456 -0.04953747 0.06655269 -0.0265758 -0.04878652 0.07432752 -0.02929461 -0.0484355 0.07430225 0.04314386 0.0502693 0.05851453 -0.0193836 0.01131379 0.0794264 0.02978384 0.0502538 0.08280938 0.04225748 0.05098348 0.0830391 0.03753978 0.05116409 0.05863004 0.03738623 0.04831033 0.05860155 0.03669917 0.05192083 0.07958614 0.01959842 0.01096767 0.0793333 -0.02533322 0.05539417 0.08329916 -0.03010946 0.05051493 0.08029741 0.02537852 0.0545535 0.08314359 0.02780491 0.06444215 0.08394217 -0.02870434 0.05254095 0.07966566 -0.02705597 0.05761605 0.07955867 -0.03235834 0.05055624 0.07976716 -0.02103883 0.01034146 0.07250636 0.02081632 0.01001155 0.07239985 0.03864967 0.05027556 0.08288234 -0.02528876 -0.05377757 0.06616818 -0.02833223 -0.04825812 0.06922405 0.00666517 -0.02200055 0.0764935 0.02251499 -0.001777887 0.07820171 0.01882964 -0.01233959 0.07736098 -0.01072257 -0.02011358 0.07670921 -0.02268636 -0.004347741 0.07805001 -0.02774965 0.06399065 0.08396482 -7.28542e-4 0.07048082 0.08466649 -0.03007847 0.06384503 0.07782119 -0.0361377 0.05178314 0.07966607 0.04411131 0.04763501 0.05856359 -0.001000761 -0.02450954 0.07614809 -0.01123929 -0.02174729 0.07651674 0.02784705 -0.04855197 0.06915742 0.01258307 -0.02285575 0.07249999 0.0125578 -0.02295762 0.07252299 0.0124458 -0.02304399 0.07269996 0.0112248 -0.02153575 0.07623046 0.01251339 -0.02288115 0.07253098 0.01257455 -0.02284342 0.072501 0.01246935 -0.02280491 0.07253599 0.01239216 -0.02297389 0.07278496 0.01239889 -0.02296322 0.07270896 0.0124228 -0.02294301 0.07263797 0.0124619 -0.0229153 0.07257699 6.90035e-4 -0.02622365 0.07257038 7.53841e-4 -0.02401375 0.07271796 6.03635e-4 -0.02590823 0.072537 6.03508e-4 -0.02602589 0.07252997 5.31823e-4 -0.02602362 0.072501 7.43766e-4 -0.02591532 0.07271599 7.43639e-4 -0.02603983 0.07270801 0.001013576 -0.02443003 0.0762313 0.02935039 0.06366175 0.07972317 0.03111898 0.0637961 0.07638078 -0.02213764 0.06632071 0.08422565 -0.01348513 -0.02233147 0.07249474 -0.01336562 -0.02065664 0.07613313 -0.01361227 -0.02215093 0.07264399 -0.01356792 -0.02227729 0.07253152 -0.01349568 -0.02231144 0.072501 -0.01345205 -0.02223587 0.07250696 -0.0136578 -0.02223002 0.07263797 -0.02201318 0.01080411 0.079243 -0.0414927 0.056158 0.08245247 -0.03316837 0.04939913 0.0827431 0.04493123 0.05180245 0.08303779 -0.02579313 -0.04644072 0.07402265 -0.02751296 -0.04904544 0.07339888 0.01264905 -0.02055901 0.07264816 0.02459627 -1.03404e-5 0.07257467 -0.01265358 -0.02041703 0.07250899 0.01246851 -0.02302229 0.07262998 0.01315361 -0.02074211 0.0765717 0.02991336 -0.04800415 0.0743159 0.02745383 -0.04946464 0.07395088 0.001125872 -0.05895912 0.07257097 1.10562e-5 -0.06524866 0.06672328 5.32472e-4 -0.0260719 0.07249999 -0.00924319 0.07057744 0.07888126 -0.02424752 -0.001016676 0.07822704 -0.02989393 -0.049021 0.06626945 -0.03558337 -0.04851657 0.07317018 -0.0402233 -0.0545212 0.06598079 -0.02205747 -0.01171791 0.07748955 -0.0312196 0.052549 0.07250213 -0.02444028 9.46138e-4 0.07846742 0.02204984 0.0110321 0.0793457 0.0360893 0.04850637 0.08298796 0.03240287 0.04959237 0.08274316 0.04468637 0.0470407 0.0824837 0.0408129 0.05994898 0.07879149 0.07095903 0.01283144 0.05879986 0.02253359 0.06908911 0.07821786 0.0393927 0.05978596 0.07494598 0.07205128 0.001838862 0.05869626 0.04891628 0.05325621 0.07287621 0.003376841 0.07354456 0.08370357 0.01707577 0.07079786 0.08266776 0.07021939 -0.01269543 0.04980993 0.06500506 -0.02868711 0.04428851 0.05975693 -0.04015064 0.04397332 0.05620497 -0.04364788 0.03921836 0.03936123 -0.0592435 0.03381496 0.04378587 -0.05691432 0.0381332 0.02240091 -0.06722474 0.03091782 0.02234107 -0.06821757 0.03429889 0.03156018 0.05199497 0.0722174 0.0361126 0.05365943 0.07284301 -0.001321852 -0.05898559 0.07280385 -0.02444314 -0.056041 0.0720998 -4.22496e-4 -0.07009392 0.06123852 0.003151297 -0.06807637 0.06176495 -0.003540277 -0.0679388 0.06163859 0.05862587 2.3567e-4 0.0726462 0.02216339 -0.01051169 0.07738733 0.02426308 -0.001030921 0.0782116 0.06889367 -0.02346038 0.04990351 0.05958276 0.04156947 0.07258456 0.06946152 0.02144396 0.06550437 -0.0355432 -0.06458717 0.03577107 -0.05557286 -0.04648309 0.04191964 5.34372e-4 -0.07108682 0.02949243 -0.03108018 0.06741112 0.08149415 -0.07084727 0.01713907 0.0640695 0.01692819 0.06881844 0.07831656 -0.02785748 0.05628234 0.07373964 -0.03619861 -0.04986035 0.0662173 -0.05876851 2.06593e-4 0.07263517 -0.05844348 -0.002032995 0.07833218 -0.03405326 -0.05912142 0.06682252 -0.06376379 0.02780973 0.07846391 -0.05155879 0.04710078 0.08117091 -0.05879998 0.03145265 0.08132994 -0.06908154 0.007152318 0.07297241 -0.06176596 0.006726324 0.07922869 -0.05827724 0.001033961 0.07853311 0.02427375 9.60819e-4 0.07839077 0.0582301 0.001796126 0.07862347 0.06191092 0.03617274 0.06678098 0.07035505 0.008680641 0.05752223 -0.01260721 -0.0697211 0.03007441 -0.03027379 -0.06418609 0.03203409 -0.04365777 -0.05581432 0.03494095 0.06455367 0.007842481 0.07879209 0.06119716 0.03187948 0.0797128 0.05251061 0.04583173 0.08109509 0.06612819 0.01938045 0.07762801 0.04129946 0.05614203 0.08300501 -0.0273835 -0.06104683 0.06617718 -0.0310294 -0.05806118 0.06730902 -0.01437252 -0.06580197 0.06491512 0.0583918 -0.001110553 0.07829594 0.01318848 -0.06597471 0.06507939 0.02848374 -0.06073063 0.06622707 0.03975528 -0.05435293 0.06616318 -0.03201717 0.06398141 0.07641148 -0.05304634 -0.04295533 0.06765514 -0.06479161 -0.007918536 0.07627642 -0.04535341 -0.04270684 0.07328706 -0.05622994 -0.02752226 0.0752961 -0.06426966 -0.02464228 0.06970834 -0.06821501 -0.007395029 0.07284194 -0.06847053 0.02082252 0.06154102 -0.07102519 -1.43887e-4 0.05440753 -0.05994814 0.03799718 0.06775903 0.06258642 0.006206631 0.07295799 0.05120021 0.04863977 0.07159668 0.04045778 0.05712747 0.07962501 0.04940229 -0.04717051 0.06628113 0.04575055 -0.03655272 0.07531136 0.05082643 -0.03878062 0.07277417 0.06846743 -0.008637547 0.07274132 0.06138628 -0.007449626 0.07817572 0.06137788 -0.02962982 0.07028597 0.03969067 -0.0527659 0.0683825 0.03311675 -0.05926924 0.06710493 -0.06384211 0.03757148 0.07104498 -0.007440507 0.0736953 0.08345621 -0.07373118 6.43637e-4 0.05834108 -0.06905466 -0.02590948 0.0492236 -0.00646317 -0.07313567 0.03284698 -0.05106246 0.05370789 0.07652491 0.07397484 -0.003592908 0.05684769 -0.03494697 0.05331838 0.07968598 -0.03171241 -0.05426496 0.06727439 -0.06137526 -0.005543291 0.07282185 -0.0629388 0.006289243 0.07290053 0.03981757 0.05813878 0.074741 0.0686329 0.00717628 0.0731737 0.03171777 0.06270021 0.07953989 0.035465 0.05460268 0.0797258 -0.05204296 0.05369699 0.07290953 -0.03419661 0.0666958 0.0773611 -0.05711191 -0.04705739 0.03795957 -0.001263022 -0.07337468 0.02875095 -0.07193392 -0.01787972 0.04802072 -0.005039095 -0.07492274 0.02829355 -0.07409393 0.006645977 0.05655521 -0.03493469 -0.06462019 0.03180575 -0.07004988 0.02329725 0.06228888 -0.06855088 0.02736365 0.06696099 -0.06879979 0.02683413 0.06353098 -0.06336313 0.03970479 0.06802153 -0.0315274 0.06248593 0.07964873 -0.03841346 0.05871784 0.07965296 -0.03373086 -0.05709469 0.0672084 -0.06784069 6.53742e-4 0.07274132 0.06062829 -0.004964649 0.0730136 0.03827685 0.05854946 0.07968306 -0.06543433 -0.001522421 0.07254809 0.06778222 -4.6941e-4 0.07270056 0.03204613 0.0585097 0.07968872 0.02301943 -0.07225888 0.02936321 0.05744433 0.04894948 0.07132613 0.05714088 -0.04913425 0.03723675 -0.03498715 0.05735039 0.07969921 -0.0319488 0.05872255 0.07969933 -0.01693528 -0.01835668 0.08038276 -0.03410559 -0.05580335 0.07068735 -0.0315119 -0.05772149 0.07069498 -0.03280925 -0.0518856 0.07100939 -0.063766 -0.001370847 0.07778763 0.02414864 -0.07100176 0.03487265 0.07061469 0.02541166 0.06778085 0.04062777 -0.06268239 0.03788483 0.06290185 0.04044568 0.07338011 0.05192226 0.05355113 0.08058476 0.04041117 0.0620377 0.08368915 0.05351048 -0.05257338 0.04127061 0.0666849 -0.03517687 0.04218727 0.07370525 -0.01586669 0.04897338 0.07458502 -0.006752133 0.05688381 0.07370227 0.01283168 0.06488662 0.007658362 -0.07441157 0.03377252 0.03330385 -0.05710393 0.07067638 -0.002453565 0.07501018 0.08515715 -0.03196346 0.05549317 0.07969892 -0.03465121 0.05625915 0.08419704 -0.02920502 -0.0227856 0.08011263 -0.03023028 -0.01997905 0.08009797 -0.03144842 -0.01505219 0.08070415 0.06872272 -0.001602888 0.07791709 0.06427896 -2.39281e-4 0.07792013 0.06326133 0.002937257 0.07822072 0.06267523 -0.002150058 0.07820564 0.03719311 -0.05284392 0.07440286 0.03431743 0.05512762 0.08388102 0.03310292 0.06649273 0.08393198 -0.0307725 0.05494183 0.08403849 -0.03319674 0.06610292 0.08394789 -0.03531414 0.05331945 0.08506482 -0.03405839 -0.05109417 0.07628303 -0.03777289 -0.05626779 0.07100415 0.06057989 -5.4987e-5 0.08175092 0.06479954 0.03640085 0.07791811 0.07185018 0.0177831 0.07392525 0.07359021 -0.003059148 0.07137441 0.07034021 -0.02000933 0.07040953 0.03495585 -0.06368547 0.06122964 0.04101192 0.05828404 0.08637416 0.07035702 0.00369817 0.07770687 0.03057712 -0.05062967 0.07730513 0.02668786 -0.05611646 0.07515025 0.03052371 -0.06122744 0.07043528 0.03071159 0.06533086 0.0866217 -0.0299043 0.06490117 0.08707892 -0.0298326 -0.02153474 0.08019101 -0.03044778 -0.02007383 0.08028995 -0.03046637 -0.02008301 0.08031797 -0.03049039 -0.02009356 0.080343 0.01178389 -0.06352233 0.07345306 0.01517421 -0.07036614 0.06316965 0.04851883 -0.05409348 0.06412112 0.06569075 -0.006377041 0.08022016 0.06030052 0.03861868 0.08297991 0.06505185 0.005804896 0.08239221 0.06978201 0.01597231 0.07916337 0.03798466 -0.05752211 0.07050323 0.0454908 -0.03848928 0.07863372 0.06145912 -0.02644354 0.07695525 0.06324267 -0.03577077 0.06816625 0.05080151 0.04722309 0.08584851 0.05490177 -0.04202783 0.07275444 0.02736574 0.05438852 0.08663719 0.03446578 0.05173695 0.08649307 -0.01256376 0.06981909 0.08811873 -0.03206139 0.05099242 0.08649933 -0.02769637 0.05646556 0.08676087</float_array>
          <technique_common>
            <accessor source="#shape1_001-mesh-positions-array" count="391" stride="3">
              <param name="X" type="float"/>
              <param name="Y" type="float"/>
              <param name="Z" type="float"/>
            </accessor>
          </technique_common>
        </source>
        <source id="shape1_001-mesh-normals">
          <float_array id="shape1_001-mesh-normals-array" count="2376">0.2155773 0.5740917 0.789902 0.09752511 0.7535344 0.6501345 0.3271531 0.7262662 0.6045728 -0.5228027 0.4183799 0.7427218 -0.5347796 -0.0423119 0.8439317 -0.5804637 -0.7886273 0.2028032 -0.06299829 -0.1998826 0.9777926 -0.09916883 -0.2382906 0.9661176 -0.3908214 -0.5885062 0.7077564 -0.1024255 -0.8804234 0.4629942 -0.04310286 -0.55677 0.8295477 -0.3676756 -0.2577505 0.8935209 -0.03844165 -0.5845603 0.8104392 -0.3350346 -0.5442404 0.7691256 -0.801985 -0.3129755 0.5087893 -0.2114048 -0.9147127 0.3443962 -0.4279736 0.4866901 0.7615585 -0.7675334 0.2754606 0.5788038 -0.6180567 -0.6067753 0.4998297 -0.4437333 0.4187684 0.7922965 -0.7356874 -0.2483083 0.6301643 -0.2668996 -0.3710835 0.8894165 -0.8470009 -0.12333 0.5170872 -0.5228824 0.1633416 0.8366084 -0.7060539 -0.2450346 0.6644141 -0.278971 -0.8344796 0.4752042 -0.6967713 -0.5294088 0.4839795 -0.6957731 -0.5296203 0.4851827 -0.8358297 -0.1081534 0.5382301 -0.4815581 0.157696 0.8621101 -0.1386496 -0.1186884 0.9832037 -0.1493483 -0.5180436 0.842215 -0.8185346 0.01891154 0.574146 -0.5584611 -0.05070161 0.8279798 -0.3888226 -0.3269985 0.8613297 -0.1506995 -0.514014 0.8444402 -0.422979 -0.7660993 0.483922 -0.93131 0.1700943 0.322071 -0.4029564 -0.6967514 0.5934338 -0.9619988 0.1893351 0.1967501 -0.6026663 -0.7897373 0.1144931 0.006848931 -0.9969968 0.07713967 -0.5944415 -0.7947602 0.1224559 -0.1691271 -0.9820849 0.08309811 -0.7850363 -0.6160188 0.06510525 -0.9269881 -0.3679437 0.07287311 -0.2301282 -0.9654996 0.1218669 -0.8354677 -0.5339662 0.1298997 -0.4092888 -0.9101254 0.06445497 -0.9857151 -0.1359003 0.09948366 -0.947842 -0.2930787 0.1253017 -0.9854196 -0.09146463 0.1434664 -0.9916743 0.1020848 0.07849121 -0.7448341 -0.1058686 0.6587974 -0.1775448 0.9573706 0.2278586 -0.08589416 0.9962657 -0.008783042 -0.785507 -0.6079329 -0.1157427 -0.8925085 0.4510046 -0.004832446 -0.8478322 0.521149 0.0979005 -0.7832152 0.6206341 0.03724867 -0.5868893 0.8095895 -0.01121407 -0.7415226 0.6619229 0.109556 -0.9782327 0.05553656 -0.1999418 -0.5364925 0.8293429 0.1560974 -0.4385879 0.8866841 0.1463968 -0.4955674 -0.8520777 -0.1684541 -0.3591986 0.9331071 -0.01695346 -0.9904807 0.1197609 -0.06786358 -0.5778793 -0.7897781 0.2056849 -0.01008111 -0.1547159 -0.9879077 0.1154367 -0.2938182 -0.9488652 -0.8597853 0.02141588 -0.5102064 -0.4440318 0.8812243 0.1621097 -0.9572532 -0.0270459 -0.287984 -0.356888 0.9269335 -0.1158678 -0.9590997 0.2723109 -0.07729548 -0.1312011 0.9911648 0.01946109 -0.9616189 0.2334641 0.1441649 -0.0851795 0.9825292 -0.1654719 -0.1844552 -0.912884 -0.3641691 -0.1667509 -0.9462694 -0.2770712 -0.7323859 0.5313722 -0.4257401 -0.4684707 -0.8633099 -0.1876999 -0.46144 -0.8498597 -0.2545816 -0.7731153 0.5545256 0.3078867 -0.7417864 -0.6580091 -0.1295261 -0.7273759 -0.6812375 0.08270269 -0.5346735 0.7659081 -0.357084 -0.8985872 -0.2363606 -0.3696954 -0.8800457 -0.1947629 -0.4331133 -0.5335009 0.7813239 -0.3238978 -0.9990609 0.02852123 -0.03261882 -0.8615915 0.254424 -0.4392364 -0.458528 0.8294461 -0.319016 -0.8777093 0.4459534 -0.1753627 -0.4147299 0.908834 -0.04494553 -0.3164839 0.9146715 -0.2514242 -0.7623329 0.5162382 -0.3903162 -0.11225 -0.9112591 -0.396241 -0.3153277 -0.9013673 -0.2968256 -0.3508342 -0.9337092 0.07143318 -0.5460113 -0.7304753 -0.4102165 -0.6609419 -0.7365722 -0.1435868 -0.6991767 -0.5734872 -0.4269245 -0.8613601 -0.4195231 -0.2864601 -0.1781081 0.9458153 0.2714976 -0.857041 -0.376195 -0.3520767 -0.7277827 0.6048232 0.3232975 -0.9377133 -0.3114212 -0.1539828 -0.931905 -0.3402144 0.1257275 -0.9528812 0.02954494 -0.3019016 -0.6473689 -0.546925 -0.5308358 -0.9962564 0.004521906 -0.08632999 0.4112271 -0.9105805 0.04165923 0.7124521 -0.6678909 -0.2152533 -0.9642812 -0.01452177 -0.2644827 -0.7104747 -0.6185109 0.3356636 0.278419 -0.9513529 -0.1319499 -0.9092559 -0.04105848 -0.4142076 -0.05946069 -0.8010897 0.5955835 0.38361 -0.8922716 0.2381065 -0.8214238 -0.5589711 0.113201 0.5602948 -0.8175479 -0.1329858 0.901162 -0.4026711 0.1605093 -0.9450848 0.1364325 0.2969867 -0.9801723 -0.1072284 0.1666267 0.2837346 -0.9511692 -0.1215397 0.5619463 -0.8257325 0.04880815 0.4488493 -0.8894423 -0.08617961 0.7755491 -0.5600094 0.2913988 -0.7336712 0.6775946 -0.05091398 -0.3060273 0.9166906 -0.2569547 0.7386621 0.6457825 -0.1932442 0.3463312 0.9380846 -0.007210671 0.07851976 0.975151 -0.2071603 -0.8390004 0.5400099 -0.06684064 -0.8623555 0.4909297 -0.1238182 0.9337054 -0.2693493 -0.2358926 0.9568852 0.2892981 -0.02602505 2.38501e-4 0.9973531 -0.07271057 0.0839411 0.8355389 -0.5429813 0.3440753 0.9380164 -0.04168307 0.6320213 0.7735904 -0.04590326 0.6653159 0.5479887 -0.5070141 0.9546707 0.2946795 0.04204738 0.9003559 -0.2383757 -0.3640555 0.9613724 -0.1848084 -0.2039829 0.4239434 0.1358897 -0.8954362 -0.6428318 -0.6240985 -0.4441491 0.6463797 0.7630143 -0.001627862 0.9974498 -0.0531854 -0.04759567 0.9301413 0.2602512 -0.2590494 0.7629128 -0.6023434 -0.2348328 0.8025154 -0.2718436 -0.5311027 -0.9483982 0.2486036 -0.1968176 -0.8862248 0.2634788 -0.381031 -0.9388844 0.2778376 -0.2032297 -0.007798969 -0.02148765 -0.9997387 0.6222437 0.6128026 -0.4871199 -0.8625153 0.3362594 -0.3781495 0.8958407 0.2786272 -0.346174 0.9033167 0.3862664 -0.1865944 0.01278382 0.08077108 -0.9966508 -2.6233e-4 0.08454316 -0.9964199 0.004345178 0.08322888 -0.996521 -0.001189827 0.07975965 -0.9968134 -0.001592576 0.08854609 -0.9960708 0.003983557 0.08155417 -0.996661 -0.001654267 0.08789145 -0.9961287 -0.00359261 0.08934199 -0.9959946 0.001564979 0.08772885 -0.9961432 -0.001597285 0.08807307 -0.9961128 -0.007856547 0.08240818 -0.9965678 -0.00232923 0.09234189 -0.9957246 -0.08978253 0.1751004 -0.9804484 0.2271627 0.234594 -0.9451786 0.006335735 -0.06269955 -0.9980124 0.1332468 -0.7113408 -0.6901012 -0.2506667 -0.9192791 -0.3034671 -0.1909453 0.9809598 -0.03546822 -0.3223396 0.9447402 -0.05969184 -0.9676932 -0.2089048 -0.1411688 -0.9878582 -0.07552456 0.1357656 -0.9228957 0.3368784 -0.1864849 -0.9203167 0.3581604 -0.1572845 -0.5749828 0.7527623 -0.320537 -0.5759938 0.7122634 -0.4011386 -0.215537 0.9761161 0.02722555 -0.3197249 -0.872963 -0.3683905 -0.2621622 -0.9468506 -0.1863999 -0.3867948 -0.1106138 -0.9155077 -0.8543866 -0.4930884 -0.1639735 -0.8091073 -0.4333636 -0.3969148 0.8122206 0.429431 0.394825 0.7759635 0.3986641 0.4888228 -0.5593397 -0.2293915 -0.7965669 -0.3676024 -0.116957 -0.9225993 0.4324204 0.421692 0.7969872 0.05306208 -0.0198177 -0.9983946 -0.3491243 -0.1669977 -0.922076 -0.6184626 -0.3099972 -0.7220844 -0.8587639 -0.4942742 -0.1349719 0.4235076 0.3582357 0.8320509 -0.3572386 -0.1458066 -0.9225623 -0.8625544 -0.4847151 -0.1450905 -0.8124371 -0.4276897 -0.3962668 0.8345077 0.4859412 0.2597273 0.7369963 0.6571452 0.1581034 -0.7128297 -0.3464469 -0.6097938 0.2849187 -0.9492065 -0.133523 0.2685091 -0.9473741 -0.174314 0.4990515 0.1199058 -0.8582367 0.9331036 -0.002933263 -0.359596 0.9962971 -0.004469633 -0.08586132 0.3440835 0.0622065 -0.9368762 0.5022541 0.04315871 -0.8636424 0.4166353 0.05373942 -0.9074839 0.3577125 0.05527836 -0.9321943 0.3965992 -0.01418453 -0.9178823 -0.3751625 -0.02435165 0.9266391 -0.9976803 0.005365848 -0.06786203 0.997227 -0.004656732 -0.07427573 0.9389666 -0.3343734 0.08084625 -0.352125 -0.909036 -0.2228488 0.2408919 0.8443892 -0.4785166 0.856184 0.5116977 -0.07151591 -0.2456215 0.2585363 -0.9342533 -0.3776581 0.9251129 -0.03925359 -0.8703693 0.4721413 -0.1397851 0.8635199 -0.4873654 -0.1296469 -0.652747 0.3124456 -0.6901443 -0.3419875 0.1101481 -0.9332267 -0.2986611 0.1367169 -0.9445158 -0.3246345 0.1482758 -0.9341449 0.4797422 -0.2097602 -0.8519673 -0.8519064 0.500509 -0.1540988 -0.5908029 0.4231879 -0.6869236 -0.7184172 -0.6704301 -0.185473 0.2014195 -0.4161872 -0.8866896 -0.9609369 -0.2484672 -0.1219198 -0.9116586 -0.2327877 -0.338657 -0.2713457 -0.8698158 -0.4120585 -0.09990626 -0.9949932 0.002684056 -0.1691874 -0.9853725 -0.02041393 -0.9970991 0.0541768 -0.05346453 -0.9901804 0.1325225 -0.0445038 0.8997222 -0.2077454 -0.3838515 0.9646241 -0.2244192 -0.1383348 0.9985099 -0.04840087 -0.02520948 0.9354726 0.3418648 -0.08955305 0.7365861 -0.3202522 -0.5957177 -0.9914114 -0.05235004 0.1198455 0.80289 -0.4317088 -0.4110901 0.6383851 -0.3048609 -0.7067704 0.8592728 -0.4998357 -0.1086947 0.8338598 -0.4890888 -0.2558709 0.6984031 -0.7051047 -0.1227217 0.05935323 0.0624516 -0.9962816 0.06747329 -0.02189767 -0.9974808 0.01685172 -0.1289043 -0.9915139 0.05036246 0.09982639 -0.9937295 -0.3808213 -0.3918771 -0.8375008 0.06357657 0.06245249 -0.9960209 -0.1044301 0.06703513 -0.9922705 0.1057903 -0.1283679 -0.986068 -0.8615908 -0.5049147 0.05217868 0.9764952 0.02586042 -0.2139823 0.1033306 0.1437475 -0.984205 -0.9550603 -0.2667978 -0.129146 0.3785125 0.8922039 -0.2463746 -0.8401153 0.328908 -0.431307 -0.8702114 0.464016 -0.1655936 -0.06514567 -0.9947223 0.07926911 -0.203714 -0.9236353 -0.3246514 -0.3860457 -0.9220195 0.02913641 0.3854029 -0.9143223 -0.1244161 0.3080991 -0.9512469 -0.01429539 0.1881985 -0.9375174 -0.2926476 0.90126 0.3784909 -0.2108916 -0.8971583 -0.2787804 -0.3426201 -0.7142701 -0.68189 -0.1576208 -0.9749818 -0.1917878 -0.1123748 -0.7540208 0.6541316 -0.05970543 -0.8542614 0.4993703 -0.1444534 -0.1501626 -0.9668648 -0.2064551 0.1013497 -0.9941734 -0.03671067 0.7584517 -0.5945359 -0.2669796 0.9490205 -0.309493 -0.05978506 -0.9544898 0.2544787 -0.1555308 -0.9583674 0.2471994 -0.1429139 -0.630463 -0.7761876 0.007031261 0.9154563 0.3415713 -0.2127646 0.03818762 -0.1174242 0.9923474 0.4338299 0.8798059 0.194251 0.4431617 0.8736836 -0.2007103 0.9905944 0.09752321 0.09597992 0.5169882 0.8256361 -0.225939 0.9321852 0.09591376 -0.3490436 0.9924865 -0.1222682 -0.004613637 0.7183796 0.6494462 0.2493 0.1107356 0.7830726 -0.6119926 0.862246 -0.1104853 -0.4942922 0.8529475 -0.380666 -0.3571751 0.884748 -0.3983947 -0.2418735 0.07848906 0.9590882 -0.2720101 0.7311341 -0.6807155 -0.04549217 0.6916061 -0.6166754 -0.3760218 0.6960614 0.6432564 -0.3189355 0.4663829 -0.8845828 -7.48808e-4 0.4467595 -0.8605203 -0.2447668 0.1845628 -0.9438861 -0.2738898 0.8849529 0.4599675 -0.07272052 0.8037554 0.4461556 -0.393602 -0.8126046 -0.5444715 -0.2079058 -0.760042 -0.6398255 -0.1138406 0.3629521 -0.8941804 -0.2621207 0.1832075 -0.9734019 -0.1375644 0.2926757 -0.9554405 0.03840112 0.04312074 0.001408338 -0.9990689 -0.9686532 0.03290474 -0.2462285 -0.009767651 0.09663414 -0.9952721 -0.0223813 0.09328651 -0.9953877 0.8705976 0.4838104 -0.08937203 0.7789339 0.5091564 -0.36609 0.7496502 -0.6616024 0.0175206 0.8810075 -0.3499891 -0.3183291 0.02785539 -0.006928443 -0.999588 0.007418096 0.001547515 -0.9999713 0.8957772 0.4054223 0.1822525 0.0140872 0.1054512 -0.9943248 -0.01987838 0.06985485 -0.9973592 0.6877049 0.6964146 -0.2051068 0.4579958 0.06430572 -0.8866255 -0.1372987 0.4542255 0.8802434 0.06194591 0.2752142 -0.9593851 0.1979665 0.1034466 -0.9747349 0.02949237 0.3313829 -0.9430354 -0.0128591 0.3113704 -0.9502016 0.02323937 0.3650035 -0.9307162 0.02526873 0.342925 -0.939023 -0.3308333 0.1156995 -0.9365699 0.08305358 -0.9751632 0.2053268 -0.1173083 0.2962383 -0.9478828 -0.02342224 0.3652137 -0.930629 -0.1277084 0.189352 -0.9735689 0.2612561 0.1853003 -0.9473168 0.2916274 -0.8267657 -0.4810529 -0.03055673 0.2831338 -0.9585936 -0.0192545 0.03426581 -0.9992274 0.5264779 0.518324 -0.6739149 -0.1284365 0.9757543 -0.1772223 -0.005079746 0.06771814 -0.9976916 -0.05518585 0.09713894 -0.9937397 -5.08095e-5 0.08648979 -0.9962527 -0.8540719 -0.5025074 -0.1343414 -0.6956477 -0.5970124 -0.3995629 0.6324635 -0.2999307 -0.7141649 0.2261683 -0.1144902 -0.9673365 0.650709 0.03414487 -0.7585591 0.4916772 0.01500904 -0.8706483 -0.05051964 0.09058052 -0.994607 -0.02236342 0.08388328 -0.9962247 0.04572039 0.01335567 -0.9988651 -0.001706302 0.08759766 -0.9961545 -0.009093582 0.09139937 -0.9957728 0.9766771 0.2139208 0.01843696 0.1190014 0.1839771 -0.9757003 -0.006260871 0.0894339 -0.9959732 -0.01012885 0.03845453 -0.9992091 -0.02594023 0.08462315 -0.9960753 0.004476666 0.09537398 -0.9954315 0.567839 0.8230944 -0.008628666 -0.4864765 0.8726856 -0.04195791 0.05289709 0.3710256 -0.9271149 -0.06092047 0.3017162 -0.9514495 -0.02320986 0.2939917 -0.9555262 0.01781988 0.2960586 -0.9550036 0.7914151 -0.5696584 -0.2217013 0.7953537 -0.5666279 -0.2152795 -0.1866385 0.01156622 -0.9823606 -0.4499813 -0.02864581 -0.8925786 0.001445472 -0.006337285 -0.9999789 -0.5419391 -0.4588585 -0.7040959 -0.3281675 -0.1113838 -0.9380297 0.1897103 0.7014253 -0.6870317 0.02694433 0.8756 -0.4822849 0.02710431 0.8759431 -0.4816526 0.06849592 0.3112109 -0.9478693 0.0621795 0.7020072 -0.7094503 0.1065337 0.6583682 -0.7451187 0.9758437 -0.2177054 0.01825988 -0.001696884 -0.9727472 -0.2318621 0.002088427 0.08373981 -0.9964855 0.01794916 0.02742713 -0.9994627 0.002662956 0.08603072 -0.996289 1.95065e-6 0.07946717 -0.9968375 0.01290661 0.09106969 -0.995761 -0.180187 0.680907 -0.709858 -0.01506221 0.8644329 -0.5025227 -0.05290925 0.6849736 -0.7266442 -0.1024932 0.6383908 -0.762858 -0.02781802 0.2188993 -0.9753509 -0.02284866 0.05004012 -0.9984859 0.02395933 0.2800875 -0.9596755 -0.3864725 0.2379041 -0.8910896 -0.01459068 0.2882876 -0.9574328 -0.0327208 0.3329786 -0.9423665 0.006358563 0.2586246 -0.965957 0.006815016 0.2327518 -0.9725123 0.014265 0.3266641 -0.9450329 -0.01640945 0.3280771 -0.9445084 0.02348428 0.310372 -0.9503251 -0.02494412 0.3391166 -0.9404136 -0.02550727 0.2684191 -0.9629645 0.02545887 0.3075048 -0.951206 -0.007285714 0.273224 -0.9619229 -0.3370095 0.3214158 -0.8849388 0.8982611 -0.4390778 -0.01837712 -0.09153109 0.3167912 -0.9440686 0.01815855 0.3737401 -0.9273557 -0.1584359 -0.1325674 -0.9784294 0.03468036 -0.1996923 -0.9792448 -0.1730942 0.048666 -0.9837022 0.1521637 -0.08141273 -0.9849966 0.1496524 0.01984512 -0.9885395 0.02650624 -0.9298238 -0.3670493 -0.006253838 -0.9842426 -0.1767129 0.6147684 0.3048651 -0.7274044 0.1427881 0.2296556 -0.9627408 0.1654546 0.2971519 -0.9403859 0.05904847 0.1231261 -0.9906328 0.7009789 0.2795554 -0.6561077 0.5136451 0.4634525 -0.7220668 0.1920584 0.1325045 -0.9723971 0.3467354 0.5976305 -0.7229194 0.4585162 0.6028786 -0.6529169 0.6128361 0.4485229 -0.6505838 0.002177596 0.3182253 -0.9480127 0.002300381 0.9902743 -0.1391097 0.004742026 0.9881814 -0.153216 -0.02204757 0.9669769 -0.2539088 -0.006782889 0.9862602 -0.1650598 -0.6911884 0.7220257 0.03061956 -0.2140588 0.0660898 -0.9745824 -0.3236384 -0.5698171 0.7553586 0.7610763 -0.5468063 -0.3489495 -0.8053373 0.05030548 -0.5906788 0.02284771 0.2143387 -0.9764922 -0.215707 0.3766398 -0.9008957 -0.6097778 0.5472215 -0.5733409 -0.5547423 0.2790302 -0.7838387 -0.4792368 0.5866038 -0.6528615 -0.4564139 0.2983494 -0.8382564 -0.5095686 0.6927981 -0.5102653 -0.3339068 0.2683262 -0.903608 -0.264773 0.397383 -0.878625 -0.4556289 0.5759356 -0.6787492 0.007487773 -0.9840517 -0.1777251 -0.17603 -0.1301203 -0.975747 0.2246676 0.126533 -0.9661852 -0.4558221 -0.8641225 -0.2133513 0.4388688 0.1518855 -0.8856213 0.02527946 0.2100645 -0.9773607 -0.1346656 -0.1217126 -0.9833877 -0.1420059 0.2657451 -0.9535271 -0.171618 0.1834957 -0.9679239 0.05461692 0.1933125 -0.9796159 0.138511 0.9897725 -0.03413361 -0.8879919 -0.4536664 -0.07521516 0.5494192 -0.8051615 -0.2232792 0.2410557 -0.894457 -0.3766151 0.8875646 -0.4092479 -0.2115308 0.6511793 -0.7477306 0.129863 0.9754264 0.2102037 -0.06601399 0.658623 0.7452622 -0.1039234 0.9623652 -0.1983556 -0.1857638 0.9039959 -0.4203929 -0.07785403 0.2883217 0.953046 -0.09259611 0.5184676 0.8524076 -0.0677697 0.9678322 0.2368245 -0.08494168 0.2657604 0.9576796 -0.1105498 0.8422437 -0.5072559 -0.1825293 0.1626912 0.9813753 -0.1021478 0.09929513 0.9914631 -0.08450675 0.8464076 0.5234164 -0.09813064 0.7186799 -0.6949871 0.02218729 0.6034623 0.7911303 -0.09973084 0.9900434 0.06011754 -0.127279 0.8430296 0.528099 -0.1020427 0.6722869 -0.7287324 -0.130306 0.3312346 0.9366174 -0.1141551 0.6746475 0.7321105 -0.09415537 0.9929712 -0.09883439 -0.06511586 0.137457 0.9860763 -0.09359014 0.8358008 0.5298268 -0.1439468 0.8061907 0.560936 -0.1881689 -0.1467436 0.9642009 -0.2208693 -0.8122206 0.5490391 -0.1971133 -0.3140006 0.9419174 -0.1191442 -0.1682103 0.982392 -0.08130991 -0.9267181 -0.3383355 -0.1634715 -0.6016082 0.7908669 -0.1122379 -0.1799515 0.9806661 -0.07688629 -0.8428287 0.5291092 -0.09840434 -0.6500481 -0.7569917 -0.0663408 -0.5799442 -0.8094895 -0.09160512 -0.9364427 0.3301368 -0.1186802 -0.9800397 -0.1562952 -0.1228582 -0.6830097 -0.7206789 -0.1188266 -0.99594 0.03607726 -0.08247399 -0.994051 0.01335638 -0.1080934 -0.4103367 0.9068566 -0.09609943 -0.7711877 -0.6315227 -0.08030408 -0.8388099 -0.5011648 -0.2126777 -0.9279532 0.3483347 -0.1325361 -0.805424 0.5789102 -0.1271036 -0.6654272 0.7431225 -0.07053893 -0.592445 0.7975946 -0.1133664 -0.959515 -0.2762991 -0.05467993 -0.2910938 0.955177 -0.0538643 -0.9316812 -0.361372 -0.03715652 -0.8966138 -0.4209414 -0.1374486 -0.242469 0.1436247 -0.959469 -0.8139805 0.5794805 -0.04047572 -0.8494886 0.5060481 -0.1492802 -0.5002188 -0.8017402 -0.3270991 0.8411656 -0.4413231 -0.3125295 0.9121916 -0.3833159 -0.144829 -0.3198277 0.9341893 -0.1581164 -0.006565213 0.945683 -0.3250241 0.574478 0.7482612 -0.3317834 0.7998116 -0.5603453 -0.2152086 0.7929655 -0.549886 -0.2623568 0.607084 -0.7778902 -0.1622836 0.5887961 -0.7443084 -0.3151574 0.2589904 -0.9654683 -0.0281949 0.2220565 -0.9657457 0.1342614 0.7143817 0.5974574 -0.364285 -0.002237915 -0.8944377 -0.447187 0.8928826 0.3605712 0.2697202 -0.2979413 0.8532382 -0.428037 0.9021161 0.2734822 -0.3337576 0.2434145 0.9263559 -0.287427 0.9964258 0.07291162 0.04265761 0.3300055 0.9430083 0.0428 0.9384617 -0.04516059 -0.3424183 0.9690566 -0.1756294 -0.1734465 0.9716602 -0.1725354 -0.1615796 0.9446552 -0.3275721 -0.0179761 0.9188677 -0.3759708 -0.1197007 0.9195595 -0.3903941 0.04475444 0.6336327 0.7682814 0.09084719 0.8282342 0.5306299 -0.1801669 0.8142501 0.5677716 -0.1209645 -0.9192084 -0.2885059 -0.2679929 0.09773999 0.1711115 -0.9803916 0.2813764 -0.2224792 0.9334508 -0.3484751 -0.07122391 -0.9346082 -0.06666755 -0.002175271 -0.9977729 0.0848658 0.01783818 -0.9962328 4.60414e-4 -0.01251512 -0.9999216 -0.198342 -0.003022253 -0.9801282 -0.005408704 0.04467988 -0.9989868 -0.02620416 0.05341285 -0.9982287 -0.005487561 0.055776 -0.9984283 0.02283948 0.07923674 -0.9965942 -0.4078 -0.8446745 -0.3467335 -0.0492531 -0.03112357 -0.9983013 -0.0101366 -0.0743488 -0.9971808 0.1391677 0.1470384 -0.9792917 -6.81411e-4 -0.03554785 -0.9993678 0.04641544 -0.03182309 -0.9984152 0.7406946 0.6426846 -0.1957756 -0.143911 0.378161 -0.9144856 0.0296269 0.3508059 -0.9359795 0.02692306 0.2764687 -0.9606457 -0.1174666 0.3487058 -0.9298419 0.01224195 0.2588912 -0.9658289 0.01326322 0.2534539 -0.9672566 -0.07179141 0.3221569 -0.9439603 -0.00820887 0.3406776 -0.9401444 -0.1253204 0.2826879 -0.9509903 -0.006374895 0.3060467 -0.9519951 -0.02934479 0.3124908 -0.9494675 0.04732072 0.3158236 -0.9476373 -0.05498915 0.2332432 -0.9708625 0.0960868 0.3041039 -0.9477806 -0.008383452 0.3212229 -0.9469665 -0.3093066 0.07696932 -0.9478424 0.1084074 0.2656456 -0.9579564 0.01084882 0.3173262 -0.9482544 0.4329123 -0.7916197 -0.4311906 -0.6348283 -0.6673843 -0.3893474 -0.02417415 0.03091388 -0.9992297 0.07914721 0.0527985 -0.9954638 0.324147 0.02246397 -0.94574 0.003757178 -0.004682183 -0.9999821 0.007205367 -0.001546621 -0.9999729 -8.44078e-4 -0.01022851 -0.9999474 0.03470361 -0.001759827 -0.9993962 0.007551491 -0.01491266 -0.9998603 -0.02244055 -0.01092064 -0.9996885 0.001933515 0.003295421 -0.9999928 0.01486295 0.003423929 -0.9998838 -0.008037567 1.51774e-4 -0.9999678 0.006419897 -0.0141564 -0.9998792 -0.006531953 0.01490914 -0.9998676 -0.02111095 -0.002486944 0.9997741 -0.006173193 -0.1236191 0.9923105 0.0021649 -0.08739024 0.9961718 0.5793673 0.7825115 -0.2280556 0.3380261 0.9400049 -0.04614335 -0.9767199 -0.1768341 -0.1214413 -0.846236 0.3491726 0.4024466 0.09984135 -0.1142861 0.9884181 -0.07575047 0.01652705 0.9969899 0.02991718 -0.09171497 0.9953358 0.6718223 0.7400211 0.03199553 0.3624225 0.9211252 -0.142051 0.2899029 0.9450344 -0.1512166 -0.2366279 0.9397175 0.246857 -0.8880562 -0.4556571 0.06109642 0.7569352 0.6522665 -0.03996956 0.4564589 0.7500352 -0.4786363 -0.8851989 0.4169217 -0.206396 0.957631 -0.1884216 0.2178078 -0.009778678 0.9917274 -0.1279889 0.5020483 0.7308086 -0.4624569 0.802284 0.5628887 0.1987379 0.8430961 0.5375664 -0.01453953 0.7779473 -0.5991201 0.1893501 0.8968963 0.4383611 0.05845254 0.8904562 0.4209755 -0.1728222 0.6377786 -0.7661377 -0.07919299 0.6250857 -0.7787325 -0.05332654 0.9780013 0.1700752 -0.1207804 0.971304 0.2378292 0.002453982 0.5358811 -0.8247922 -0.1804146 0.1156548 0.9813212 0.1537296 0.1745533 0.9834329 -0.04889738 0.4306535 -0.8950365 0.1159622 0.9958305 0.007745206 0.0908932 0.3763905 0.9165562 0.1351106 0.9972262 -0.06536793 -0.03559523 0.4391462 0.8982396 -0.01779127 0.1874707 -0.9652929 0.1818366 0.09879809 -0.98563 -0.1370128 0.5200505 0.8472023 0.1086089 0.6119925 0.777866 0.1427925 0.6587494 0.7521206 0.01907676 0.5161935 0.8403612 0.1653404 0.3225862 0.9460104 0.03166121 -0.9047881 -0.3756673 0.2005808 -0.9723618 -0.0511201 0.2278143 -0.4565091 -0.8315963 0.3163024 -0.1865836 -0.9770845 0.1024332 0.6389181 -0.7240078 0.2599933 0.07418 0.1086743 0.9913059 0.07273632 0.102293 0.9920915 -0.1653234 0.4884045 0.8568134 -0.007076382 -0.008880972 0.9999356 -0.01437526 -0.0143873 0.9997932 0.01587462 -0.02179789 0.9996364 0.03189104 0.02978259 0.9990475 0.07681053 -0.04357391 0.9960932 0.2058396 -0.02661925 0.9782237 0.03672069 0.1174368 0.9924013 0.0668919 -0.07272964 0.9951061 0.8305502 -0.09731113 0.5483768 -0.2125503 -0.9476112 0.2384436 0.361382 -0.8332935 0.41836 0.759347 -0.6181062 0.2033147 0.02986299 -0.07839959 0.9964746 0.03430551 -0.02973371 0.998969 0.007413148 -0.06335186 0.9979638 0.8339015 0.1313335 0.5360594 -0.4908639 0.4535353 0.7438806 0.05835747 0.04136538 0.9974384 0.130733 -0.08786809 0.9875161 -0.06549543 0.02467781 0.9975478 0.7020773 -0.2137132 0.6792748 0.1711569 0.04516118 0.9842082 -0.02092534 0.0283817 0.9993782 -5.57829e-4 0.02538025 0.9996777 -0.7129712 -0.211813 0.6684364 0.5930453 0.4353781 0.6773059 0.6441779 0.06549853 0.7620661 -0.8011956 -0.4809613 0.3560363 -0.6407998 0.5771265 0.5062616 -0.2043236 -0.8050525 0.5569043 -0.5283633 0.7946614 0.2989074 0.7880192 -0.6102623 0.08127593 0.09258538 -0.9893319 0.1124746 0.8001074 0.5733233 0.1764333 0.8933692 0.4485576 0.02622425 0.9164027 0.1385249 0.3755223 0.9349897 0.3546648 -0.00269407 0.9977911 0.01895767 0.06366825 0.5954173 -0.7957852 0.1104724 0.9838833 0.06159794 0.1678677 0.9738085 -0.195196 0.1165999 0.4396308 -0.8955754 0.06833428 0.9742917 -0.1933894 0.1155701 0.5661794 -0.8213858 0.0690394 0.928344 -0.3639979 0.0753864 0.1963833 -0.976903 0.0842269 0.3284476 -0.936188 0.1251966 0.7915687 -0.604256 0.091071 0.9003776 -0.4210599 0.1096761 0.7600297 -0.6380299 0.123583 0.1282357 -0.8421038 0.5238482 0.003884196 0.4324862 0.9016322 0.7856059 0.6099484 0.1038578 -0.5285921 -0.5945186 0.6059193 0.3046871 0.3842131 0.8715195 0.7729139 -0.1875515 0.606159 0.3654407 -0.6733216 -0.6427217 0.1871882 0.2390601 0.9527912 -0.6207646 -0.1285564 0.7733851 0.1256963 0.2547048 0.9588148 -0.3331512 0.9389426 0.08600741 0.6179872 0.203404 0.75942 0.6087723 0.2263643 0.7603654 0.6451808 0.2461566 0.7232903 0.8093376 0.1137757 0.5762184 0.7013586 0.08257156 0.70801 -0.0482943 0.06223547 -0.9968925 0.3798107 -0.3863756 0.8405104 0.1908547 -0.7870027 0.5866868 0.5652247 0.5378646 0.6254781 0.1123325 -0.4312199 0.8952268 0.7751412 0.2250417 0.5903493 0.8722097 0.2387542 0.4269038 0.3123198 0.0282166 0.949558 0.1317359 -0.131407 0.9825364 0.5345284 -0.6602664 0.5275678 0.4015812 -0.545356 0.7357441 0.4811778 0.05400323 0.874958 0.6867151 -0.2555382 0.6805312 0.7139739 -0.4030026 0.5725646 0.3483653 -0.444593 0.8252144 0.04348355 -0.8953548 0.4432258 0.1057247 -0.8113965 0.5748548 0.563966 0.4667693 0.681226 0.7467841 0.4909655 0.4486274 0.04797494 -0.3495047 0.9357057 0.9259387 0.03124147 0.3763796 0.6027368 0.444477 0.662683 0.2506302 -0.4041529 0.8796846 0.2558261 -0.2075699 0.9441757 0.4825578 -0.7938708 0.3700097 0.8844475 -0.01391768 0.4664322 0.4022799 -0.8175804 0.411987 0.6473225 -0.05984401 0.7598634 0.6635708 -0.4419213 0.6036386 0.3288199 -0.860921 0.3881917 0.1982644 -0.5800583 0.7900782 0.7613542 -0.2103983 0.6132474 0.7690027 -0.1823271 0.6126924 0.67953 -0.6293118 0.377102 0.7627907 -0.1856228 0.6194308 -0.5015254 0.5140919 0.6958319 0.2392498 0.5990937 0.7640984 -0.2031013 0.5439893 0.8141409 -0.1418548 0.6843298 0.7152412 -0.02076739 0.52564 0.8504537 0.003272354 0.5280665 0.8491968 -0.6938859 0.5301126 0.4873428 -0.6054168 -0.7908068 0.08997339 -0.01866906 -0.06608414 0.9976395 -0.007260382 -0.08747494 0.9961404 -0.005182921 -0.1024885 0.9947208 0.03481966 -0.01666861 0.9992547 0.001823663 -0.0922687 0.9957326 0.01271748 -0.09608966 0.9952915 -0.009583771 -0.0798605 0.9967601 0.00164622 -0.08148157 0.9966735 0.009920358 -0.1162597 0.9931693 -0.007199585 -0.07834243 0.9969005 0.07000279 -0.01999211 0.9973465 0.003154695 -0.08756816 0.9961535 -0.009131073 -0.07634323 0.9970398 -0.0389049 -0.1376717 0.9897136 7.45691e-5 -0.08313399 0.9965385 -0.007112681 -0.08734488 0.9961528 0.00173372 -0.0874831 0.9961646 0.00309503 -0.08754986 0.9961553 0.001325607 -0.09589231 0.9953908 0.01073932 -0.09048962 0.9958395 -0.1580409 0.07900911 0.9842665 -0.04576265 -0.0495947 0.9977205 -0.01687151 -0.0777142 0.996833</float_array>
          <technique_common>
            <accessor source="#shape1_001-mesh-normals-array" count="792" stride="3">
              <param name="X" type="float"/>
              <param name="Y" type="float"/>
              <param name="Z" type="float"/>
            </accessor>
          </technique_common>
        </source>
        <vertices id="shape1_001-mesh-vertices">
          <input semantic="POSITION" source="#shape1_001-mesh-positions"/>
        </vertices>
        <triangles material="SWMaterial-1-material" count="792">
          <input semantic="VERTEX" source="#shape1_001-mesh-vertices" offset="0"/>
          <input semantic="NORMAL" source="#shape1_001-mesh-normals" offset="1"/>
          <p>367 0 0 0 1 0 1 1 0 1 338 1 367 2 350 2 0 2 7 3 3 3 24 3 13 4 5 4 4 4 6 5 10 5 18 5 19 6 28 6 12 6 354 7 28 7 19 7 15 8 6 8 355 8 16 9 8 9 9 9 16 10 9 10 373 10 20 11 17 11 19 11 16 12 373 12 12 12 15 13 355 13 354 13 14 14 2 14 17 14 18 15 8 15 16 15 22 16 21 16 3 16 24 17 11 17 5 17 15 18 10 18 6 18 22 19 3 19 7 19 25 20 14 20 17 20 19 21 15 21 354 21 25 22 23 22 14 22 13 23 24 23 5 23 20 24 25 24 17 24 26 25 18 25 16 25 17 26 10 26 15 26 17 27 2 27 10 27 25 28 29 28 23 28 7 29 24 29 13 29 27 30 20 30 19 30 12 31 26 31 16 31 5 32 23 32 29 32 5 33 29 33 4 33 19 34 17 34 15 34 28 35 26 35 12 35 26 36 6 36 18 36 11 37 23 37 5 37 355 38 6 38 26 38 34 39 23 39 11 39 35 40 39 40 10 40 299 41 336 41 8 41 39 42 18 42 10 42 31 43 299 43 8 43 36 44 35 44 10 44 2 45 37 45 36 45 18 46 31 46 8 46 36 47 10 47 2 47 39 48 31 48 18 48 32 49 37 49 14 49 37 50 2 50 14 50 23 51 32 51 14 51 23 52 34 52 32 52 33 53 324 53 27 53 338 54 40 54 41 54 40 55 338 55 51 55 35 56 36 56 38 56 11 57 305 57 34 57 24 58 305 58 11 58 294 59 305 59 24 59 295 60 294 60 3 60 3 61 294 61 24 61 32 62 300 62 37 62 352 63 295 63 3 63 41 64 295 64 352 64 38 65 31 65 39 65 40 66 295 66 41 66 34 67 300 67 32 67 35 68 38 68 39 68 86 69 45 69 99 69 61 70 99 70 45 70 60 71 285 71 221 71 46 72 57 72 48 72 47 73 285 73 60 73 49 74 46 74 48 74 219 75 285 75 47 75 49 76 48 76 297 76 50 77 219 77 47 77 283 78 49 78 297 78 53 79 199 79 51 79 53 80 52 80 199 80 56 81 219 81 50 81 53 82 55 82 52 82 54 83 55 83 53 83 56 84 50 84 57 84 58 85 55 85 54 85 59 86 58 86 54 86 57 87 46 87 56 87 58 88 59 88 60 88 60 89 221 89 58 89 68 90 62 90 63 90 266 91 74 91 226 91 265 92 266 92 226 92 62 93 258 93 63 93 226 94 64 94 265 94 258 95 62 95 65 95 258 96 65 96 73 96 68 97 265 97 64 97 224 98 66 98 243 98 243 99 66 99 244 99 66 100 67 100 244 100 245 101 244 101 67 101 67 102 223 102 245 102 245 103 223 103 69 103 69 104 223 104 70 104 65 105 199 105 73 105 69 106 70 106 71 106 64 107 62 107 68 107 72 108 71 108 70 108 72 109 70 109 74 109 72 110 74 110 266 110 82 111 113 111 83 111 319 112 339 112 84 112 318 113 319 113 84 113 318 114 84 114 340 114 293 115 349 115 85 115 314 116 293 116 85 116 314 117 85 117 30 117 86 118 337 118 42 118 45 119 86 119 42 119 45 120 42 120 43 120 88 121 313 121 87 121 88 122 87 122 345 122 89 123 88 123 345 123 90 124 312 124 324 124 90 125 324 125 33 125 309 126 90 126 91 126 90 127 33 127 91 127 287 128 92 128 321 128 308 129 287 129 321 129 93 130 228 130 187 130 286 131 93 131 187 131 95 132 209 132 96 132 176 133 97 133 99 133 176 134 99 134 100 134 98 135 100 135 61 135 98 136 177 136 100 136 212 137 251 137 121 137 101 138 212 138 121 138 102 139 183 139 184 139 126 140 123 140 81 140 126 141 81 141 80 141 126 142 80 142 79 142 127 143 126 143 79 143 127 144 79 144 78 144 127 145 78 145 118 145 104 146 127 146 118 146 104 147 112 147 111 147 82 148 105 148 113 148 107 149 109 149 120 149 120 150 108 150 107 150 112 151 104 151 118 151 111 152 112 152 115 152 111 153 115 153 116 153 113 154 114 154 83 154 82 155 110 155 105 155 82 156 119 156 110 156 132 157 108 157 103 157 183 158 122 158 121 158 114 159 155 159 83 159 128 160 111 160 130 160 111 161 116 161 130 161 111 162 128 162 157 162 125 163 126 163 127 163 129 164 111 164 157 164 124 165 125 165 127 165 105 166 110 166 104 166 113 167 105 167 104 167 124 168 127 168 104 168 129 169 113 169 104 169 111 170 129 170 104 170 110 171 124 171 104 171 114 172 113 172 129 172 125 173 123 173 126 173 122 174 158 174 80 174 118 175 117 175 112 175 115 176 117 176 131 176 190 177 82 177 109 177 190 178 191 178 82 178 120 179 106 179 103 179 120 180 103 180 108 180 124 181 110 181 119 181 124 182 119 182 77 182 125 183 124 183 77 183 125 184 77 184 76 184 123 185 125 185 76 185 123 186 76 186 75 186 123 187 75 187 81 187 134 188 80 188 81 188 133 189 134 189 81 189 137 190 136 190 135 190 138 191 135 191 177 191 138 192 174 192 135 192 174 193 145 193 144 193 140 194 137 194 135 194 140 195 135 195 146 195 140 196 136 196 137 196 140 197 146 197 174 197 174 198 177 198 75 198 141 199 136 199 140 199 142 200 140 200 174 200 143 201 138 201 177 201 136 202 142 202 174 202 136 203 140 203 142 203 144 204 138 204 143 204 174 205 138 205 144 205 174 206 143 206 177 206 174 207 144 207 143 207 146 208 135 208 174 208 75 209 154 209 148 209 139 210 154 210 75 210 147 211 179 211 180 211 147 212 148 212 153 212 147 213 154 213 179 213 149 214 180 214 148 214 150 215 148 215 147 215 150 216 149 216 148 216 150 217 180 217 149 217 150 218 147 218 180 218 151 219 180 219 150 219 153 220 152 220 148 220 153 221 148 221 154 221 153 222 154 222 147 222 227 223 156 223 155 223 101 224 121 224 170 224 122 225 170 225 121 225 161 226 158 226 122 226 102 227 122 227 183 227 173 228 164 228 159 228 160 229 164 229 173 229 173 230 161 230 164 230 162 231 158 231 161 231 162 232 173 232 158 232 173 233 162 233 161 233 163 234 162 234 173 234 164 235 122 235 159 235 161 236 122 236 164 236 173 237 159 237 186 237 115 238 112 238 117 238 117 239 118 239 165 239 117 240 165 240 167 240 117 241 167 241 131 241 132 242 190 242 108 242 132 243 192 243 190 243 107 244 108 244 190 244 107 245 190 245 109 245 189 246 82 246 191 246 119 247 82 247 189 247 168 248 192 248 132 248 168 249 132 249 103 249 120 250 109 250 250 250 179 251 133 251 81 251 169 252 170 252 134 252 101 253 169 253 134 253 80 254 134 254 170 254 122 255 80 255 170 255 171 256 76 256 175 256 80 257 173 257 79 257 158 258 173 258 80 258 81 259 75 259 148 259 180 260 81 260 148 260 75 261 136 261 174 261 136 262 75 262 171 262 135 263 136 263 171 263 171 264 75 264 76 264 75 265 177 265 139 265 178 266 179 266 154 266 179 267 81 267 180 267 177 268 135 268 100 268 135 269 176 269 100 269 156 270 83 270 155 270 156 271 96 271 83 271 181 272 227 272 129 272 129 273 227 273 114 273 227 274 155 274 114 274 128 275 130 275 157 275 130 276 181 276 157 276 157 277 181 277 129 277 228 278 130 278 116 278 186 279 78 279 79 279 186 280 79 280 173 280 186 281 182 281 78 281 184 282 229 282 185 282 122 283 102 283 159 283 131 284 94 284 187 284 115 285 131 285 187 285 115 286 187 286 228 286 116 287 115 287 228 287 165 288 118 288 78 288 165 289 78 289 188 289 166 290 131 290 167 290 189 291 172 291 119 291 168 292 190 292 192 292 195 293 200 293 193 293 195 294 193 294 196 294 221 295 197 295 194 295 198 296 196 296 193 296 194 297 197 297 201 297 197 298 219 298 201 298 193 299 220 299 198 299 73 300 199 300 200 300 201 301 219 301 202 301 204 302 202 302 203 302 203 303 202 303 219 303 73 304 200 304 195 304 203 305 206 305 204 305 204 306 206 306 205 306 198 307 220 307 241 307 206 308 208 308 205 308 205 309 208 309 207 309 207 310 208 310 224 310 241 311 220 311 221 311 241 312 221 312 194 312 83 313 96 313 209 313 82 314 83 314 209 314 109 315 209 315 210 315 109 316 82 316 209 316 168 317 106 317 103 317 106 318 120 318 250 318 211 319 133 319 179 319 133 320 211 320 134 320 211 321 101 321 134 321 135 322 171 322 175 322 135 323 175 323 176 323 217 324 175 324 76 324 217 325 76 325 172 325 119 326 172 326 77 326 172 327 76 327 77 327 256 328 61 328 98 328 178 329 154 329 177 329 154 330 139 330 177 330 97 331 257 331 99 331 203 332 219 332 56 332 65 333 225 333 199 333 203 334 56 334 206 334 206 335 56 335 46 335 285 336 197 336 221 336 193 337 200 337 52 337 193 338 52 338 55 338 220 339 193 339 55 339 70 340 223 340 282 340 224 341 208 341 66 341 70 342 282 342 74 342 65 343 62 343 225 343 67 344 222 344 223 344 290 345 210 345 196 345 130 346 258 346 181 346 156 347 227 347 195 347 227 348 181 348 195 348 258 349 130 349 228 349 229 350 184 350 183 350 182 351 186 351 231 351 186 352 159 352 102 352 231 353 186 353 102 353 131 354 63 354 94 354 63 355 131 355 166 355 235 356 233 356 234 356 235 357 234 357 166 357 237 358 236 358 233 358 237 359 233 359 235 359 238 360 237 360 235 360 165 361 188 361 167 361 235 362 166 362 167 362 188 363 238 363 167 363 238 364 235 364 167 364 189 365 239 365 172 365 191 366 190 366 246 366 189 367 191 367 246 367 240 368 189 368 246 368 190 369 168 369 246 369 240 370 239 370 189 370 215 371 213 371 224 371 224 372 213 372 214 372 241 373 196 373 198 373 242 374 241 374 194 374 156 375 195 375 196 375 181 376 258 376 73 376 109 377 290 377 270 377 290 378 109 378 210 378 168 379 247 379 246 379 247 380 249 380 246 380 106 381 250 381 168 381 168 382 250 382 248 382 168 383 248 383 247 383 212 384 253 384 251 384 179 385 214 385 253 385 214 386 215 386 253 386 211 387 212 387 101 387 211 388 179 388 253 388 211 389 253 389 212 389 172 390 218 390 217 390 216 391 254 391 218 391 272 392 176 392 175 392 254 393 275 393 217 393 254 394 217 394 218 394 175 395 217 395 272 395 217 396 275 396 272 396 98 397 256 397 255 397 255 398 214 398 179 398 255 399 179 399 178 399 98 400 255 400 178 400 177 401 98 401 178 401 100 402 99 402 61 402 206 403 46 403 208 403 74 404 282 404 281 404 52 405 200 405 199 405 74 406 281 406 226 406 208 407 49 407 66 407 66 408 49 408 283 408 285 409 219 409 197 409 64 410 226 410 279 410 225 411 62 411 284 411 64 412 279 412 284 412 66 413 222 413 67 413 62 414 64 414 284 414 73 415 195 415 181 415 201 416 242 416 194 416 265 417 68 417 267 417 71 418 72 418 266 418 232 419 252 419 251 419 183 420 121 420 287 420 229 421 183 421 287 421 287 422 121 422 251 422 229 423 287 423 185 423 287 424 232 424 185 424 230 425 182 425 231 425 230 426 78 426 182 426 262 427 263 427 260 427 102 428 261 428 262 428 184 429 261 429 102 429 231 430 102 430 262 430 260 431 263 431 264 431 261 432 259 432 262 432 262 433 260 433 231 433 184 434 185 434 261 434 185 435 259 435 261 435 259 436 263 436 262 436 63 437 267 437 68 437 230 438 238 438 188 438 230 439 188 439 78 439 216 440 239 440 240 440 216 441 172 441 239 441 268 442 240 442 246 442 269 443 290 443 196 443 269 444 196 444 241 444 250 445 109 445 270 445 291 446 246 446 249 446 215 447 214 447 213 447 272 448 97 448 176 448 273 449 276 449 271 449 275 450 274 450 276 450 273 451 271 451 277 451 275 452 276 452 273 452 277 453 271 453 257 453 275 454 273 454 272 454 273 455 97 455 272 455 273 456 277 456 97 456 216 457 218 457 172 457 99 458 257 458 86 458 61 459 45 459 256 459 196 460 292 460 156 460 303 461 279 461 226 461 280 462 199 462 225 462 283 463 222 463 66 463 58 464 221 464 220 464 220 465 55 465 58 465 46 466 49 466 208 466 94 467 286 467 187 467 228 468 306 468 258 468 258 469 307 469 63 469 260 470 264 470 288 470 231 471 288 471 230 471 288 472 231 472 260 472 71 473 266 473 264 473 185 474 245 474 259 474 236 475 265 475 233 475 265 476 267 476 233 476 253 477 243 477 244 477 232 478 244 478 245 478 263 479 71 479 264 479 251 480 244 480 232 480 234 481 233 481 267 481 215 482 243 482 253 482 224 483 243 483 215 483 69 484 71 484 263 484 267 485 63 485 234 485 232 486 245 486 185 486 264 487 266 487 236 487 259 488 69 488 263 488 234 489 63 489 166 489 253 490 244 490 251 490 245 491 69 491 259 491 236 492 266 492 265 492 237 493 289 493 236 493 230 494 237 494 238 494 237 495 230 495 289 495 246 496 291 496 268 496 240 497 268 497 216 497 256 498 207 498 255 498 207 499 224 499 255 499 247 500 241 500 249 500 257 501 205 501 278 501 255 502 224 502 214 502 276 503 202 503 204 503 290 504 269 504 250 504 270 505 290 505 250 505 274 506 202 506 276 506 249 507 242 507 291 507 269 508 248 508 250 508 242 509 201 509 274 509 291 510 242 510 274 510 256 511 205 511 207 511 248 512 269 512 241 512 248 513 241 513 247 513 274 514 201 514 202 514 276 515 204 515 271 515 271 516 204 516 205 516 271 517 205 517 257 517 249 518 241 518 242 518 278 519 205 519 256 519 275 520 216 520 310 520 275 521 254 521 216 521 278 522 86 522 257 522 196 523 293 523 311 523 196 524 210 524 293 524 292 525 196 525 311 525 156 526 292 526 44 526 156 527 44 527 96 527 293 528 210 528 209 528 95 529 293 529 209 529 296 530 223 530 222 530 294 531 284 531 279 531 294 532 279 532 305 532 284 533 294 533 295 533 295 534 225 534 284 534 280 535 225 535 295 535 280 536 295 536 51 536 296 537 282 537 223 537 51 538 199 538 280 538 298 539 282 539 296 539 299 540 283 540 297 540 281 541 282 541 298 541 299 542 222 542 283 542 300 543 281 543 298 543 222 544 299 544 301 544 300 545 226 545 281 545 226 546 300 546 302 546 303 547 226 547 302 547 304 548 303 548 302 548 305 549 279 549 303 549 305 550 303 550 302 550 222 551 301 551 296 551 286 552 63 552 307 552 63 553 286 553 94 553 228 554 93 554 306 554 252 555 232 555 308 555 287 556 308 556 232 556 252 557 287 557 251 557 288 558 289 558 230 558 288 559 312 559 289 559 288 560 264 560 309 560 309 561 264 561 236 561 289 562 90 562 236 562 289 563 312 563 90 563 268 564 88 564 216 564 268 565 291 565 88 565 274 566 275 566 310 566 310 567 89 567 274 567 310 568 216 568 89 568 45 569 278 569 256 569 311 570 314 570 292 570 292 571 314 571 44 571 96 572 44 572 95 572 302 573 34 573 305 573 59 574 54 574 316 574 315 575 48 575 57 575 300 576 34 576 302 576 299 577 48 577 315 577 297 578 48 578 299 578 37 579 300 579 298 579 295 580 40 580 51 580 36 581 37 581 298 581 31 582 301 582 299 582 36 583 298 583 296 583 332 584 47 584 333 584 38 585 301 585 31 585 50 586 47 586 332 586 38 587 296 587 301 587 38 588 36 588 296 588 317 589 50 589 332 589 57 590 50 590 317 590 258 591 306 591 307 591 288 592 309 592 312 592 90 593 309 593 236 593 291 594 313 594 88 594 274 595 313 595 291 595 274 596 89 596 313 596 89 597 216 597 88 597 314 598 311 598 293 598 314 599 95 599 44 599 306 600 318 600 307 600 306 601 93 601 319 601 318 602 339 602 286 602 307 603 318 603 286 603 319 604 93 604 339 604 306 605 319 605 318 605 339 606 93 606 286 606 342 607 341 607 320 607 343 608 342 608 320 608 320 609 389 609 343 609 308 610 321 610 322 610 252 611 308 611 322 611 287 612 252 612 322 612 287 613 322 613 92 613 355 614 321 614 323 614 322 615 26 615 92 615 321 616 92 616 323 616 312 617 309 617 91 617 312 618 91 618 324 618 89 619 345 619 344 619 313 620 89 620 344 620 313 621 344 621 87 621 278 622 45 622 43 622 278 623 43 623 337 623 86 624 278 624 337 624 95 625 314 625 30 625 293 626 95 626 349 626 95 627 30 627 349 627 328 628 316 628 329 628 328 629 59 629 316 629 331 630 317 630 332 630 326 631 59 631 328 631 326 632 60 632 59 632 331 633 57 633 317 633 327 634 57 634 331 634 335 635 47 635 60 635 335 636 60 636 326 636 327 637 315 637 57 637 0 638 51 638 338 638 0 639 53 639 51 639 325 640 315 640 327 640 334 641 47 641 335 641 350 642 53 642 0 642 333 643 47 643 334 643 54 644 53 644 350 644 325 645 336 645 315 645 336 646 299 646 315 646 330 647 54 647 350 647 329 648 54 648 330 648 329 649 316 649 54 649 339 650 318 650 340 650 339 651 340 651 351 651 339 652 351 652 84 652 26 653 28 653 92 653 323 654 92 654 28 654 323 655 28 655 354 655 355 656 323 656 354 656 355 657 26 657 322 657 355 658 322 658 321 658 324 659 25 659 20 659 29 660 25 660 91 660 29 661 91 661 33 661 91 662 25 662 324 662 363 663 87 663 344 663 87 664 363 664 346 664 347 665 345 665 346 665 344 666 345 666 347 666 345 667 87 667 346 667 347 668 346 668 356 668 42 669 348 669 364 669 43 670 42 670 364 670 43 671 364 671 365 671 366 672 380 672 337 672 337 673 380 673 42 673 366 674 337 674 43 674 365 675 366 675 43 675 330 676 349 676 362 676 85 677 330 677 350 677 349 678 330 678 85 678 85 679 350 679 30 679 386 680 30 680 367 680 84 681 351 681 352 681 340 682 352 682 21 682 340 683 84 683 352 683 368 684 352 684 390 684 353 685 21 685 22 685 343 686 370 686 342 686 33 687 27 687 4 687 20 688 27 688 324 688 4 689 29 689 33 689 352 690 3 690 21 690 346 691 378 691 356 691 8 692 336 692 374 692 328 693 329 693 357 693 357 694 326 694 328 694 335 695 326 695 357 695 358 696 335 696 357 696 334 697 335 697 359 697 361 698 327 698 331 698 335 699 358 699 359 699 333 700 334 700 359 700 361 701 325 701 327 701 360 702 333 702 359 702 361 703 331 703 375 703 360 704 332 704 333 704 336 705 325 705 374 705 374 706 325 706 361 706 383 707 331 707 332 707 332 708 360 708 383 708 375 709 331 709 383 709 363 710 378 710 346 710 344 711 347 711 376 711 376 712 347 712 356 712 348 713 42 713 380 713 30 714 386 714 349 714 367 715 30 715 350 715 41 716 368 716 352 716 340 717 21 717 353 717 390 718 352 718 351 718 340 719 353 719 351 719 371 720 342 720 370 720 371 721 369 721 342 721 341 722 342 722 371 722 341 723 371 723 372 723 343 724 371 724 370 724 343 725 372 725 371 725 343 726 341 726 372 726 385 727 382 727 381 727 373 728 374 728 366 728 362 729 329 729 330 729 364 730 373 730 365 730 379 731 357 731 377 731 379 732 358 732 357 732 378 733 377 733 384 733 381 734 376 734 356 734 380 735 375 735 385 735 348 736 380 736 385 736 378 737 379 737 377 737 382 738 360 738 376 738 382 739 383 739 360 739 348 740 385 740 381 740 374 741 9 741 8 741 9 742 374 742 373 742 384 743 329 743 362 743 377 744 357 744 329 744 364 745 12 745 373 745 359 746 358 746 379 746 377 747 329 747 384 747 364 748 348 748 381 748 381 749 382 749 376 749 380 750 361 750 375 750 363 751 359 751 379 751 366 752 361 752 380 752 378 753 363 753 379 753 385 754 383 754 382 754 374 755 361 755 366 755 365 756 373 756 366 756 344 757 359 757 363 757 344 758 360 758 359 758 375 759 383 759 385 759 376 760 360 760 344 760 387 761 362 761 349 761 386 762 387 762 349 762 388 763 41 763 368 763 338 764 41 764 388 764 388 765 1 765 338 765 353 766 389 766 351 766 389 767 390 767 351 767 389 768 22 768 353 768 22 769 7 769 389 769 343 770 389 770 13 770 320 771 364 771 381 771 362 772 387 772 384 772 320 773 12 773 364 773 387 774 320 774 384 774 386 775 320 775 387 775 320 776 381 776 356 776 320 777 356 777 378 777 19 778 341 778 343 778 1 779 386 779 367 779 1 780 320 780 386 780 27 781 19 781 343 781 4 782 27 782 343 782 320 783 378 783 384 783 13 784 4 784 343 784 388 785 389 785 320 785 388 786 320 786 1 786 341 787 19 787 12 787 341 788 12 788 320 788 388 789 390 789 389 789 388 790 368 790 390 790 7 791 13 791 389 791</p>
        </triangles>
      </mesh>
    </geometry>
    <geometry id="shape0-mesh" name="shape0">
      <mesh>
        <source id="shape0-mesh-positions">
          <float_array id="shape0-mesh-positions-array" count="2520">0.03710174 -0.06510579 0.03091144 0.05589336 -0.04822695 0.04003167 0.06072378 -0.042023 0.04231941 0.06600403 -0.03299421 0.04303246 0.07013595 -0.0229482 0.04655885 0.07393157 -0.006327271 0.05204147 0.07271736 -0.01460444 0.05199921 0.07363152 -0.002995491 0.05539274 0.012542 -0.07351851 0.02878141 0.07344412 0.002552151 0.05785113 0.07277637 0.01203835 0.06063199 0.07192409 0.0182383 0.06051355 0.06627011 0.03227102 0.06799942 0.06418037 0.03687161 0.06701862 0.04270982 0.06008976 0.07760715 0.03569513 0.06585133 0.07745027 0.02099794 0.07152271 0.07925009 0.02897673 -0.06786763 0.03076684 0.03644067 -0.06420648 0.03458732 0.04218697 -0.06059294 0.03576219 -0.06284314 0.04068237 -0.08769303 0.04811757 0.0566973 -0.08812111 -0.05976581 0.04547846 -0.08785295 0.03508812 0.06604474 -0.08758991 0.03260034 0.06756019 -0.08781242 0.03031682 0.06893986 -0.08749711 -0.06996864 0.02808153 -0.08777868 0.02494901 0.07075738 -0.08701288 0.02567452 0.07059609 -0.08755195 -0.07282155 0.01752835 -0.0877099 0.008056998 0.07432007 -0.08802831 -0.0744611 0.008344113 -0.08779078 -0.07395923 0.006515979 -0.08826112 0.07470226 -0.001285195 -0.08805781 -0.00939387 0.07448607 -0.08707851 0.07478159 -0.004972755 -0.0878303 0.07445442 0.005431354 -0.08818715 -0.02567863 0.07023894 -0.08678835 0.07488805 0.006978213 -0.08780258 0.07100582 0.02408272 -0.08752226 0.0700401 0.02472484 -0.08833271 -0.03051447 0.06889456 -0.08782178 -0.02692192 0.06973856 -0.08731114 0.06426244 0.03814792 -0.08810156 -0.04071503 0.06278246 -0.08801323 0.06877565 0.02952915 -0.08792829 -0.04846984 0.05703252 -0.08785796 -0.04794037 0.05788469 -0.08780372 -0.04880738 0.05655938 -0.08744108 -0.05675607 0.04880499 -0.08769726 0.04602986 0.05893361 -0.08733212 0.07417505 -0.008795917 0.05085253 -0.04532104 -0.0596674 -0.07899999 0.0212 -0.07185727 -0.07899999 0.0755074 -0.005276441 -0.07899463 0.07318204 -0.01615279 -0.07899999 0.01988583 -0.07220828 0.02863729 -0.02654957 -0.06995457 0.02931582 0.0625596 -0.04111433 -0.07899999 0.01090645 -0.07408136 -0.07899999 0.006115436 -0.07489347 0.02789324 -0.03287702 -0.06766003 0.030546 0.05061209 -0.05521774 -0.07899999 8.4782e-4 -0.0749101 -0.07899999 -0.03120845 -0.0681169 -0.07899999 -0.06413805 -0.0394147 -0.07899999 0.04532104 -0.0596674 -0.07899999 0.009361505 -0.07530623 -0.07900118 -0.03673505 -0.06545627 -0.07899999 -0.07306051 -0.01666963 0.04789686 0.03687924 -0.06559419 -0.07899999 -0.07462042 -0.01255708 -0.07899993 0.006494522 -0.07464659 -0.08569997 -0.07488155 -0.001357853 -0.07899999 -0.07469981 0.002793967 -0.08569997 -0.07318204 -0.01615279 -0.07899999 -0.07081186 -0.02442967 -0.08569997 -0.06645125 -0.03455322 -0.08569997 0.03640764 -0.06546914 -0.08569997 -0.0625596 -0.04111433 -0.07899999 -0.06644958 -0.03456705 -0.07899999 -0.06254154 -0.04113221 -0.08569997 -0.05751913 -0.04799211 -0.08569997 0.05105137 -0.05502092 -0.07899999 -0.05759274 -0.04791367 -0.07899999 0.05759274 -0.04791367 -0.07899999 0.05751913 -0.04799205 -0.08569997 -0.04377818 -0.06072837 -0.08569997 -0.05061209 -0.05521774 -0.07899999 -0.04009997 -0.06381928 -0.07899999 0.06231981 -0.04335117 -0.08575004 0.067725 -0.03261458 -0.07899999 0.06645125 -0.03455322 -0.08569997 0.07082682 -0.02440351 -0.07899999 0.07081186 -0.02442967 -0.08569997 -0.03526896 -0.06683802 -0.08580535 -0.0211265 -0.07188415 -0.07899999 0.07428193 -0.008371114 -0.08569997 0.001560032 0.08310246 0.07464897 6.43154e-4 0.08402442 0.07463103 -3.61762e-4 0.08547061 0.075984 -0.002296805 0.08443844 0.07596302 0.001315057 0.08371883 0.07399702 -0.001231491 0.08215242 0.07501763 -0.01644712 -0.07383394 -0.08569997 0.07516145 -0.003527224 -0.08569997 0.07380151 -0.01363199 -0.08569997 -0.00358057 -0.07530879 -0.08744996 -0.07515388 -0.00274688 -0.08569997 -0.0749998 -0.002740323 -0.08569997 -0.07409393 -0.01077324 -0.08743375 -0.07146173 -0.02355617 -0.08569997 0.02676171 -0.06993019 -0.08569997 0.01704663 -0.07295548 -0.08569997 0.009456813 -0.07414793 -0.08746635 0.03496986 -0.06655263 -0.08736371 -0.06609183 -0.0348556 -0.08745443 0.04377818 -0.06072837 -0.08569997 0.05292099 -0.05369889 -0.08569997 -0.05020827 -0.05544626 -0.08736419 0.04809594 -0.05709373 -0.08737665 0.05988174 -0.04536908 -0.08744996 -0.03664928 -0.06591081 -0.08765321 0.07261854 -0.01891732 -0.0874443 0.0692135 -0.02941328 -0.08744996 -0.007141113 -0.07522481 -0.08758515 0.02929168 -0.06932091 -0.08746218 -0.06681722 -0.03531688 -0.08744996 -0.06843602 -0.03099662 -0.0875886 0.04660201 -0.05907559 -0.08744996 -0.05902326 -0.04696983 -0.08750283 0.06291562 -0.04018557 -0.0874105 -0.04632556 -0.0584563 -0.08804023 -0.03469765 -0.06624561 -0.08786827 -0.02760672 -0.06999689 -0.08744996 -0.0199452 -0.07235759 -0.08698636 0.001878619 -0.07497286 -0.0882306 0.07452148 -0.008267045 -0.08893364 0.07419908 -0.01092815 -0.08778446 -0.004187941 -0.07491469 -0.08853799 0.002739131 -0.07494997 -0.08789998 0.01099574 -0.07470846 -0.08880001 -0.07439988 -0.007889091 -0.088095 0.01876854 -0.07237166 -0.08807629 -0.07213163 -0.01899558 -0.0885275 0.01972573 -0.07203042 -0.08867138 -0.07272887 -0.01804441 -0.08786785 0.03737092 -0.06442546 -0.08794695 -0.06849652 -0.02946299 -0.08850675 0.03027254 -0.06825441 -0.08864849 0.03850895 -0.06482231 -0.08756554 -0.06444245 -0.03912192 -0.08806675 0.05964946 -0.04512929 -0.08766144 -0.03715151 -0.06543952 -0.08753538 0.07224971 -0.02173906 -0.08880001 -0.02485227 -0.07067799 -0.08767843 0.0689705 -0.03007936 -0.08780401 -0.01553457 -0.07307732 -0.08798098 0.07213163 -0.01899558 -0.0885275 0 -0.07480001 -0.08899998 -0.07452148 -0.008267045 -0.08893364 0.02472233 -0.07065159 -0.08899998 0.04012185 -0.06294941 -0.08862268 0.0490306 -0.05625861 -0.0885936 -0.0633881 -0.03929215 -0.08852946 -0.0567348 -0.04882597 -0.08899998 0.0567348 -0.04882597 -0.08899998 -0.05038934 -0.0562424 -0.08880001 0.0633881 -0.03929215 -0.08852946 0.06617844 -0.03497505 -0.08899998 -0.04882597 -0.0567348 -0.08899998 -0.04213625 -0.06180262 -0.08899998 0.06962937 -0.02732729 -0.08899998 -0.04012185 -0.06294941 -0.08862268 -0.03027254 -0.06825441 -0.08864849 0.07230174 -0.01937228 -0.08899998 0.07438147 -0.008380711 -0.08899998 0.07487052 0.001512467 -0.08881062 -0.01972568 -0.07203042 -0.08867138 -0.008380472 -0.07438147 -0.08899998 -0.07480001 0 -0.08899998 -0.07230174 -0.01937228 -0.08899998 -0.07438147 -0.008380711 -0.08899998 -0.06617844 -0.03497505 -0.08899998 -0.02472233 -0.07065159 -0.08899998 0.008380472 -0.07438147 -0.08899998 0.01664441 -0.07292461 -0.08899998 0.03497505 -0.06617844 -0.08899998 0.06616497 0.03499305 -0.08899593 0.06018203 0.04435259 -0.08878427 0.05274027 0.05296498 -0.08877062 0.04423868 0.06024092 -0.08876061 0.03474783 0.06616377 -0.08874964 0.02471601 0.07065039 -0.08899593 0.0113933 0.07396215 -0.08858615 -4.35086e-4 0.0748701 -0.08875674 -0.02732729 0.06962937 -0.08899998 -0.04423862 0.06024092 -0.08876061 -0.05274027 0.05296504 -0.08877062 -0.07057607 0.02467882 -0.08879739 -0.06616497 0.03499305 -0.08899593 -0.01362186 0.07346469 -0.08872336 -0.01364755 0.07391035 -0.08879995 0.07353734 0.01394683 -0.08899575 0.07515388 0.002747833 -0.08880001 -0.0244686 0.07060581 -0.08873736 -0.03474783 0.06616377 -0.08874964 0.07057607 0.02467882 -0.08879739 -0.03520512 0.06666946 -0.08879983 -0.05413836 0.05219823 -0.08879989 -0.0567348 0.04882597 -0.08899998 0.0567348 0.04882597 -0.08899998 -0.06180262 0.04213625 -0.08899998 -0.07353734 0.01394683 -0.08899575 0.03192108 0.06809329 -0.08879989 -0.07487052 0.001512467 -0.08881062 0.002735376 0.07495015 -0.08789247 0.06426435 0.03922235 -0.08879995 0.06097382 0.04408967 -0.08782804 0.05354684 0.05262267 -0.08787488 0.06080228 0.04375594 -0.08800923 -0.05524623 0.05067843 -0.08780342 -0.06831443 0.03202724 -0.08879995 0.009066879 0.07484656 -0.08879995 7.00043e-4 0.07620769 -0.08807832 -0.06499409 0.03483599 0.06895768 -0.04383033 0.05935144 0.07759547 -0.0303471 0.06719046 0.08018457 0.06572449 0.03221625 0.06816899 -0.03972119 -0.06415259 -0.08849841 0.06911259 -0.02877348 -0.08739221 -0.04145109 -0.06274634 -0.08779162 0.07078653 -0.02507513 -0.08764797 0.07436269 -0.01160597 -0.08883494 0.07455223 -0.006130278 -0.0877223 -0.07446748 0.001889586 -0.0871948 0.008012712 -0.07432669 -0.08802074 0.02933979 -0.06902331 -0.08787059 0.03189748 -0.06768482 -0.08774232 0.03735631 -0.06480866 -0.08769637 0.04512596 -0.06061309 -0.08624583 -0.06196165 -0.04468512 -0.08832657 0.05658698 -0.04885393 -0.0878157 -0.07015794 -0.02331775 0.04901868 -0.05618941 0.04785686 0.07312899 -0.06462121 -0.03555154 0.04360365 -0.005148112 0.07361656 0.08161884 -0.01168203 0.07252746 0.08208376 -0.06616628 0.03388929 0.06852322 -0.06843572 0.0263918 0.06630218 -0.0700398 0.02249896 0.0646153 -0.0159009 0.0719543 0.08192634 -0.07103687 0.01758658 0.06309747 -0.07378292 0.001926362 0.05751472 -0.02423942 -0.07044637 0.03034424 0.06577908 0.03274601 0.06860357 0.06134617 0.0406633 0.07088667 0.06090754 0.04174214 0.0712704 0.06030786 0.04144263 0.07136702 -4.66992e-4 -0.07387542 0.03118771 0.06994962 -0.0232191 0.04940229 0.0576694 0.0458917 0.07285797 0.04994559 0.05421763 0.07588899 0.0378943 0.06320554 0.07921642 0.009193778 -0.07310682 0.03163594 0.01918846 0.07173329 0.08179092 0.02508312 0.06936395 0.08006089 0.02219963 -0.07134848 0.03205168 0.01074701 0.07281661 0.08182698 0.06581372 -0.03332406 0.04515308 0.07261365 0.01220405 0.06107878 0.07321751 -0.002831995 0.05601996 0.07358837 -0.002767205 0.05589079 0.07109397 0.01754933 0.06308501 0.07329946 0.007447659 0.05937701 0.0726071 0.01220631 0.06108063 0.07178497 0.01699346 0.06244879 0.06845235 0.02816158 0.06660819 0.06462675 0.03619378 0.06921356 0.07144141 0.01768898 0.06298202 -0.004714667 0.07509636 -0.08744996 -0.0147143 0.07337516 -0.08757793 0.07438898 0.008303582 -0.08769154 -0.03526687 0.06622922 -0.08749514 -0.04623103 0.05987179 -0.08744996 0.06283527 0.04157096 -0.08744996 0.05788993 0.04871577 -0.08743321 -0.06614845 0.03617459 -0.08744996 -0.07040351 0.02427101 -0.08717888 -0.0686922 0.02962166 -0.08783513 0.0379166 0.06436735 -0.08812159 -0.07307118 0.01424121 -0.0871917 0.02259355 0.07212048 -0.08744996 0.00808686 0.07421213 -0.08737504 -0.001315236 0.08108115 0.07399702 -0.001323044 0.08352053 0.07398599 -0.06471067 -0.03579437 0.04432505 -0.05490708 -0.04944509 0.03974395 -0.0576837 -0.04622411 0.03809553 -0.04966545 -0.05516141 0.03505492 -0.009196877 0.07320034 0.07990479 -0.03779542 0.06412869 0.07901191 -0.03221946 -0.06662863 0.03082191 -0.02883422 0.06804639 0.07826238 -0.04138088 0.06129264 0.07589685 -0.04899907 0.05518376 0.07378 -0.05019944 0.05410361 0.07340532 -0.0544641 0.05156403 0.07227146 -0.01824921 -0.07176506 0.02915042 -0.07128733 0.01903802 0.06067645 -0.07320708 0.007265031 0.05682593 0.003929197 -0.07381719 0.02820605 -0.07259058 -0.01810365 0.04810225 -0.07062506 -0.02141749 0.04704582 -0.07459962 0.00820893 -0.08569997 -0.008166551 0.07443034 -0.08569997 -0.02360576 0.07132303 -0.08744996 0.07225048 0.0217365 -0.08569997 0.07259672 0.01978361 -0.08744996 -0.01742273 0.07285493 -0.08569997 0.06093734 0.04352217 -0.08569997 -0.04134386 0.0624293 -0.08569997 -0.0482347 0.05727666 -0.08569997 -0.05497562 0.05089855 -0.08569997 -0.06093734 0.04352217 -0.08569997 0.04660195 0.05907565 -0.08744996 0.0482347 0.05727666 -0.08569997 -0.06653344 0.03440451 -0.08569997 0.03450638 0.0664525 -0.08569997 -0.070813 0.02442663 -0.08569997 0.02662467 0.06998294 -0.08569997 -0.07470643 0.01015794 -0.08744996 0.01742273 0.07285493 -0.08569997 -0.002170383 0.08176869 0.07433044 0.001322925 0.08127915 0.07398599 -0.05588299 0.04848539 0.07099801 -0.07217621 -0.01792037 0.04801368 -0.06200456 -0.04232698 0.03923344 -0.06156969 -0.0407266 0.04026496 -0.06401753 0.0396912 0.067088 -0.05934846 0.04408603 0.06947761 -0.06670421 0.03409838 0.06417238 -0.06587016 0.03462439 0.06616842 0.004822611 0.07363969 0.08021575 -0.05775976 -0.04612594 0.03812777 0.009816706 0.07370865 0.07947367 0.008477509 0.07473909 0.07930886 0.004056751 0.07379019 0.08028215 -0.06938862 0.02370291 0.06158137 -0.00949496 0.07387679 0.0807203 -0.01417428 0.07367688 0.07931226 -0.04436647 -0.0589776 0.03374564 -0.07197391 0.01720714 0.06018257 -0.03755486 -0.06390601 0.03184878 -0.03541237 0.06547367 0.0762158 -0.07363325 0.008072197 0.05713117 -0.02996206 -0.06759911 0.03065598 -0.02453839 0.06992 0.07893598 -0.03615659 0.06542634 0.07668101 -0.07399559 -0.00489664 0.05251288 -0.07349169 -0.008201062 0.05129683 -0.03545236 0.06532186 0.07670634 -0.05013191 0.05446892 0.07198393 0.05745834 -0.04676258 0.03819775 0.06456059 -0.03575891 0.04204177 -0.01064836 -0.07318848 0.03151303 -0.01949179 -0.07103472 0.02863651 0.05485033 0.0498684 0.07081359 0.07027959 -0.02420771 0.04678046 0.06708526 -0.03314274 0.0423516 0.0687772 -0.02676159 0.04518193 0.06901228 -0.02689528 0.04519069 0.07051956 -0.02203404 0.04652678 0.009976983 -0.07452148 0.02816259 0.04301637 0.06029099 0.07518213 0.07260984 -0.01310771 0.04986858 0.07157099 -0.01960891 0.04720377 0.04387241 0.06058752 0.07500511 0.07262843 -0.01481509 0.04948836 0.03309428 0.06717538 0.07733881 0.03678822 0.06430006 0.07695704 0.073942 -0.005961954 0.05244791 0.02856177 0.06828981 0.0775513 0.0177012 -0.07195222 0.02905976 0.02384787 -0.06984752 0.03007578 0.01995557 0.07239985 0.07894968 0.02100503 0.07104206 0.0786255 0.07377898 0.002587676 0.05439364 0.07424795 8.36816e-4 0.05429196 0.07315838 0.01026445 0.05691087 0.07199865 0.01845276 0.0604006 0.07181102 0.01887011 0.06090569 0.05497562 0.05089855 -0.08569997 0.05386096 0.05262458 -0.08569997 0.04134386 0.0624293 -0.08569997 0.06653344 0.03440451 -0.08569997 0.070813 0.02442663 -0.08569997 0.07022291 0.02665358 -0.08569997 0.02360576 0.07132303 -0.08569997 0.07318025 0.01613569 -0.08569997 0.008166551 0.07443034 -0.08569997 0 0.07487481 -0.08569997 -0.01401269 0.07405781 -0.08569997 0.0694983 -0.02953422 -0.08569997 0.07220488 -0.01934754 -0.08569997 -0.02662467 0.06998294 -0.08569997 -0.03373855 0.06712615 -0.08569997 -0.03450638 0.0664525 -0.08569997 -0.04228115 0.06201499 -0.08569997 0.04953938 -0.05616754 -0.08569997 -0.05983346 0.04514616 -0.08569997 -0.07152068 0.02294486 -0.08569997 0.006470322 -0.07569009 -0.08560395 -0.07318025 0.01613569 -0.08569997 -0.07225048 0.0217365 -0.08569997 0 -0.07504993 -0.08569997 -0.07380151 -0.01363199 -0.08569997 -0.07476633 -0.01038891 -0.0856803 -0.07428193 -0.008371114 -0.08569997 -0.07220488 -0.01934754 -0.08569997 -0.02676171 -0.06993019 -0.08569997 -0.03640764 -0.06546914 -0.08569997 -0.04953938 -0.05616754 -0.08569997 -0.04149532 -0.06271994 -0.08569997 -0.003052473 0.08245146 0.07593399 5.05777e-4 0.08070462 0.074705 0.001620352 0.08176082 0.074602 -0.05588811 0.08599996 0.05118292 -0.03777176 0.08599996 0.06592202 -0.01683276 0.08599996 0.07420212 0.01447409 0.08599996 0.07469069 0.01369351 0.08597254 0.07560205 0.07477921 0.08599996 0.007128119 -0.07272136 0.08599996 -0.01754701 0.009898841 0.0859943 -0.07395726 0.03971618 0.08598399 -0.06373167 0.04813218 0.05720371 0.07383102 0.03377407 -0.06579858 0.0312497 -0.06867665 0.02924531 0.06389784 0.06521886 0.03744602 0.06695884 0.02531147 -0.069696 0.02984184 -0.07179945 0.02154308 0.06201881 0.02981787 -0.0688501 0.02996128 0.07508021 0.01135671 0.05783784 0.07366031 -0.009243905 0.05079782 -0.01901662 -0.07219755 0.02859425 -0.0662508 -0.03536474 0.04161888 -0.04966676 -0.05504643 0.03491979 -0.05274504 0.05329322 0.0725665 0.0609467 -0.04207903 0.0395168 -0.06445157 0.03783947 0.06686925 0.07469981 0.002793967 -0.08569997 -0.01014119 0.07422316 -0.07899999 0.07557463 0.00633192 -0.0789901 -0.03120845 0.0681169 -0.07899999 -0.02112573 0.07188433 -0.07899999 -0.04514646 0.05983322 -0.07899999 0.06644958 0.03456705 -0.07899999 0.05759286 0.04791349 -0.07899999 -0.06742292 0.03405374 -0.07904273 0.04532146 0.05966711 -0.07899999 0.0230267 0.07237213 -0.08568012 0.03120845 0.0681169 -0.07899999 0.02112573 0.07188433 -0.07899999 0.01014119 0.07422316 -0.07899999 -0.07106965 0.0254094 -0.03439331 0.0736227 0.02124732 -0.0178169 0.07500493 0.02248424 2.49364e-4 -0.0746054 0.08599996 -0.007158696 -0.07500016 0.08599996 9.99987e-4 -0.06384527 0.08599996 -0.03867065 -0.06060063 0.08596736 -0.04426014 0.004467546 0.08599996 -0.07391756 0.07486498 0.005738139 0.001001477 -0.06691372 0.04483407 -0.03338634 -0.06107491 0.04674977 -0.04509526 0.05050355 0.08599996 -0.05461883 -0.04817461 0.08599996 -0.05665987 -0.00216794 0.07566124 -0.07470077 0.03414034 0.08146947 -0.06580942 -0.07408982 0.02058178 -0.01421773 0.03031736 0.08206182 -0.06756764 0.05786591 0.08599996 -0.04688173 0.02921968 0.08223628 -0.06815177 0.01999545 0.07293879 -0.07162779 -0.02123367 0.07286143 -0.07127845 -0.03960555 0.06725841 -0.06288862 -0.04658317 0.0599007 -0.06071978 0.02171838 0.08310759 -0.0708878 0.0615676 0.0860027 -0.04226541 0.05270808 0.05580419 -0.05346381 -0.03982251 0.08599996 -0.06273186 -0.0404213 0.08601003 -0.06304574 0.0640009 0.08599996 -0.03825175 0.07345896 0.08599889 -0.01719826 0.06878775 0.08599996 -0.02905416 0.06711709 0.04461348 -0.03266912 -0.02897942 0.08599996 -0.06843161 -0.05052149 0.07391047 -0.05478143 0.03609013 0.06711935 -0.06510657 0.07228797 0.08599996 -0.01917433 -0.01681613 0.08599996 -0.07220584 0.01784235 0.08599996 -0.07207149 0.07428723 0.08599996 -0.009591817 -0.01647025 0.08600986 -0.07238519 0.0750001 0.08599996 -9.85277e-4 0.06397032 0.04034644 -0.04438501 -0.0407114 0.06393432 0.06772559 0.07286423 0.03435575 0.02101355 0.002716958 0.08262425 0.07668101 0.07089626 0.02593207 0.033822 0.07456672 0.0859996 0.01168602 -0.0746054 0.08599996 0.009158372 -0.07547259 0.08599328 -0.007211029 -0.002312481 0.08037775 0.07596302 -0.01081389 0.07467854 0.07568323 0.07509356 0.004784643 0.02493065 -0.07034379 0.08599978 0.02822571 -0.07519185 0.004139661 0.01212418 -0.02259707 0.07129985 0.0739575 -0.06948596 0.08599996 0.02939593 0.07498645 0.01331919 0.001924693 0.03306657 0.08599996 0.0684902 0.07501 0 0.05378997 -0.06384801 0.08599996 0.04066592 -0.07214218 0.03198724 0.02339112 -0.04384154 0.06542861 0.06166857 0.009560465 0.07534843 0.07585972 -8.52335e-4 0.07948422 0.075957 0.06042802 0.05333244 0.04534655 0.002301931 0.08035969 0.07596546 -0.05424284 0.08599466 0.05365598 -0.07416903 0.01415753 0.02121227 -0.07417649 0.0147013 0.02170652 -0.03982263 0.08599996 0.06473213 0.04276996 0.08599996 0.06281852 -0.02596879 0.07037115 0.07307898 -0.02927589 0.08597707 0.07069963 -0.07468557 0.01079684 0.01815599 0.04076951 0.08599859 0.06424397 0.05149012 0.08593285 0.05565023 -0.02898639 0.08599996 0.07042843 0.04788869 0.08170932 0.05882257 -0.07310366 0.01930904 0.02591031 -0.06118518 0.05269265 0.04447877 -0.00933659 0.08599323 0.0756362 0.06543833 0.0860309 0.03893738 -0.06520593 0.03927576 0.04370796 0.06555128 0.08599996 0.03778076 0.02605599 0.07104128 0.07170552 0.001761972 0.08492827 0.07597303 0.004468321 0.08599996 0.07591724 0.04178458 0.06363081 0.06433528 0.07071715 0.08599996 0.02616155 0.07347422 0.08599996 0.01627367 0.06070178 0.04542535 0.05018293 0.02393215 0.08599996 0.07222729 0.0630604 -0.04058289 0.04013991 0.06470829 -0.03841441 0.04051136 0.05747026 -0.04860401 0.03662478 0.05997371 0.04581767 0.06973576 0.04769343 -0.05821382 0.0338658 0.07070022 0.02453148 0.06250458 0.07204806 0.02169555 0.06128805 -0.002640664 0.07491457 0.07992899 0.07191795 0.02061748 0.06061965 0.001462519 0.07499647 0.07982027 0.07428187 0.003815352 0.0549004 0.07480931 0.002157092 0.05469125 0.07438033 -0.008235454 0.05109733 0.07479006 -0.002701759 0.05300813 0.01988446 -0.07237392 0.02876919 0.03494393 0.0660206 0.07655769 0.03141427 0.06839609 0.07756698 0.04342693 0.06088978 0.07504087 0.07177037 -0.02231013 0.04598373 -8.5115e-4 -0.07503598 0.02782434 0.03957021 0.06430858 0.07600814 0.05850237 0.04693901 0.0702607 0.05906093 0.04608541 0.0698859 0.06344467 -0.03978371 0.04020923 -0.05851995 0.04726296 0.07013291 -0.05070036 0.05451464 0.07377147 -0.04142957 0.06251412 0.07558178 -0.07058626 -0.02601492 0.04497313 -0.07485628 -0.006026804 0.05170822 -0.01387578 -0.07393699 0.02818381 -0.02040594 -0.0720455 0.0290454 -0.02410131 0.07037836 0.07914572 -0.03678017 0.06549364 0.07785189 -0.07411915 0.01048368 0.05764865 -0.03101986 0.06837058 0.07767915 -0.02246308 0.07156741 0.07853204 -0.07331967 0.01421242 0.05878287 -0.04260993 -0.06149256 0.03221732 -0.002834856 0.07524198 0.07988357 -0.05109918 -0.05492341 0.03477299 -0.06538009 0.0365234 0.06652557 -0.06945079 0.02902579 0.06381946 -0.05791944 -0.04780882 0.03731638 -0.04532146 0.05966711 -0.07899999 -0.05759286 0.04791349 -0.07899999 -0.06157588 0.04379683 -0.07899993 -0.06255954 0.04111444 -0.07899999 -0.03673505 0.06545627 -0.07899999 -0.07077503 0.02454167 -0.07899999 -0.02215611 0.07182967 -0.07899999 -0.07444864 0.008266508 -0.07899999 0 0.0748797 -0.07899999 -0.07460975 -0.008207678 -0.07899999 0.02669173 0.07034188 -0.07899999 -0.07082682 -0.02440351 -0.07899999 -0.06831794 -0.03286588 -0.07901376 0.05061185 0.05521792 -0.07899999 0.06255954 0.04111444 -0.07899999 0.05463111 0.05312263 -0.07900905 0.07077503 0.02454167 -0.07899999 -0.01007044 -0.07423794 -0.07899999 0.07129621 0.02416974 -0.07899993 -0.007562458 -0.07492125 -0.07899999 0.07444864 0.008266508 -0.07899999 0.06644958 -0.03456705 -0.07899999 0.03673505 -0.06545627 -0.07899999 -0.03400188 0.06796067 -0.07897233 -0.05061185 0.05521792 -0.07899999 0.05906373 0.04614764 0.06978762 -0.06640684 0.03513628 -0.08748841 -0.006408452 0.08599996 -0.07378989 0.07480001 0 -0.08899998 0.07438147 0.008380711 -0.08899998 -0.01937228 0.07230174 -0.08899998 -0.06018203 0.04435259 -0.08878427 0.02583408 -0.06978845 0.03039842 0.06601727 -0.03545671 -0.08781492 -0.06022185 -0.04445171 -0.08769685 -0.02160477 -0.072106 -0.07899993 -0.02156507 0.0718702 -0.08781194 -0.05588299 0.04848539 0.07099801 -0.0727213 0.08599996 0.01954716 0.07050538 -0.02349191 0.04855203 -0.04819411 -0.05791151 -0.08744996 -0.07283532 -0.01374745 -0.08830702 -0.06790858 -0.03275126 -0.08880001 0.07343161 0.01428961 -0.08808791 0.07207721 0.0203548 -0.08777153 0.06253689 0.04136562 0.068255 0.06253689 0.04136562 0.068255 0.04494386 0.05896866 0.07449948 0.03673505 0.06545627 -0.07899999 0.07521152 -0.003689229 -0.08569997 -0.03470999 -0.06672406 0.03072392 -0.04882597 0.0567348 -0.08899998 0.06583166 -0.0332669 0.04516381 -0.03497505 0.06617844 -0.08899998 0.07277315 0.01769179 -0.07899999 -0.02157855 -0.07176673 -0.08792489 0.03497505 0.06617844 -0.08899998 0.06587535 -0.0332728 0.04294598 -0.07196682 -0.0219683 0.04619783 0.06211835 0.04311966 -0.07905167 -0.001482665 0.08038043 0.07649058 0.06479382 0.03769946 -0.0875737 0.01633143 0.07325053 -0.08744937 0.07370746 -0.003014802 0.05546879 -0.07505708 0 -0.07899999 0.07293349 -0.01855427 0.04737746 -0.03427088 0.08595323 0.06782722 0.07354223 -0.01391464 -0.08769333 -0.008380472 0.07438153 -0.08899998 -0.06617861 0.03497463 -0.08899998 0.04213625 0.06180262 -0.08899998 0.06238389 -0.04338216 -0.07899987 -0.06644958 0.03456705 -0.07899999 -0.06948548 0.08599996 -0.02739733 0.04224604 0.06155776 -0.088144 0.04872083 0.05701786 -0.08744448 -0.04601305 -0.05993139 -0.07899999 -0.004087984 0.0749213 0.07986122 0.02569377 -0.07078284 -0.07899999 -0.07422399 -0.01161932 -0.08744996 0.03120845 -0.0681169 -0.07899999 -0.07240933 -0.01590025 0.04857116 -0.04979282 0.056571 0.0730102 -0.003052473 0.08245146 0.07593399 -0.003052473 0.08245146 0.07593399 0 -0.07450842 -0.08846056 0.004187762 -0.07491469 -0.08853799 0.040573 0.08599996 -0.06236118 0.04882597 0.0567348 -0.08899998 -0.07064801 -0.02473366 -0.08769631 -0.06210768 -0.04234397 -0.08569997 0.04681348 0.05780321 0.07404083 0.07377678 0.008951961 0.057105 -0.001315236 0.08108115 0.07399702 -0.001315236 0.08108115 0.07399702 -0.001323044 0.08352053 0.07398599 -0.001323044 0.08352053 0.07398599 -0.06962937 0.02732729 -0.08899998 -0.07230174 0.01937228 -0.08899998 0.04143613 0.06242144 0.0754314 -0.06211251 -0.04257154 0.03906649 -0.057518 0.04783231 0.07058912 -0.06878298 0.02674067 0.06385302 -0.04213625 0.06180262 -0.08899998 0.02596879 0.08258605 -0.06937694 0.07524806 -0.005508661 -0.08744996 0.05073541 0.08596682 0.05476182 0.05227398 0.08599996 0.05488801 0.05227398 0.08599996 0.05488801 0.01917845 -0.07234758 -0.08769458 -0.0748496 -0.001663625 -0.08783274 -0.03987848 0.06333994 -0.0876941 0.07166922 0.02146846 0.06138539 0.07345169 0.01435977 0.05897736 0.009164452 0.07378977 0.0796836 0.07142555 -0.01969301 0.0482949 0.07197248 -0.01646983 0.04851847 -0.008286237 -0.07441639 -0.08569997 0.07465714 -0.00300914 -0.08746558 0.05676424 0.04879575 -0.08769726 0.04154163 0.06279003 -0.08569997 0.02732729 0.06962937 -0.08899998 0.04800164 0.08191925 0.05863106 -0.0571528 0.05052965 -0.08609592 0.0187999 0.07236558 -0.08808016 0.01937228 0.07230174 -0.08899998 -0.003085494 0.07457214 -0.08735901 0.0747078 -0.005803465 0.05183374 0.07401686 -0.01123511 0.05011224 0.07430016 -0.008781671 0.05095696 0.01704788 0.07359635 0.07932597 0.0686044 0.03074014 0.06452995 0.07356607 -0.01365053 0.04926997 0.07491523 0.001928269 0.05469572 0.07473856 -0.003330171 0.05284678 0.07493621 -5.19719e-4 0.05366015 -0.07188421 0.01579964 0.06190031 0.04882597 -0.0567348 -0.08899998 0.05685096 -0.04830724 -0.0885635 0.07510918 0.001916527 0.05445206 0.07486766 0.004618585 0.05538582 0.07267218 -0.01257562 0.0492357 -0.0487619 -0.05558741 0.0347324 -0.03938609 -0.06253713 0.03242099 -0.03849899 -0.063075 0.03213667 0.06254154 -0.04113221 -0.08569997 0.0462957 0.05779433 0.07465428 0.05963337 0.04604637 -0.08569997 -0.05588382 0.08599996 -0.0491873 0.07230174 0.01937228 -0.08899998 0.06962937 0.02732729 -0.08899998 0.07460975 -0.008207678 -0.07899999 0.06087106 0.04046249 0.07130879 -0.01742202 -0.07285511 -0.08569997 -0.006401836 0.08599996 0.07579088 0.03075248 0.08599996 -0.06752789 0.001315057 0.08371883 0.07399702 2.9628e-4 0.08326148 0.07478648 -0.06704211 0.03312844 0.065485 -0.01635169 0.07340484 -0.08569997 -0.001008391 0.08384543 0.07464402 0.03442662 -0.06689071 0.03066259 0.07355338 -0.007443368 0.05159199 -0.05685096 -0.04830724 -0.0885635 -0.04903054 -0.05625867 -0.0885936 -0.07438147 0.008380711 -0.08899998 0.04799854 0.05740249 0.07475405 0.004714667 0.07509636 -0.08569997 0.05638664 -0.04882735 -0.08735126 -0.00481832 0.07364076 0.08021998 0.003597021 0.0748685 -0.07899999 0.01094937 -0.07440274 -0.08569997 -0.06180262 -0.04213625 -0.08899998 0.02899926 -0.06930655 -0.08786129 0.03689777 0.06530714 0.07636702 0.06283193 0.03905981 0.06771969 0.003073275 0.08274024 0.07593202 0.03165733 0.06771725 -0.08806514 0.07499939 -2.36794e-6 -0.08779156 -6.42344e-4 0.08077502 0.07463103 -0.001742005 0.08219593 0.07461303 -0.001742005 0.08219593 0.07461303 -0.001742005 0.08219593 0.07461303 0.05786943 0.08599996 0.04887706 0.07288044 0.01194292 0.06060934 0.07261365 0.01220405 0.06107878 0.04213625 -0.06180262 -0.08899998 0.07488155 -0.001357853 -0.07899999 0.001357078 0.08110284 0.07396954 3.74694e-4 0.08144909 0.07472956 0.001322925 0.08127915 0.07398599 0.001241028 0.08249044 0.07520586 0.001761972 0.08492827 0.07597303 0.05891174 -0.04545289 -0.08793395 -0.06447666 0.03795409 0.06709158 -0.07277315 0.01769179 -0.07899999 0.02544999 0.0702297 -0.08823871 0.002474427 0.07539528 -0.07900106 0.07451343 -0.009885132 -0.08780854 0.0333352 0.06781947 -0.07899171 -0.04908198 -0.05687487 0.0341289 0.0749998 -0.002740323 -0.08569997 0.002799034 0.07479977 -0.08899998 0.01114839 0.07396447 -0.08899998 0.05147707 -0.05487078 0.03482002 -0.04274708 0.06074285 0.07510197 -0.05114275 0.07758325 -0.05373746 -0.05013781 0.07214558 -0.05450248 -0.06962937 -0.02732729 -0.08899998 0.06967848 0.02716362 0.06341701 0.03752857 -0.0650013 -0.08569997 -0.04817634 0.08599996 0.05865883 -0.009568274 -0.07314032 0.03129976 -0.03528678 0.06506025 0.07674401 -0.07330113 -0.01173543 0.05036419 -0.02467167 -0.06955063 0.03018438 0.03195613 -0.06816977 -0.08569997 0.06180262 -0.04213625 -0.08899998 0.06849652 -0.02946299 -0.08850675 -0.05971795 -0.04611229 -0.08569997 -0.06785976 0.02798599 0.06664901 -3.61762e-4 0.08547061 0.075984 -0.002296805 0.08443844 0.07596302 -0.06505376 0.03823775 -0.08807432 -0.06941801 0.02327048 0.065068 0.05603355 0.04886364 0.07138442 0.003750383 -0.07545006 -0.0880146 0.07144141 0.01768898 0.06298202 -0.01768457 0.07351475 0.07915461 0.06061244 -0.04202502 0.0421698 -0.03497505 -0.06617844 -0.08899998 0.06617861 0.03497463 -0.08899998 -0.002825736 -0.07479602 -0.08769637 -0.01664441 -0.07292461 -0.08899998 0.06180262 0.04213625 -0.08899998 -0.07375222 0.01593929 -0.07899999 0.07459962 0.00820893 -0.08569997 0.0493828 -0.05528932 0.03483599 0.06605195 0.03239047 0.06811296 0.07219767 0.01230067 0.06126499</float_array>
          <technique_common>
            <accessor source="#shape0-mesh-positions-array" count="840" stride="3">
              <param name="X" type="float"/>
              <param name="Y" type="float"/>
              <param name="Z" type="float"/>
            </accessor>
          </technique_common>
        </source>
        <source id="shape0-mesh-normals">
          <float_array id="shape0-mesh-normals-array" count="1563">0.5398826 -0.7045026 0.460655 0.4127405 -0.6912274 0.5931695 0.3701363 -0.8313418 0.4145722 0.8066086 -0.5894683 0.04370272 0.8460662 -0.5301571 -0.05572891 0.8532879 -0.4685011 0.2289249 0.8963273 -0.4430211 -0.01815909 0.8798061 -0.4749695 0.01858615 0.9372 -0.3381476 0.08551347 0.6384102 0.02343904 -0.7693395 0.9537926 -0.1953242 0.2283157 0.9970648 -0.01092588 0.07577931 -0.006531119 -0.7582831 0.6518928 0.1009276 -0.9519607 0.2891101 -0.03979676 -0.850687 0.524164 0.7438782 -0.1633394 0.6480475 0.213512 -0.8470286 0.4867805 0.9719492 0.2018548 0.1207039 0.9877117 0.053469 0.1468566 0.8655673 0.02810853 0.5000032 0.8189259 0.2130251 0.5328985 0.9265849 0.3646095 0.09219765 0.8664498 0.498201 -0.03256434 0.7135627 0.6706531 -0.202615 0.8798024 0.474937 -0.01956266 0.3376389 -0.9016727 0.27016 0.6748037 0.7378253 0.01593083 0.5929294 0.7895653 0.1581816 0.4654451 0.738651 0.4876018 0.2168369 0.9684872 0.1225334 0.3524652 0.9157258 0.1929112 0.001770079 0.9651893 0.2615466 -0.1869575 0.9686633 0.1635191 0.4880961 0.5981794 -0.6355656 0.6164368 0.7484345 -0.2446458 0.05493396 0.2561755 0.9650682 -0.1246712 0.6835404 0.7191869 -0.210949 0.8427586 0.4952359 -0.219677 0.9426764 0.2512034 0.03180098 0.09918749 -0.9945605 -0.006531 -0.02047818 0.999769 0.1196631 -0.9927982 -0.005706906 0.4761269 -0.8793744 -0.001983702 0.2782462 -0.9605094 -0.001007139 0.9948916 -0.09921753 -0.01861661 0.9988997 0.0455349 0.01123112 0.9747655 -0.2232133 0.002838194 -0.2791261 -0.9602168 -0.008514761 -0.1930031 -0.9811906 0.003845393 0.06582915 -0.997814 0.005829095 0.8288989 -0.5592626 -0.01232969 0.8747268 -0.4846063 0.003112852 -0.610256 -0.7921792 -0.006317377 -0.6705118 -0.7418968 0.001831114 -0.842253 -0.539081 0.00125122 -0.4607776 -0.8874959 0.005920708 0.6958364 -0.7181765 0.005859673 -0.8531898 -0.5215701 -0.00564599 0.5011249 -0.8653408 -0.007690787 -0.9585011 -0.2850447 0.005035579 -0.9854075 -0.1700536 -0.007355153 -0.8325244 -0.1999291 0.5166541 0.334912 -0.935947 -0.1087991 -0.164987 -0.9699625 -0.1787512 0.094823 -0.9749346 0.2012738 -0.8971037 -0.4061458 -0.1739273 -0.9962162 0.05279862 -0.06903499 -0.9789845 -0.1602241 0.126165 0.5140336 -0.853803 0.08240163 -0.7692911 -0.6253332 0.1309568 0.6604734 -0.7455313 -0.0892086 0.8099504 -0.5691535 0.1415788 -0.5898531 -0.8070919 -0.0260027 -0.4214377 -0.9051038 0.0563687 0.9272375 -0.3492629 -0.1350784 0.9854466 -0.1366666 0.1010808 0.9852835 0.1105712 -0.1303477 -0.4265103 -0.381433 0.8201207 -0.8379452 0.2332915 0.4933792 -0.3008843 -0.227151 0.9262133 0.02078366 -0.292864 0.9559282 0.1633674 -0.2546493 0.9531342 0.2503471 -0.2680481 0.9303099 0.4199739 -0.1727383 0.8909453 -0.653431 -0.6571459 -0.375749 0.8903106 -0.3915995 -0.2323725 -0.952394 -0.02462846 -0.3038737 -0.8916485 0.1092281 0.4393542 -0.9515504 -0.1649549 0.2595027 0.2136363 -0.9349945 -0.2830986 -0.1854674 -0.8341916 -0.5193517 -0.02240109 -0.8675103 0.4969148 0.1422185 -0.9635767 -0.2264816 -0.8794095 -0.2770224 -0.387166 -0.7606922 -0.3974827 0.5131812 0.3143812 -0.9014844 -0.2974734 0.5028936 -0.8587158 0.09851562 -0.6492086 -0.5293589 -0.5461752 0.5378159 -0.7573432 0.3703855 0.6788104 -0.6641612 -0.3132196 -0.613431 -0.6871649 0.3892388 0.7338953 -0.5114713 0.4469842 -0.4906257 -0.815685 -0.3065037 0.9157496 -0.3762978 -0.1407225 -0.3621982 -0.830114 0.423938 0.9115251 -0.3725817 -0.1740831 0.9723567 -0.1339466 0.1912608 0.9992354 0.03869855 0.005585014 -0.03091615 0.05258494 -0.9981378 0.04492437 -0.6492366 -0.7592587 0.06662273 -0.2368878 0.96925 -0.1927282 -0.1031241 0.9758183 -0.2050892 -0.06897342 0.97631 -0.3815181 -0.4436242 0.810951 -0.1808264 -0.1352307 0.9741739 -0.5352769 -0.7355442 0.4152752 -0.3070515 -0.7909302 -0.5292909 0.6713305 -0.08728486 0.7360006 0.2700962 -0.09753978 -0.9578801 0.2505947 -0.0942133 -0.9634969 0.2803795 -0.001068115 0.9598886 -0.1268066 -0.2440302 -0.9614413 0.7917538 -0.09549385 -0.6033297 0.7521376 -0.210336 0.6245382 0.9706277 -0.00564599 0.2405205 0.8129725 0.1815286 -0.5532839 -0.05218815 -0.4396322 -0.8966605 -0.1301049 -0.3921765 -0.9106429 0.1532059 -0.6899759 0.7074329 0.1198782 -0.2318216 -0.9653435 0.1147224 -0.2137884 -0.9701203 -0.1923296 -0.1425229 -0.9709257 -0.2635056 -0.09320664 0.9601445 -0.2891721 -0.1063299 0.9513535 -0.4570835 -0.5009088 0.7349593 -0.2048773 -0.4187275 -0.8846991 0.4658114 -0.2832468 -0.8383263 0.4234899 -0.2697627 -0.8648032 0 0 -1 -1.3942e-7 0 -1 -3.7138e-7 0 -1 1.86771e-7 0 -1 2.84057e-7 0 -1 0 0 -1 5.57629e-7 0 -1 -1.01339e-6 0 -1 -2.60925e-7 0 -1 0 0 -1 0 0 -1 3.41567e-7 0 -1 1.55145e-6 0 -1 -1.06553e-6 0 -1 -1.80059e-6 0 -1 -1.65458e-6 0 -1 4.49734e-6 0 -1 2.88953e-6 0 -1 -4.00813e-6 0 -1 9.07417e-6 0 -1 -4.76637e-6 0 -1 1.52409e-6 0 -1 -1.04088e-6 0 -1 1.00565e-6 0 -1 -3.23597e-7 0 -1 -9.42124e-7 0 -1 4.89804e-7 0 -1 4.36964e-7 0 -1 -4.79625e-7 0 -1 0 0 -1 0 0 -1 0.1936411 0.06769043 0.9787346 0.1939153 0.03537106 0.9803805 0.1931273 0.1013857 0.9759216 -0.1936411 0.06769043 0.9787346 -0.1931567 0.1013851 0.9759157 -0.1939212 0.03537213 0.9803793 0.0958293 0.2669488 0.9589344 -0.01254332 0.457634 -0.8890522 0.1750891 0.7018827 0.6904379 -0.14631 0.6584865 0.7382337 0.9269276 0.3190472 0.1975199 -0.2964676 0.8409681 -0.4526364 -0.4637441 0.7590815 0.4568772 0.5281633 0.494867 -0.6900365 0.655429 0.3051608 0.6908617 -0.509976 0.6603747 -0.5512075 -0.6560997 0.6245735 0.4236052 0.5756853 0.68763 -0.4424381 -0.6721265 0.4768946 -0.5664077 -0.8028756 0.4473543 0.3940368 -0.8022503 0.1898275 -0.5660035 0.494817 0.8590399 0.1311739 0.3573188 0.9022696 0.2413153 -0.7591664 0.1546105 -0.6322674 -0.004699945 -0.3218861 0.9467668 0.00363177 -0.3266167 0.9451499 5.49348e-4 -0.3275947 0.9448181 -0.0777322 -0.8923183 0.4446637 -0.1231167 -0.461642 0.878481 -0.4708151 -0.6459631 0.6008867 -0.04211634 -0.3286907 0.9434981 -0.5582888 -0.4916042 0.6683107 -0.7963641 -0.1865934 0.5753147 0.004760921 -0.3348222 0.9422693 -0.08304214 -0.266614 0.9602192 -0.1651673 -0.1978223 0.9662226 0.1004381 -0.5151308 0.8512065 -0.02588003 -0.2730527 0.9616509 0.01416093 -0.3224974 0.9464645 -0.01113939 -0.1912009 0.9814878 -0.003784358 -0.3180103 0.9480798 -0.001770079 -0.3447769 0.9386831 0.006561636 -0.2874929 0.9577604 3.05186e-5 -0.3155319 0.9489151 -0.01959329 -0.3917136 0.9198786 0.2149774 -0.3110214 0.9257702 0.4106655 -0.2320675 0.8817588 0.1327897 -0.8125473 0.5675684 0.1563491 -0.5190681 0.8403115 0.2006611 -0.4021463 0.893316 0.5817957 -0.5733113 0.5769125 0.253618 0.4103668 0.8759436 0.3196917 0.7177269 0.6185996 0.2485475 0.3906139 0.8863662 0.3236917 0.7440698 0.5844518 -0.1095927 0.9697633 0.2180563 -0.5439149 -0.3131585 0.7785168 -0.4653207 -0.1776501 -0.8671316 -0.4426773 -0.1657178 -0.8812345 0.3144103 -0.696482 0.6450264 0.5023571 -0.5922076 -0.6300218 0.2770845 -0.6557981 0.7022485 -0.5229846 -0.3039146 0.7963185 0.4929404 -0.568383 -0.6587492 -0.03988867 -0.5813615 0.812667 -0.4557492 -0.210982 0.8647424 0.4118906 -0.1074895 0.9048714 -0.03613436 -0.2777528 0.9599729 0.3735489 -0.2639867 0.8892538 0.2106452 -0.2909724 0.9332543 0.6029923 -0.08603274 0.7930945 0.1825931 -0.1096535 0.9770547 0.1588824 0.02346915 0.9870185 -0.140967 0.1654737 0.9760875 -0.1328787 0.2110983 0.968391 0.2379257 0.2520865 -0.9379999 0.2369809 0.1901951 -0.952715 0.2361907 0.1602276 -0.9584054 -0.900287 0.3376954 -0.2746731 -0.1566849 0.1255859 0.9796317 -0.5342749 0.3760922 0.757037 0.238047 0.2854732 -0.9283527 -0.8742194 0.3109285 -0.3729128 -0.04654198 -0.3262214 -0.9441469 0.8263642 0.005192279 0.5631123 -2.13636e-4 2.13636e-4 1 2.13636e-4 -2.13636e-4 1 -0.004486262 0.004486262 0.99998 0.004486262 -0.004486262 0.99998 -0.9667399 -0.2414713 -0.08429521 -0.8650066 -0.4060584 0.2947547 -0.8988146 -0.3496865 -0.2642944 -0.6221185 -0.5803673 0.5254924 -0.5477877 -0.6189888 0.5628336 -0.4240401 -0.7719948 0.4735125 -0.02819997 0.9004776 0.4339872 -0.1356564 0.9840204 0.1153308 -0.3485289 0.9202139 0.1781404 -0.336413 0.8286266 0.4474419 -0.4529714 0.8715168 -0.1878174 -0.1384344 -0.5156193 0.8455607 -0.5907861 0.8048461 -0.05652111 -0.3817266 0.06082355 0.9222719 -0.9009622 0.4197329 0.1099613 -0.266888 -0.0203256 0.9635132 -0.8922191 0.4507026 0.02850461 -0.1904366 -0.9813591 0.02584928 -0.9560096 0.2534303 0.1477122 -0.7498114 -0.08792406 0.6557836 -0.971332 0.1204285 0.2049664 -0.09006178 -0.9656844 -0.2436032 -0.8176412 0.2646629 -0.511289 -0.1946225 0.9465605 -0.2571873 0.0889635 0.8960443 -0.4349599 -0.07040745 0.9479221 0.310623 -0.3285074 0.9238127 0.1966039 0.9258767 0.3354922 -0.1737735 0.9842773 0.1766151 -0.002319455 -0.4210997 0.8336542 -0.3573458 -0.487999 0.6696787 0.5598103 0.8291407 0.4592502 0.3187711 0.7221055 0.6358899 -0.2724109 -0.4395989 0.3729144 -0.8171216 0.6363582 0.7167461 0.2851725 0.4643189 0.8110474 -0.3558232 -0.7298439 0.3909856 0.5607658 0.2636231 0.9375435 0.2269697 0.3517014 0.911787 0.2120158 0.6960251 0.5325748 -0.4815738 -0.6819507 0.6984966 -0.2169005 -0.7187198 0.6925041 -0.06228899 -0.7103365 0.6978541 -0.09177148 0.1824439 -0.5134251 0.8385159 -0.08392703 -0.364976 0.9272264 -0.2281339 -0.4675905 0.853999 0.9205487 -0.3759042 -0.1062371 -0.1105719 -0.3897941 0.9142398 0.1144173 0.1638588 0.9798261 0.1003486 0.3854937 0.9172376 0.06723266 0.2487883 0.9662216 0.03354042 0.5255383 0.8501086 -0.1328818 0.9098472 0.3930911 0.07812947 0.2433307 0.9667916 -0.232862 0.7071011 0.6676701 0.5028613 -0.3541423 0.7884885 0.53616 -0.3560972 0.7653282 -0.1297366 -0.4668502 0.8747682 -0.1293702 -0.4411222 0.8880736 -0.06848573 -0.4023994 0.9128989 -0.4209831 0.5700699 0.705545 -0.464926 -0.2788824 0.8402788 -0.2716513 0.8398272 -0.4699956 0.1723996 0.1255536 0.9769927 0.1438688 0.2391507 0.960265 0.2142134 -0.7233021 0.6564654 0.2306038 -0.7596559 0.6080665 -0.4085275 0.9123355 0.02737551 -0.4854941 0.438495 0.7563185 0.08112114 -0.3163664 0.9451623 -0.06329673 -0.2893521 0.9551277 -0.2544091 -0.01883041 0.9669134 0.9024393 -0.1171004 -0.4145972 0.7529944 -0.5814473 -0.3080889 0.4531562 -0.5188957 0.7248425 0.1548833 -0.2291968 0.9609786 0.1178636 -0.267772 0.956246 0.333882 -0.1130132 0.9358156 0.4785475 0.09345102 0.8730745 0.0313434 -0.2015805 0.9789704 0.4539054 0.07098662 0.8882178 0.5363109 0.5734526 0.6192921 -0.250167 0.4526932 -0.8558536 0.8793533 -0.08185279 -0.469082 -0.02990895 -0.3118165 0.9496715 -0.491815 -0.785317 0.3760256 -0.5123857 -0.7223269 0.4644402 -0.01931852 -0.2745489 0.9613791 0.08133357 -0.5681143 0.8189207 -0.06051951 -0.4268411 0.9022993 0.5267879 0.1981596 -0.8265756 0.06436544 -0.1843984 0.9807417 0.1237552 -0.2674701 0.9555859 0.009857535 -0.3252073 0.9455915 -0.005157649 -0.3280463 0.9446476 0 0 1 1.08821e-4 0 1 -3.08388e-5 0 1 5.43029e-5 0 1 1.02948e-5 0 1 -1.08821e-4 0 1 2.05592e-5 0 1 -5.43029e-5 0 1 -2.05897e-5 0 1 0.5068966 0.7895061 0.3460288 0.7664663 0.6229637 0.1563513 0.2111938 0.9552248 0.2072263 -0.4606335 0.8674913 0.1878181 0 1 3.86614e-6 0 1 0 0 1 -1.69134e-6 0 1 2.43497e-6 0 1 -2.21942e-6 0 1 1.29275e-6 0 1 -3.65749e-6 0 1 2.09864e-6 0 1 -1.04857e-6 0 1 0 0 1 -4.28902e-7 0 1 -1.23309e-6 0 1 7.40852e-7 0 1 -1.43562e-6 0 1 1.16272e-6 0 1 -1.29572e-6 0 1 -1.25259e-6 0 1 1.20136e-6 -0.5294051 -0.6918966 0.490927 0.2339604 -0.6613517 0.7126545 0.07562577 -0.6804491 0.7288826 0.004303157 -0.3268895 0.9450529 -0.995419 0.09393852 -0.01779276 0.004786789 -0.3269222 0.9450391 -0.02977615 -0.32863 0.9439893 -0.03284329 -0.3290494 0.9437415 -0.4029718 -0.3069897 0.8621898 -0.01153635 -0.2480019 0.9686909 -0.03985571 -0.325163 0.9448178 -0.01491004 -0.3278868 0.9445994 -0.6045801 -0.3611611 0.7099619 -0.006120264 -0.3264985 0.945178 0.2533263 -0.3825998 0.8885062 0.01736521 -0.3003059 0.9536849 -0.101598 -0.3773378 0.9204857 0.2104591 -0.3894531 0.8966791 0.2416202 -0.3824356 0.891831 0.05279779 -0.3181296 0.946576 0.8882386 -0.1257707 0.4418303 -0.1973077 -0.2501062 0.9479011 -0.07577997 -0.275805 0.9582219 -0.08148574 -0.2747627 0.958053 -0.3406537 0.937698 -0.06839317 0.04593074 0.9904564 -0.1299489 -0.1591238 0.9854449 0.05981636 0.924612 0.3439522 0.1636748 0.8261491 0.5481821 -0.1302856 -0.5409213 0.8409551 0.01409983 -0.6262884 0.7793431 0.01968497 0.6717618 0.7276122 0.1389852 -0.7663968 0.62961 0.1273869 -0.8861894 0.4554092 -0.08527094 0.4956307 0.8610973 -0.1134091 0.2657029 0.9529721 0.1457612 -0.9613918 0.2490383 0.1170724 0.9998369 0.01190245 -0.01358097 0.9926591 0.08349978 -0.08749777 0.97164 0.01522904 -0.2359745 0.6120372 0.5075691 -0.6064522 0.3828298 -0.008667349 -0.9237783 0.5256874 0.02017295 -0.8504386 -0.99532 0.05874925 -0.07672506 -0.9997507 0.01709079 0.01437455 -0.9933418 0.02539199 -0.112372 -0.9223203 0.1121275 -0.369801 -0.08783376 0.6575936 -0.7482351 -0.3637571 0.5908803 -0.7200981 -0.2260815 0.04046761 -0.9732675 -0.8930341 0.3533865 -0.2785829 -0.6823092 -0.03503555 -0.7302238 -0.5154293 -0.09872776 -0.8512259 -0.8226655 0.01132243 -0.5684131 0.9993593 0.03320515 -0.01336747 0.2930155 0.1247933 -0.9479286 0.3329707 0.6465614 -0.6863591 0.3682424 -0.01986783 -0.9295176 -0.5358307 0.09183311 -0.8393166 -0.5311194 0.002014219 -0.8472946 0.8355305 0.3869253 -0.3900994 0.8204509 0.02502584 -0.5711691 0.9156371 0.07736617 -0.3944912 -0.6912273 0.7098134 -0.1355354 -0.6636072 0.05356097 -0.7461614 0.1582703 -0.06616467 -0.9851766 -0.9347141 0.345875 -0.0817306 0.8979586 0.4080076 -0.1649243 0.9902782 0.01641917 0.1381286 0.9759346 0.0694611 0.2067047 0.8778535 0.4260477 0.2187614 0.9631659 0.22734 0.1436249 -0.02331668 -0.01425242 0.9996265 -0.04101693 0.004791378 0.9991471 -0.183847 0.6909525 0.6991316 0.9996091 -0.02191239 0.01736509 -0.9701797 0.07642042 0.2300243 -0.9383841 0.01699936 0.3451759 0.1966044 0.0129401 0.9803975 0.1393198 0.6061407 0.7830603 0.4758657 0.5928179 0.6497069 0.9999433 -0.007599115 -0.007477045 0.02694827 0.005859613 0.9996197 0.006042718 -0.01715171 0.9998347 0.0195322 -0.09717285 0.9950759 -0.8390108 0.1007753 0.5347011 -0.7193756 0.006195425 0.6945937 -0.6914091 0.23225 0.6841151 -0.6024814 0.7568175 0.2534628 -0.394028 0.7655943 0.5085345 -0.9936921 0.1116072 0.01095622 0.5202673 0.04339879 0.8529002 -0.9854407 0.1370015 0.1006835 0.6301076 0.05099821 0.7748315 0.6290215 0.0361036 0.7765491 0.7340427 0.4464317 0.5117424 -0.4190552 0.02954226 0.90748 0.7273419 -0.004181146 0.6862626 -0.9166622 0.3636313 0.1658391 -0.1329101 0.03546303 0.9904935 -0.03955298 0.03073292 0.9987447 -0.001983702 0.4747576 0.8801144 0.02630698 0.05386525 0.9982017 0.8706129 0.005829095 0.4919342 0.8484355 0.1250679 0.5143106 0.3668727 -0.5758691 0.730602 -0.1236961 -0.3925436 0.9113774 0.1059008 -0.03991878 0.9935752 -0.5107327 0.3539269 0.78351 -0.6531332 0.6425127 -0.4007426 -0.6737746 0.6535403 -0.3448376 -0.160287 -0.975578 -0.1501852 -0.1924535 -0.8198656 0.5392423 -0.1562269 0.2616397 0.9524379 -0.293321 0.335224 -0.8953143 -0.290452 -0.6489315 0.7032253 0.03460907 -0.3068126 0.9511405 1.52771e-5 0 -1 -3.18119e-6 0 -1 -6.36286e-6 0 -1 3.18143e-6 0 -1 0.9467367 0.3214895 0.01828098 0.7758516 0.6306732 0.01748728 0.9464132 0.321056 -0.03500485 0.7309696 0.6799107 -0.058353 -0.977007 0.2123822 -0.01873868 -0.9335569 0.3550623 0.04901409 -0.8194785 0.570409 -0.05557596 -0.7461281 0.6658021 7.01937e-4 -0.4569554 0.8892518 -0.0205695 0.3655239 0.9258495 -0.0958901 0.5417136 0.8383285 0.06125175 0.2505593 0.9667134 0.05182087 -0.03320509 0.9993588 -0.01339799 -0.3544806 0.9346509 -0.02777248 -0.244858 0.9642947 -0.1008975 0.05142432 0.9975107 -0.04825037</float_array>
          <technique_common>
            <accessor source="#shape0-mesh-normals-array" count="521" stride="3">
              <param name="X" type="float"/>
              <param name="Y" type="float"/>
              <param name="Z" type="float"/>
            </accessor>
          </technique_common>
        </source>
        <vertices id="shape0-mesh-vertices">
          <input semantic="POSITION" source="#shape0-mesh-positions"/>
        </vertices>
        <lines count="208">
          <input semantic="VERTEX" source="#shape0-mesh-vertices" offset="0"/>
          <p>31 29 168 738 190 191 422 82 20 221 239 238 409 117 361 358 644 643 112 78 631 198 178 174 740 735 147 793 814 310 818 158 332 330 88 52 710 142 195 194 51 575 291 288 614 458 29 289 384 17 644 45 455 452 774 699 789 757 192 191 205 201 724 30 330 328 80 79 113 112 809 712 360 359 205 206 394 328 85 62 66 62 572 377 143 126 738 163 744 742 321 407 674 290 206 197 777 290 538 533 228 12 233 232 27 23 45 43 59 53 621 58 370 4 389 387 566 564 704 481 85 58 78 117 645 579 666 428 796 724 84 79 405 407 768 131 42 281 567 443 329 327 617 96 340 335 608 464 795 605 409 86 680 53 672 603 608 452 324 323 348 342 77 76 138 35 198 197 778 234 716 372 726 293 745 92 614 457 395 320 607 73 157 155 158 137 163 162 16 15 55 93 643 36 763 164 764 763 787 620 82 81 646 625 380 15 616 654 621 93 617 63 399 396 146 142 28 25 46 44 152 633 149 145 578 647 768 120 732 569 421 87 422 87 413 329 753 717 281 726 815 356 824 252 137 177 455 454 230 131 574 436 289 20 616 457 92 94 729 570 745 86 421 420 174 173 215 160 236 143 235 291 624 600 400 332 458 613 157 136 75 611 814 312 753 420 139 178 160 144 32 641 463 464 322 321 706 542 440 437 794 758 795 607 80 611 81 77 603 601 392 326 394 326 405 319 743 351 593 438 597 438 323 322 364 3 401 315 319 315 63 59 88 84 144 148 23 50 601 624 324 327 164 148 395 396 130 132 613 460 391 389 401 400 96 64 221 46 173 764 681 313 31 710 734 568 113 72 654 620 672 605 462 463 320 392 258 256 201 195 235 110 36 33 115 120 818 168 727 523 820 250 762 375 685 139 686 145 661 39 686 685 162 149 633 232 189 190 10 270 272 663 271 272 270 839</p>
        </lines>
        <triangles material="SWMaterial-0-material" count="601">
          <input semantic="VERTEX" source="#shape0-mesh-vertices" offset="0"/>
          <input semantic="NORMAL" source="#shape0-mesh-normals" offset="1"/>
          <p>1 0 19 1 0 2 1 0 0 2 449 3 829 4 1 0 449 3 269 5 829 4 449 3 269 5 449 3 652 6 652 6 449 3 657 7 639 8 652 6 371 9 652 6 657 7 371 9 371 9 5 10 639 8 639 8 5 10 663 11 311 12 8 13 259 14 663 11 5 10 9 15 267 16 259 14 8 13 5 10 11 17 9 15 784 18 9 15 11 17 276 19 784 18 11 17 276 19 11 17 277 20 277 20 11 17 12 21 11 17 13 22 12 21 257 23 278 24 13 22 12 21 13 22 278 24 8 13 632 25 267 16 13 22 746 26 257 23 257 23 746 26 14 27 746 26 380 28 14 27 14 27 380 28 265 29 380 28 16 30 265 29 16 30 347 31 265 29 19 1 267 16 632 25 347 31 247 32 265 29 632 25 0 2 19 1 674 33 675 33 219 34 216 35 34 36 30 35 636 37 37 38 34 36 44 39 283 39 37 38 220 40 219 34 43 40 67 41 761 42 571 43 54 44 739 45 665 46 635 47 67 41 586 48 67 41 571 43 60 49 671 50 54 44 665 46 671 50 665 46 558 51 676 52 800 53 700 54 635 47 586 48 650 55 671 50 558 51 804 56 65 57 676 52 700 54 70 58 671 50 804 56 70 58 804 56 761 42 65 57 700 54 658 59 676 52 635 47 650 55 67 41 60 49 586 48 71 60 65 57 658 59 676 52 650 55 800 53 71 60 658 59 585 61 67 41 70 58 761 42 678 62 619 63 412 64 612 65 664 66 417 67 678 62 412 64 810 68 612 65 417 67 690 69 83 70 678 62 810 68 83 70 810 68 90 71 89 72 690 69 95 73 89 72 612 65 690 69 91 74 83 70 90 71 619 63 89 72 95 73 91 74 90 71 649 75 619 63 95 73 412 64 453 76 91 74 649 75 791 77 509 78 792 79 791 77 792 79 100 80 103 81 791 77 100 80 103 81 100 80 101 82 103 81 101 82 424 83 102 84 98 84 99 84 696 85 760 85 781 85 108 86 331 87 679 88 771 89 104 90 107 91 771 89 107 91 114 92 111 93 108 86 679 88 111 93 679 88 127 94 816 95 771 89 114 92 816 95 114 92 115 96 819 97 111 93 127 94 816 95 115 96 129 98 118 99 816 95 129 98 819 97 127 94 640 100 118 99 129 98 121 101 423 102 819 97 640 100 403 103 118 99 121 101 423 102 640 100 134 104 403 103 121 101 124 105 104 90 423 102 134 104 403 103 124 105 705 106 104 90 134 104 107 91 105 107 403 103 705 106 114 92 125 108 832 109 115 96 114 92 709 110 116 111 110 112 689 112 119 113 116 111 634 114 229 115 122 116 119 113 667 117 123 118 230 119 718 120 123 118 667 117 135 121 122 116 229 115 832 109 125 108 135 121 798 122 154 123 204 124 38 125 798 122 204 124 826 126 655 127 141 128 773 129 141 128 147 130 773 129 826 126 141 128 241 131 641 132 642 133 241 131 642 133 167 134 231 135 241 131 167 134 231 135 167 134 655 127 156 136 793 137 154 123 798 122 156 136 154 123 749 138 182 138 180 138 749 139 181 139 182 139 749 140 808 140 181 140 749 141 183 141 808 141 749 142 772 142 183 142 749 143 165 143 772 143 749 143 170 143 165 143 749 143 171 143 170 143 749 143 830 143 171 143 749 144 184 144 830 144 749 145 833 145 184 145 749 146 179 146 833 146 749 147 159 147 179 147 749 148 185 148 159 148 749 149 186 149 185 149 749 150 161 150 186 150 749 151 187 151 161 151 749 143 786 143 187 143 749 143 737 143 786 143 749 143 166 143 737 143 749 143 817 143 166 143 749 152 169 152 817 152 749 153 172 153 169 153 749 154 175 154 172 154 749 155 176 155 175 155 749 156 628 156 176 156 749 157 629 157 628 157 749 143 831 143 750 143 749 158 834 158 831 158 749 143 211 143 834 143 749 143 688 143 211 143 749 143 670 143 688 143 749 143 656 143 670 143 749 159 721 159 656 159 749 160 725 160 721 160 749 161 803 161 725 161 749 162 802 162 803 162 749 163 668 163 802 163 749 164 630 164 668 164 749 165 196 165 630 165 749 166 653 166 196 166 749 143 703 143 653 143 749 143 651 143 703 143 749 143 210 143 651 143 749 143 212 143 210 143 749 167 669 167 212 167 749 143 697 143 669 143 749 143 698 143 697 143 749 143 765 143 698 143 749 168 180 168 765 168 207 169 177 170 203 170 189 171 207 169 188 171 199 172 631 173 200 173 215 174 199 172 213 174 194 175 192 175 193 175 224 176 223 177 202 178 38 125 204 124 40 179 41 180 224 176 202 178 41 180 202 178 208 181 218 182 40 179 217 183 47 184 41 180 208 181 47 184 208 181 209 185 218 182 217 183 21 186 22 187 47 184 209 185 22 187 209 185 222 188 26 189 22 187 222 188 24 190 21 186 214 191 24 190 214 191 223 177 224 176 24 190 223 177 26 189 222 188 32 192 226 193 267 16 18 194 226 193 264 195 267 16 226 193 259 14 264 195 226 193 365 196 259 14 226 193 254 197 365 196 226 193 297 198 254 197 226 193 245 199 297 198 226 193 243 200 245 199 226 193 253 201 243 200 226 193 249 202 253 201 226 193 225 203 249 202 226 193 244 204 225 203 226 193 251 205 227 206 226 193 246 207 251 205 226 193 266 208 246 207 226 193 263 209 266 208 226 193 262 210 263 209 226 193 261 211 262 210 226 193 752 212 261 211 226 193 255 213 752 212 226 193 277 20 255 213 226 193 273 214 277 20 226 193 275 215 273 214 226 193 9 15 275 215 226 193 271 216 9 15 226 193 7 217 271 216 226 193 260 218 7 217 226 193 2 219 260 218 226 193 1 0 2 219 226 193 19 1 1 0 226 193 18 194 19 1 153 220 133 221 132 222 155 223 133 221 153 220 236 224 136 224 140 224 151 225 128 226 146 227 150 228 240 229 237 230 151 225 130 231 128 226 242 232 240 229 150 228 246 207 266 208 268 233 253 201 249 202 736 234 838 235 12 21 278 24 2 219 829 4 269 5 260 218 2 219 269 5 260 218 652 6 639 8 7 217 260 218 6 236 7 217 9 15 271 216 275 215 9 15 274 237 275 215 784 18 276 19 273 214 275 215 785 238 784 18 275 215 274 237 827 239 276 19 277 20 276 19 273 214 785 238 277 20 273 214 279 240 39 241 718 120 282 241 48 242 42 243 711 243 719 244 286 245 661 246 626 247 48 242 49 248 823 249 626 247 49 248 50 250 286 245 719 244 288 251 626 247 823 249 293 252 662 252 27 252 693 253 695 253 782 253 694 254 756 255 295 256 790 257 756 255 694 254 312 258 336 259 296 260 336 259 338 261 296 260 296 260 338 261 298 262 296 260 298 262 297 198 297 198 298 262 299 263 347 31 769 264 247 32 769 264 300 265 247 32 247 32 300 265 357 266 357 266 303 267 247 32 247 32 303 267 301 268 299 263 302 269 297 198 297 198 302 269 254 197 303 267 304 270 301 268 304 270 306 271 301 268 248 272 301 268 306 271 306 271 307 273 248 272 307 273 342 274 248 272 254 197 308 275 365 196 342 274 702 276 248 272 702 276 309 277 248 272 248 272 309 277 310 278 253 201 248 272 310 278 365 196 308 275 812 279 812 279 311 12 259 14 253 201 310 278 312 258 243 200 253 201 312 258 296 260 243 200 312 258 108 86 414 280 331 87 759 281 767 282 280 283 759 281 280 283 316 284 317 285 705 106 318 286 317 285 105 107 705 106 406 287 316 284 284 288 406 287 759 281 316 284 317 285 318 286 285 289 747 290 317 285 285 289 723 291 406 287 284 288 747 290 285 289 325 292 720 293 747 290 325 292 723 291 284 288 287 294 720 293 325 292 292 295 414 280 723 291 287 294 398 296 720 293 292 295 414 280 287 294 331 87 767 282 398 296 292 295 767 282 292 295 280 283 294 297 780 297 779 297 334 298 425 298 426 298 637 299 362 300 339 301 584 302 337 303 336 259 341 304 637 299 339 301 338 261 336 259 337 303 338 261 337 303 344 305 344 305 337 303 298 262 343 306 16 30 714 307 347 31 343 306 714 307 298 262 337 303 299 263 347 31 714 307 300 265 346 308 677 309 349 310 345 311 346 308 349 310 677 309 350 312 349 310 352 313 341 304 441 314 447 315 596 316 353 317 357 266 300 265 354 318 355 319 352 313 441 314 349 310 350 312 588 320 302 269 587 321 366 322 304 270 357 266 354 318 588 320 589 323 813 324 591 325 583 326 805 327 304 270 354 318 307 273 583 326 582 328 805 327 305 329 304 270 307 273 306 271 305 329 307 273 368 330 363 331 369 332 775 333 439 334 578 335 746 26 13 22 367 336 345 311 385 337 346 308 775 333 578 335 825 338 746 26 367 336 374 339 311 12 812 279 308 275 371 9 449 3 715 340 368 330 369 332 741 341 746 26 374 339 379 342 691 343 766 344 379 342 311 12 373 345 383 346 746 26 379 342 382 347 381 348 378 348 387 348 386 349 382 347 385 337 382 347 379 342 385 337 385 337 345 311 386 349 775 333 391 350 439 334 390 351 562 352 439 334 451 353 836 353 399 353 451 354 801 354 836 354 97 355 801 355 451 355 106 356 801 356 97 356 404 357 106 357 97 357 94 353 106 353 404 353 74 353 413 353 314 353 109 358 74 358 314 358 717 353 415 353 72 353 109 359 418 359 74 359 416 360 418 360 109 360 416 361 419 361 418 361 76 353 419 353 416 353 333 362 683 363 660 364 333 362 660 364 788 365 791 77 788 365 509 78 638 366 520 366 512 366 520 367 524 367 512 367 524 368 427 368 512 368 427 367 811 367 512 367 811 367 534 367 512 367 534 367 541 367 512 367 541 367 429 367 512 367 429 367 754 367 512 367 754 367 551 367 512 367 551 369 430 369 512 369 430 370 556 370 512 370 556 367 522 367 512 367 522 367 535 367 512 367 535 371 708 371 512 371 708 372 783 372 512 372 783 373 548 373 512 373 548 374 553 374 512 374 553 367 554 367 512 367 554 367 432 367 512 367 432 367 505 367 512 367 468 367 469 367 512 367 433 375 468 375 512 375 673 376 433 376 512 376 470 367 673 367 512 367 748 367 470 367 512 367 477 367 748 367 512 367 491 367 477 367 512 367 497 367 491 367 512 367 501 367 497 367 512 367 627 377 501 377 512 377 472 367 627 367 512 367 502 378 472 378 512 378 755 367 502 367 512 367 687 379 755 379 512 379 476 380 687 380 512 380 482 381 476 381 512 381 493 382 482 382 512 382 495 367 493 367 512 367 500 383 495 383 512 383 503 367 500 367 512 367 505 367 503 367 512 367 578 335 766 344 825 338 825 384 766 384 691 384 341 304 339 301 441 314 0 2 632 25 442 385 442 385 632 25 56 386 56 386 632 25 383 346 562 352 390 351 713 387 441 314 590 388 355 319 56 386 383 346 373 345 713 389 390 389 692 389 713 390 692 390 733 390 733 391 692 391 388 391 355 319 590 388 585 61 355 319 585 61 359 392 373 345 311 12 576 393 576 393 311 12 366 322 733 394 388 394 444 394 733 395 444 395 728 395 359 392 585 61 336 259 576 393 366 322 587 321 336 259 585 61 69 396 728 397 444 397 376 397 728 398 376 398 575 398 336 259 69 396 584 302 587 321 302 269 61 399 584 302 446 400 337 303 575 401 376 402 369 332 302 269 353 317 61 399 61 399 353 317 596 316 447 315 337 303 596 316 580 403 369 332 363 331 580 403 363 331 557 404 582 328 701 405 339 301 557 404 363 331 837 406 557 404 837 406 561 407 561 407 837 406 0 2 606 408 770 409 402 410 453 76 649 75 397 411 659 412 453 76 397 411 606 408 402 410 408 413 456 414 606 408 408 413 659 412 397 411 393 415 456 414 408 413 410 416 459 417 456 414 410 416 799 418 659 412 393 415 799 418 393 415 461 419 459 417 410 416 411 420 664 66 411 420 417 67 664 66 459 417 411 420 770 409 799 418 461 419 770 409 461 419 402 410 467 421 466 422 494 423 499 424 479 425 435 426 480 427 518 428 513 429 474 430 480 427 513 429 478 431 485 432 504 433 475 434 498 435 807 436 474 430 513 429 471 437 473 438 466 422 467 421 488 439 499 424 484 440 499 424 483 441 479 425 499 424 488 439 483 441 486 442 807 436 492 443 486 442 475 434 807 436 490 444 435 426 489 445 484 440 478 431 488 439 490 444 499 424 435 426 489 445 496 446 490 444 487 447 475 434 486 442 489 445 494 423 496 446 498 435 474 430 471 437 806 448 498 435 471 437 806 448 471 437 492 443 474 430 498 435 475 434 807 436 806 448 492 443 486 442 492 443 485 432 485 432 492 443 504 433 488 439 434 449 435 426 474 430 465 450 480 427 488 439 478 431 434 449 506 451 490 444 496 446 479 425 488 439 435 426 475 434 465 450 474 430 466 422 496 446 494 423 494 423 511 452 467 421 478 431 504 433 434 449 486 442 485 432 487 447 466 422 506 451 496 446 508 453 555 454 510 455 514 456 684 457 515 458 511 452 508 453 467 421 508 453 510 455 516 459 513 429 518 428 525 460 513 429 525 460 517 461 467 421 508 453 516 459 431 462 527 463 549 464 467 421 516 459 521 465 431 462 776 466 527 463 473 438 521 465 516 459 527 463 776 466 530 467 514 456 515 458 528 468 517 461 525 460 544 469 509 78 788 365 660 364 528 468 515 458 530 467 530 467 515 458 527 463 531 470 517 461 544 469 526 471 507 472 519 473 525 460 518 428 532 474 531 470 544 469 526 471 431 462 549 464 539 475 525 460 532 474 543 476 707 477 539 475 722 478 539 475 549 464 552 479 537 480 531 470 526 471 540 481 722 478 552 479 544 469 525 460 547 482 722 478 539 475 552 479 525 460 543 476 547 482 545 483 822 484 821 485 431 462 545 483 821 485 431 462 821 485 550 486 546 487 540 481 529 488 540 481 552 479 529 488 537 480 515 458 545 483 537 480 526 471 519 473 511 452 546 487 508 453 546 487 529 488 508 453 544 469 547 482 507 472 431 462 550 486 776 466 684 457 822 484 545 483 552 479 555 454 529 488 544 469 507 472 526 471 684 457 545 483 515 458 537 480 519 473 515 458 529 488 555 454 508 453 561 407 559 489 557 404 565 490 731 490 439 334 573 491 385 337 379 342 559 489 369 332 557 404 682 492 450 493 448 494 682 492 448 494 583 326 445 495 576 393 587 321 57 496 445 495 61 399 350 312 589 323 588 320 592 497 589 323 350 312 593 498 585 61 590 388 594 499 61 399 596 316 337 303 599 500 596 316 454 143 600 143 604 143 75 501 609 501 73 501 460 502 462 502 648 502 64 503 68 503 52 503 751 143 55 143 787 143 66 504 622 504 680 504 563 505 510 455 560 506 618 507 615 508 506 451 618 507 506 451 466 422 71 60 585 61 518 428 480 427 71 60 518 428 739 45 516 459 563 505 835 509 71 60 480 427 54 44 618 507 466 422 465 450 835 509 480 427 598 510 543 476 585 61 547 482 543 476 598 510 602 511 835 509 465 450 475 434 602 511 465 450 547 482 598 510 581 512 473 438 516 459 739 45 54 44 473 438 739 45 54 44 466 422 473 438 487 447 485 432 623 513 484 440 499 424 610 514 516 459 510 455 563 505 510 455 555 454 560 506 555 454 552 479 577 515 552 479 549 464 577 515 549 464 527 463 730 516 527 463 515 458 595 517 519 473 536 518 828 519 602 511 475 434 487 447 536 518 507 472 591 325 507 472 547 482 581 512 543 476 518 428 585 61 583 326 507 472 581 512 623 513 602 511 487 447 591 325 507 472 583 326 828 519 536 518 591 325 515 458 519 473 828 519 595 517 515 458 828 519 797 520 485 432 478 431 797 520 623 513 485 432 730 516 527 463 595 517 484 440 797 520 478 431 610 514 797 520 484 440 577 515 549 464 730 516 615 508 610 514 499 424 490 444 615 508 499 424 560 506 555 454 577 515 506 451 615 508 490 444 827 239 273 214 276 19 827 239 279 240 273 214</p>
        </triangles>
      </mesh>
    </geometry>
  </library_geometries>
  <library_visual_scenes>
    <visual_scene id="Scene" name="Scene">
      <node id="node-shape2-name" name="node-shape2-name" type="NODE">
        <matrix sid="transform">1 0 0 0 0 1 0 0 0 0 1 0 0 0 0 1</matrix>
        <instance_geometry url="#shape2_001-mesh" name="node-shape2-name">
          <bind_material>
            <technique_common>
              <instance_material symbol="SWMaterial-0-material" target="#SWMaterial-0-material"/>
              <instance_material symbol="SWMaterial-1-material" target="#SWMaterial-1-material"/>
              <instance_material symbol="SWMaterial-2-material" target="#SWMaterial-2-material"/>
            </technique_common>
          </bind_material>
        </instance_geometry>
      </node>
      <node id="node-shape1-name" name="node-shape1-name" type="NODE">
        <matrix sid="transform">1 0 0 0 0 1 0 0 0 0 1 0 0 0 0 1</matrix>
        <instance_geometry url="#shape1_001-mesh" name="node-shape1-name">
          <bind_material>
            <technique_common>
              <instance_material symbol="SWMaterial-0-material" target="#SWMaterial-0-material"/>
              <instance_material symbol="SWMaterial-1-material" target="#SWMaterial-1-material"/>
              <instance_material symbol="SWMaterial-2-material" target="#SWMaterial-2-material"/>
            </technique_common>
          </bind_material>
        </instance_geometry>
      </node>
      <node id="node-shape0-name" name="node-shape0-name" type="NODE">
        <matrix sid="transform">1 0 0 0 0 1 0 0 0 0 1 0 0 0 0 1</matrix>
        <instance_geometry url="#shape0-mesh" name="node-shape0-name">
          <bind_material>
            <technique_common>
              <instance_material symbol="SWMaterial-0-material" target="#SWMaterial-0-material"/>
              <instance_material symbol="SWMaterial-1-material" target="#SWMaterial-1-material"/>
              <instance_material symbol="SWMaterial-2-material" target="#SWMaterial-2-material"/>
            </technique_common>
          </bind_material>
        </instance_geometry>
      </node>
      <node id="Light" name="Light" type="NODE">
        <matrix sid="transform">-0.2908646 -0.7711008 0.5663932 4.076245 0.9551712 -0.1998834 0.2183912 1.005454 -0.05518906 0.6045247 0.7946723 5.903862 0 0 0 1</matrix>
        <instance_light url="#Light-light"/>
      </node>
    </visual_scene>
  </library_visual_scenes>
  <scene>
    <instance_visual_scene url="#Scene"/>
  </scene>
</COLLADA>