<?xml version="1.0" encoding="utf-8"?>
<COLLADA xmlns="http://www.collada.org/2005/11/COLLADASchema" version="1.4.1" xmlns:xsi="http://www.w3.org/2001/XMLSchema-instance">
  <asset>
    <contributor>
      <author>Blender User</author>
      <authoring_tool>Blender 3.0.1</authoring_tool>
    </contributor>
    <created>2026-06-09T13:20:57</created>
    <modified>2026-06-09T13:20:57</modified>
    <unit name="meter" meter="1"/>
    <up_axis>Z_UP</up_axis>
  </asset>
  <library_lights>
    <light id="Light-light" name="Light">
      <technique_common>
        <point>
          <color sid="color">1000 1000 1000</color>
          <constant_attenuation>1</constant_attenuation>
          <linear_attenuation>0</linear_attenuation>
          <quadratic_attenuation>0.00111109</quadratic_attenuation>
        </point>
      </technique_common>
      <extra>
        <technique profile="blender">
          <type sid="type" type="int">0</type>
          <flag sid="flag" type="int">0</flag>
          <mode sid="mode" type="int">1</mode>
          <gamma sid="blender_gamma" type="float">1</gamma>
          <red sid="red" type="float">1</red>
          <green sid="green" type="float">1</green>
          <blue sid="blue" type="float">1</blue>
          <shadow_r sid="blender_shadow_r" type="float">0</shadow_r>
          <shadow_g sid="blender_shadow_g" type="float">0</shadow_g>
          <shadow_b sid="blender_shadow_b" type="float">0</shadow_b>
          <energy sid="blender_energy" type="float">1000</energy>
          <dist sid="blender_dist" type="float">29.99998</dist>
          <spotsize sid="spotsize" type="float">75</spotsize>
          <spotblend sid="spotblend" type="float">0.15</spotblend>
          <att1 sid="att1" type="float">0</att1>
          <att2 sid="att2" type="float">1</att2>
          <falloff_type sid="falloff_type" type="int">2</falloff_type>
          <clipsta sid="clipsta" type="float">0.04999995</clipsta>
          <clipend sid="clipend" type="float">30.002</clipend>
          <bias sid="bias" type="float">1</bias>
          <soft sid="soft" type="float">3</soft>
          <bufsize sid="bufsize" type="int">2880</bufsize>
          <samp sid="samp" type="int">3</samp>
          <buffers sid="buffers" type="int">1</buffers>
          <area_shape sid="area_shape" type="int">1</area_shape>
          <area_size sid="area_size" type="float">0.1</area_size>
          <area_sizey sid="area_sizey" type="float">0.1</area_sizey>
          <area_sizez sid="area_sizez" type="float">1</area_sizez>
        </technique>
      </extra>
    </light>
  </library_lights>
  <library_effects>
    <effect id="SWMaterial-0_002-effect">
      <profile_COMMON>
        <technique sid="common">
          <lambert>
            <emission>
              <color sid="emission">0 0 0 1</color>
            </emission>
            <diffuse>
              <color sid="diffuse">0.2227451 0.2227451 0.2227451 1</color>
            </diffuse>
            <index_of_refraction>
              <float sid="ior">1</float>
            </index_of_refraction>
          </lambert>
        </technique>
      </profile_COMMON>
    </effect>
    <effect id="SWMaterial-1_002-effect">
      <profile_COMMON>
        <technique sid="common">
          <lambert>
            <emission>
              <color sid="emission">0 0 0 1</color>
            </emission>
            <diffuse>
              <color sid="diffuse">0.3921569 0.5427451 0.64 1</color>
            </diffuse>
            <index_of_refraction>
              <float sid="ior">1</float>
            </index_of_refraction>
          </lambert>
        </technique>
      </profile_COMMON>
    </effect>
    <effect id="SWMaterial-2_002-effect">
      <profile_COMMON>
        <technique sid="common">
          <lambert>
            <emission>
              <color sid="emission">0 0 0 1</color>
            </emission>
            <diffuse>
              <color sid="diffuse">0.4643137 0.4643137 0.4643137 1</color>
            </diffuse>
            <index_of_refraction>
              <float sid="ior">1</float>
            </index_of_refraction>
          </lambert>
        </technique>
      </profile_COMMON>
    </effect>
  </library_effects>
  <library_images/>
  <library_materials>
    <material id="SWMaterial-0_002-material" name="SWMaterial-0_002">
      <instance_effect url="#SWMaterial-0_002-effect"/>
    </material>
    <material id="SWMaterial-1_002-material" name="SWMaterial-1_002">
      <instance_effect url="#SWMaterial-1_002-effect"/>
    </material>
    <material id="SWMaterial-2_002-material" name="SWMaterial-2_002">
      <instance_effect url="#SWMaterial-2_002-effect"/>
    </material>
  </library_materials>
  <library_geometries>
    <geometry id="shape2_002-mesh" name="shape2.002">
      <mesh>
        <source id="shape2_002-mesh-positions">
          <float_array id="shape2_002-mesh-positions-array" count="114">-0.002266943 -0.04458397 0.0650826 -0.001617312 -0.03920793 0.06428402 1.90064e-4 -0.03920888 0.06663686 -1.59113e-4 -0.04459339 0.06723624 -3.93048e-4 -0.04451566 0.06291347 0.002534806 -0.04505044 0.0665844 -2.79847e-4 -0.04476416 0.06515944 0.002094924 -0.04445934 0.0643016 0.001599907 -0.03920823 0.06434738 0.03219389 -0.04371017 0.09881198 0.03460139 -0.04369825 0.09693604 0.03383749 -0.05203807 0.0988276 0.0309897 -0.05289781 0.0980674 0.03320205 -0.05346298 0.1004087 0.03061747 -0.05368608 0.09541511 0.03449392 -0.05355089 0.09469187 0.03282427 -0.05204826 0.09585046 0.03513532 -0.05308675 0.09713435 0.03164088 -0.04371029 0.09639489 -0.00115782 -0.03521567 0.1549708 0.001710653 -0.03521019 0.1549988 -9.30784e-4 -0.04345411 0.1557587 0.002224802 -0.0445165 0.1553682 -0.002979218 -0.04512345 0.1543571 -9.82439e-4 -0.04475474 0.1564362 0.002531826 -0.04512548 0.1525831 4.68206e-4 -0.04456043 0.1521251 -0.001105248 -0.04355525 0.1534322 5.75795e-4 -0.03521025 0.1528295 -0.03404247 -0.0437206 0.09797406 -0.03384828 -0.05196583 0.09875601 -0.03104668 -0.04371011 0.09764975 -0.03060865 -0.05297756 0.09812164 -0.035856 -0.05352473 0.09729373 -0.03295987 -0.05360144 0.1004978 -0.03186619 -0.05318927 0.09535288 -0.03412157 -0.05280113 0.09601408 -0.03271508 -0.04371017 0.09584474</float_array>
          <technique_common>
            <accessor source="#shape2_002-mesh-positions-array" count="38" stride="3">
              <param name="X" type="float"/>
              <param name="Y" type="float"/>
              <param name="Z" type="float"/>
            </accessor>
          </technique_common>
        </source>
        <source id="shape2_002-mesh-normals">
          <float_array id="shape2_002-mesh-normals-array" count="180">-0.7566219 -0.005691468 -0.6538279 -0.7089367 0.1232737 0.6944152 -0.779574 0.1831745 0.5989254 -0.09329873 -0.9918304 0.08699393 -0.08576768 -0.9907361 -0.1052901 0.03146088 -0.9661049 -0.2562258 -0.1455186 -0.9852992 0.08949774 0.08593463 -0.9897753 -0.1138422 0.2120271 0.9552016 0.2064814 8.71274e-5 1 3.39634e-4 0.7925959 0.01645165 0.6095255 0.8490647 0.07548171 0.5228687 0.4856123 0.05338734 -0.8725425 0.01906532 0.254093 -0.9669919 -0.9689989 0.1090369 0.2217029 -0.2445101 -0.04644256 0.968534 0.6096947 0.1217982 0.7832227 0.8094643 0.05837392 0.5842604 0.8335199 0.1998252 0.5150868 -0.3718228 0.7589587 0.5345368 0.1424935 -0.9893544 -0.02955681 -0.5290275 -0.790305 0.3091084 0.06591916 -0.9833127 0.1695605 -0.5676785 0.8074922 -0.1603046 0.5214996 0.8026467 -0.2894762 -0.1777311 0.4693893 -0.8649193 -0.004239618 0.9999906 9.18952e-4 0.4888256 0.009375154 -0.8723312 0.1787421 0.08934533 -0.9798309 -0.7564517 -0.0648666 -0.650825 0.1382217 0.04690086 0.9892902 -0.00990498 0.09493291 0.9954344 0.2543942 0.4387788 0.8618334 -0.7060508 0.3489865 0.6161987 -0.2365741 -0.9637906 -0.1230468 0.1470054 -0.9628019 0.22672 0.1690263 -0.9855329 0.01245838 -0.5551999 0.1852611 -0.8108215 0.295602 0.9395464 -0.1728352 -0.6375311 0.7702917 0.01431649 -0.001929104 0.9999977 9.87238e-4 0.8787415 0.02964341 -0.4763765 0.8857984 0.02471828 -0.4634115 -0.6121362 0.06640428 -0.7879593 -0.7725849 0.1104787 -0.6252257 -0.9969298 -0.02024006 0.07563984 0.2097188 0.05960386 0.9759435 0.1067727 0.09636801 0.9896023 0.3453705 0.7655938 0.5427572 -0.7034327 0.3027458 0.6430611 -0.3199216 -0.5706672 -0.7562997 0.05012637 -0.9963456 -0.06915825 0.2285132 -0.9730976 -0.02937477 -0.5022372 0.8398844 -0.2057963 -0.003191113 0.9999908 0.002889096 0.9096416 0.02187204 -0.4148181 0.7306376 0.100473 -0.6753326 -0.2772679 0.0250082 -0.9604672 -0.8426758 0.1206015 -0.5247407 -0.9945579 -0.01362848 0.1032909</float_array>
          <technique_common>
            <accessor source="#shape2_002-mesh-normals-array" count="60" stride="3">
              <param name="X" type="float"/>
              <param name="Y" type="float"/>
              <param name="Z" type="float"/>
            </accessor>
          </technique_common>
        </source>
        <vertices id="shape2_002-mesh-vertices">
          <input semantic="POSITION" source="#shape2_002-mesh-positions"/>
        </vertices>
        <triangles material="SWMaterial-2_002-material" count="60">
          <input semantic="VERTEX" source="#shape2_002-mesh-vertices" offset="0"/>
          <input semantic="NORMAL" source="#shape2_002-mesh-normals" offset="1"/>
          <p>1 0 4 0 0 0 2 1 0 1 3 1 2 2 1 2 0 2 6 3 3 3 0 3 4 4 6 4 0 4 7 5 5 5 6 5 5 6 3 6 6 6 4 7 7 7 6 7 3 8 5 8 7 8 8 9 1 9 2 9 2 10 3 10 7 10 8 11 2 11 7 11 8 12 7 12 4 12 1 13 8 13 4 13 9 14 18 14 12 14 9 15 12 15 11 15 10 16 9 16 11 16 10 17 11 17 17 17 13 18 17 18 11 18 13 19 11 19 12 19 17 20 13 20 14 20 14 21 13 21 12 21 15 22 17 22 14 22 14 23 12 23 16 23 15 24 16 24 17 24 14 25 16 25 15 25 18 26 9 26 10 26 10 27 17 27 16 27 18 28 10 28 16 28 18 29 16 29 12 29 20 30 21 30 22 30 20 31 19 31 21 31 24 32 22 32 21 32 23 33 24 33 21 33 26 34 25 34 24 34 25 35 22 35 24 35 26 36 24 36 23 36 27 37 26 37 23 37 25 38 26 38 22 38 23 39 21 39 27 39 20 40 28 40 19 40 20 41 22 41 26 41 28 42 20 42 26 42 28 43 26 43 27 43 19 44 28 44 27 44 19 45 27 45 21 45 31 46 30 46 32 46 31 47 29 47 30 47 34 48 32 48 30 48 33 49 34 49 30 49 36 50 35 50 33 50 35 51 34 51 33 51 32 52 34 52 35 52 33 53 30 53 36 53 29 54 31 54 37 54 31 55 32 55 35 55 37 56 31 56 35 56 37 57 35 57 36 57 29 58 37 58 36 58 29 59 36 59 30 59</p>
        </triangles>
      </mesh>
    </geometry>
    <geometry id="shape1_002-mesh" name="shape1.002">
      <mesh>
        <source id="shape1_002-mesh-positions">
          <float_array id="shape1_002-mesh-positions-array" count="4461">0.03010582 -0.04834121 0.1429543 0.01908874 -0.05662417 0.08064424 0.04109305 -0.05127751 0.1038157 0.02331495 -0.05160731 0.1400475 0.0168637 -0.05630999 0.07788807 0.04097783 -0.0484361 0.09850358 0.03137707 -0.04998141 0.1388916 0.03552103 -0.04447102 0.1412474 0.04054284 -0.05032008 0.09915912 0.04262495 -0.04931932 0.1052886 0.01180678 -0.05306845 0.07313376 0.02600699 -0.05093175 0.141115 0.03391617 -0.04679393 0.1410263 0.01540017 -0.05538076 0.07577133 0.01552581 -0.05346804 0.07447975 0.0378676 -0.05391323 0.1075924 0.008116841 -0.05156058 0.072097 0.03929287 -0.04887074 0.0949437 0.04000192 -0.04315555 0.1351483 0.001572608 -0.03669577 0.1604626 -7.02709e-4 -0.03963994 0.1600888 0.003482401 -0.03996354 0.1599158 6.77899e-4 -0.04226315 0.1592226 0.03939604 -0.05308598 0.1045016 0.03408163 -0.04863476 0.1383256 0.008468747 -0.04014873 0.1592336 0.007231593 -0.04367554 0.1579434 0.03631329 -0.05411106 0.1110678 0.03941655 -0.04546195 0.1345649 0.008011639 -0.05377095 0.0724017 0.01202011 -0.05472177 0.07391202 0.004911065 -0.04494494 0.1573415 0.03237974 -0.0515601 0.13372 0.01327872 -0.04037439 0.1579731 0.03786969 -0.047751 0.1345037 0.006268918 -0.04787749 0.1544298 0.01009446 -0.04570269 0.1560033 0.0113067 -0.05625462 0.07531315 0.03870689 -0.05081909 0.09518676 0.01835262 -0.04000085 0.1562544 0.01387923 -0.04327189 0.1565962 0.03740143 -0.05372571 0.09879606 0.004233837 -0.05395942 0.07191455 -0.001662731 -0.05345839 0.07159972 0.002896428 -0.05051755 0.1495942 0.007816731 -0.05560642 0.07354676 0.03439569 -0.05487865 0.102378 0.04133641 -0.04599124 0.1299582 0.0441125 -0.04456853 0.121961 0.03897148 -0.05217134 0.09802472 0.03659647 -0.05437016 0.1012221 0.009516716 -0.05710995 0.07703131 0.03703045 -0.04985517 0.09124231 0.03603076 -0.0497986 0.1337384 0.04073041 -0.04827886 0.1279566 0.00571084 -0.05674272 0.07475954 0.03684186 -0.05348628 0.09616816 0.03548276 -0.05220824 0.09055811 0.03492361 -0.0532571 0.0911318 0.03926092 -0.05002433 0.1275298 -0.001642704 -0.05502772 0.07228839 0.003914356 -0.05595529 0.07327246 0.03484815 -0.05043369 0.08829766 0.03503489 -0.0531274 0.1223787 0.0120908 -0.04884618 0.1519089 0.03369599 -0.05428165 0.09120154 0.04289096 -0.04697608 0.1240142 0.03113472 -0.05078095 0.08405679 0.01705777 -0.04538661 0.1540977 0.01847636 -0.04264432 0.155238 -0.001525998 -0.05612432 0.07334774 0.01315587 -0.04718887 0.1537852 0.02399593 -0.03955841 0.1533949 0.03519731 -0.05238306 0.1265298 -0.00295341 -0.05688595 0.07468646 0.03201299 -0.05286192 0.08630251 0.03776663 -0.05125594 0.1268417 0.02954357 -0.05483204 0.08602035 0.01716232 -0.0493673 0.1494341 0.04183483 -0.0498557 0.1205548 0.04456532 -0.04542791 0.1153088 0.04437351 -0.04552823 0.1188959 0.01216244 -0.05051517 0.148447 0.02363979 -0.04565203 0.1506738 0.02916908 -0.05329161 0.08344155 0.01932936 -0.04725062 0.1513929 0.04305332 -0.04904383 0.1170532 0.02879655 -0.05564308 0.08749234 0.0245257 -0.04316675 0.1518238 0.04017257 -0.05153465 0.1196063 0.0442726 -0.04631489 0.1110672 0.04371565 -0.04828512 0.1130633 0.0308699 -0.04136019 0.1477147 0.0383951 -0.05286306 0.1177564 0.02593362 -0.05367076 0.08079242 0.02187669 -0.04877126 0.1481111 0.03040105 -0.04382055 0.1470139 0.01940548 -0.05240666 0.07592934 0.02372634 -0.05533707 0.08089989 0.0422306 -0.05063992 0.1094198 0.02910232 -0.0461691 0.1463382 0.04104059 -0.05183458 0.1127563 0.02616328 -0.04853606 0.1458933 0.02268218 -0.05397653 0.07860308 0.02276712 -0.05039113 0.1445702 0.02295696 -0.05611306 0.08204561 0.0265184 -0.05619561 0.08758133 0.01916581 -0.05444777 0.07676571 0.04050987 -0.05236983 0.1083673 0.04020959 -0.04072844 0.1355072 -0.04059404 -0.04089337 0.1340709 -0.009272813 -0.03708821 0.1594863 -0.0373829 -0.02336049 0.1413509 5.71132e-4 -0.05181628 0.07137441 -0.0347914 -0.02207762 0.1447691 -0.005197346 -0.05175447 0.07165509 -0.003522872 -0.03685843 0.1603075 -0.01022118 -0.05299568 0.07276523 -0.01410478 -0.05272114 0.07386505 -0.01765567 -0.05247539 0.07523977 -0.01313847 -0.05104428 0.07335793 -0.02233535 -0.05188572 0.07754939 -0.01854449 -0.05018711 0.07544887 -0.02378153 -0.04908585 0.07823759 -0.02737396 -0.051328 0.0810256 -0.03715199 -0.04158127 0.140079 -0.03130012 -0.04664975 0.08418869 -0.03172874 -0.02060413 0.1481687 -0.0309112 -0.05084311 0.08416891 -0.03388595 -0.0502448 0.08736115 -0.0343278 -0.04124075 0.1438601 -0.0361889 -0.04963749 0.09034132 -0.0282793 -0.01934725 0.151324 -0.03739076 -0.04372388 0.09148806 -0.03892177 -0.04902875 0.09474551 -0.04067718 -0.04124838 0.09736269 -0.04354435 -0.03808307 0.1053943 -0.04110926 -0.04806423 0.09937506 -0.02480226 -0.01824367 0.1538919 -0.02793329 -0.0382539 0.1505513 -0.04464739 -0.03555232 0.1114069 -0.0317803 -0.04072666 0.1467735 -0.04491996 -0.03352439 0.116406 -0.04383391 -0.0464915 0.1096823 -0.02345889 -0.03965651 0.1535512 -0.04458695 -0.03132736 0.1218007 -0.01622688 -0.01650094 0.1583399 -0.04422438 -0.04521614 0.1176816 -0.04375869 -0.02945005 0.1264602 -0.04389387 -0.04459124 0.1215998 -0.04275023 -0.02791881 0.1301724 -0.04066425 -0.02572536 0.1355652 -0.04220843 -0.0433492 0.1292989 -0.003957927 -0.01525431 0.1612305 -0.01703274 -0.0520634 0.1343688 -0.00184828 -0.04534918 0.1516207 -0.003384828 -0.04536432 0.1540278 9.75687e-4 -0.04529559 0.1512139 0.002714514 -0.04538273 0.1515785 0.002697288 -0.04530382 0.1523813 0.00349164 -0.04533696 0.154354 0.0323159 -0.04597479 0.08438384 0.02932965 -0.04277217 0.08152896 0.02932959 -0.04709672 0.08164471 0.02458268 -0.04833066 0.0780248 0.01689988 -0.0500493 0.07416975 0.01394718 -0.04622179 0.0730136 0.007779181 -0.04681855 0.07155853 0.009987652 -0.05090224 0.0720278 0.004439771 -0.05115681 0.07115727 0.0018633 -0.04710137 0.07092124 0.001601874 -0.01061278 0.1618978 0.004400908 -0.01470249 0.1616396 0.0102443 -0.01101577 0.1607501 0.0115292 -0.01525753 0.1604197 0.01831674 -0.01223218 0.1581256 0.01851868 -0.01624161 0.1579484 0.02517956 -0.01764798 0.1543394 0.02541196 -0.01362687 0.1541876 0.03048926 -0.01538556 0.1503688 0.03092855 -0.01949161 0.1498246 0.03582394 -0.01744771 0.1446174 0.03533464 -0.02138066 0.1451336 0.03831523 -0.02307289 0.1409969 0.04133832 -0.02525562 0.1355803 0.04280793 -0.02247375 0.1321167 0.04396575 -0.02801394 0.1285164 0.04403722 -0.02400726 0.128073 0.04548174 -0.02751451 0.1193727 0.04562312 -0.02911704 0.1158064 0.04552382 -0.0336017 0.1148391 0.04525315 -0.03504264 0.1109287 0.0444805 -0.03287976 0.1061964 0.04450309 -0.03690016 0.106752 0.04013741 -0.0416581 0.09488689 0.03832894 -0.03869271 0.09166765 0.03773069 -0.04336571 0.09095668 0.03500998 -0.04479026 0.08733415 -0.03372299 -0.04769605 0.1028721 -0.02778625 -0.04757463 0.0986551 -0.03156721 -0.04811769 0.1033171 -0.02811014 -0.04785317 0.1007674 -0.02687728 -0.04868263 0.09973281 -0.03144258 -0.04888027 0.1036685 -0.03059303 -0.04758989 0.1022284 -0.0281549 -0.04861855 0.1016805 -0.02930903 -0.04842382 0.1025827 -0.02647763 -0.04865157 0.09741163 -0.03421074 -0.04861211 0.1035635 -0.02698725 -0.04795843 0.09849679 0.02973091 -0.04756176 0.1005855 0.02756005 -0.04766601 0.0972802 0.02781236 -0.04776877 0.09962564 0.02674764 -0.04861056 0.09719592 0.02717518 -0.04862433 0.09979122 0.03071576 -0.04763615 0.1022772 0.02840465 -0.04837763 0.1015456 0.03020268 -0.04815453 0.1027631 0.03032702 -0.04877394 0.1031695 0.03403562 -0.04770201 0.1028813 0.03237694 -0.04840564 0.103601 0.0344783 -0.04860907 0.103569 7.32253e-4 -0.04018199 0.147678 5.87036e-5 -0.04026675 0.1474124 -8.30984e-4 -0.04028892 0.1484109 0.01339298 -0.04629063 0.1071665 0.01487779 -0.04641819 0.1099806 0.01594018 -0.04625362 0.1125438 0.01581853 -0.04669195 0.1132658 0.007789492 -0.0463972 0.1305923 0.01095759 -0.04615044 0.1290148 0.01080507 -0.04640853 0.1284496 0.01270848 -0.04649448 0.1263678 0.01421296 -0.04630875 0.1243433 -0.0161876 -0.04620045 0.1182551 -0.01592916 -0.04653012 0.1175656 0.01576787 -0.046431 0.1203894 -0.01503843 -0.04654824 0.1215558 0.01666283 -0.04616189 0.1165496 0.01619082 -0.04647266 0.1159668 -0.01458716 -0.04617816 0.1237536 -0.01333296 -0.04652994 0.1251967 -0.0124104 -0.04620879 0.1268885 -0.009742796 -0.04639899 0.1291281 -0.007862627 -0.04616898 0.1308143 -0.006790816 -0.04645627 0.1309233 -0.003626942 -0.04618889 0.1323348 -0.003813683 -0.04663014 0.1319193 0.00115776 -0.0461955 0.1327454 3.28643e-4 -0.0465002 0.132508 0.00516963 -0.04627561 0.1318181 0.04304957 -0.03056901 0.1188722 0.002923905 -0.04611665 0.0732823 0.003037691 -0.04908043 0.07323485 0.04290974 -0.03349268 0.1116754 0.04163897 -0.03622388 0.1049783 0.04031336 -0.03786265 0.100877 0.03860491 -0.03945332 0.09695893 0.03593689 -0.04132986 0.09228992 0.005638241 -0.01415371 0.1586768 0.001873433 -0.01181983 0.1589233 0.03529888 -0.03870284 0.09163975 0.03223156 -0.04327481 0.08753603 0.01189231 -0.01242864 0.1573655 0.03184187 -0.04047656 0.08726996 0.01745522 -0.01577347 0.1555092 0.02883815 -0.04464012 0.08413153 0.01735275 -0.01317286 0.1553295 0.02116894 -0.01650959 0.1536009 0.02557146 -0.01746749 0.1506974 0.0243476 -0.01480931 0.1514591 0.02237617 -0.0436415 0.07949298 0.02945685 -0.018947 0.1475462 0.03200775 -0.01740783 0.1447758 0.01720714 -0.04470843 0.07676696 0.03476887 -0.02128767 0.1414916 0.03802007 -0.02327048 0.1363444 0.03528219 -0.01903587 0.1404276 0.01420485 -0.04810088 0.07551115 0.04087579 -0.0260818 0.1299721 0.04094839 -0.02378988 0.1291889 -0.03445816 -0.0522738 0.09696513 -0.03317034 -0.05432534 0.09351325 -0.03023868 -0.05534869 0.09316629 -0.02842086 -0.05506378 0.09589463 -0.03382629 -0.05225431 0.09605795 -0.03277498 -0.05226421 0.09566217 -0.03130543 -0.05226898 0.09639757 0.03193372 -0.05226802 0.09600919 0.03301644 -0.05434066 0.09351468 0.03496116 -0.05376666 0.09470605 0.03381043 -0.05226778 0.09580016 0.03134512 -0.05226236 0.09720218 0.03083705 -0.05400133 0.09474033 0.03480261 -0.05224466 0.09728151 -0.03158396 -0.04955959 0.09605681 -0.03324538 -0.04956007 0.09572482 -0.03450691 -0.04956007 0.09746813 0.001083254 -0.04927873 0.1501572 0.002991974 -0.04879945 0.1512176 0.002937793 -0.04574936 0.1513603 0.0347799 -0.04955965 0.09707564 0.03385835 -0.04956007 0.0958656 -0.00119692 -0.04375165 0.1533298 -0.001034796 -0.04377979 0.1557351 -2.51835e-4 -0.04499447 0.1574947 -0.002197861 -0.04530483 0.1567406 -0.001596093 -0.04376775 0.1543182 -0.001252233 -0.04216021 0.1533291 -1.58287e-4 -0.04216021 0.1527187 -8.6827e-5 -0.04376232 0.1526511 0.001208662 -0.0437628 0.1530657 0.001872301 -0.04216021 0.1543519 0.0308575 -0.04956012 0.1001309 0.02968561 -0.04206013 0.09878808 0.03265053 -0.04206013 0.1010072 0.03251928 -0.04956012 0.1008556 0.03423547 -0.04956012 0.1006847 0.03428143 -0.04206013 0.1007971 -0.02944749 -0.04205942 0.09440034 -0.02838701 -0.04206007 0.09672802 0.001139342 -0.04046171 0.1484239 0.00122559 -0.04253304 0.1485157 -3.26106e-4 -0.0420981 0.1494017 -1.47125e-4 -0.04031682 0.1494246 0.009080767 -0.04841005 0.1296502 -0.01435363 -0.04898554 0.1230278 0.01314896 -0.04891037 0.1255233 -0.008960306 -0.04817044 0.1295568 -0.001379728 -0.01173126 0.1584951 -0.03650736 -0.04082334 0.09359574 -0.004444658 -0.01437062 0.1588451 -0.005558848 -0.01178747 0.1585046 -0.001567184 -0.0116899 0.1588087 -0.03868913 -0.03616648 0.09797865 -0.04086875 -0.03379321 0.1037971 -0.04231095 -0.03445416 0.109357 -0.003134846 -0.04903703 0.07328432 -0.04270321 -0.03285676 0.1131556 -0.04266607 -0.02927148 0.115158 -0.04281806 -0.03072184 0.1185733 -0.009158909 -0.04870057 0.07415735 -0.005234181 -0.04599189 0.0735774 -0.0423991 -0.02680033 0.121159 -0.04163408 -0.02748566 0.126584 -0.04087662 -0.02386486 0.1284473 -0.04046797 -0.02580332 0.1300633 -0.0163055 -0.04776418 0.07637649 -0.01817834 -0.04443871 0.07737886 -0.03783208 -0.02087312 0.1359012 -0.0351215 -0.02149081 0.1406313 -0.03175443 -0.02001911 0.1449538 -0.03124511 -0.01714217 0.145263 -0.02335047 -0.04332536 0.08024179 -0.02745658 -0.04500317 0.08322638 -0.02983826 -0.04119431 0.0854693 -0.02168518 -0.01668071 0.1531872 -0.03203719 -0.04324734 0.08759993 -0.01858294 -0.01591378 0.1547733 -0.01293426 -0.01497161 0.157042 -0.01521253 -0.01281142 0.1561186 -0.001256346 -0.01406073 0.1589489 -6.85593e-4 -0.01418572 0.1586424 -0.00132519 -0.01402479 0.15839 -0.02869874 -0.0187751 0.1480215 -0.02555215 -0.01770883 0.1505808 -0.02271676 -0.04646122 0.07970857 -0.008628726 -0.01463949 0.1582219 0.00834769 -0.04873371 0.07397669 -0.01481282 -0.01538264 0.1566161 -0.03887224 -0.02437239 0.1342906 -0.03964006 -0.0382893 0.09980362 -0.04110985 -0.03660988 0.1040086 -0.03545153 -0.02192133 0.1404027 0.04251623 -0.02871435 0.1235288 0.02561521 -0.01767832 0.1509537 2.81682e-4 -0.01429873 0.1592723 0.001549184 -0.0140708 0.1589557 8.03229e-4 -0.01413488 0.1588421 0.03289031 -0.02039897 0.1440297 0.009922623 -0.01463896 0.1579307 0.0373544 -0.02293419 0.1378976 0.008849322 -0.01463431 0.1585377 0.02465319 -0.04600501 0.08079886 0.0193389 -0.0472685 0.07768636 0.01396262 -0.01515501 0.156821 -0.002360522 -0.01499623 0.1578451 -6.02356e-4 -0.04215741 0.1580815 -0.003661036 -0.04213446 0.1550722 0.002290308 -0.04215508 0.1574756 0.003469228 -0.03973621 0.1562834 8.04108e-4 -0.04215919 0.158107 9.21631e-4 -0.01697355 0.1585122 0.002671658 -0.01889264 0.1577454 0.001604974 -0.01162499 0.1585255 -0.003201007 -0.03990948 0.1562553 -0.002025902 -0.04215431 0.1574543 -0.02173697 -0.04323381 0.08075368 -0.03145992 -0.03985804 0.08905726 -0.01737642 -0.04413402 0.0780856 -0.03582733 -0.03736841 0.09512597 -0.01131278 -0.04504418 0.07615119 -0.04017549 -0.03318309 0.1054725 -0.007288813 -0.04545706 0.07527869 -0.0409969 -0.03171187 0.1090886 -0.04146397 -0.03022903 0.1127975 -0.04161143 -0.02851521 0.1169802 0.009061396 -0.04529148 0.07527375 -0.03986775 -0.02393192 0.1282655 0.01472586 -0.04466426 0.07722938 0.01854079 -0.04398614 0.07885026 -0.03544193 -0.01994639 0.1381483 -0.02571761 -0.01511281 0.1499513 -0.02643269 -0.01578247 0.148503 0.03767383 -0.03616446 0.09800034 -0.01143079 -0.01220804 0.1572793 -0.01632839 -0.01330447 0.1546569 0.04034537 -0.03332924 0.1049861 0.04130309 -0.031632 0.1092553 -0.02943754 -0.01692169 0.1457626 -0.02687323 -0.04170554 0.08439856 -0.03253376 -0.01836621 0.1422863 0.03021365 -0.04053795 0.08720147 0.03082197 -0.04048347 0.08812087 0.02781832 -0.04155069 0.08513164 -0.0286194 -0.04125803 0.08615279 0.02512621 -0.0423367 0.08283561 -0.02303946 -0.01474457 0.1510215 -0.01977491 -0.01394164 0.1529949 -0.03366827 -0.03870528 0.09183615 0.02144175 -0.04342132 0.08047562 0.03714859 -0.02093285 0.135662 -0.03751677 -0.03609919 0.09825795 -0.03898274 -0.03468561 0.1017413 0.03867506 -0.02230387 0.1323503 0.04003041 -0.0237987 0.1286205 0.007772266 -0.04553979 0.07535386 -0.005873024 -0.01223337 0.1575958 0.003561437 -0.04566454 0.07471895 0.0416426 -0.02699923 0.1207617 0.04189139 -0.02855116 0.1168847 -4.49238e-5 -0.04570144 0.07457071 -0.04139059 -0.02724504 0.1203464 -0.003718316 -0.04566562 0.07478362 -0.04101735 -0.02584689 0.1235198 0.04175597 -0.03005522 0.113232 -0.03869712 -0.02263146 0.1315873 0.03917658 -0.03479456 0.1015682 0.03582984 -0.0375759 0.0946806 0.02743965 -0.01565301 0.1490833 0.03510951 -0.01930016 0.1400926 0.02679193 -0.01546233 0.1492158 0.02370095 -0.02741646 0.1511572 0.0312277 -0.01706516 0.1451156 0.02861309 -0.02746498 0.1473215 0.00789076 -0.01215577 0.1573504 0.01568043 -0.01310235 0.1550478 0.002518892 -0.01191884 0.1579801 0.02270025 -0.01458054 0.1514375 -0.03351092 -0.01989042 0.14549 -0.009166121 -0.04917806 0.07277327 0.01090168 -0.0490514 0.07311576 0.01956081 -0.04776811 0.07624012 -0.04018604 -0.03910368 0.09795117 8.12723e-4 -0.01431924 0.15859 2.26317e-4 -0.01434922 0.15865 0.003976047 -0.04212749 0.1550796 0.001208066 -0.04215967 0.1529861 -0.001487255 -0.04215925 0.1551397 0.001252532 -0.04215723 0.1557607 -2.48758e-4 -0.04216021 0.1561014 8.18651e-4 -0.04213166 0.1492357 -0.002906978 -0.03775948 0.1567762 0.002776265 -0.01888519 0.1576499 -0.03708899 -0.04955995 0.09891331 -0.002239167 -0.01199448 0.1579779 -0.03651815 -0.04147791 0.1342374 -0.01208144 -0.03705042 0.1550997 -0.0188781 -0.03860133 0.1521896 -0.03801923 -0.04691749 0.1008646 -0.040196 -0.04371678 0.1230065 -0.02822554 -0.03931784 0.1455422 -0.00586152 -0.05250096 0.07536751 -0.006850302 -0.03777879 0.1563152 -0.03926688 -0.04271769 0.1271803 -0.03346854 -0.04206007 0.09191989 -0.03154814 -0.04023331 0.1419349 -0.01083332 -0.05230748 0.07646912 -0.03195661 -0.04727411 0.09031581 -0.03818994 -0.04216873 0.130427 -0.01559561 -0.04454797 0.07766109 -0.03699809 -0.02129119 0.1353023 -0.03392904 -0.04206025 0.09259063 -0.02521413 -0.03985822 0.1479927 -0.01420027 -0.05212676 0.0775724 -0.0126692 -0.01268655 0.1560475 -0.03382605 -0.04955983 0.09282475 -0.04082292 -0.04491555 0.1150351 -0.02173954 -0.05173832 0.08142966 -0.03743058 -0.04206019 0.09886628 -0.008479714 -0.01221984 0.1571673 -0.02494782 -0.04556387 0.08322465 -0.03774613 -0.04206007 0.09961992 0.04101717 -0.0253725 0.1247523 0.02812647 -0.05041247 0.08601325 0.003234922 -0.03726899 0.1568312 0.03382933 -0.04077214 0.1392267 0.03802126 -0.04206031 0.09962683 0.03769379 -0.04206019 0.09886741 0.03373885 -0.03885138 0.09157967 0.02503335 -0.05086094 0.08346074 0.03608286 -0.04103648 0.1356558 0.02204459 -0.0511384 0.08133471 0.01491081 -0.03779035 0.1541706 0.03420275 -0.04205989 0.09259015 0.002928435 -0.02269977 0.1574767 0.0220443 -0.02742445 0.1511631 0.01210755 -0.01267474 0.1562836 0.04118007 -0.0443421 0.1159631 0.01843047 -0.03826987 0.1525991 0.03736943 -0.04955971 0.09891235 0.02298623 -0.02782708 0.1505863 0.02627533 -0.02787095 0.1482164 0.01500368 -0.05197876 0.0777468 0.0290336 -0.02784973 0.1458046 0.03553938 -0.04955953 0.09532946 0.01139777 -0.0451914 0.0762012 0.02425116 -0.03866201 0.149135 0.01168918 -0.05244475 0.07665556 0.03465497 -0.0277155 0.1391645 0.008151829 -0.05233466 0.07574838 0.02853566 -0.03958725 0.1454852 0.03399068 -0.04955327 0.09286731 0.004493117 -0.05227726 0.07517492 0.0334472 -0.04702228 0.09198307 0.001385331 -0.05278295 0.07500118 0.01918631 -0.01378995 0.1534297 0.03852766 -0.04701077 0.1014974 0.0109384 -0.03791934 0.1554615 0.03098464 -0.04055744 0.142823 0.03136718 -0.04961591 0.08940804 0.02506303 -0.0456773 0.0831511 0.03482681 -0.02746993 0.1402144 0.03242039 -0.02752059 0.143288 -0.01973783 -0.03510785 0.09041386 -0.0199536 -0.03474158 0.09066134 -0.02518719 -0.03504461 0.09049731 -0.02492034 -0.05207723 0.09009331 -0.01924872 -0.04596537 0.09329396 -0.01944988 -0.04578316 0.09029489 -0.02007544 -0.03473943 0.09312075 -0.01967144 -0.0350182 0.09330052 -0.02120202 -0.0351442 0.09194797 -0.02111184 -0.03475928 0.0923469 -0.02522695 -0.03476125 0.09220439 -0.02491599 -0.03507572 0.09200501 -0.02586621 -0.03466325 0.09070503 -0.0264548 -0.03502976 0.09047728 -0.02660465 -0.05231833 0.08997148 -0.02686595 -0.05216962 0.0903306 -0.02093619 -0.03503406 0.09047567 -0.02638423 -0.0348007 0.09312427 -0.02622437 -0.03509056 0.09345579 -0.01445198 -0.04848062 0.07410508 -0.03722709 -0.04131746 0.09223884 0.0262652 -0.04612189 0.08021569 -0.04011839 -0.0391162 0.0972197 -0.01954007 -0.0477457 0.07641845 -0.0422948 -0.03688263 0.1031388 0.04072606 -0.03892916 0.09818208 0.01445007 -0.04849815 0.07407718 -0.02387988 -0.04675436 0.07887303 0.0369181 -0.04169481 0.09129023 0.006840229 -0.04915982 0.07220327 -0.02662545 -0.04581445 0.08067685 0.004341542 -0.04952627 0.07207256 -0.02947926 -0.04499161 0.08312934 0.03335291 -0.04354137 0.08676785 -0.03379303 -0.04321861 0.08750206 0.001370728 -0.04944115 0.07167863 -0.004175782 -0.04950058 0.07201063 0.0304439 -0.04475349 0.08377218 0.04321551 -0.03603011 0.1053677 -0.02825325 -0.01778107 0.1506801 0.02930277 -0.0180608 0.1499917 0.02460366 -0.01659506 0.1536045 -0.03773939 -0.02221423 0.1397088 0.0168662 -0.01497972 0.1576381 0.04444843 -0.03302919 0.1128652 -0.04044759 -0.02423852 0.1345571 0.0444535 -0.03009122 0.1201684 0.00930339 -0.01402401 0.1599606 -0.04248279 -0.02647387 0.1291241 7.55543e-4 -0.01364868 0.1609236 0.04337191 -0.02740168 0.126739 0.04169362 -0.02522349 0.1322697 -0.04373925 -0.02876156 0.1234419 -0.04435265 -0.03147351 0.116674 -0.007367551 -0.01392924 0.1602563 0.03899824 -0.02291178 0.1379609 0.03628128 -0.02115809 0.1423266 -0.01283329 -0.01443707 0.1589303 -0.04369235 -0.03461122 0.108969 0.03307813 -0.01935875 0.1463766 -0.01808267 -0.01524263 0.1570014 -0.02309495 -0.0162785 0.1543245 -0.020976 -0.04572552 0.09015315 -0.02062916 -0.03473007 0.0908299 -0.02096194 -0.04578506 0.09014999 -0.02108407 -0.04590708 0.09020996 -0.02117937 -0.04596221 0.09031993 -0.02124619 -0.04580646 0.09057217 -0.02118188 -0.04621338 0.0900017 -0.02169859 -0.05226153 0.09165257 -0.02138978 -0.0521242 0.09135496 -0.02459561 -0.0521574 0.09160983 -0.02759426 -0.04859167 0.09372889 -0.02713513 -0.04909348 0.09352904 -0.02749562 -0.05178272 0.09339737 -0.02651536 -0.05127364 0.09589743 -0.02631193 -0.05179482 0.09384542 -0.02723693 -0.04873281 0.09426736 -0.02680784 -0.04841786 0.09361416 -0.01980197 -0.04631555 0.09396821 -0.01993167 -0.04584515 0.09373927 -0.02680015 -0.04836302 0.09332305 -0.02670037 -0.04804509 0.09345996 -0.0193215 -0.04616594 0.09413188 -0.01560074 -0.04646247 0.1130399 -0.01453733 -0.04633617 0.1097209 -0.01299023 -0.04650205 0.1070583 -0.01606947 -0.04615515 0.1128422 -0.01877278 -0.04618483 0.09177309 -0.01484501 -0.04628986 0.1075096 -0.01681852 -0.04631572 0.112505 -0.0175153 -0.04663437 0.1155076 -0.01615583 -0.04650461 0.1100812 -0.01728826 -0.04619896 0.1158315 -0.01726961 -0.04619836 0.1169251 -0.01748561 -0.04652369 0.1172208 -0.01662969 -0.04655724 0.121638 -0.01607823 -0.04618287 0.1222223 -0.01468837 -0.04646098 0.1256677 -0.01290655 -0.04651671 0.1282297 -0.01254731 -0.04616838 0.127905 -0.01268941 -0.04616713 0.128619 -0.01199495 -0.04636967 0.1295201 -0.008111894 -0.04621571 0.1315401 -0.01141542 -0.0461803 0.1291808 -0.01144862 -0.04655212 0.1295378 0.01201462 -0.04617482 0.1290031 0.01199501 -0.04649507 0.129445 0.01514995 -0.04627633 0.1251704 0.01281088 -0.04618895 0.1283798 0.01318597 -0.04653716 0.1282197 0.01682078 -0.04645729 0.1217981 0.016119 -0.04610872 0.1207349 0.01743674 -0.04617089 0.1169146 0.01772683 -0.04655122 0.1172533 0.01655113 -0.04619276 0.1114039 0.01759642 -0.04623693 0.1158404 0.0177477 -0.0464763 0.1155523 0.01681029 -0.04647672 0.1110394 0.01522284 -0.04650092 0.1075577 0.0148307 -0.04614591 0.1077434 0.008313775 -0.0462163 0.1315788 0.003029108 -0.04663342 0.1337385 -0.007787227 -0.04654598 0.1320667 0.008099973 -0.04656398 0.1320501 0.003777921 -0.04623866 0.1333258 -0.004205584 -0.04634487 0.1332621 -9.45056e-4 -0.04628258 0.1337512 8.03078e-4 -0.04016864 0.1490543 0.01198434 -0.04831272 0.1295463 0.02429056 -0.04626035 0.1414895 0.01330232 -0.0485146 0.1283267 0.02565079 -0.04625272 0.1410288 0.01727199 -0.04916387 0.1205298 0.01388037 -0.04903781 0.1283795 0.01789128 -0.04943835 0.1173373 0.01807868 -0.04997187 0.1178787 0.0396133 -0.04626375 0.1170588 0.01785176 -0.04958581 0.1154854 0.03987509 -0.04628247 0.1157274 0.01828181 -0.05017721 0.1152338 0.017008 -0.0499565 0.111195 0.01604753 -0.05093091 0.1075298 0.01540583 -0.05042421 0.1075342 0.02698504 -0.0434001 0.08052104 0.01806426 -0.04549789 0.07534605 0.001026272 -0.04697161 0.07149457 -0.03721654 -0.03875154 0.09170567 -0.04337137 -0.03284025 0.1061913 -0.0441662 -0.03065973 0.1116822 0.03380435 -0.01689857 0.1456387 -0.04041284 -0.02120351 0.1350142 -0.0361061 -0.01819628 0.1424194 -0.03051614 -0.01559233 0.1488419 -0.01722764 -0.01211881 0.1574807 -0.00997734 -0.01115572 0.1598154 0.01310485 -0.05045521 0.1072361 -0.01462662 -0.05000537 0.1102873 -0.01289618 -0.05021834 0.1072198 -0.01230126 -0.05097162 0.1072818 -0.02137213 -0.05171495 0.09022992 -0.02699273 -0.05204242 0.09297388 -0.02645826 -0.0353052 0.09327 -0.0267567 -0.04830217 0.09350997 -0.0176087 -0.04975324 0.1154718 -0.01804757 -0.05025106 0.1150599 -0.02702355 -0.05149757 0.09405779 -0.0264427 -0.05209726 0.09429198 -0.02052998 -0.05207526 0.09416705 -0.01583027 -0.05094063 0.1075855 -0.01514726 -0.05046665 0.1074725 -0.01746714 -0.04952204 0.1175772 -0.01778221 -0.04955255 0.1173232 -0.0180903 -0.05002176 0.1180031 -0.01359629 -0.04908156 0.1282604 -0.01298588 -0.04848223 0.128296 -0.02406644 -0.04624223 0.1414675 -0.01171541 -0.04819798 0.1295236 -0.01165544 -0.04884761 0.1300038 0.01200151 -0.04886907 0.1301118 0.001192152 -0.04670476 0.1478143 6.61342e-4 -0.04546415 0.1474739 -5.41163e-4 -0.04016399 0.1477178 1.619e-4 -0.04741561 0.147233 -7.92431e-4 -0.04338598 0.1479291 0.001126408 -0.04401612 0.1479694 -1.03721e-4 -0.04479193 0.1473758 0.02715146 -0.04611933 0.1417326 0.02379846 -0.04809385 0.1385241 0.01777082 -0.04971975 0.120354 0.01651185 -0.04934448 0.1237178 0.01616442 -0.04863709 0.123556 0.01520633 -0.0488252 0.1255884 0.0354188 -0.04956358 0.1173456 0.04066497 -0.04569804 0.117928 0.04019123 -0.04618346 0.1173353 0.04045361 -0.0460968 0.1154571 0.02707701 -0.04879593 0.09525108 0.02827316 -0.04874128 0.09319323 0.03740864 -0.05003106 0.1033759 0.03538966 -0.05068457 0.1035115 0.03452551 -0.04755431 0.10168 0.02892071 -0.04776489 0.09344333 0.02753239 -0.04795604 0.09531158 0.02881538 -0.04755383 0.09577733 0.0304476 -0.0516107 0.09123617 0.03587895 -0.05028194 0.1148469 0.03560262 -0.04982882 0.1155005 0.01745337 -0.0505836 0.1111958 0.02656406 -0.05125373 0.09795051 0.02938717 -0.05075514 0.1027794 0.02669137 -0.05143606 0.0961138 0.03285151 -0.05075246 0.103905 0.03173393 -0.05120235 0.1044791 0.02720183 -0.0514546 0.1014508 0.02792507 -0.05096524 0.10138 0.02622681 -0.05199474 0.09549552 0.02721929 -0.0521472 0.09356921 0.02712857 -0.05107283 0.1000455 0.0277298 -0.05166071 0.09364616 0.02602642 -0.05171829 0.09859359 0.03122699 -0.05074 0.1036251 0.02899748 -0.05130225 0.1033249 0.029733 -0.05223095 0.09110206 0.02374386 -0.04616904 0.08308476 0.02392995 -0.0465061 0.08363348 0.02244216 -0.04626429 0.08211797 -0.02733713 -0.04313093 0.08050853 -0.02694952 -0.04332816 0.08074498 0.0125069 -0.04635024 0.07328462 0.01269173 -0.0461831 0.07307893 0.04209589 -0.03493344 0.1010643 0.04383534 -0.03251272 0.1069659 0.04431146 -0.03128981 0.1106529 -0.02065747 -0.04488539 0.07663989 0.02016323 -0.0450077 0.0761522 0.04468506 -0.02965998 0.1140906 -0.01806998 -0.04539817 0.07496011 0.02697062 -0.04329824 0.08021754 -0.01323252 -0.04609978 0.07354158 0.03108692 -0.04187709 0.08400499 -0.0408169 -0.03604024 0.09836494 -0.007003307 -0.04675519 0.07208311 0.03528779 -0.03999793 0.08860194 -0.007276952 -0.04676759 0.07157427 -0.003623068 -0.04695928 0.07109797 0.03970575 -0.03719294 0.09547334 -0.03286707 -0.04101461 0.08605641 0.006754934 -0.04671519 0.07196068 0.00268954 -0.01070278 0.160937 -0.04448264 -0.0277732 0.1187192 0.04461532 -0.02759861 0.1191759 -0.004163026 -0.01076775 0.1607443 0.04385435 -0.02509474 0.1253589 0.04161483 -0.02206605 0.1328499 -0.02420741 -0.01360648 0.1537707 0.03813725 -0.01927316 0.1397626 0.02948576 -0.01516979 0.1499252 0.0251162 -0.01380658 0.1532997 0.02005249 -0.01259857 0.1562677 -0.04325318 -0.02449816 0.1268581 0.0145719 -0.01168185 0.1585832 0.009221553 -0.01106989 0.160034 -0.04437369 -0.02872663 0.1169221 -9.31568e-4 -0.04254221 0.1484887 -7.65899e-4 -0.04217338 0.1489403 0.02142274 -0.05298036 0.08274149 0.01243025 -0.05095142 0.1072774 0.02185165 -0.05242258 0.08305889 0.01603716 -0.04974204 0.1151363 0.0136289 -0.04945534 0.1241121 0.01503956 -0.04906159 0.1221976 0.006990075 -0.04890114 0.1303848 0.01545482 -0.05023378 0.1154413 0.004462301 -0.04824805 0.1318147 0.01589494 -0.0492348 0.1187636 0.01163625 -0.04841387 0.1274988 0.01433312 -0.05026054 0.1093069 0.01063781 -0.04903173 0.127994 0.002270758 -0.04875034 0.1318616 0.01537042 -0.04985201 0.1192839 0.01442605 -0.05063533 0.1108736 0.01532155 -0.05000948 0.1116915 5.36804e-4 -0.04836648 0.1323058 -0.01360052 -0.04947441 0.1236529 -0.01573103 -0.04974317 0.1150497 -0.01521182 -0.05020701 0.1157341 -0.009850263 -0.04908293 0.1283881 -0.003712654 -0.04832279 0.1319096 -0.01123744 -0.04858028 0.1276127 -0.003417909 -0.04885268 0.1314169 -0.01458752 -0.05047607 0.1112605 -0.01496303 -0.04981952 0.1198225 -0.01294225 -0.04883176 0.1255105 -0.01547461 -0.0492227 0.1198033 -0.006965637 -0.04853928 0.1306152 -0.01328098 -0.04617702 0.1069769 -0.02106654 -0.0529896 0.0826987 -0.02154976 -0.05252593 0.08306688 -0.02218335 -0.04619365 0.08218264 -0.01937341 -0.04626858 0.08967185 -0.02360749 -0.04634261 0.08358108 -0.02935218 -0.05224579 0.09123921 -0.02325963 -0.05244499 0.08538413 -0.02723574 -0.05251061 0.08978557 -0.02466273 -0.05249792 0.08969461 -0.03137356 -0.04863083 0.09064239 -0.02663445 -0.04853206 0.09601873 -0.02863603 -0.04763203 0.09388482 -0.02743458 -0.04785591 0.09512609 -0.02856153 -0.04853159 0.09275627 -0.03717148 -0.04757302 0.1009317 -0.03646296 -0.05051523 0.1036844 -0.03677344 -0.04939931 0.1026825 -0.01716536 -0.04998695 0.1129289 -0.01639062 -0.05026197 0.1102162 -0.0174787 -0.05059695 0.111462 -0.03563189 -0.05020028 0.1150665 -0.03533029 -0.0495876 0.1155753 -0.02678924 -0.05147451 0.1016737 -0.03224343 -0.05116385 0.1043342 -0.03480517 -0.05112046 0.1040802 -0.02810162 -0.05097377 0.1019983 -0.02576744 -0.05175554 0.09731698 -0.02633547 -0.05115205 0.09798783 -0.02965754 -0.05078357 0.1030733 -0.03007692 -0.05124717 0.1040779 -0.02705729 -0.05089896 0.1004688 -0.03167092 -0.05059039 0.1037821 -0.02649557 -0.05142724 0.100072 -0.02019089 -0.05157089 0.09383469 -0.03967058 -0.04627263 0.1157277 -0.03959453 -0.04626625 0.1171792 -0.03959971 -0.04617714 0.1168489 -0.04044336 -0.04559999 0.1180296 -0.03498828 -0.04996305 0.1179177 -0.01490986 -0.04870498 0.1255608 -0.01590561 -0.04938292 0.1249763 -0.01714748 -0.04958796 0.1218322 -0.01674741 -0.04902946 0.1214774 -0.02389162 -0.04814732 0.138598 -0.0238071 -0.04750823 0.1392043 -0.02535194 -0.04626709 0.1409562 -0.02666079 -0.04614007 0.1418 -0.02210921 -0.04744225 0.1397936 0.00416857 -0.04859209 0.1342768 0.004232108 -0.04807353 0.1335639 0.00851804 -0.0480957 0.1319036 -0.008040249 -0.04822731 0.1320657 -0.004567801 -0.0479896 0.1333417 -0.008212327 -0.04870063 0.1326041 5.34884e-4 -0.04854869 0.1345552 -7.92855e-4 -0.04787009 0.1339874 0.008717358 -0.04869991 0.1323915 -0.003513753 -0.04852157 0.1341719 0.00253278 -0.04324758 0.1484137 -0.005311071 -0.04323774 0.150967 0.02297604 -0.04752641 0.1406334 0.0235942 -0.04719489 0.1423723 0.02510195 -0.04617434 0.1431128 0.02574467 -0.04744189 0.1401987 0.01797151 -0.04970175 0.1221063 0.03998136 -0.04703825 0.1180261 0.03528648 -0.04999506 0.1182255 0.03747105 -0.04882675 0.1173527 0.03814274 -0.04891371 0.1180133 0.04091572 -0.04568117 0.1148573 0.04001873 -0.04756349 0.1149939 0.03798413 -0.04901123 0.1154952 0.03530889 -0.05113416 0.1043539 0.0377202 -0.04856085 0.1022457 0.03786683 -0.047697 0.101387 0.03852629 -0.04826611 0.1025756 0.007166683 -0.04370266 0.1535219 0.00639522 -0.04275751 0.1540938 0.005537092 -0.04217022 0.1546337 0.03760141 -0.04735541 0.09997457 0.03276836 -0.04747581 0.09224385 0.03237438 -0.04756075 0.1018918 0.02856612 -0.04756015 0.09810394 0.03007286 -0.04755318 0.09399104 0.03157877 -0.04993277 0.09042525 0.03098964 -0.05116516 0.0901345 0.0243563 -0.05181002 0.08397519 0.02497905 -0.05196803 0.08409315 0.02350348 -0.05235338 0.08532845 0.02418237 -0.05070257 0.08361297 0.02230805 -0.04562467 0.08120226 0.0221349 -0.05178302 0.08174765 0.03059774 -0.04206013 0.1011999 0.02890801 -0.04206007 0.09901058 0.02866131 -0.04206007 0.09672802 0.02972465 -0.04205954 0.09439605 -0.03991401 -0.0374279 0.09481847 -0.03708088 -0.01819902 0.1424337 0.04210418 -0.03581297 0.09881514 -0.002625584 -0.04294472 0.148697 -0.004006206 -0.0431807 0.1494906 -0.004906833 -0.04222118 0.1524404 -0.003350257 -0.04220312 0.1501721 -0.005710303 -0.04232704 0.1544559 -0.005342602 -0.04266738 0.1516121 0.002939343 -0.04240387 0.1492599 0.005527973 -0.04291772 0.1510884 0.005359172 -0.04228407 0.1523144 0.006595075 -0.04348284 0.1531799 0.004398524 -0.0429843 0.1496896 -0.02200007 -0.05108124 0.08181917 -0.02364665 -0.05047953 0.0838676 -0.02982699 -0.05173051 0.091497 -0.03097462 -0.05085891 0.090065 -0.03109228 -0.05021649 0.09071189 -0.02399617 -0.05286347 0.0856291 -0.02412384 -0.05119901 0.08359807 -0.02483838 -0.05152589 0.0838319 -0.02483642 -0.05062091 0.08345162 -0.02422213 -0.05245298 0.0845558 -0.03141444 -0.04931807 0.08973753 -0.03191888 -0.04763913 0.09122526 -0.03255128 -0.04755806 0.09233021 -0.02979332 -0.04756015 0.09399783 -0.02853995 -0.04756015 0.09578263 -0.03425532 -0.04756021 0.1016781 -0.03208857 -0.04754996 0.1018916 -0.03001207 -0.04756015 0.1009865 -0.02837169 -0.04755651 0.09881848 -0.03742843 -0.04729634 0.09991329 -0.006464481 -0.0435397 0.153457 -0.03743541 -0.0479117 0.1017105 -0.03755378 -0.04954999 0.1031662 -0.03831642 -0.04818511 0.1026729 -0.03430569 -0.0503931 0.1036243 -0.03926479 -0.04814261 0.1149997 -0.04050838 -0.04588276 0.1151502 -0.03796124 -0.04885542 0.1154696 -0.03723543 -0.04976797 0.1146529 -0.03783226 -0.04846888 0.1173652 -0.0350207 -0.04936772 0.1172453 -0.03854978 -0.0483756 0.118196 -0.03654068 -0.04953819 0.1178192 -0.03979885 -0.04689401 0.1179749 -0.02564591 -0.04739123 0.1402205 -0.02190762 -0.04799437 0.140562 -0.02356332 -0.04715919 0.1421097 -0.02490299 -0.04617601 0.1431099 -0.002171874 -0.04736977 0.1476795 0.005520164 -0.04594278 0.1504279 0.006067812 -0.04623359 0.150602 -0.006293296 -0.04579621 0.1512365 -0.002965569 -0.04672926 0.1484686 -0.005403518 -0.04580444 0.1506485 0.003385901 -0.0473026 0.1479901 0.003769576 -0.04669404 0.1487843 -0.02863365 -0.04206007 0.09901022 -0.03032314 -0.04206013 0.1011993 -0.03371953 -0.04205936 0.1017832 0.03515666 -0.01963424 0.1390472 0.0317744 -0.02784699 0.1428881 0.03688406 -0.04902505 0.1214414 0.02487856 -0.04521393 0.1448455 0.007602095 -0.03770506 0.156235 0.02883666 -0.04347258 0.1434055 0.02199196 -0.04803603 0.1405202 0.04061377 -0.04616892 0.1098678 0.009193301 -0.03977745 0.1554455 0.006138503 -0.04173225 0.1551257 0.04038566 -0.04681807 0.1101799 0.03052234 -0.0453546 0.1397958 0.03960633 -0.04819577 0.1083289 0.03264862 -0.04356795 0.1392562 0.03776842 -0.0495643 0.1149666 0.03973573 -0.04700046 0.1055886 0.01008623 -0.04207473 0.1542059 0.0158354 -0.0400924 0.1533438 0.00983417 -0.04476481 0.1520301 0.03545778 -0.04320406 0.1356356 0.03840428 -0.04961699 0.1087519 0.03055113 -0.04678058 0.1374572 0.03702443 -0.05042541 0.1083161 0.03766906 -0.04235434 0.1322026 0.0345087 -0.04499047 0.1353228 0.02971613 -0.0478332 0.1359204 0.01402521 -0.04240298 0.1528875 0.03425544 -0.04674208 0.1330847 0.03663933 -0.04502606 0.1318554 0.03145903 -0.04896241 0.1299329 0.01516336 -0.04451328 0.1507545 0.03909152 -0.0424087 0.1286661 0.01341521 -0.0466187 0.1483957 0.03307831 -0.04814136 0.131407 0.01135468 -0.04752469 0.1462472 0.01960933 -0.04237163 0.1505577 0.03866142 -0.04454332 0.1281254 0.04014885 -0.04299825 0.1248417 0.04076653 -0.0438264 0.1212227 0.03718191 -0.04653012 0.1283544 0.04001039 -0.04518222 0.1230562 0.01598393 -0.04595786 0.1485533 0.02333641 -0.04041808 0.1493538 0.02072036 -0.04420131 0.1484953 0.03903597 -0.04696631 0.1227009 0.0241332 -0.04317092 0.1473105 0.03684741 -0.04785817 0.1259714 0.0202589 -0.04614138 0.1463725 0.02792716 -0.04185426 0.1452311 0.03189164 -0.04794335 0.09103864 0.03246146 -0.04727947 0.09064805 0.0317226 -0.04856771 0.09054213 0.02781701 -0.05167788 0.08668494 0.02437132 -0.05283188 0.0852856 0.02461689 -0.04628139 0.08319425 0.002259016 -0.05367743 0.07596433 0.01001751 -0.05351972 0.07727682 0.006733238 -0.05304467 0.07575154 0.01835608 -0.05165058 0.07922834 0.01702302 -0.05268073 0.07908147 0.01650512 -0.05329519 0.07984679 0.03374248 -0.04206007 0.09191989 0.03034251 -0.04205965 0.09494149 0.03401368 -0.04205948 0.1017819 0.0309053 -0.04206013 0.1003304 0.04099333 -0.02070271 0.1362875 0.0246455 -0.04417568 0.07806843 0.019535 -0.04537004 0.07525902 -0.00599116 -0.01057541 0.1613264 0.0449323 -0.02567231 0.123982 -0.00609529 -0.0108112 0.1615299 -9.95927e-4 -0.01041626 0.1616843 0.005996227 -0.01057976 0.1614217 0.04530411 -0.03070539 0.1114922 0.01556968 -0.01145368 0.1590303 0.01432323 -0.01146471 0.1595918 0.02198475 -0.01276344 0.1562609 0.03365421 -0.0411728 0.08561134 0.02924513 -0.01461738 0.1511814 0.03890746 -0.0191605 0.1399886 -0.01800173 -0.01191318 0.1579941 -0.01252847 -0.0111612 0.1599861 -0.01759612 -0.01210588 0.1583423 -0.04256659 -0.03528118 0.1006903 -0.04370796 -0.03354102 0.1044239 -0.04471033 -0.03169625 0.1089863 -0.04521828 -0.03011131 0.1131761 -0.04531723 -0.02795213 0.1185579 -0.04470324 -0.02576607 0.1236444 -0.01309591 -0.04630565 0.07283878 -0.04330855 -0.02331191 0.1299068 -0.04099553 -0.02094602 0.1357166 -0.02071177 -0.04504066 0.07593208 -0.03901928 -0.01967787 0.1395818 -0.03431856 -0.01680171 0.1460158 -0.02590179 -0.04382824 0.07911103 -0.0303893 -0.04235893 0.08261007 -0.03051877 -0.01535439 0.1500637 -0.03594672 -0.03992617 0.08865231 -0.02806162 -0.01434355 0.1519099 -0.02435398 -0.0134359 0.1547527 -0.01477599 -0.0534057 0.07939809 -0.0181691 -0.05159562 0.07925152 -0.01688092 -0.05288642 0.0793153 -0.004965543 -0.05331999 0.07576125 -0.00974667 -0.05335623 0.07690012 -0.0220651 -0.04573786 0.08127909 -0.02423924 -0.04603403 0.08313357 -0.02816933 -0.05070084 0.08641338 -0.02772688 -0.05202966 0.08744007 -0.03320562 -0.04701185 0.09196585 -0.03453844 -0.04703241 0.1316839 -0.01084154 -0.0416063 0.1541756 -0.01941347 -0.04634666 0.1463536 -0.0306217 -0.04897475 0.1301951 -0.03409385 -0.04344606 0.1371307 -0.007632076 -0.04371708 0.1535468 -0.03316938 -0.04813951 0.1307976 -0.01148146 -0.04592609 0.1500781 -0.01043307 -0.03939443 0.1552215 -0.03919702 -0.04669868 0.1043731 -0.04003208 -0.04635483 0.1078819 -0.03129011 -0.0421015 0.1415307 -0.02979707 -0.04817807 0.1345378 -0.0316224 -0.04566848 0.137894 -0.04059088 -0.04563838 0.1114974 -0.006122112 -0.04184615 0.1550477 -0.03030681 -0.04406106 0.141159 -0.01322954 -0.04767751 0.1450039 -0.03896021 -0.04862672 0.1074987 -0.03960829 -0.04798328 0.1110047 -0.03004586 -0.04700148 0.1373456 -0.03607374 -0.0507121 0.1079492 -0.03787857 -0.0497772 0.109341 -0.004620194 -0.04706174 0.148957 -0.02776294 -0.04183864 0.1451479 -0.04075342 -0.0439285 0.1189795 -0.02683299 -0.04460924 0.1438282 -0.0349127 -0.05086392 0.1086013 -0.0225349 -0.03957098 0.1499602 -0.03928744 -0.04619926 0.1225916 -0.02270019 -0.04284662 0.1483311 -0.03719907 -0.04827064 0.1232064 -0.01966243 -0.04343944 0.1495856 -0.03830885 -0.04449683 0.1284797 -0.0214985 -0.044806 0.147296 -0.01849985 -0.04103726 0.1516504 -0.01716107 -0.04719656 0.1454991 -0.01541179 -0.03836327 0.1538007 -0.03475332 -0.04924362 0.1238329 -0.01512396 -0.04168123 0.1528568 -0.03704655 -0.04658889 0.128027 -0.0156843 -0.04465603 0.1502767 -0.03573971 -0.0442909 0.1338575 -0.03447169 -0.04082667 0.1378747 -0.03040373 -0.04206013 0.09467005 -0.03139346 -0.04206013 0.1007473 -0.03355568 -0.04205971 0.1009767 0.03011322 -0.04956048 0.09543341 0.02961194 -0.0495606 0.09820407 0.02946335 -0.04206013 0.09694069 -0.04131609 -0.02527469 0.1350147 -0.03585422 -0.02177047 0.1441778 -0.03024959 -0.01933211 0.1502082 -0.02428579 -0.01748311 0.1547505 -0.0133267 -0.01546031 0.1598186 -0.007858991 -0.01490443 0.1611189 -0.002117753 -0.05135595 0.07101142 -0.008123457 -0.05108624 0.07176464 -0.0117439 -0.05076676 0.07259595 -0.0155577 -0.05024516 0.07379692 -0.01919114 -0.04965001 0.07533562 -0.02426588 -0.04837644 0.07801002 -0.02885442 -0.04699754 0.08141255 -0.03651469 -0.04371857 0.0895428 -0.03899264 -0.04233837 0.09341555 -0.04135018 -0.04045253 0.09781736 -0.04429924 -0.0368067 0.1071236 -0.04495018 -0.03518277 0.1110547 -0.04531002 -0.03289097 0.1167207 -0.04456329 -0.02973598 0.1245693 0.001825749 -0.04375529 0.154012 5.01208e-4 -0.0437476 0.1561042 -0.03303247 -0.04956012 0.1009278 -0.03029853 -0.0495606 0.09995061 -0.0296849 -0.04206037 0.09942513 -0.02920818 -0.04205942 0.09661293 -0.02958029 -0.04956012 0.09598779 -0.03056532 -0.04956012 0.09471815 0.03131079 -0.04956007 0.09735161 0.03326213 -0.04956007 0.099114 0.03192585 -0.04955905 0.09874373 0.03220307 -0.04956001 0.09582394 0.03431564 -0.04956007 0.0985924 0.04272162 -0.03938657 0.1004654 -0.03288167 -0.04549038 0.08513635 0.04545879 -0.03126078 0.1203168 -0.03941196 -0.02401822 0.1387233 -0.0426371 -0.02692049 0.1316483 -0.04341197 -0.03821766 0.1035294 -0.002184331 -0.01469343 0.1617737 -0.01927298 -0.01642787 0.1574598 7.21095e-4 -0.04560023 0.1503543 -0.00268805 -0.04550594 0.1515243 0.003924071 -0.04547715 0.1530964 -9.99584e-4 -0.04543024 0.1506033 -0.003623783 -0.04555046 0.1528993 0.001063287 -0.04504054 0.1573659 0.001601874 -0.04378461 0.1553422 0.002777218 -0.04534727 0.1565099 -0.02930063 -0.04956012 0.09777665 -0.03315734 -0.04956007 0.09910148 -0.03414756 -0.04956007 0.0963853 -0.03109622 -0.04955977 0.09795624 -0.0341078 -0.04956007 0.09848058 -0.004832088 -0.05298632 0.1232048 0.004828631 -0.05285364 0.1245687 2.65743e-4 -0.05284887 0.1229045 -0.01201111 -0.0543608 0.1054984 -0.01664561 -0.05449879 0.1041265 -0.01434576 -0.05478447 0.1008926 -0.01145511 -0.05501079 0.09969586 -0.006764411 -0.05453556 0.10395 -0.00488758 -0.05438792 0.1050924 -0.001756668 -0.05470627 0.1016668 0.003930985 -0.05419874 0.1075542 0.03241795 -0.05226105 0.09900087 0.0334801 -0.05224692 0.0990799 0.0343936 -0.05225735 0.09846657 0.03480213 -0.02182835 0.1451514 0.02081245 -0.04981863 0.07637214 -0.0421316 -0.03985941 0.1008156 0.025882 -0.04857093 0.07948702 0.02895766 -0.04760849 0.08182364 0.03345245 -0.04590523 0.08607888 -0.03411895 -0.04541611 0.08720266 0.03697681 -0.04409861 0.09052354 0.03909885 -0.04272097 0.09383314 -0.02839535 -0.0477252 0.08158713 0.04105156 -0.04122209 0.09762883 0.04299563 -0.03916144 0.1023659 0.04475647 -0.03606635 0.1102724 0.04513555 -0.03305864 0.1178387 0.04466027 -0.03083938 0.1230804 0.04383999 -0.02908796 0.1272801 0.004234373 -0.05173975 0.07155686 0.04211777 -0.02682501 0.1328327 0.03956192 -0.02462613 0.1381913 0.01185578 -0.05117928 0.07291328 0.03743463 -0.02321249 0.1416515 -0.007451295 -0.01546823 0.1607586 -0.01145714 -0.01582098 0.1598882 0.03241854 -0.02071398 0.1478175 0.0268414 -0.0187841 0.1526914 0.001628279 -0.01520836 0.1614174 0.02185332 -0.01745426 0.1558524 -0.02086138 -0.01739698 0.1561945 0.01829242 -0.01670002 0.1576355 0.01439684 -0.01612049 0.1591128 0.008763015 -0.01547867 0.160651 0.004794955 -0.04626709 0.1554951 -0.004316329 -0.04621535 0.1551428 -0.0053128 -0.04765474 0.1546214 -0.003995001 -0.04543054 0.1562032 -0.03427547 -0.05224394 0.09825932 -0.03322434 -0.05229878 0.09908777 -0.03214371 -0.05226105 0.09900087 -0.03207701 -0.04956007 0.09897315 -0.03118646 -0.0522598 0.09816795 -1.46213e-4 -0.05444884 0.1045868 -4.00043e-4 -0.05484074 0.1032392 -0.005023956 -0.05485552 0.09989142 -0.006757974 -0.05514705 0.09941112 -0.01211279 -0.05185973 0.1342308 -0.01176315 -0.05464887 0.1055332 -0.009164273 -0.05467331 0.1038326 -0.01080352 -0.05453675 0.1042113 -0.003837764 -0.05269831 0.1256839 -0.001280903 -0.05250054 0.1279376 0.002794265 -0.05241537 0.129042 0.01022458 -0.05246621 0.127429 0.007252812 -0.05249881 0.1288259 0.01246047 -0.05270689 0.1248979 0.01302957 -0.05299901 0.1215298 0.01129758 -0.05278021 0.1268872 0.01257878 -0.05336761 0.1189166 0.008203208 -0.05409282 0.1101742 0.007651805 -0.0538544 0.1115632 0.01898753 -0.05512154 0.09941947 0.01550096 -0.05546981 0.09583109 0.003884553 -0.05369257 0.1144632 0.002902925 -0.05392754 0.1111752 0.007940828 -0.05309271 0.120754 0.006882667 -0.05325984 0.1183113 0.0077883 -0.05285674 0.1229013 0.006491184 -0.05285716 0.1241866 0.001762807 -0.05281198 0.1243346 0.03324538 -0.0541175 0.1010592 0.03156411 -0.05226433 0.09831219 0.004182517 -0.04542076 0.1558561 0.004410684 -0.04540681 0.1564656 0.03612428 -0.05355167 0.09668487 0.03616833 -0.05371201 0.09852027 0.03005158 -0.05573379 0.09250748 0.03540015 -0.05398565 0.09999424 0.03227329 -0.0551474 0.09197765 0.03527271 -0.05334049 0.09570819 0.0351659 -0.05392885 0.09395867 0.01907849 -0.0376237 0.1562583 0.03142672 -0.03872621 0.1476895 0.03480154 -0.04114133 0.1436623 0.02654099 -0.05154585 0.08021831 0.02309405 -0.05202203 0.07791674 0.01571553 -0.05071073 0.07414627 0.006043136 -0.03684008 0.1600629 0.03735136 -0.04174327 0.140089 0.01173424 -0.03661155 0.1590025 0.04328417 -0.04377549 0.1264377 0.04221498 -0.04326671 0.130046 0.02707332 -0.03976505 0.1512663 0.04363954 -0.04691237 0.1069993 0.04261964 -0.04737257 0.1028197 0.00125724 -0.04995226 0.1498751 -0.003947257 -0.04761642 0.1531683 -0.004873514 -0.0494818 0.1520454 1.31653e-4 -0.04936408 0.1500899 1.3714e-4 -0.04936408 0.1500899 0.004089593 -0.04762423 0.1528614 0.004429042 -0.04847079 0.1527876 -0.00135833 -0.05010485 0.149876 0.005086362 -0.04933875 0.1522491 -0.001364886 -0.04936474 0.1503382 -7.12752e-4 -0.04933518 0.1501699 0.003091692 -0.04975634 0.1507435 -5.09421e-4 -0.05080324 0.14875 -0.002235651 -0.05055546 0.1494633 -0.003308713 -0.04966598 0.1510569 -0.003046929 -0.04889351 0.1513923 -0.005011856 -0.04557389 0.1567637 -0.03471583 -0.05378639 0.09469163 -0.03398913 -0.05426865 0.1009804 -0.03449571 -0.05410367 0.0930435 -0.03468161 -0.05483961 0.1023305 -0.03129982 -0.05541503 0.09176903 -0.03574007 -0.05380856 0.099177 -0.03587949 -0.05357182 0.09772133 -0.03707414 -0.05368167 0.09853559 -0.03580814 -0.05368131 0.09599357 -0.02924847 -0.05464154 0.09965056 -0.03209638 -0.05452597 0.1014463 -0.03059309 -0.05451375 0.1008378 1.84248e-4 -0.05462038 0.1057043 -0.002443969 -0.05506104 0.1008112 -0.01448118 -0.05505126 0.100893 -0.004977941 -0.05457812 0.1062906 2.13825e-4 -0.05260646 0.1287 0.008143305 -0.05405092 0.112318 0.02826565 -0.05559259 0.09442728 0.02937102 -0.05519443 0.09441083 0.03006255 -0.05484318 0.1014814 0.03047698 -0.05443465 0.1003786 0.02956932 -0.05493068 0.1023947 0.02904921 -0.0546419 0.0985924 0.02752256 -0.0553115 0.09740805 0.02876001 -0.05488324 0.09649324 -0.04274719 -0.04670077 0.124031 -0.03603363 -0.05407291 0.1115088 -0.03659838 -0.05318546 0.1188273 -0.03430837 -0.05329459 0.09050428 -0.02052503 -0.04303812 0.1539734 -0.0233314 -0.05169552 0.1392365 -0.02910172 -0.05553835 0.08780199 -0.03420192 -0.05175203 0.08856648 -0.02998006 -0.05410492 0.08564007 -0.04317319 -0.043859 0.1257197 -0.0155521 -0.03891646 0.1574881 -0.01801103 -0.04884761 0.1497616 -0.02003818 -0.0455287 0.1525602 -0.01722079 -0.05013692 0.147689 -0.04057163 -0.04827755 0.1277136 -0.006502032 -0.05391407 0.07224088 -0.01885628 -0.04717159 0.1515963 -0.01505285 -0.04255676 0.1564815 -0.04103338 -0.04601222 0.1299821 -0.01200318 -0.05108815 0.1463046 -0.0373789 -0.05215674 0.1234958 -0.03970879 -0.05067062 0.1237959 -0.03978478 -0.0430997 0.1350818 -0.007130503 -0.05568927 0.07353311 -0.01435643 -0.04497587 0.155266 -0.03716844 -0.05126434 0.09304976 -0.01094818 -0.04237473 0.1578137 -0.01038897 -0.03946685 0.1589135 -0.01224327 -0.05521798 0.07446336 -0.03908085 -0.04548013 0.1346514 -0.01034611 -0.04757511 0.1540905 -0.03770363 -0.05037742 0.129181 -0.01195269 -0.05422127 0.07364648 -0.03314232 -0.05273312 0.1267802 -0.03774541 -0.04764962 0.1343776 -0.01216697 -0.05629611 0.07574695 -0.02942872 -0.05578637 0.09234064 -0.03986889 -0.05033278 0.0980004 -0.03687512 -0.05309033 0.09542477 -0.03631043 -0.04921698 0.1340294 -0.006177186 -0.04019927 0.1595386 -0.03413677 -0.0517506 0.1304214 -0.01102221 -0.04943126 0.1511294 -0.008876025 -0.05712598 0.07704544 -0.009441196 -0.04495918 0.1566485 -0.03489959 -0.05066919 0.1328678 -0.03921186 -0.05206286 0.09952807 -0.04279303 -0.04737693 0.1044651 -0.01897209 -0.05368614 0.07630676 -0.003805994 -0.04451751 0.1578312 -0.03518497 -0.04469877 0.1411564 -0.04199856 -0.04961961 0.1043228 -0.01779127 -0.05512756 0.07680398 -0.03391814 -0.04693973 0.1405517 -0.009144127 -0.0503866 0.1493188 -0.02997308 -0.0519253 0.1340577 -0.03661876 -0.05437338 0.1024432 -0.03245514 -0.04857897 0.1400024 -0.01756626 -0.05618631 0.07816636 -0.02224522 -0.05482304 0.07924699 -0.04065287 -0.05174177 0.1047042 -0.03935492 -0.0530464 0.1078208 -0.03154373 -0.04975897 0.1388962 -0.02501976 -0.05316096 0.0799334 -0.01824587 -0.05664801 0.08012181 -0.04336732 -0.04847317 0.1118212 -0.04420489 -0.04588395 0.1135551 -0.03092527 -0.04389041 0.1462133 -0.02973401 -0.05086773 0.138049 -0.04194635 -0.05073982 0.1113679 -0.02761977 -0.04065167 0.1504349 -0.02949035 -0.04659378 0.1453288 -0.02636039 -0.05438965 0.08212304 -0.02464479 -0.05587393 0.08317619 -0.02712023 -0.04334318 0.1497454 -0.02475988 -0.05127924 0.1405252 -0.02787071 -0.04907691 0.1435037 -0.02983129 -0.05250173 0.08383208 -0.04041659 -0.05181622 0.1156341 -0.02580535 -0.0458877 0.1488679 -0.02360552 -0.05025935 0.1442016 -0.02424395 -0.05635845 0.0859375 -0.04342424 -0.04763883 0.117841 -0.02461165 -0.04820251 0.1471924 -0.04194724 -0.04971551 0.1193208 -0.01996678 -0.03930824 0.1555269 -0.03855824 -0.05297029 0.1152554 -0.02843654 -0.05484795 0.09795117 -0.02722221 -0.05537909 0.09672921 -0.02865266 -0.05502498 0.100911 -0.03153169 -0.05486673 0.1024429 3.86412e-4 -0.0531761 0.1224648 -0.01624643 -0.05485314 0.1029348 -0.01706659 -0.05464661 0.1054837 -0.01191508 -0.05212324 0.134417 -0.006006062 -0.05474722 0.1044999 0.01303267 -0.05308246 0.123519 0.003859162 -0.05445623 0.1074411 0.003101825 -0.05398368 0.1129943 0.002938389 -0.05424934 0.109683 0.007290005 -0.05343657 0.1194055 0.007514536 -0.05311709 0.1229099 0.007785797 -0.05316323 0.1217799 0.007760345 -0.0531882 0.1217899 0.0423671 -0.02591228 0.1234611 -0.03420478 -0.01854097 0.1415817 -0.01285445 -0.04534035 0.07523536 0.02670556 -0.04238039 0.08249914 0.005897939 -0.01184707 0.158541 -0.04215949 -0.03160595 0.109273 0.04296934 -0.02901023 0.1157023 -0.02543902 -0.01510977 0.1505139 0.01207375 -0.01225823 0.1570358 0.04243701 -0.0315119 0.1094496 -0.02050644 -0.01375353 0.1535278 0.02113705 -0.01381886 0.1532831 0.04115933 -0.03380262 0.1037984 0.009942531 -0.04569733 0.07437533 0.02392381 -0.01454424 0.1513808 0.03866076 -0.03645116 0.09729039 -0.03474563 -0.03887432 0.09121626 0.03887075 -0.02142363 0.134478</float_array>
          <technique_common>
            <accessor source="#shape1_002-mesh-positions-array" count="1487" stride="3">
              <param name="X" type="float"/>
              <param name="Y" type="float"/>
              <param name="Z" type="float"/>
            </accessor>
          </technique_common>
        </source>
        <source id="shape1_002-mesh-normals">
          <float_array id="shape1_002-mesh-normals-array" count="4461">0.7754292 -0.6147767 -0.1440806 0.8962664 -0.4143023 -0.1583046 0.8038796 -0.5937844 -0.0346089 0.265854 -0.2405229 -0.9335258 0.2949981 -0.3290574 -0.8970493 0.347373 -0.3415437 -0.8733156 0.9158486 -0.1922705 -0.352496 0.9447212 -0.1796053 -0.2743064 0.2934437 -0.694041 -0.6574177 0.4019369 -0.5823659 -0.7066093 0.2382627 -0.8838337 -0.4025777 0.4031316 -0.7791315 -0.4800407 0.2649075 -0.9285191 -0.2601465 0.3639678 -0.930825 0.0330519 0.6335193 -0.7713444 0.06067234 0.3824688 -0.9161306 0.1200937 0.6240833 -0.7812257 -0.01437443 0.8585619 -0.2375907 0.4543371 0.8889367 -0.08835345 0.4494277 0.8170984 -0.1760669 0.5489542 0.3889092 -0.8330892 0.3933346 0.4616079 -0.7270973 0.5081807 0.372156 -0.7636614 0.5275617 0.06216758 -0.989127 -0.1332773 0.1379755 -0.9802029 -0.142004 0.1228705 -0.9919062 -0.03201466 0.8613729 -0.427543 -0.2743062 0.7174218 -0.4017892 0.5690971 0.5896649 -0.8050401 -0.06485366 0.2323438 -0.9171065 0.3239324 0.2479968 -0.556238 -0.7931564 0.1550989 -0.9843379 0.08380585 0.1762189 -0.3417559 -0.9231196 0.1724336 -0.3358031 -0.9260146 0.7930771 -0.4206184 0.440578 0.5428538 -0.7108952 0.447144 0.6080066 -0.5851477 0.5365914 0.07675683 -0.3390729 0.9376236 0.00463891 -0.06891238 0.997612 -0.02896261 -0.225933 0.9737122 0.1543326 -0.07693743 0.9850189 0.0107122 -0.4269319 0.9042204 0.1781708 -0.2617933 0.9485355 0.1021164 -0.9702277 0.2196143 -0.153388 -0.9669914 0.2034695 0.007232964 -0.6712961 0.7411541 0.2631987 -0.08835345 0.9606873 0.1348339 -0.4825395 0.8654337 0.7357916 -0.6317816 -0.2438498 0.6811 -0.5999185 0.4197629 0.2786118 -0.2572177 0.9253186 0.518647 -0.7788861 0.3526214 0.1766121 -0.8425316 -0.50887 0.814889 -0.4392606 -0.3781614 0.8794447 -0.1815289 -0.4400275 0.09714311 -0.3795998 -0.9200366 0.2732364 -0.9282957 0.2522088 0.1671225 -0.6266791 0.7611462 0.3846605 -0.9071444 -0.1706618 0.9242625 -0.1745982 0.3394914 -0.06369233 -0.7648574 0.6410434 0.259015 -0.4591283 0.849772 0.08865916 -0.3698966 -0.924833 0.3846347 -0.2187318 0.8967791 0.4138982 -0.08362191 0.9064743 0.1467062 -0.6880882 -0.710642 0.02636855 -0.3426998 -0.9390749 -0.03793555 -0.252029 -0.9669759 0.8405848 -0.4117929 0.3519146 0.07449692 -0.9811258 0.1784448 0.06378436 -0.9877122 -0.1426756 0.8290499 -0.2262071 -0.5113772 -0.03491449 -0.556923 -0.8298299 0.3754481 -0.4061505 0.8331151 0.2893527 -0.9511925 -0.107275 0.07236158 -0.9493994 0.3056219 -0.1288496 -0.8289164 0.5443302 -0.05441606 -0.9124689 0.4055112 0.7548104 -0.5797806 0.3067829 0.06482273 -0.918994 -0.3889061 0.9486037 -0.180339 0.2600557 0.4421344 -0.8832922 -0.1559236 0.7438198 -0.4961546 -0.4478423 0.2003932 -0.7188948 0.6656072 0.6217399 -0.7309076 0.2814493 0.6560099 -0.6662644 -0.3546024 0.8717111 -0.433002 0.2294105 0.1469503 -0.9812557 0.1246712 0.05862653 -0.7364788 -0.6739153 0.1337361 -0.8410847 0.52411 0.7748014 -0.2373815 -0.585946 0.3010163 -0.586956 0.7515796 0.5205374 -0.8118443 -0.2644804 0.508301 -0.1703289 0.8441672 -0.01861649 -0.7901939 -0.6125742 0.462494 -0.8543046 0.2371983 0.02200466 -0.9505953 0.3096523 -0.03546273 -0.9388776 -0.3424199 0.6668742 -0.5282562 -0.5255705 0.6988611 -0.2092402 -0.6839677 0.9706085 -0.174632 0.1655982 0.2693045 -0.9431151 0.1949589 -0.05591154 -0.9898059 -0.1309893 0.2979586 -0.7059388 0.6425505 0.4890155 -0.3984333 0.7759606 0.1895554 -0.8566772 0.4797636 0.9665074 -0.2348745 0.103429 0.7424157 -0.6453639 0.17979 -0.04547369 -0.9790274 0.1985888 0.4851726 -0.785426 -0.3843353 0.5986043 -0.53134 -0.5994589 0.4157043 -0.5909466 0.6913552 0.3460564 -0.9376696 0.03195351 0.3223155 -0.9272407 -0.1906242 0.8380516 -0.5367071 0.0980575 0.5932574 -0.1676709 0.7873578 0.5721194 -0.8044036 0.1600444 0.2047205 -0.9684247 0.1422789 0.6025052 -0.2175696 -0.7678874 0.6557948 -0.2385679 0.7162532 0.6942217 -0.08127278 0.7151579 0.5464519 -0.5339388 -0.645213 0.2946622 -0.79365 0.5322536 0.9051871 -0.4250046 0.002777159 0.9853891 -0.1700504 0.009552359 0.6087412 -0.4100595 0.6791801 0.9774949 -0.1937044 -0.08356118 0.5241721 -0.2252643 -0.8212793 0.4704544 -0.5361013 -0.7009053 0.5174568 -0.5810898 0.6281507 0.2040235 -0.9077446 0.366571 0.9699994 -0.1829946 -0.1600439 0.7511898 -0.178718 0.635432 0.4386249 -0.2331072 -0.8679109 0.3523133 -0.3519777 -0.8671718 -0.2078058 -0.08487415 0.974481 -0.2015462 -0.3138554 0.9278329 -0.3392484 -0.1661145 0.9259139 -0.135933 -0.33028 0.9340436 -0.0837742 -0.09000009 0.9924122 0.02722299 -0.2892595 0.9568636 -0.07754999 -0.3302513 0.940702 -0.2253527 -0.1877837 -0.9560092 -0.315932 -0.3465731 -0.8832181 -0.1319947 -0.3194424 -0.9383678 -0.3414152 -0.2265114 -0.9122107 -0.3929699 -0.2102187 -0.8951998 -0.4372452 -0.3721482 -0.8187323 -0.5088806 -0.2104923 -0.8347057 -0.5584656 -0.3286887 -0.7616299 -0.7384083 -0.2863602 0.6105335 -0.8404402 -0.2240116 0.4934359 -0.8184946 -0.1727997 0.5479114 -0.6239077 -0.2045409 -0.754256 -0.6638204 -0.2939902 0.6876863 -0.6600472 -0.3108726 -0.6838831 -0.7205871 -0.2969511 -0.6265577 -0.7069542 -0.195508 -0.6797003 -0.7901463 -0.2866073 -0.5417797 -0.7615904 -0.1867809 -0.6205586 -0.9045729 -0.0851804 0.4177229 -0.8515126 -0.2678353 -0.4507667 -0.8192263 -0.1855261 -0.542631 -0.6932207 -0.1755483 0.6990194 -0.6232069 -0.2890801 0.7266677 -0.7502216 -0.1814363 0.6358053 -0.8742541 -0.1996873 -0.4424984 -0.8936322 -0.3363519 -0.2971348 -0.9256021 -0.184333 -0.3305787 -0.9347378 -0.2799208 -0.2188826 -0.9616672 -0.2133919 -0.1722211 -0.956804 -0.1893099 -0.220653 -0.624086 -0.07434463 0.7778109 -0.5424151 -0.2527588 0.801186 -0.973033 -0.1951987 -0.1228994 -0.9476258 -0.317859 0.03116023 -0.5153794 -0.1802775 0.8377853 -0.4671232 -0.3319242 0.8195257 -0.9822832 -0.186837 -0.01455754 -0.3929082 -0.3005562 0.8690738 -0.9307401 -0.3390364 0.1370306 -0.940845 -0.2617323 0.2151907 -0.9800628 -0.1850073 0.07245254 -0.9705275 -0.1921462 0.1454524 -0.4281547 -0.1716403 0.887256 -0.953866 -0.1737437 0.2448526 -0.3070864 -0.2895987 0.9065487 -0.8996933 -0.277324 0.3371103 -0.9288976 -0.1829656 0.3219828 -0.866383 -0.3066278 0.3941572 0.6936785 0.06448775 0.7173922 0.429312 -0.9003741 0.07083475 0.2184256 -0.6781052 0.7017576 -0.3277128 -0.8573088 0.3970214 -0.1740818 0.2317022 0.957084 -0.3424516 -0.9062563 0.2478433 -0.6929357 -0.6616536 0.2864521 -0.4021179 -0.9153555 0.02063077 -0.4197537 -0.9014604 0.1057167 -0.2595937 -0.9650988 -0.03457784 0.7176839 -0.3593913 -0.5964626 0.4053277 0.5870705 -0.7007551 0.4915783 0.5672057 -0.6607787 0.670755 -0.3394061 -0.6594629 0.5559138 -0.3343418 -0.7610358 0.3385762 0.5648124 -0.7525644 0.3011327 0.4858348 -0.8205386 0.4027866 -0.3569169 -0.8428366 0.1982825 0.5339927 -0.8219099 0.2355459 -0.3650993 -0.9006779 0.09369432 0.5711998 -0.815446 0.1060557 -0.312979 -0.9438201 0.02844399 0.5267636 -0.849536 -0.05124175 -0.3999849 -0.9150882 0.08502632 -0.3316516 0.9395626 0.03796505 0.5207383 0.8528718 -0.03769153 -0.3439545 0.9382296 0.1250988 0.8025979 0.5832554 0.2172363 0.6334586 0.7426566 0.2028303 -0.3590884 0.9109969 0.318651 0.4170144 0.8512113 0.4260168 0.3699836 0.825604 0.3345243 -0.3271386 0.8837838 0.4524132 0.7144491 0.5337463 0.4609652 -0.3165779 0.8290293 0.5312775 0.6464568 0.5475747 0.7071394 0.3297034 0.6254994 0.566446 -0.3473144 0.7473365 0.6770139 -0.302204 0.6710626 0.6867455 0.6636119 0.2966477 0.7406991 -0.31746 0.5921015 0.6702623 0.7337117 0.1114255 0.7068923 0.7027417 0.08035778 0.7931714 -0.3399567 0.5052809 0.8176151 0.5704689 0.07791602 0.88115 -0.3029639 0.3630257 0.7254666 0.683442 -0.081272 0.7408807 0.6581131 -0.1341007 0.9412117 -0.2772973 0.1929423 0.718801 0.6618817 -0.2126921 0.9402029 -0.3283248 0.09067231 0.8948577 0.4124994 -0.1705116 0.9682747 -0.2494313 -0.01510685 0.7002044 0.6353204 -0.325702 0.7058519 0.5881388 -0.3947985 0.9232376 -0.3787743 -0.06451767 0.9186866 -0.331163 -0.2152819 0.6196079 0.6073085 -0.497255 0.5461749 0.5969287 -0.5876812 0.8853849 -0.3075394 -0.3485873 0.8355082 -0.3431333 -0.4291685 0.7924942 -0.3665671 -0.4874234 0.1401742 0.6511557 0.7458871 0.4837934 0.4626435 0.7429031 0.1752402 0.9200876 0.3503279 0.4919957 0.7951097 0.3545995 0.8773694 0.3280216 0.3501787 0.6927527 0.7123765 0.1123102 0.2697296 0.9608696 0.06305283 0.6960723 0.3515763 0.6260012 -0.0811817 0.8620525 0.5002749 -0.1934589 0.3554223 0.9144663 0.1894661 0.2332923 0.9537701 0.0920161 0.7227004 0.685009 0.9464145 0.3228875 0.006591975 -0.5019503 0.8400122 0.2059745 -0.4836385 0.8752614 0.003387629 -0.9286817 0.3707524 -0.00964415 -0.5174235 0.7067649 0.4824484 -0.8774528 0.3436748 0.3346107 -0.1692281 0.9160293 0.363665 -0.6420704 0.4902661 0.5893936 -0.3867753 0.6282467 0.6750638 -0.4104841 0.2598105 0.8740717 -0.1106928 0.7203734 0.6846966 -0.09964388 0.4766122 0.8734483 0.08160811 0.8627757 0.4989572 0.190045 0.7179412 0.6696593 0.2038072 0.3747759 0.9044367 0.5197661 0.6454426 -0.5596848 0.5020102 0.6868954 0.52551 0.9409803 0.3376383 -0.02359163 -0.02755904 0.4942931 -0.8688584 -0.5587438 0.6698334 -0.4890077 0.1837233 0.9829201 0.01068156 -0.7650676 0.5727325 0.2943624 -0.4534637 0.8829083 0.1218352 -0.7810664 0.6216669 0.05887061 -0.9558182 0.2377414 0.1728889 -0.881344 0.4706727 0.04123193 -0.2348728 0.9716889 -0.02560526 -0.1169808 0.9829688 -0.141732 -0.4513756 -0.02172946 -0.8920696 -0.2231278 0.745438 -0.6281211 -0.5409277 0.5691888 -0.6192103 -0.7818049 0.1876002 -0.594632 -0.5873808 0.7421458 -0.3228061 -0.1119441 0.9930316 -0.03683656 -0.853136 0.4793053 -0.2059746 0.3321669 0.9417195 -0.05319428 0.9151872 0.272722 -0.2967408 0.9419457 0.3351622 -0.02011215 0.2444889 0.9637033 -0.1072443 0.7833557 0.3320136 -0.5254721 0.7018675 -0.2386661 -0.6711339 -0.432545 0.8834928 0.1798481 0.1230846 0.9736284 -0.1920888 0.6246721 0.1761583 -0.7607583 0.3634565 0.4329798 -0.8248805 0.06332635 0.9449818 -0.3209349 0.2370127 0.3353458 -0.911794 0.02069216 0.3299154 -0.9437838 -0.04724299 0.9606999 -0.2735396 0.6795715 0.6930916 -0.2404304 0.6534764 0.6725508 -0.3473386 0.7008551 0.6615763 -0.2666814 0.6593079 0.6561034 -0.3672079 0.6119433 0.6641009 -0.4295292 0.6356257 0.634527 -0.4397222 0.5812721 0.6531146 -0.4853496 0.593258 0.6096162 -0.5257501 0.5455313 0.6395611 -0.5416249 0.4898058 0.6398087 -0.5922289 0.4930711 0.6331551 -0.5966538 -0.2879499 0.4776275 0.8300343 -0.1176511 0.4521707 0.8841379 0.1038857 0.1292773 0.9861516 0.1366345 0.7297453 0.6699275 0.437121 0.6255747 -0.6462055 0.251297 0.5661661 0.7850515 0.4627017 0.6038531 -0.6490521 0.2746446 0.4706405 0.8384915 0.3047372 -0.1843988 0.9344155 0.3850936 0.6221378 -0.6816506 0.3393706 0.8337164 0.4355968 0.3719744 0.6036802 -0.7051278 0.3872581 0.6849423 0.6171591 0.415001 0.8177334 0.3988563 0.3969671 0.8337012 0.3838742 0.6243306 0.3826798 0.6810048 0.5814209 0.4826608 0.6549721 0.3075729 0.6358684 -0.7078633 0.5885434 0.6830937 0.4324347 0.3397364 0.5302049 -0.7768282 0.5564943 0.7826139 0.2789796 0.7015153 0.5968649 0.3893951 0.250652 0.6184052 -0.7448146 0.6081551 0.7732332 0.1796052 0.2311235 0.5921681 -0.7719579 0.8088803 -0.02658218 0.5873721 0.5614627 0.8242946 0.07278841 0.1757293 0.6087046 -0.7736911 0.9039776 0.08847504 0.4183261 0.6972152 0.7150996 0.05023485 0.6976301 0.7135914 -0.0640285 0.1455478 0.537999 -0.830285 0.8430254 0.5353332 0.0522179 0.6921961 0.7022674 -0.1663883 0.09515863 0.5941769 -0.7986856 0.7192986 0.6813637 -0.1354731 0.0416584 0.598111 -0.8003298 0.03885072 0.5761999 -0.8163849 0.8642088 -0.459068 0.2059122 0.4005997 -0.9155258 -0.03650134 0.4931342 -0.8050435 0.3297327 -0.5526387 -0.8318574 -0.05102783 -0.8194669 -0.4572973 -0.3454756 -0.7417144 -0.4643231 0.4840081 -0.5006653 -0.8276467 0.253644 0.5485237 -0.426538 0.7191572 0.2154315 -0.8910241 0.3995814 -0.04098773 -0.4399393 0.8970916 -0.1543371 -0.8742313 0.4603257 -0.311414 -0.8780874 0.363296 0.5240224 -0.4638987 0.714282 0.4050847 -0.837576 0.3665692 0.3617783 -0.661541 0.6568715 -0.3655567 -0.4829023 0.7957222 0.1379466 -0.8414136 0.5224882 -0.1981621 -0.8958347 0.3977588 0.8933236 -0.4308376 0.1278749 0.5771143 -0.7958135 -0.1833581 0.5581116 -0.8085552 0.1864135 -0.5918887 -0.6838735 0.4265969 -0.8734965 -0.4755232 0.1043154 -0.2786721 -0.9571781 0.0784347 -0.5447713 0.8252751 -0.1488126 -0.3749597 0.8361362 0.4003517 0.1350459 0.7996549 0.5850769 0.5106545 0.7735812 0.3752389 0.6195747 0.7846848 -0.01992917 -0.6217023 -0.3473366 0.7020282 -0.1279671 -0.5715034 0.8105605 -0.1909577 -0.2808364 0.9405669 -0.5697106 -0.2652769 0.7778548 -0.8362081 -0.2267 0.4993627 -0.5583183 0.8228282 0.1059932 -0.2673802 0.8144706 0.5149229 0.2623695 0.8341377 0.4851561 0.5814871 0.8128551 0.03375446 0.1074267 -0.4425857 0.8902682 0.217325 -0.9724237 0.08462888 0.6062429 -0.4397886 -0.6626128 -0.1869295 -0.4463725 -0.8751051 0.9054198 -0.4237316 0.02581942 0.7294382 -0.3831374 0.5666795 0.4745466 0.8129765 0.3374533 0.5368242 0.8145446 -0.2198568 0.09860903 0.7833178 0.6137505 -0.3495082 0.8134033 0.4649937 -0.5554479 -0.4185392 0.7185421 -0.6020449 0.7984336 0.00677514 -0.8828092 -0.4279454 0.1936772 0.7459946 0.6481177 -0.1530871 0.6276826 0.7728917 0.09302163 0.5813874 0.7759767 -0.2446405 0.4853799 0.6577534 -0.575992 0.3748387 0.7753441 -0.5082693 0.1164622 0.6625776 -0.7398834 0.07599318 0.7714378 -0.6317507 -0.2254782 0.6704834 -0.7068321 -0.2060378 0.7579846 -0.6188763 0.6750955 0.7023496 -0.2257236 0.561195 0.6585221 -0.501407 0.7379543 0.6644946 -0.1177735 0.4600835 0.7296329 -0.505924 0.5954244 0.7786601 0.1978847 0.9036151 0.3889988 -0.1793313 0.9253773 0.2954884 -0.23741 0.8891465 0.4573302 -0.01635825 0.9255064 0.3658993 0.09775418 0.449736 0.8075166 0.3816469 0.7326437 0.4565671 -0.5047569 -0.1500003 0.6644574 0.7321178 -0.2554741 0.567103 0.7830245 -0.7267612 0.6773196 0.114265 -0.8040085 0.5869836 0.09497696 -0.8731478 0.4382525 0.2134191 -0.9007679 0.4313859 0.05023425 -0.8035677 0.465111 0.3714174 -0.8424715 0.5376498 0.03427261 -0.2375268 0.4022362 -0.8841872 -0.5039065 0.3688275 -0.7810536 0.9122907 0.3474652 -0.2167804 0.9052264 0.4217126 0.05218762 0.8491712 0.3584196 -0.3878708 0.7143635 0.4335561 -0.5492849 -0.6907866 0.2646072 -0.6729019 0.6723154 0.3406898 -0.6572082 -0.7137601 0.4326448 -0.5507858 -0.8394327 0.4145739 -0.351399 0.527438 0.2300254 -0.8178616 0.360795 0.5287408 -0.768284 -0.9405521 0.3075457 -0.1441439 0.2083832 0.3923207 -0.8959134 -0.002655088 0.4741072 -0.8804631 -0.2284359 0.8296024 0.5094869 -0.3550014 0.7133905 0.6041921 -0.2990874 0.1997171 0.9330917 -0.503719 0.6133745 -0.6083083 -0.4254989 0.6427347 -0.6370581 -0.5014663 0.6535452 -0.5669307 -0.1889742 0.8407095 0.507441 -0.1188419 0.8128495 0.5702215 -0.08334791 0.8402242 0.5357952 -0.5817025 0.6229344 -0.5230439 -0.5978711 0.6267118 -0.4997825 0.282793 0.6683449 0.6879994 0.3348534 0.6996763 0.6311309 -0.617256 0.6529638 -0.4389002 -0.6173523 0.646346 -0.4484563 -0.6654508 0.6538534 -0.360071 -0.6428298 0.6636746 -0.3824995 -0.8339784 -0.529515 0.1552226 -0.07159894 0.5930261 -0.8019936 -0.03454792 0.6066649 -0.7942067 -0.732977 0.6257634 -0.2667674 -0.6653491 0.7030098 -0.251173 -0.7146617 0.6767266 -0.1769182 -0.1117621 0.6224436 -0.7746439 -0.6710314 0.7277976 -0.1415187 -0.7035223 0.7089852 -0.04895234 -0.1770409 0.5663725 -0.8049093 -0.9240638 -0.08295148 0.3731291 -0.2161358 0.6062301 -0.7653564 -0.6839913 0.7251919 0.07907462 -0.6548175 0.7554695 -0.02191269 -0.83379 0.2251415 0.5040889 -0.2757119 0.5687588 -0.7749171 -0.6069895 0.7789326 0.1575688 -0.2930458 0.6152376 -0.7318517 -0.6287828 0.7142971 0.3072652 -0.3327229 0.5961362 -0.7306964 -0.6049551 0.770065 0.2025571 -0.5422965 0.7953926 0.2706752 -0.5822556 0.5647068 0.5848802 -0.5039316 0.7860503 0.3580197 -0.3597878 0.6235631 -0.6940619 -0.4263504 0.600736 -0.6762704 -0.4247661 0.8170903 0.3897911 -0.4021488 0.8141857 0.4187816 -0.4333093 -0.03824031 0.9004337 0.7421036 0.6129466 -0.2712542 0.6332067 0.2478747 -0.7332172 0.2536745 0.7160995 -0.6502698 -0.01113951 0.9988965 -0.04562634 -0.1402655 0.9889701 -0.04757916 -0.4944971 0.8677123 -0.05047816 0.3032407 0.9521744 0.03753882 -0.05594217 0.9910588 -0.1211318 0.07788461 0.9946157 -0.06836265 0.3507552 0.9245436 -0.1489634 -0.4518034 0.6703195 -0.5886811 -0.2034423 0.03167909 -0.9785743 -0.4908138 0.01907461 -0.8710557 -0.1841226 0.8822504 -0.4332818 -0.5099718 0.2003875 -0.8365247 -0.4152179 0.07214808 -0.9068566 0.4362766 0.07629877 -0.8965719 0.2719843 0.03857582 -0.9615282 0.4565677 0.6702939 -0.5850232 -0.1419143 0.6695612 -0.7290736 0.1596791 0.6713725 -0.7237138 0.2331369 0.461696 -0.8558528 0.02542251 0.2506851 -0.9677348 -0.2480267 0.2589219 -0.9335107 -0.6971812 0.7037123 -0.1368482 0.1646795 0.8951778 -0.4141708 0.5054325 0.2076237 -0.8375145 -0.2295342 0.4636768 -0.8557558 0.5374392 0.7923642 0.2886485 0.618557 0.7522909 0.2268164 0.4436579 0.8022587 0.3994355 0.6448424 0.7488217 0.1531153 0.1142935 0.978255 -0.173073 0.669383 0.7371667 0.09226024 0.6828764 0.7301208 0.02456825 0.2418034 0.8321359 0.4990801 0.7009593 0.7120987 -0.03964406 0.176858 0.805978 0.5649079 0.7125584 0.6949489 -0.09647065 0.07153826 0.8164643 0.5729472 0.698555 0.6964492 -0.1642546 0.01409989 0.8334203 0.5524599 0.7111041 0.6663014 -0.2244403 -0.09497505 0.8230358 0.5599927 0.6864015 0.6685479 -0.2861761 -0.08011209 0.9953737 -0.05304181 0.6359269 0.6645538 -0.3923843 -0.2947273 0.7986051 0.5247532 0.6079491 0.655346 -0.4482404 -0.4016997 0.7979365 0.4493715 0.593604 0.6312345 -0.4991767 0.5144266 0.6275907 -0.5843759 -0.5002651 0.7971526 0.3380574 0.5078169 0.5682764 -0.6474443 -0.3621684 0.9321098 0.002288877 0.4791239 0.5299386 -0.6997181 -0.2506842 0.9629396 -0.09952288 -0.6481962 0.7403945 0.1779266 0.3976711 0.5656818 -0.7224002 -0.6984367 0.7060971 0.1166757 0.3360211 0.5896698 -0.7344245 -0.671887 0.7404033 0.01925778 0.2668653 0.6100301 -0.7460874 -0.6873525 0.7190009 -0.1028801 0.2826737 0.4798007 -0.8305944 0.1580602 0.6131357 -0.7740037 -0.7008476 0.6933093 -0.1677346 0.1174664 0.625389 -0.771421 -0.7283118 0.6494806 -0.2184874 -0.6785714 0.6751533 -0.2893252 -0.6902875 0.6364208 -0.3441976 -0.6314357 0.6611 -0.4052603 -0.6027958 0.6525124 -0.4592003 -0.5914083 0.6300461 -0.5032678 -0.5342045 0.651489 -0.5386908 -0.7082082 0.5808802 -0.4012722 -0.7790678 0.2148868 0.5889627 0.7098421 0.007751822 0.7043182 -0.6642715 0.006195306 0.7474657 -0.4429178 -0.2705482 0.8547675 -0.3093711 0.33577 0.8896899 -0.1726152 0.4704193 0.8653957 0.1361758 -0.3083336 -0.9414811 0.951642 -0.3054032 0.03326565 0.3804495 0.3963804 0.8355484 -0.7938389 -0.3999256 0.458126 0.8955385 -0.2992452 -0.3293377 -0.7736679 0.4783618 -0.4154612 0.1435933 0.8651615 -0.4804961 -0.2318218 0.8230041 -0.5185778 -0.5778228 -0.7000527 -0.4195799 -0.3008238 0.4904981 -0.8178732 -0.5660159 0.5356184 -0.6266888 -0.6365959 0.5537674 -0.5367377 -0.8181903 0.5117467 -0.2620687 -0.203318 0.4966673 -0.8437911 -0.1059928 0.5496795 -0.8286241 0.1607767 0.9811102 0.1075812 -0.216655 0.5781232 -0.7866602 -0.269878 0.572106 -0.7745068 -0.2874602 -0.6503637 -0.7031314 0.4741212 0.5934528 -0.6504022 0.387964 0.5866156 -0.710891 0.3669373 0.8251892 0.4294415 0.2636827 0.5691456 -0.77881 0.5621066 0.5947929 -0.5746805 0.1970037 0.8216168 0.5349162 -0.6182919 0.6297061 -0.4703035 -0.6872974 0.6562896 -0.3112981 0.6411535 0.6228113 -0.4483618 0.09281021 0.575448 -0.8125551 0.07895308 0.831373 0.5500777 -0.7046112 0.678883 -0.2064971 0.6763444 0.6419793 -0.3611382 3.05195e-5 0.5511525 -0.8344045 -0.07763993 0.9260944 0.369217 0.7158029 0.6527802 -0.2480009 -0.714464 0.6942294 -0.08710294 0.7105185 0.6848213 -0.161813 -0.1283043 0.5436756 -0.8294304 -0.2033202 0.835682 0.5101927 -0.6930531 0.7206422 0.01876908 -0.2366797 0.5682145 -0.7881085 0.4340165 0.8824078 -0.181621 -0.3679419 0.8147459 0.4481163 -0.6603738 0.7374348 0.1417615 -0.4945693 0.7724802 0.3983411 -0.3393476 0.5665966 -0.750874 -0.5992137 0.7679847 0.2261471 -0.5487973 0.7851995 0.2868505 0.6498212 0.7492843 0.1276935 -0.4084476 0.5898273 -0.6966164 0.6192979 0.7548647 0.2159851 -0.5188572 0.5835579 -0.6246978 0.5586854 0.7705806 0.3067185 0.458917 0.7965813 0.3935144 -0.5761391 0.6065971 -0.5478174 -0.3822286 0.8042243 -0.4551096 -0.2722947 0.9109451 -0.3098947 -0.2007544 0.8655511 -0.4588236 0.1292198 0.7987272 -0.5876539 0.07217669 0.9148892 -0.3972007 -0.3069292 0.03570717 -0.9510624 0.1843968 0.05331695 -0.9814047 0.5266677 0.2054544 -0.8248695 0.445308 0.1504299 -0.8826504 0.9561976 0.2083547 -0.2056079 0.8705266 0.2944176 0.3943372 0.9529177 0.1796639 0.2442721 0.3674492 0.1658099 -0.9151439 0.9268473 0.2061593 0.3137712 -0.009796619 0.4208275 0.9070879 0.2899892 0.08960306 -0.9528262 0.1516177 0.314558 0.9370514 0.8219128 0.1547629 -0.548186 0.7521427 0.1438974 -0.643098 0.9455308 0.1577817 -0.2847396 0.1676737 0.1537263 -0.9737833 0.6765799 0.3412961 0.6525003 0.8844432 0.3708985 0.2831866 0.9055113 0.1718549 -0.3879629 0.8596931 0.2372251 0.4523849 0.2731201 0.330619 0.9033806 0.6780537 0.130105 -0.7234058 0.5839369 0.3255861 0.7436475 0.9615392 0.2278261 0.1534202 0.9232677 0.3497198 -0.1589747 0.590183 0.2071958 -0.7802269 0.3386961 0.3517276 0.8726813 0.9749679 0.2117425 0.06784427 0.2131438 0.593104 0.7764003 0.98506 0.1721574 -0.004333674 0.4569578 0.2552286 0.8520845 0.6497773 0.2009057 0.7330937 0.9356952 0.3280534 0.1298297 0.5245007 0.1143244 0.8436996 0.8725152 0.1675813 -0.4589487 0.9842947 0.1439575 -0.1021772 0.7404847 0.4027605 0.538021 0.7005081 0.3722126 0.6088894 0.3095838 0.1814959 0.9333902 0.7654819 0.5943303 -0.2465949 0.2389364 0.525178 0.8167604 -0.9479019 0.3143193 0.05182188 -0.7668004 0.5958306 -0.2387534 -0.9316833 0.1533883 -0.3292998 -0.6801863 0.2714703 0.6809189 -0.5190066 0.1597976 0.8397005 -0.2564521 0.2649974 0.9295207 -0.6195764 0.1707871 0.7661311 -0.351606 0.1249741 -0.9277687 -0.6086075 0.7134704 0.3472133 -0.9566199 0.1570205 -0.2454037 -0.5901615 0.3372133 0.7334826 -0.6936814 0.3783217 0.6129264 -0.2092745 0.5427343 0.8134148 -0.8732239 0.2673508 0.4074353 -0.2667982 0.1472243 -0.952441 -0.34679 0.1171938 -0.9305924 -0.8750497 0.4809232 0.05478215 -0.4673093 0.2723224 0.841108 -0.9905643 0.1347731 -0.02487319 -0.7462902 0.1735942 0.6425854 -0.447017 0.1489344 -0.8820399 -0.884088 0.2101876 -0.4173843 -0.3608582 0.2862084 0.8876183 -0.3928796 0.4919465 -0.7769391 -0.5746881 0.1215604 -0.8092939 -0.5262069 0.5027073 -0.6858512 -0.8585269 0.1379759 -0.4938566 -0.5796264 0.5576218 -0.5942147 -0.666302 0.1473787 -0.7309728 -0.8892748 0.3706583 0.2679605 -0.2828838 0.4215943 0.8615306 -0.8922572 0.1832978 -0.4126491 -0.9473567 0.2475134 0.2031074 -0.1673659 0.5939903 0.78687 -0.9742949 0.1717925 -0.1457291 -0.2044808 0.2293237 0.9516293 -0.1143229 0.1999278 0.9731183 -0.906603 0.3875327 -0.167001 -0.8419165 0.3274154 0.4289239 -0.166328 0.1412414 -0.9759026 -0.6240599 0.5761444 -0.5278323 -0.7280709 0.2040527 -0.6544275 -0.8397585 0.2371014 0.4884552 -0.7945388 0.1741735 -0.5816974 0.6448356 0.3227993 -0.6928114 0.3736717 0.8432334 -0.3864285 0.6698663 0.4184795 0.6133142 -0.654678 0.415251 -0.6316356 0.6067501 0.4264128 -0.6708402 0.5847209 0.467557 -0.662942 -0.1947106 0.5697268 -0.7984355 0.8209938 0.4445409 0.3582635 0.5061014 0.8574395 -0.09305328 0.6844555 0.4771687 -0.5512084 -0.6123669 0.4226292 -0.6681253 -0.2937459 0.9278099 -0.2299611 -0.1337049 0.9697802 -0.2040823 -0.626073 0.4417668 -0.6425533 0.5128152 0.4913907 -0.7039573 0.1565011 0.980726 -0.1169791 -0.03268611 0.9116113 -0.409752 -0.8001273 0.5089721 -0.3174018 -0.628296 0.711491 0.3146821 -0.5048209 0.1826584 -0.8436775 0.5290209 0.5334461 -0.659979 0.2074682 0.890972 0.4038886 -0.6061335 0.6645159 -0.4370594 -0.9889629 0.1479858 -0.007263481 -0.3162432 0.3731316 0.8722173 -0.9665701 0.08850532 0.240643 0.3188701 0.7083935 0.629683 0.776384 0.630196 -0.009003221 0.8665748 0.4217205 0.2668333 -0.3337911 0.6580601 0.6749374 -0.1710907 0.47906 0.8609469 0.6074898 0.5158398 0.604041 -0.01345914 0.6428661 0.7658603 0.6426463 0.57529 -0.5060111 -0.6902786 0.5984469 -0.4066656 0.1919683 0.5257918 -0.8286684 -0.578857 0.4337994 -0.6904656 0.3388321 0.5344344 -0.7743209 -0.9786187 0.08487302 -0.1873554 -0.9970133 0.04327541 0.06396704 -0.7420431 0.5653066 -0.3602788 -0.6466479 0.5698913 -0.5070211 -0.8294523 0.5155007 -0.2150997 -0.8227422 0.5089417 -0.2531279 -0.3491176 0.6433909 -0.6812967 0.05148565 0.4857113 -0.8726018 -0.5020122 0.1453635 -0.852557 0.3937586 0.6389803 -0.6608015 0.8391891 0.3763334 0.3926002 0.1757299 0.4822958 0.8582016 -0.6487609 0.4546545 0.6102448 0.2129936 0.1408461 0.9668486 -0.5482698 0.3539872 0.7576895 -0.6825366 0.4774765 0.5533173 0.4657481 0.8848635 0.009765982 0.8922628 0.1797893 0.4141777 0.9367213 0.3417829 0.07574826 0.1479557 0.988752 0.02188205 0.8411489 0.5153529 0.1639509 -0.1555249 0.9834452 0.09299147 -0.6062223 0.7944002 -0.03772103 -0.7337764 0.651832 -0.1915393 -0.833239 0.4461317 -0.326618 -0.156014 0.9711813 -0.1801852 -0.5961361 0.4161325 -0.6866263 -0.1286998 0.9779297 0.1645905 -0.5517316 0.5063796 0.6627005 -0.718271 0.5481871 0.42846 -0.8819158 0.3926611 0.2608483 -0.2360383 0.9692404 0.06970667 -0.8263377 0.557311 -0.08105897 -0.2340206 0.9668152 -0.1024832 -0.3412955 0.01840299 0.939776 0.2409797 0.7187277 0.6521958 -0.2653936 0.3807251 0.8857848 -0.2461102 0.8804605 0.4052395 -3.35713e-4 0.9835485 0.1806443 0.2218762 0.8915336 0.3948909 -0.08935987 0.5698525 0.816874 0.207409 0.9774106 -0.04062116 0.8772182 0.4799476 0.01178044 0.5978671 0.728641 0.334122 0.7819157 0.5663243 0.260547 0.1440213 0.9816588 0.1249161 0.5448213 0.5233666 0.6551772 0.1395943 0.9751766 -0.1718835 0.3191964 0.9434894 -0.08911496 0.570003 0.5455268 -0.6144081 0.8457714 0.4475603 -0.2904487 0.1256762 0.3246585 0.9374446 0.1603479 0.8286272 0.5363447 -0.05105906 0.7120805 0.7002389 0.3944615 0.3852752 0.8342441 -0.17585 0.6704702 0.7207959 -0.3999544 0.4076147 0.8209061 -0.413169 0.8824628 0.2248349 0.9227078 0.3725134 -0.09921687 0.8296742 0.3203943 0.4571524 0.1996879 0.8844807 -0.4216856 0.9117044 0.3549705 0.2068601 0.5732743 0.3718165 0.7301434 0.8887261 0.259812 0.3777086 -0.2201952 0.8580746 0.4639206 -0.3117229 0.8027459 -0.508358 -0.1442338 0.6400796 0.7546487 0.03387606 0.6214889 0.7826903 0.8966577 0.3199645 -0.3059867 0.9047717 0.4215005 -0.06103831 0.6144394 0.3025655 -0.7286415 0.8879535 0.459923 0.003082394 -0.6370908 0.746289 -0.1927905 -0.9896404 -0.0282911 0.1407537 -0.6890924 0.7224804 -0.05633836 -0.656193 0.7534272 0.04193335 -0.6199308 0.7670626 0.1652294 -0.6177738 0.7158021 0.3255504 -0.625339 0.4990504 0.5999165 -0.4055444 0.7738853 0.4864518 -0.3962602 0.2034709 0.8953087 -0.2798356 0.5135864 0.8111234 -0.1397478 0.8366559 0.5296013 -0.04351961 0.1007117 0.9939634 0.1545202 0.7673823 0.6222926 0.2617347 0.8181042 0.5120552 0.5192899 0.4094806 0.7501091 0.5985435 0.5813917 0.5511166 0.5860038 0.7791309 0.2226088 0.6545292 0.7468213 0.1176846 0.6967819 0.7172297 -0.008758962 0.6806671 0.7196399 -0.1371527 0.7167198 0.6648061 -0.2105845 -0.03381532 0.6234777 -0.7811096 -0.1107232 0.6091912 -0.7852557 -0.1843982 0.5730018 -0.7985401 -0.2928945 0.5422378 -0.787522 -0.3656796 0.5259047 -0.767921 -0.4057604 0.5798758 -0.7064719 -0.5064315 0.5555974 -0.659423 -0.5216647 0.6220119 -0.5839239 -0.5629583 0.6574155 -0.5008821 -0.617898 0.6717344 -0.4086257 -0.6734346 0.6685515 -0.315476 -0.6754139 0.6897883 -0.260784 0.9977183 0.06341791 0.02316367 0.6695323 0.6724011 -0.3156 0.6146273 0.6688904 -0.4181137 0.5445232 0.6528969 -0.526517 0.4772525 0.635828 -0.6065911 0.384145 0.6347076 -0.6705066 0.3213083 0.5868577 -0.7432086 0.2187951 0.5972996 -0.7715971 0.1236328 0.6341255 -0.7632823 0.04751801 0.6109288 -0.7902583 0.9273718 0.3707412 0.05032533 0.8688126 0.3519136 0.3483124 0.3290283 0.9424353 -0.05963462 0.7158619 0.5531938 -0.4260501 0.7591713 0.6338585 0.1479277 -0.4500386 0.7172356 0.5320135 -0.9385886 0.2889256 0.1886088 0.6891621 0.4892285 -0.5345196 0.6213736 0.3894877 -0.6798486 -0.6684731 0.001617491 -0.7437347 -0.9808669 0.1562294 -0.1161573 -0.5855757 0.3795697 -0.7162598 -0.8641684 0.4514795 -0.2222147 -0.81704 0.4515679 -0.3585137 -0.8928677 0.4475325 -0.05002081 0.3965348 0.9034876 0.1626973 -0.2785831 0.872861 0.400631 0.4024183 0.7799028 -0.4793862 -0.3012905 0.4809904 0.8233299 -0.7826628 0.4567186 0.4229034 -0.6153917 0.7825155 0.09467095 0.4557701 0.7860769 0.4175604 -0.2335358 0.9475108 0.2183676 -0.807044 0.3788932 0.4529017 -0.9286112 0.3576864 -0.09869945 -0.9057692 0.3559109 0.2300206 -0.2592943 0.8494514 -0.4595638 0.08645993 0.3366231 0.9376618 -0.07040846 0.9328591 0.3532938 -0.8136528 0.5531679 0.1788144 0.3636056 0.9135614 0.1821995 0.2888628 0.8379312 -0.4630656 -0.3322627 0.8862171 -0.3228323 0.4495489 0.3733117 0.8115074 -0.07452827 0.375724 0.92373 0.2339 0.4849214 0.8426992 -0.05581903 0.376603 0.9246916 -0.284532 0.3644011 0.8867094 -0.4356574 0.4544265 0.7769808 0.4267737 0.04977601 -0.9029877 0.5187619 0.09058034 -0.8501067 0.3594847 0.2161974 -0.9077607 0.004608392 0.7815093 -0.6238768 -0.277633 0.01120048 -0.9606219 -0.7322404 0.4449658 -0.5155866 -0.5445256 0.1182318 -0.8303694 0.340324 0.7867647 -0.5149572 -0.3149918 0.8211274 -0.4759517 0.06228971 0.8215163 -0.5667724 0.4804002 0.8636888 -0.1525036 0.08951121 0.9943895 -0.05636793 0.5525447 0.8332881 0.01803666 0.626744 0.7404588 0.2427198 0.4160622 0.8579434 0.3013728 -0.1684024 0.9746161 0.1475276 -0.1094427 0.5990052 0.7932309 -0.276264 0.5533215 0.7858204 -0.3256418 0.4772925 -0.8161798 -0.07025474 0.5046625 -0.8604534 -0.01565635 0.5169349 0.8558816 -0.2702142 0.4925442 0.8272753 -0.5251995 0.4729816 0.7074277 -0.6959295 0.4971579 0.5181856 -0.8427231 0.4345611 0.3177646 -0.8957596 0.4441717 0.01806718 -0.8705357 0.4372211 -0.2258436 -0.9056474 0.2602649 -0.3347615 -0.7263039 0.4043228 -0.5558829 -0.7155746 0.3014953 -0.630122 -0.7236423 0.5043919 -0.4710954 -0.4923362 0.7614548 0.4216537 -0.3261559 0.8018853 0.5006022 -0.635737 0.729857 -0.2512917 -0.4175943 0.8161141 -0.3994659 -0.6748742 0.6884858 -0.2655793 -0.4895931 0.6959351 -0.5253314 -0.8057978 0.4227211 -0.4147251 -0.4155789 0.9003447 -0.1291264 -0.1728634 0.9226405 -0.3447503 0.2920335 0.7923877 -0.5355728 0.4206436 0.8844716 -0.2019138 0.3947003 0.9136734 -0.09701943 -0.2664906 0.9480987 -0.1734691 -0.3021692 0.9527136 -0.03210604 -0.184732 0.9656544 0.1827178 -0.2596585 0.96142 0.09082549 -0.05874919 0.9767023 0.2064005 -0.1685574 0.9651076 0.2003888 -0.2899888 0.9236488 -0.2505586 0.6771616 0.4860804 0.5524293 0.7561156 0.5339656 0.3783782 0.07117044 0.9451146 0.3188937 0.07913506 0.9501395 -0.3016166 -0.1295851 0.9914819 0.01309275 -0.01159715 0.9157825 -0.4015074 -0.3047648 0.5147981 -0.8013123 -0.2285559 0.971477 -0.06320458 -0.07138419 0.6683382 -0.7404244 -0.05090582 0.6363838 -0.7696911 -0.4526339 0.5497468 -0.7020693 -0.2401274 0.7927134 0.5603075 0.3511006 0.3216184 -0.8793691 -0.4766748 0.8740004 0.09436446 -0.2310942 0.970614 -0.0671125 -0.8922282 0.405844 -0.1980389 -0.3841776 0.7831571 -0.4889506 -0.2284059 0.8034799 -0.5497735 -0.3753842 0.9247574 0.06253349 -0.3694584 0.9273999 -0.05856519 -0.4856892 0.8580896 -0.1666981 -0.4237635 0.8526544 -0.3056225 -0.07086503 0.8287121 -0.5551706 0.331135 0.8135547 -0.4779942 0.4150016 0.8620484 -0.2909406 0.5760514 0.8108668 0.1032467 0.07345974 0.9004393 -0.4287341 0.4041367 0.9108794 -0.0835008 0.4395117 0.8809461 -0.1753957 0.8637601 0.4757669 -0.1660255 0.4356037 0.8934867 0.109229 0.08801805 0.9677719 -0.2359459 -0.007843315 0.9916805 -0.1284844 -0.7245538 0.5771465 0.3767277 -0.08377605 0.9765328 0.1984073 0.4148802 0.8970251 -0.1523832 0.8107122 0.3607981 -0.4610537 0.5613099 0.797834 -0.2199826 0.3502681 0.8881678 -0.2974395 -0.1666327 0.9383618 0.3028381 0.004364192 0.7601642 0.6497164 -0.00576812 0.5446146 0.8386667 0.5955281 0.6909933 0.4097251 0.3624805 0.8478632 0.3869572 0.8489047 0.2752264 0.4512333 0.6130415 0.5108934 0.6026344 0.4713109 0.4691441 0.74684 0.1198492 0.406578 0.905721 -0.1041001 0.341934 0.9339402 -0.2655163 0.9496022 -0.1666038 -0.3666608 0.9241598 -0.1071843 -0.2557789 0.8725048 -0.4163083 0.1492999 0.869736 -0.4703924 0.04873853 0.3694913 -0.9279552 0.01425248 0.9397809 0.3414805 0.09057945 0.9080227 0.4090115 0.3584218 0.9302974 -0.07797747 0.1682229 0.9855633 0.01913565 0.1473464 0.964527 0.2190359 0.7818765 0.5976309 0.1775008 0.06204491 0.4395027 0.8960959 0.3768504 0.5234339 0.7641994 0.1271741 0.9504949 0.2835248 -0.3227984 0.943278 0.07764005 -0.3924486 0.9188162 0.04196411 -0.4985848 0.8607509 -0.1025735 -0.2007234 0.8837383 -0.4227491 -0.5559937 0.4373056 -0.7068486 0.6647648 0.4974902 0.5573074 0.3639972 0.9288383 0.06903338 0.05438506 0.8362854 0.5455906 0.05179071 0.9757536 0.2126564 0.1907125 0.9359837 0.2959111 -0.1551302 0.9608432 0.2295976 -0.07901525 0.9468404 0.3118494 0.03399837 0.9453023 0.3244193 -0.07971602 0.8774564 0.4729859 -0.2851719 0.9576333 0.04019385 -0.6450302 0.6621517 0.3814331 0.4547675 0.4067912 -0.79228 0.6002544 0.4667629 -0.6494821 0.6216836 0.3374854 -0.7068332 0.7354559 0.4965197 -0.4610562 0.698714 0.5406229 -0.4685357 -0.7914929 0.3116347 -0.5257595 -0.5984492 0.4120995 -0.6870462 -0.484224 0.6500676 -0.5856102 -0.6022348 0.3814896 -0.7012695 -0.40142 0.36028 -0.8420573 -0.392812 0.4744813 -0.7877604 -0.3908885 0.8948197 -0.2156478 -0.1460938 0.9759628 -0.1617195 -0.6438598 0.7291604 0.2318835 -0.5595054 0.7989578 0.2205 -0.7816041 0.6011729 0.1663922 -0.9145277 0.4003767 -0.05777215 -0.7040076 0.6435194 -0.300427 -0.9404076 0.3364092 -0.0496236 -0.7366449 0.5470283 -0.3976362 -0.4499694 0.8201932 -0.3532858 -0.7678347 0.5015845 0.3985514 0.1563519 0.6836697 -0.7128464 0.4993871 0.7471427 -0.4386232 -0.08395761 0.5417419 -0.8363414 -0.6926962 0.7079558 0.1377335 -0.5180936 0.7609042 -0.3906455 -0.6009276 0.7347248 -0.3147469 -0.9468764 0.2433569 -0.210244 -0.7716895 0.6059678 0.1931284 -0.3042411 0.6679937 0.6791331 0.3669371 0.5417534 0.7562146 0.5972939 0.1625154 0.7853845 0.08404976 0.1908363 0.978017 -0.849866 0.4048667 0.3373584 0.1330648 0.6555887 0.7433016 -0.3930633 0.6513211 0.6490626 -0.6932523 0.6656932 0.2761412 -0.7363167 0.6662436 -0.1181415 -0.5608221 0.6582396 -0.5021946 -0.5149216 0.5924406 -0.6195723 -0.03573817 0.9038926 0.4262642 -0.5726609 0.6059878 -0.5521216 0.259871 0.9118831 0.3177048 -0.178601 0.5761805 -0.7975699 -0.6641599 0.6205784 -0.4168624 -0.6795685 0.6366586 -0.3644894 0.4509215 0.862626 0.2292299 -0.7195142 0.6789241 -0.1461551 -0.7457773 0.6656022 -0.02810853 -0.7156509 0.6963016 0.05484348 -0.6607754 0.7311227 0.1698099 -0.6369999 0.7174794 0.2818767 -0.4949617 0.8064721 0.3234434 -0.322129 0.9004964 0.2921288 -0.08603256 0.9658904 0.2442421 -0.6686671 0.6606406 -0.3412308 -0.2002673 0.9779893 -0.05856639 0.4374603 0.8802309 -0.1839079 0.2926195 0.8231068 -0.486692 0.1109386 0.9790372 0.170818 -0.1524738 0.9627274 0.2234004 -0.1214681 0.9387537 0.3224705 -0.02520859 0.9371755 0.3479464 0.9900639 0.1116992 0.08542239 -0.7867233 0.107458 0.6078809 0.8414849 0.2342069 -0.4868783 0.8195369 0.5523092 0.1526885 -0.04062122 0.8046115 0.5924106 -0.355952 0.3629411 0.8611458 0.3568321 0.5438546 0.7595348 0.5658189 0.8241607 -0.02465915 0.5357397 0.7171478 -0.4457376 -0.2075951 0.712544 0.6702131 0.4325487 0.7385952 0.5170868 0.08771175 0.5381119 -0.8382973 0.06021481 0.6656286 -0.7438499 0.8360429 0.4331895 0.3367183 0.08038812 0.9934373 -0.08136475 0.8732419 0.4708176 -0.1256164 0.701148 0.5913094 -0.3984281 0.3559461 0.5269456 -0.7717711 0.4363894 0.8579161 -0.2711907 0.9112436 0.4091105 -0.04757946 0.6550613 0.7467406 0.1152095 0.8079568 0.5507131 0.2095731 0.3530163 0.8750484 0.3311645 0.1282107 0.9795103 -0.1553117 -0.01062059 0.8331098 -0.5530057 0.3507536 0.8696967 -0.3472744 0.5225152 0.8521504 -0.02859622 0.04150551 0.9795616 -0.1968156 -0.04147583 0.9751558 -0.2176033 0.1079165 0.899437 -0.4235177 0.1831443 0.7851008 -0.5916715 -0.1236328 0.8747382 -0.4685596 -0.1433185 0.776075 -0.6141396 -0.07419186 0.9051352 -0.4185999 0.6926044 0.6623292 0.2856909 0.4037377 0.6469447 0.6468837 -0.1322103 0.6555886 0.7434542 -0.1329438 0.8871158 -0.4419862 -0.2596897 0.8246346 -0.5025327 -0.744491 0.630562 -0.2193737 -0.4397202 0.8798372 -0.1803683 -0.412034 0.7075169 -0.5741498 -0.6043416 0.3575632 -0.711983 -0.5860667 0.5128198 -0.6273291 -0.2035916 0.3134291 -0.9275305 -0.9787858 0.1858628 0.0862171 -0.5391303 0.6642 -0.5178581 -0.8454186 0.5287185 0.07565766 -0.6911302 0.4507637 -0.5649347 -0.2069501 0.5071361 -0.8366509 -0.6409695 0.7675642 0.001831114 -0.351977 0.3078769 -0.8839253 -0.786943 0.3612583 -0.5002132 -0.1461279 0.7372018 -0.6596819 -0.439593 0.7941607 -0.4196032 -0.2676554 0.5161751 -0.813587 -0.3920238 0.9194628 -0.03009223 -0.6684032 0.5744648 -0.4724693 -0.2756451 0.9110143 -0.3067131 -0.5622506 0.730593 -0.387438 -0.7552659 0.5131242 -0.4077709 -0.382279 0.8796142 -0.2830928 -0.2478177 0.696789 -0.6731059 -0.853649 0.404805 -0.3277443 -0.3955562 0.4707244 -0.7886405 -0.6932126 0.6409333 -0.3296377 -0.5171121 0.2915775 -0.8047221 -0.8946421 0.3845124 -0.2275212 -0.2178454 0.8134871 -0.5392423 -0.5538274 0.7909291 -0.2602046 -0.358901 0.6539567 -0.6659811 -0.4832373 0.518029 -0.7057816 -0.5579244 0.6848544 0.4687163 -0.3596421 0.6542166 0.6653258 -0.1367884 0.6237272 0.76958 0.4636815 0.7847763 0.4112491 -0.1556466 0.3526769 0.9227097 -0.3980269 0.2770196 0.8745483 -0.8091184 0.3754746 -0.4520467 -0.7983131 0.5733584 -0.184273 -0.7801854 0.5642641 -0.2700313 -0.862239 0.3223173 0.3907116 -0.4355754 0.4371319 -0.7868862 -0.6733804 0.5176398 0.5278333 -0.5146829 0.6347776 0.5763325 0.1472246 0.8532252 0.5003317 0.3338525 0.7333524 0.5922304 0.07608371 0.8004814 0.594509 0.184001 0.47308 0.8615909 0.4771426 0.7978115 0.368554 0.248762 0.8365007 -0.4882461 0.2554467 0.7016392 -0.6651687 0.1424936 0.836986 -0.5283464 0.2373763 0.2631343 -0.9351004 0.2798324 0.9445143 -0.1720073 0.3758171 0.8865609 -0.2697618 0.2567541 0.92722 -0.2726543 0.3117881 0.451049 -0.8362673 0.2281309 0.4745124 -0.8501732 0.1328818 0.9292876 -0.344626 0.7636059 0.4651221 -0.4478479 0.7428769 0.4166532 -0.52396 0.5695515 0.6649854 -0.4831208 0.7036929 0.3387993 -0.6245248 0.5698892 0.7357012 -0.3660194 0.8123922 0.5757763 0.09219866 0.4063973 0.8191426 -0.4047797 0.5993054 0.5497727 -0.581879 0.83641 0.5480033 0.0105291 0.5856656 0.8104098 -0.0152291 0.3133143 0.9489157 -0.03732544 0.6110596 0.3705971 -0.6994742 0.4903835 0.6292767 -0.6029386 0.4742327 0.4914453 -0.7304691 0.8268559 0.5166285 -0.2222711 0.3688578 0.6973688 -0.6145086 0.5692714 0.7930979 -0.216624 0.8488 0.4027923 -0.3424865 0.3672302 0.5775948 -0.7290586 0.4050586 0.3667867 -0.8374934 0.6852272 0.6558979 -0.3166414 -0.5957901 0.7943766 0.1183218 -0.4460685 0.7680765 0.4594359 -0.5171176 0.7971313 -0.3117232 -0.2347262 0.7747096 -0.5871361 0.1248241 0.7840111 -0.6080672 0.6371172 0.6441062 0.4233307 -0.8283187 -0.352526 0.4354464 -0.8372588 -0.2657291 0.4778973 -0.7488518 -0.3491712 0.5632945 -0.6990148 -0.2969226 0.6505501 -0.5733764 -0.3219539 0.7533825 -0.4567192 -0.3151409 0.8319218 -0.3626906 -0.3110521 0.8784658 -0.2400661 -0.3233842 0.9153093 -0.1577552 -0.3090708 0.9378639 -0.207565 -0.4340523 -0.8766502 -0.2555732 -0.4038692 -0.8783918 -0.3792382 -0.384335 -0.8417037 -0.4591242 -0.362868 -0.8108834 -0.5720623 -0.3007416 -0.7630854 -0.6616824 -0.2805611 -0.6953143 -0.7508947 -0.3128219 -0.5816352 -0.818888 -0.2989954 -0.4899228 -0.8620128 -0.360553 -0.3562803 -0.90585 -0.3198751 -0.2776972 -0.9118718 -0.3978433 -0.1010478 -0.9439036 -0.3241159 -0.06320565 -0.9544593 -0.2983257 0.003051877 -0.9372864 -0.3192652 0.1398711 -0.8959899 -0.3354392 0.2910029 -0.7627959 -0.4362103 -0.4773501 0.04825073 0.6442591 -0.7632838 -0.4861181 0.6739975 0.5562524 -0.5165347 0.6463627 -0.5616114 -0.7441192 0.6603745 -0.1009575 -0.6843591 0.6648575 0.2993614 -0.06119126 0.7882229 -0.61234 0.3856389 0.8050929 -0.450675 -0.4549222 0.8016836 -0.387749 0.9606583 -0.2773905 -0.01379472 0.9452817 -0.2793759 -0.1684983 0.9562826 -0.2587401 0.1362978 0.9398394 -0.2342655 0.2486401 0.8900776 -0.3026337 0.3408444 0.8679922 -0.241131 0.4341029 0.7765505 -0.2961543 0.5561134 0.7072308 -0.3280552 0.6262623 0.6143147 -0.2975592 0.7308052 0.4833942 -0.2152521 -0.8485262 0.6059241 -0.3066548 -0.7340428 0.8723865 -0.3123623 -0.3759945 0.9130078 -0.2727792 -0.3033288 0.3162454 -0.3590341 0.8781136 0.417776 -0.2749466 0.865949 0.2649697 -0.3083378 0.9136295 0.1469182 -0.2926462 0.9448668 0.7170259 -0.6114284 0.3347077 0.5231062 -0.6455814 0.5564031 -0.2708604 0.7866703 -0.5547832 0.1392619 0.790524 -0.5963875 0.4845505 0.7778993 -0.4001044 -0.2252287 -0.9520341 0.2071311 -0.01229923 -0.9996277 0.02435433 0.02456802 -0.9957537 0.0887196 -0.0383318 -0.9895783 0.1388003 0.00100708 -0.9971958 0.0748316 0.02823024 -0.995536 0.09006208 0.002899229 -0.9943238 0.106357 -0.002533018 -0.9974216 0.07171958 0.03735536 -0.9939161 0.1036124 -0.3236888 -0.9459794 -0.01867783 0.6841225 -0.6737154 0.2794355 0.3309223 -0.7288653 0.5993713 -0.3327275 -0.7040626 -0.6273662 0.1731671 -0.9848918 -0.001220762 0.2981138 -0.9327046 0.2029542 -0.7673392 -0.5450998 -0.3377232 -0.09277802 -0.9955328 -0.01751792 -0.5973803 -0.7738416 0.21049 0.001220762 -0.9943204 0.1064209 -0.005310237 -0.9990584 0.04306179 -0.9050517 -0.394127 0.1598299 0.1819268 -0.9804394 0.07510852 -0.2248049 -0.5680859 0.79167 -0.02148538 -0.9949518 0.09802722 0.07513809 -0.9832652 -0.165963 0.2732965 -0.9547831 -0.1170399 -0.1768599 -0.9799168 0.09210753 0.07837373 -0.9934975 0.08258545 0.8602775 -0.5098246 -0.001312315 -0.4906013 -0.7167814 0.4955149 0.4684419 -0.806383 0.3609832 -0.004150509 -0.9958222 0.09122008 -0.07605445 -0.9947511 0.0684551 7.93497e-4 -0.995595 0.09375476 -0.350148 -0.8781319 -0.3260072 0.007751882 -0.9978567 0.06497544 0.7736974 -0.4308119 -0.4645358 0.3343404 -0.4155831 -0.8458766 -0.2328293 -0.4240612 -0.8751929 -0.7070367 -0.44503 -0.5495885 0.6551541 -0.3267378 0.681187 0.6649778 -0.3596965 -0.6545403 0.7652345 -0.3038476 -0.5675322 0.8217054 -0.3261307 -0.4673747 0.5240477 -0.2677157 0.8085187 0.7872084 -0.3054957 0.5357009 0.5814863 -0.3311356 0.743117 0.311722 -0.3512748 0.8828564 0.2852305 -0.9007375 0.3275908 0.7696943 -0.4383473 -0.4641361 0.2613699 -0.4444264 -0.8568378 -0.3430597 -0.435409 -0.8323036 -0.2381996 -0.9479154 0.2114651 -0.1412428 -0.9384039 0.3153548 -0.01355057 -0.9536684 0.3005545 -0.4527484 -0.8802577 -0.1420046 0.2455908 -0.9588023 0.1427704 0.5707993 -0.8007305 -0.1817109 -0.2818474 -0.9380772 -0.2014285 -0.2391761 -0.8582202 -0.4541508 0.01397764 -0.8117132 -0.583889 0.3665038 -0.8535582 -0.3702882 -0.6213655 -0.6530442 0.4329416 -0.2201032 -0.8853874 0.4094433 0.2192772 -0.972358 0.08023381 0.3642798 -0.6447532 0.6720071 0.05002135 -0.5391564 0.8407189 -0.1401119 -0.6084845 0.7810989 0.07678633 -0.8372642 0.5413804 0 -0.939491 0.3425736 0.2378685 -0.7312763 0.6392602 0.08209604 -0.8530056 0.5154046 0.7486965 -0.5533127 0.3651009 -0.334244 -0.6546629 0.6780099 -0.5566688 -0.5493443 0.62317 0.1410312 -0.6431098 0.7526753 0.04339808 -0.9076677 0.4174398 0.1199408 -0.7451592 0.6560122 -0.04336756 -0.6347968 0.7714613 -0.4317487 -0.8979226 -0.08560508 -0.7453227 -0.6113104 -0.2660711 -0.3289936 -0.9443153 0.00564599 -0.08310264 -0.989297 -0.1199388 0.1161245 -0.8570328 -0.5020059 -0.0691269 -0.8764014 -0.4765943 -0.3734312 -0.9145953 -0.1551284 -0.3785576 -0.9239931 -0.05414068 0.2429302 -0.9100118 -0.3359518 -0.1580263 -0.9820641 0.1028483 -0.4705134 -0.8509038 -0.2336239 -0.2966133 -0.8538582 -0.4277226 -0.3491365 -0.9318953 0.09836244 -0.5313412 -0.8308882 0.1652315 0.3200876 -0.8302807 0.4562652 0.2370097 -0.9409585 0.2417096 0.2754337 -0.9568916 0.09216725 -0.1510993 -0.9864645 -0.06369304 0.3160861 -0.833598 -0.4529946 0.5800414 -0.8134496 0.04303157 0.06384503 -0.9909717 -0.1178936 -0.1969684 -0.976724 -0.08493381 -0.3104073 -0.9503877 0.0202645 -0.6058633 -0.6843581 0.4056891 0.3731315 -0.862237 0.3425204 0.2407304 -0.9704598 0.0160222 0.1445074 -0.9775235 0.1535105 0.1360254 -0.9029503 -0.4076491 -0.03308308 -0.9975287 0.06198501 0.164984 -0.9830373 0.0801115 -0.2447611 -0.961191 0.1272941 -0.4083818 -0.9073761 0.0994631 -0.1706625 -0.9825001 0.07461905 -0.7347802 -0.4280928 -0.526151 -0.6201512 -0.753734 0.2174801 -0.7648406 -0.626131 0.1515886 -0.6121008 -0.783804 0.1048042 -0.1538785 -0.9142681 0.374747 -0.2332295 -0.8900079 0.391778 -0.1639813 -0.9499807 0.2657944 -0.227707 -0.8179571 0.5282951 -0.356831 -0.749217 0.5579835 -0.7507173 -0.5882318 0.3006775 -0.8804458 -0.4171047 0.2254751 -0.3966026 -0.8987116 0.1871464 -0.3538993 -0.9100181 -0.2159225 -0.6380632 -0.6691316 -0.3809701 -0.5638794 -0.6921836 -0.4504687 -0.1521098 -0.3667849 -0.9177863 -0.1364186 -0.9808104 0.1392874 -0.3100448 -0.3953765 0.8646096 -0.4117331 -0.4100241 0.8138527 -0.8388086 -0.4131632 0.3545367 -0.138679 -0.7172309 -0.6828969 -0.2353613 -0.2114956 0.9486173 -0.7955498 -0.4425316 -0.4138433 -0.05313372 -0.987506 0.1483532 -0.2676829 -0.4412145 -0.8565487 -0.8592107 -0.2274605 0.4582782 -0.2611548 -0.5813342 0.7706158 -0.3663845 -0.579684 0.7278248 -0.2909458 -0.7049477 0.6468379 -0.2207747 -0.4016 0.8888059 -0.2561787 -0.6547603 -0.7110988 -0.791361 -0.4206146 0.4436566 -0.1493916 -0.7485756 0.6460006 -0.5545292 -0.7785382 0.2938974 -0.1630029 -0.5797117 0.7983511 -0.1068483 -0.9938942 -0.02752846 -0.6908642 -0.5899065 0.4179916 -0.1211622 -0.8712692 0.4756151 -0.8521967 -0.4202233 -0.3117264 -0.1843355 -0.8671707 -0.4626396 -0.1254622 -0.2765908 0.9527627 -0.3188967 -0.9183579 0.2343581 -0.5735539 -0.7212075 0.3884528 -0.7445768 -0.6373323 -0.1985273 -0.4319444 -0.8422809 0.3224704 -0.4236393 -0.4338938 -0.7951515 -0.05844378 -0.9416014 0.331619 -0.7125069 -0.4132637 0.5670512 -0.8834894 -0.4347711 -0.1744151 -0.3380271 -0.6705914 -0.660337 -0.7317309 -0.6720046 -0.1139286 -0.6136251 -0.5902166 0.5245081 -0.2469956 -0.8732897 -0.4199506 -0.5307561 -0.8475129 0.004486262 -0.5126855 -0.7163681 0.4732552 -0.1729521 -0.963185 0.2058212 -0.4252536 -0.6842085 -0.592468 -0.4186611 -0.8158368 0.3989152 -0.9057153 -0.423483 -0.01849454 -0.5484334 -0.4302318 -0.7170225 -0.2895358 -0.901202 0.3224966 -0.1494832 -0.9748762 -0.1651396 -0.625427 -0.4106949 0.6634538 -0.7662168 -0.6425527 0.006164848 -0.5971064 -0.2154649 0.7726829 -0.5252773 -0.6060022 0.5973652 -0.5127859 -0.6691365 -0.5378727 -0.543392 -0.4025465 0.7366692 -0.3178552 -0.8990282 -0.3011918 -0.3878993 -0.788922 0.4765883 -0.649386 -0.4369729 -0.6223766 -0.4570635 -0.5817061 0.672838 -0.9021649 -0.4197549 0.09952163 -0.04489338 -0.9955292 -0.08310317 -0.1479243 -0.9840156 0.09915536 -0.1218329 -0.9923945 -0.01760959 -0.1623029 -0.9772052 -0.1368496 0.3334859 -0.8925716 0.3034853 -0.725942 0.6577 -0.2010944</float_array>
          <technique_common>
            <accessor source="#shape1_002-mesh-normals-array" count="1487" stride="3">
              <param name="X" type="float"/>
              <param name="Y" type="float"/>
              <param name="Z" type="float"/>
            </accessor>
          </technique_common>
        </source>
        <vertices id="shape1_002-mesh-vertices">
          <input semantic="POSITION" source="#shape1_002-mesh-positions"/>
        </vertices>
        <triangles material="SWMaterial-1_002-material" count="2976">
          <input semantic="VERTEX" source="#shape1_002-mesh-vertices" offset="0"/>
          <input semantic="NORMAL" source="#shape1_002-mesh-normals" offset="1"/>
          <p>2 0 9 1 99 2 10 3 1248 4 14 5 5 6 1321 7 9 1 13 8 14 5 107 9 4 10 98 11 105 12 15 13 101 14 93 15 15 13 108 16 101 14 18 17 109 18 1315 19 6 20 0 21 102 22 51 23 1 24 106 25 8 26 5 6 9 1 18 17 1315 19 7 27 23 28 99 2 108 16 23 28 2 0 99 2 11 29 6 20 102 22 30 30 10 3 14 5 15 13 93 15 27 31 29 32 16 33 1248 4 28 34 18 17 7 27 13 8 107 9 4 10 24 35 12 36 0 21 4 10 105 12 1 24 21 37 19 38 20 39 8 26 9 1 2 0 19 38 1314 40 21 37 21 37 20 39 22 41 25 42 1314 40 21 37 22 41 305 43 1207 44 22 41 1207 44 31 45 25 42 1316 46 1314 40 29 32 1248 4 10 3 6 20 24 35 0 21 26 47 21 37 22 41 49 48 8 26 2 0 31 45 26 47 22 41 26 47 25 42 21 37 30 30 14 5 13 8 34 49 28 34 7 27 34 49 7 27 12 36 23 28 108 16 15 13 49 48 2 0 23 28 34 49 12 36 24 35 33 50 1316 46 25 42 29 32 10 3 30 30 53 51 34 49 24 35 37 52 30 30 13 8 38 53 17 54 5 6 38 53 5 6 8 26 1245 55 16 33 29 32 32 56 6 20 11 29 36 57 26 47 31 45 41 58 49 48 23 28 1318 59 109 18 18 17 36 57 31 45 35 60 53 51 24 35 6 20 51 23 4 10 1 24 40 61 25 42 26 47 40 61 33 50 25 42 37 52 13 8 4 10 42 62 1245 55 29 32 39 63 1308 64 1316 46 39 63 1316 46 33 50 45 65 29 32 30 30 42 62 113 66 1245 55 42 62 43 67 113 66 47 68 18 17 28 34 47 68 1318 59 18 17 3 69 32 56 11 29 36 57 40 61 26 47 46 70 15 13 27 31 32 56 53 51 6 20 49 48 38 53 8 26 45 65 30 30 37 52 52 71 17 54 38 53 42 62 60 72 43 67 69 73 39 63 33 50 50 74 41 58 23 28 82 75 1330 76 44 77 51 23 37 52 4 10 50 74 23 28 15 13 54 78 47 68 28 34 54 78 28 34 34 49 42 62 29 32 45 65 55 79 45 65 37 52 1317 80 1318 59 47 68 40 61 69 73 33 50 56 81 49 48 41 58 57 82 52 71 38 53 57 82 38 53 49 48 46 70 50 74 15 13 71 83 36 57 35 60 59 84 54 78 34 49 58 85 57 82 49 48 66 86 1317 80 47 68 63 87 32 56 3 69 61 88 42 62 45 65 64 89 71 83 35 60 59 84 34 49 53 51 61 88 60 72 42 62 57 82 62 90 52 71 68 91 40 61 36 57 58 85 49 48 56 81 65 92 58 85 56 81 66 86 47 68 54 78 55 79 37 52 51 23 68 91 36 57 71 83 72 93 1308 64 39 63 61 88 70 94 60 72 64 89 35 60 1330 76 76 95 59 84 53 51 82 75 44 77 1334 96 61 88 45 65 55 79 82 75 64 89 1330 76 76 95 53 51 32 56 68 91 69 73 40 61 61 88 74 97 70 94 75 98 67 99 62 90 55 79 74 97 61 88 48 100 1317 80 66 86 73 101 76 95 32 56 51 23 74 97 55 79 75 98 62 90 57 82 51 23 1408 102 74 97 85 103 68 91 71 83 88 104 72 93 39 63 88 104 39 63 69 73 78 105 85 103 71 83 63 87 73 101 32 56 81 106 48 100 66 86 75 98 57 82 58 85 79 107 66 86 54 78 1334 96 1384 108 3 69 77 109 75 98 58 85 78 105 71 83 64 89 84 110 67 99 75 98 77 109 58 85 65 92 83 111 69 73 68 91 83 111 88 104 69 73 79 107 54 78 59 84 1305 112 87 113 65 92 86 114 81 106 66 86 86 114 66 86 79 107 83 111 68 91 85 103 88 104 1319 115 72 93 78 105 64 89 82 75 89 116 79 107 59 84 89 116 59 84 76 95 87 113 77 109 65 92 106 25 1305 112 1303 117 1311 118 67 99 84 110 84 110 75 98 77 109 92 119 1309 120 1319 115 94 121 1311 118 84 110 95 122 85 103 78 105 91 123 80 124 81 106 93 15 89 116 76 95 92 119 1319 115 88 104 91 123 81 106 86 114 3 69 82 75 1334 96 93 15 76 95 73 101 96 125 92 119 88 104 90 126 80 124 91 123 106 25 87 113 1305 112 63 87 93 15 73 101 102 22 83 111 85 103 1312 127 1311 118 94 121 95 122 102 22 85 103 101 14 86 114 79 107 98 11 84 110 77 109 98 11 94 121 84 110 103 128 1312 127 94 121 100 129 88 104 83 111 100 129 96 125 88 104 101 14 79 107 89 116 99 2 91 123 86 114 104 130 95 122 78 105 101 14 99 2 86 114 102 22 100 129 83 111 9 1 90 126 91 123 9 1 1320 131 90 126 1310 132 1309 120 92 119 93 15 101 14 89 116 104 130 78 105 82 75 105 12 98 11 77 109 105 12 77 109 87 113 0 21 100 129 102 22 3 69 104 130 82 75 98 11 103 128 94 121 9 1 91 123 99 2 107 9 97 133 1312 127 107 9 1312 127 103 128 7 27 92 119 96 125 7 27 1310 132 92 119 104 130 102 22 95 122 106 25 105 12 87 113 27 31 93 15 63 87 1 24 105 12 106 25 14 5 1313 134 97 133 11 29 102 22 104 130 108 16 99 2 101 14 9 1 1321 7 1320 131 12 36 7 27 96 125 12 36 96 125 100 129 14 5 97 133 107 9 107 9 103 128 98 11 1248 4 1313 134 14 5 7 27 1315 19 1310 132 4 10 107 9 98 11 0 21 12 36 100 129 11 29 104 130 3 69 111 135 1251 136 1375 137 1250 138 1251 136 111 135 116 139 1254 140 153 141 116 139 153 141 1250 138 117 142 120 143 115 144 120 143 117 142 118 145 120 143 118 145 119 146 119 146 122 147 120 143 122 147 119 146 121 148 121 148 123 149 122 147 112 150 151 151 125 152 123 149 121 148 124 153 114 154 112 150 125 152 124 153 1238 155 123 149 116 139 1250 138 111 135 126 156 1238 155 124 153 126 156 124 153 128 157 19 38 1254 140 116 139 1235 158 126 156 128 157 129 159 1235 158 128 157 125 152 151 151 110 160 133 161 1235 158 129 159 131 162 133 161 129 159 141 163 127 164 114 154 141 163 114 154 130 165 134 166 133 161 131 162 130 165 114 154 125 152 135 167 133 161 134 166 137 168 135 167 134 166 137 168 1231 169 135 167 136 170 1231 169 137 168 1412 171 136 170 137 168 139 172 132 173 127 164 139 172 127 164 141 163 143 174 136 170 1412 171 140 175 136 170 143 174 144 176 138 177 132 173 144 176 132 173 139 172 1431 178 140 175 143 174 1256 179 138 177 144 176 142 180 140 175 1431 178 145 181 142 180 147 182 147 182 142 180 1431 178 149 183 145 181 147 182 1450 184 1256 179 144 176 1374 185 145 181 149 183 1375 137 146 186 1256 179 148 187 145 181 1374 185 152 188 150 189 148 187 152 188 148 187 1374 185 110 160 150 189 152 188 151 151 150 189 110 160 1375 137 1256 179 1450 184 1251 136 146 186 1375 137 155 190 156 191 1205 192 158 193 157 194 155 190 159 195 157 194 158 193 159 195 158 193 1204 196 160 197 159 195 1204 196 160 197 1299 198 1209 199 161 200 162 201 1077 202 162 201 161 200 163 203 164 204 162 201 163 203 164 204 1066 205 162 201 1067 206 1066 205 164 204 165 207 1067 206 164 204 165 207 166 208 1067 206 168 209 166 208 165 207 168 209 167 210 166 208 169 211 170 212 167 210 169 211 167 210 168 209 170 212 169 211 1167 213 172 214 171 215 1200 216 172 214 1072 217 171 215 172 214 173 218 1072 217 174 219 173 218 172 214 174 219 1075 220 173 218 175 221 1075 220 174 219 176 222 175 221 174 219 176 222 1076 223 175 221 177 224 1076 223 176 222 177 224 178 225 1076 223 177 224 179 226 178 225 180 227 179 226 177 224 182 228 179 226 180 227 182 228 181 229 179 226 183 230 1079 231 181 229 183 230 181 229 182 228 183 230 1065 232 1079 231 184 233 1065 232 183 230 184 233 185 234 1065 232 186 235 185 234 184 233 186 235 187 236 185 234 186 235 1069 237 187 236 1196 238 1069 237 186 235 1196 238 188 239 1069 237 190 240 188 239 1196 238 190 240 189 241 188 239 191 242 189 241 190 240 191 242 1073 243 189 241 191 242 192 244 1073 243 193 245 192 244 191 242 1194 246 192 244 193 245 1194 246 939 247 192 244 195 248 939 247 194 249 1194 246 194 249 939 247 196 250 195 248 194 249 197 251 1077 202 195 248 197 251 195 248 196 250 161 200 1077 202 197 251 200 252 206 253 204 254 201 255 202 256 209 257 201 255 209 257 199 258 205 259 202 256 201 255 198 260 200 252 204 254 208 261 203 262 200 252 204 254 967 263 198 260 204 254 201 255 199 258 206 253 205 259 201 255 198 260 208 261 200 252 209 257 202 256 207 264 204 254 206 253 201 255 200 252 203 262 206 253 212 265 211 266 213 267 212 265 210 268 211 266 214 269 212 265 213 267 215 270 210 268 212 265 216 271 212 265 214 269 215 270 212 265 216 271 217 272 215 270 216 271 218 273 217 272 216 271 215 270 922 274 210 268 220 275 215 270 217 272 220 275 219 276 215 270 219 276 922 274 215 270 220 275 217 272 218 273 219 276 745 277 922 274 221 278 219 276 220 275 222 279 672 280 321 281 223 282 726 283 222 279 664 284 226 285 227 286 664 284 225 287 226 285 227 286 228 288 239 289 227 286 239 289 238 290 227 286 226 285 228 288 230 291 229 292 250 293 231 294 229 292 230 291 232 295 231 294 230 291 233 296 232 295 230 291 656 297 236 298 233 296 234 299 237 300 235 301 238 290 236 298 656 297 236 298 238 290 239 289 240 302 237 300 234 299 240 302 241 303 237 300 242 304 241 303 240 302 242 304 240 302 641 305 242 304 641 305 244 306 243 307 241 303 242 304 244 306 243 307 242 304 244 306 245 308 243 307 246 309 245 308 244 306 246 309 247 310 245 308 246 309 249 311 247 310 248 312 249 311 246 309 250 293 249 311 248 312 251 313 254 314 1475 315 1478 316 1475 315 254 314 1478 316 254 314 255 317 1478 316 255 317 1481 318 255 317 256 319 1481 318 1481 318 256 319 1484 320 256 319 257 321 1484 320 257 321 258 322 1484 320 261 323 1484 320 258 322 260 324 377 325 259 326 260 324 259 326 1473 327 261 323 258 322 262 328 1473 327 259 326 380 329 261 323 262 328 264 330 263 331 1473 327 380 329 380 329 385 332 263 331 262 328 266 333 264 330 263 331 385 332 265 334 1472 335 264 330 266 333 267 336 263 331 265 334 267 336 265 334 268 337 267 336 268 337 1480 338 268 337 269 339 270 340 1472 335 266 333 383 341 1480 338 268 337 270 340 270 340 269 339 449 342 1472 335 383 341 271 343 449 342 269 339 272 344 273 345 449 342 272 344 271 343 383 341 384 346 272 344 379 347 273 345 271 343 384 346 274 348 273 345 379 347 275 349 277 350 273 345 275 349 274 348 384 346 278 351 277 350 275 349 276 352 1486 353 277 350 276 352 1486 353 276 352 279 354 274 348 278 351 1482 355 280 356 1486 353 279 354 280 356 279 354 374 357 278 351 368 358 1482 355 1469 359 280 356 374 357 1469 359 374 357 251 313 1482 355 368 358 253 360 1482 355 253 360 252 361 1475 315 1469 359 251 313 281 362 1345 363 1347 364 1452 365 1268 366 287 367 1452 365 287 367 284 368 285 369 281 362 1347 364 285 369 1347 364 1339 370 286 371 285 369 1339 370 286 371 1339 370 282 372 287 367 286 371 283 373 286 371 282 372 283 373 283 373 284 368 287 367 288 374 1358 375 293 376 291 377 288 374 289 378 291 377 289 378 290 379 1358 375 288 374 292 380 292 380 1362 381 1364 382 1358 375 292 380 1364 382 1358 375 289 378 293 376 289 378 288 374 293 376 291 377 290 379 1306 383 294 384 291 377 1306 383 294 384 1306 383 1301 385 287 367 1268 366 1213 386 287 367 1213 386 295 387 286 371 287 367 295 387 286 371 295 387 296 388 285 369 286 371 296 388 281 362 285 369 1212 389 285 369 296 388 1212 389 281 362 1212 389 297 390 300 391 1202 392 298 393 300 391 298 393 299 394 300 391 299 394 1327 395 1204 196 300 391 1327 395 291 377 294 384 301 396 291 377 301 396 302 397 288 374 291 377 1192 398 291 377 302 397 1192 398 292 380 288 374 1189 399 288 374 1192 398 1189 399 157 194 310 400 155 190 305 43 306 401 304 402 1182 403 305 43 304 402 307 404 304 402 156 191 304 402 306 401 156 191 307 404 156 191 155 190 303 405 307 404 155 190 310 400 303 405 155 190 308 406 468 407 307 404 308 406 307 404 303 405 309 408 308 406 310 400 308 406 303 405 310 400 467 409 309 408 310 400 467 409 310 400 311 410 312 411 467 409 1181 412 467 409 311 410 1181 412 1159 413 1160 414 314 415 313 416 1159 413 314 415 313 416 314 415 1064 417 316 418 313 416 1064 417 316 418 1064 417 315 419 317 420 316 418 315 419 317 420 315 419 318 421 965 422 319 423 320 424 965 422 964 425 319 423 969 426 965 422 320 424 851 427 619 428 621 429 868 430 851 427 207 264 868 430 619 428 851 427 471 431 321 281 672 280 471 431 322 432 321 281 323 433 471 431 324 434 809 435 323 433 324 434 809 435 324 434 224 436 826 437 813 438 228 288 813 438 239 289 228 288 821 439 826 437 226 285 826 437 228 288 226 285 700 440 821 439 225 287 821 439 226 285 225 287 818 441 229 292 325 442 838 443 829 444 235 301 326 445 838 443 237 300 838 443 235 301 237 300 325 442 229 292 231 294 837 446 326 445 241 303 820 447 325 442 231 294 326 445 237 300 241 303 833 448 837 446 241 303 820 447 231 294 232 295 327 449 820 447 232 295 833 448 241 303 243 307 327 449 232 295 233 296 815 450 327 449 233 296 833 448 243 307 328 451 815 450 233 296 236 298 328 451 243 307 839 452 839 452 243 307 245 308 819 453 815 450 236 298 819 453 236 298 239 289 813 438 819 453 239 289 839 452 245 308 832 454 832 454 245 308 247 310 832 454 247 310 249 311 832 454 249 311 827 455 827 455 249 311 818 441 818 441 249 311 250 293 818 441 250 293 229 292 415 456 360 457 359 458 1485 459 357 460 330 461 415 456 359 458 367 462 332 463 415 456 367 462 367 462 331 464 332 463 334 465 1485 459 330 461 334 465 330 461 371 466 331 464 361 467 333 468 332 463 331 464 333 468 335 469 334 465 371 466 371 466 372 470 335 469 1474 471 335 469 372 470 1474 471 372 470 336 472 1474 471 336 472 338 473 342 474 252 361 337 475 252 361 253 360 337 475 339 476 1474 471 338 473 339 476 338 473 340 477 343 478 339 476 340 477 337 475 341 479 342 474 343 478 340 477 344 480 345 481 343 478 344 480 342 474 341 479 1471 482 344 480 346 483 345 481 341 479 347 484 1471 482 349 485 345 481 346 483 349 485 346 483 370 486 349 485 370 486 350 487 1471 482 347 484 348 488 1470 489 349 485 350 487 348 488 347 484 366 490 352 491 1470 489 350 487 348 488 366 490 353 492 352 491 350 487 351 493 352 491 351 493 364 494 1476 495 352 491 364 494 1476 495 364 494 365 496 353 492 366 490 354 497 355 498 353 492 354 497 1476 495 365 496 356 499 1479 500 1476 495 356 499 355 498 354 497 357 460 360 457 1479 500 358 501 1479 500 356 499 358 501 1485 459 355 498 357 460 360 457 358 501 359 458 361 467 329 502 333 468 363 503 329 502 361 467 362 504 363 503 361 467 376 505 362 504 361 467 338 473 336 472 340 477 358 501 356 499 369 506 359 458 358 501 369 506 359 458 369 506 367 462 346 483 344 480 370 486 350 487 370 486 373 507 350 487 373 507 351 493 269 339 268 337 375 508 269 339 375 508 272 344 361 467 331 464 376 505 377 325 378 509 376 505 259 326 377 325 382 510 377 325 376 505 382 510 259 326 382 510 380 329 276 352 275 349 381 511 275 349 379 347 381 511 380 329 382 510 385 332 276 352 381 511 279 354 385 332 382 510 265 334 389 512 392 513 393 514 466 515 389 512 390 516 505 517 390 516 389 512 472 518 386 519 396 520 363 503 362 504 386 519 391 521 387 522 392 513 475 523 329 502 386 519 329 502 363 503 386 519 393 514 505 517 389 512 391 521 392 513 389 512 465 524 464 525 392 513 362 504 465 524 392 513 387 522 396 520 386 519 392 513 394 526 393 514 396 520 388 527 395 528 394 526 457 529 393 514 387 522 386 519 362 504 395 528 472 518 396 520 387 522 362 504 392 513 420 530 353 492 355 498 398 531 420 530 355 498 398 531 355 498 1485 459 397 532 353 492 420 530 397 532 348 488 353 492 429 533 398 531 1485 459 399 534 348 488 397 532 400 535 429 533 1485 459 400 535 1485 459 334 465 432 536 400 535 334 465 401 537 348 488 399 534 401 537 1471 482 348 488 433 538 432 536 334 465 433 538 334 465 335 469 342 474 1471 482 401 537 403 539 342 474 401 537 402 540 433 538 335 469 443 541 342 474 403 539 404 542 402 540 335 469 1474 471 404 542 335 469 441 543 342 474 443 541 405 544 404 542 1474 471 252 361 342 474 441 543 438 545 252 361 441 543 406 546 405 544 1474 471 343 478 406 546 1474 471 407 547 252 361 438 545 444 548 406 546 343 478 1482 355 252 361 407 547 345 481 444 548 343 478 274 348 1482 355 407 547 409 549 274 348 407 547 408 550 444 548 345 481 410 551 274 348 409 549 446 552 408 550 345 481 349 485 446 552 345 481 411 553 446 552 349 485 426 554 274 348 410 551 1472 335 274 348 426 554 1470 489 421 555 411 553 422 556 1472 335 426 554 264 330 1472 335 422 556 419 557 421 555 1470 489 412 558 419 557 1470 489 509 559 264 330 422 556 261 323 264 330 509 559 413 560 419 557 412 558 448 561 261 323 509 559 427 562 413 560 412 558 414 563 261 323 448 561 1479 500 427 562 412 558 428 564 427 562 1479 500 1484 320 261 323 414 563 417 565 1484 320 414 563 415 456 428 564 1479 500 416 566 428 564 415 456 1481 318 1484 320 417 565 415 456 495 567 416 566 418 568 1481 318 417 565 415 456 500 569 495 567 1478 316 1481 318 418 568 445 570 1478 316 418 568 332 463 500 569 415 456 440 571 1478 316 445 570 329 502 500 569 332 463 333 468 329 502 332 463 1475 315 1478 316 440 571 439 572 1475 315 440 571 503 573 1475 315 439 572 1469 359 1475 315 503 573 435 574 1469 359 503 573 1486 353 1469 359 435 574 434 575 1486 353 435 574 431 576 1486 353 434 575 1000 577 1486 353 431 576 277 350 1486 353 1000 577 377 325 260 324 394 526 475 523 500 569 329 502 422 556 423 578 509 559 398 531 425 579 420 530 424 580 422 556 426 554 424 580 423 578 422 556 430 581 426 554 410 551 526 582 409 549 407 547 436 583 526 582 407 547 437 584 500 569 475 523 438 545 436 583 407 547 442 585 406 546 444 548 490 586 401 537 399 534 414 563 447 587 417 565 491 588 446 552 411 553 397 532 490 586 399 534 450 589 277 350 1000 577 1483 590 453 591 451 592 1483 590 449 342 453 591 450 589 453 591 277 350 452 593 1483 590 451 592 454 594 452 593 451 592 454 594 451 592 453 591 543 595 454 594 453 591 542 596 543 595 453 591 453 591 450 589 542 596 458 597 1480 338 1483 590 455 598 457 529 394 526 1477 599 455 598 394 526 1477 599 456 600 455 598 1480 338 536 601 456 600 458 597 536 601 1480 338 517 602 455 598 456 600 459 603 583 604 364 494 366 490 347 484 567 605 364 494 583 604 365 496 459 603 364 494 351 493 459 603 351 493 373 507 583 604 604 606 356 499 365 496 583 604 356 499 586 607 459 603 373 507 567 605 347 484 460 608 460 608 347 484 341 479 586 607 373 507 370 486 356 499 604 606 369 506 279 354 595 609 374 357 374 357 595 609 590 610 592 611 586 607 370 486 604 606 598 612 369 506 592 611 370 486 344 480 369 506 598 612 367 462 251 313 374 357 590 610 460 608 341 479 580 613 580 613 341 479 337 475 251 313 590 610 588 614 251 313 588 614 254 314 367 462 598 612 331 464 592 611 344 480 596 615 580 613 337 475 253 360 598 612 593 616 331 464 596 615 344 480 340 477 580 613 253 360 575 617 596 615 340 477 597 618 331 464 593 616 376 505 254 314 588 614 255 317 255 317 588 614 582 619 376 505 593 616 382 510 575 617 253 360 368 358 597 618 340 477 336 472 597 618 336 472 602 620 382 510 593 616 591 621 575 617 368 358 461 622 461 622 368 358 278 351 255 317 582 619 569 623 256 319 255 317 569 623 382 510 591 621 587 624 602 620 336 472 372 470 602 620 372 470 463 625 257 321 256 319 569 623 461 622 278 351 462 626 278 351 384 346 462 626 382 510 587 624 265 334 257 321 569 623 572 627 258 322 257 321 572 627 463 625 372 470 371 466 384 346 383 341 462 626 265 334 587 624 268 337 462 626 383 341 565 628 268 337 587 624 585 629 258 322 572 627 577 630 262 328 258 322 577 630 463 625 371 466 330 461 262 328 577 630 581 631 565 628 383 341 581 631 383 341 266 333 581 631 266 333 262 328 581 631 268 337 585 629 375 508 463 625 330 461 564 632 375 508 585 629 584 633 564 632 330 461 578 634 375 508 584 633 272 344 578 634 330 461 357 460 272 344 584 633 379 347 379 347 584 633 600 635 578 634 357 460 576 636 576 636 357 460 354 497 379 347 600 635 381 511 576 636 354 497 571 637 571 637 354 497 366 490 381 511 600 635 599 638 381 511 599 638 595 609 571 637 366 490 567 605 381 511 595 609 279 354 377 325 464 525 378 509 394 526 464 525 377 325 392 513 464 525 394 526 362 504 376 505 378 509 362 504 378 509 465 524 308 406 388 527 468 407 471 431 309 408 467 409 312 411 469 639 466 515 323 433 943 640 471 431 469 639 391 521 389 512 468 407 388 527 396 520 466 515 469 639 389 512 943 640 944 641 388 527 470 642 468 407 396 520 471 431 467 409 919 643 470 642 396 520 387 522 467 409 312 411 919 643 469 639 470 642 391 521 470 642 387 522 391 521 943 640 308 406 309 408 471 431 943 640 309 408 919 643 312 411 466 515 943 640 388 527 308 406 515 644 505 517 393 514 473 645 393 514 457 529 473 645 457 529 515 644 437 584 475 523 386 519 1139 646 428 564 478 647 480 648 444 548 408 550 479 649 402 540 1120 650 478 647 416 566 1148 651 425 579 398 531 961 652 535 653 441 543 443 541 1148 651 416 566 477 654 535 653 443 541 482 655 1154 656 421 555 486 657 484 658 408 550 446 552 1120 650 402 540 404 542 477 654 500 569 483 659 1108 660 425 579 961 652 500 569 437 584 483 659 483 659 437 584 386 519 482 655 443 541 403 539 386 519 472 518 483 659 398 531 429 533 485 661 484 658 446 552 489 662 480 648 408 550 484 658 961 652 398 531 488 663 403 539 401 537 487 664 489 662 446 552 491 588 421 555 419 557 481 665 482 655 403 539 487 664 492 666 485 661 429 533 487 664 401 537 490 586 1120 650 404 542 1121 667 486 657 421 555 481 665 1121 667 404 542 405 544 485 661 1110 668 398 531 481 665 413 560 493 669 487 664 490 586 494 670 492 666 429 533 400 535 488 663 398 531 1110 668 413 560 427 562 1139 646 1125 671 405 544 406 546 496 672 492 666 400 535 1125 671 406 546 497 673 494 670 490 586 1102 674 490 586 397 532 1102 674 1121 667 405 544 1125 671 1102 674 397 532 1106 675 400 535 432 536 499 676 1106 675 397 532 501 677 493 669 413 560 1139 646 476 678 491 588 1154 656 491 588 411 553 1154 656 406 546 442 585 1136 679 1102 674 1106 675 498 680 416 566 495 567 477 654 501 677 397 532 420 530 496 672 400 535 499 676 432 536 433 538 499 676 1139 646 427 562 428 564 499 676 433 538 502 681 959 682 501 677 420 530 442 585 444 548 480 648 477 654 495 567 500 569 496 672 499 676 474 683 476 678 489 662 491 588 1136 679 442 585 480 648 481 665 419 557 413 560 959 682 420 530 425 579 959 682 425 579 1108 660 497 673 406 546 1136 679 970 684 502 681 479 649 502 681 433 538 479 649 479 649 433 538 402 540 478 647 428 564 416 566 1154 656 411 553 421 555 508 685 414 563 520 686 434 575 435 574 1031 687 520 686 414 563 448 561 504 688 541 689 510 690 931 691 426 554 430 581 536 601 458 597 516 692 520 686 448 561 525 693 931 691 430 581 410 551 435 574 503 573 1037 694 448 561 509 559 514 695 507 696 920 697 537 698 538 699 456 600 513 700 457 529 455 598 515 644 445 570 418 568 1007 701 931 691 410 551 1058 702 518 703 445 570 1007 701 512 704 931 691 1058 702 456 600 536 601 519 705 1023 706 434 575 1031 687 513 700 456 600 519 705 519 705 536 601 516 692 525 693 448 561 514 695 1031 687 435 574 1037 694 410 551 409 549 523 707 1058 702 410 551 523 707 516 692 521 708 527 709 521 708 522 710 527 709 519 705 516 692 527 709 511 711 434 575 1023 706 522 710 524 712 531 713 1061 714 514 695 509 559 523 707 409 549 526 582 523 707 526 582 528 715 1000 577 511 711 529 716 1015 717 417 565 447 587 1000 577 431 576 511 711 514 695 532 718 525 693 527 709 522 710 531 713 503 573 439 572 1038 719 1007 701 418 568 417 565 526 582 436 583 530 720 528 715 526 582 530 720 455 598 517 602 538 699 436 583 438 545 533 721 534 722 1061 714 1050 723 1038 719 439 572 440 571 1004 724 455 598 538 699 515 644 455 598 505 517 1061 714 509 559 1050 723 530 720 436 583 533 721 533 721 438 545 535 653 438 545 441 543 535 653 511 711 431 576 434 575 1015 717 447 587 537 698 509 559 423 578 1050 723 524 712 1001 725 539 726 1038 719 440 571 518 703 1007 701 417 565 1015 717 537 698 447 587 414 563 1050 723 423 578 540 727 538 699 517 602 456 600 531 713 524 712 539 726 505 517 455 598 1004 724 537 698 414 563 507 696 518 703 440 571 445 570 423 578 424 580 504 688 539 726 1001 725 529 716 424 580 426 554 541 689 507 696 414 563 508 685 539 726 529 716 506 728 1037 694 503 573 1038 719 504 688 424 580 541 689 540 727 423 578 504 688 541 689 426 554 931 691 506 728 529 716 511 711 529 716 542 596 1000 577 1000 577 542 596 450 589 544 729 545 730 551 731 557 732 546 733 547 734 557 732 547 734 558 735 548 736 632 737 549 738 560 739 607 740 545 730 560 739 545 730 544 729 607 740 553 741 545 730 552 742 553 741 607 740 555 743 546 733 554 744 546 733 556 745 554 744 557 732 556 745 546 733 557 732 558 735 559 746 561 747 556 745 557 732 544 729 549 738 606 748 544 729 606 748 560 739 546 733 555 743 615 749 546 733 615 749 547 734 549 738 544 729 551 731 549 738 551 731 548 736 551 731 545 730 550 750 550 750 545 730 553 741 561 747 553 741 554 744 561 747 554 744 556 745 561 747 550 750 553 741 559 746 705 751 625 752 557 732 625 752 561 747 557 732 559 746 625 752 562 753 561 747 706 754 672 280 222 279 726 283 567 605 460 608 563 755 602 620 463 625 568 756 463 625 566 757 568 756 461 622 462 626 570 758 575 617 461 622 573 759 571 637 574 760 576 636 575 617 573 759 579 761 580 613 575 617 579 761 463 625 564 632 566 757 589 762 586 607 592 611 594 763 590 610 595 609 601 764 598 612 604 606 603 765 600 635 584 633 605 766 604 606 583 604 560 739 606 748 611 767 552 742 607 740 560 739 608 768 609 769 610 770 608 768 610 770 606 748 608 768 606 748 612 771 611 767 610 770 612 771 608 768 612 771 610 770 606 748 610 770 611 767 555 743 554 744 553 741 555 743 553 741 552 742 552 742 614 772 613 773 705 751 618 774 617 775 616 776 617 775 618 774 710 777 620 778 622 779 622 779 621 429 710 777 621 429 619 428 710 777 551 731 624 780 548 736 550 750 561 747 562 753 551 731 550 750 562 753 562 753 622 779 620 778 706 754 561 747 625 752 562 753 706 754 622 779 874 781 623 782 624 780 840 783 629 784 630 785 629 784 840 783 631 786 628 787 234 299 235 301 631 786 234 299 628 787 631 786 628 787 629 784 548 736 624 780 623 782 623 782 627 788 548 736 627 788 632 737 548 736 633 789 627 788 623 782 634 790 631 786 633 789 636 791 634 790 633 789 634 790 637 792 631 786 634 790 635 793 637 792 638 794 639 795 641 305 642 796 641 305 640 797 642 796 644 798 641 305 642 796 643 799 644 798 640 797 641 305 639 795 644 798 643 799 645 800 648 801 646 802 649 803 648 801 645 800 646 802 648 801 649 803 647 804 650 805 665 806 651 807 653 808 654 809 652 810 655 811 656 297 652 810 657 812 656 297 655 811 657 812 655 811 658 813 660 814 659 815 238 290 660 814 661 816 662 817 659 815 227 286 238 290 662 817 659 815 660 814 659 815 664 284 227 286 662 817 664 284 659 815 666 818 669 819 671 820 668 821 651 807 665 806 670 822 647 804 667 823 668 821 665 806 669 819 668 821 669 819 666 818 667 823 647 804 649 803 224 436 672 280 726 283 324 434 672 280 224 436 672 280 324 434 471 431 674 824 650 805 651 807 675 825 736 826 654 809 654 809 653 808 676 827 677 828 679 829 658 813 677 828 658 813 655 811 735 830 677 828 655 811 652 810 735 830 655 811 736 826 735 830 652 810 654 809 736 826 652 810 681 831 657 812 658 813 661 816 660 814 683 832 914 833 221 278 744 834 685 835 687 836 662 817 661 816 685 835 662 817 682 837 685 835 661 816 664 284 662 817 663 838 776 839 582 619 777 840 775 841 569 623 582 619 775 841 582 619 776 839 790 842 569 623 775 841 790 842 572 627 569 623 787 843 572 627 790 842 787 843 577 630 572 627 784 844 581 631 577 630 784 844 577 630 787 843 688 845 565 628 581 631 688 845 581 631 784 844 779 846 462 626 565 628 779 846 565 628 688 845 689 847 462 626 779 846 570 758 462 626 689 847 773 848 570 758 689 847 461 622 570 758 773 848 573 759 461 622 773 848 792 849 573 759 773 848 579 761 573 759 792 849 690 850 579 761 792 849 580 613 579 761 690 850 786 851 580 613 690 850 460 608 580 613 786 851 563 755 460 608 786 851 783 852 563 755 786 851 778 853 563 755 783 852 778 853 567 605 563 755 778 853 571 637 567 605 772 854 574 760 571 637 772 854 571 637 778 853 772 854 576 636 574 760 791 855 578 634 576 636 791 855 576 636 772 854 691 856 578 634 791 855 564 632 578 634 691 856 566 757 564 632 691 856 785 857 566 757 691 856 568 756 566 757 785 857 692 858 602 620 568 756 692 858 568 756 785 857 693 859 602 620 692 858 591 621 593 616 793 860 591 621 793 860 806 861 587 624 591 621 805 862 591 621 806 861 805 862 587 624 805 862 803 863 587 624 803 863 585 629 585 629 803 863 802 864 585 629 802 864 584 633 584 633 802 864 801 865 584 633 801 865 603 765 603 765 801 865 694 866 600 635 603 765 800 867 603 765 694 866 800 867 599 638 600 635 800 867 595 609 599 638 798 868 599 638 800 867 798 868 595 609 798 868 797 869 594 763 595 609 797 869 590 610 594 763 797 869 590 610 797 869 795 870 588 614 590 610 780 871 590 610 795 870 780 871 588 614 780 871 777 840 588 614 777 840 582 619 602 620 693 859 597 618 597 618 693 859 807 872 596 615 597 618 794 873 597 618 807 872 794 873 592 611 596 615 804 874 596 615 794 873 804 874 589 762 592 611 695 875 592 611 804 874 695 875 586 607 589 762 695 875 586 607 695 875 696 876 586 607 696 876 459 603 459 603 696 876 697 877 459 603 697 877 583 604 583 604 697 877 799 878 583 604 799 878 605 766 605 766 799 878 604 606 604 606 799 878 698 879 601 764 604 606 698 879 601 764 698 879 699 880 601 764 699 880 598 612 598 612 699 880 796 881 593 616 598 612 796 881 593 616 796 881 793 860 702 882 630 785 701 883 701 883 630 785 629 784 829 444 701 883 628 787 701 883 629 784 628 787 829 444 628 787 235 301 703 884 702 882 701 883 606 748 549 738 844 885 632 737 844 885 549 738 614 772 611 767 612 771 560 739 614 772 552 742 560 739 611 767 614 772 606 748 844 885 612 771 612 771 843 886 845 887 844 885 843 886 612 771 614 772 612 771 704 888 613 773 615 749 555 743 613 773 555 743 552 742 953 889 854 890 616 776 618 774 953 889 616 776 706 754 626 891 707 892 622 779 706 754 707 892 616 776 621 429 622 779 622 779 707 892 625 752 706 754 625 752 707 892 617 775 622 779 625 752 625 752 705 751 617 775 617 775 616 776 622 779 634 790 708 893 635 793 858 894 708 893 634 790 858 894 634 790 636 791 859 895 858 894 636 791 633 789 859 895 636 791 714 896 859 895 633 789 711 897 620 778 710 777 874 781 624 780 620 778 624 780 551 731 562 753 624 780 562 753 620 778 711 897 712 898 620 778 714 896 633 789 623 782 714 896 623 782 874 781 875 899 637 792 635 793 716 900 715 901 639 795 640 797 639 795 715 901 639 795 877 902 876 903 639 795 638 794 877 902 715 901 716 900 717 904 880 905 719 906 643 799 880 905 643 799 642 796 640 797 880 905 642 796 883 907 880 905 640 797 715 901 883 907 640 797 886 908 645 800 643 799 649 803 646 802 721 909 877 902 638 794 637 792 225 287 664 284 768 910 225 287 768 910 770 911 720 912 646 802 645 800 657 812 681 831 660 814 887 913 720 912 886 908 637 792 875 899 877 902 645 800 886 908 720 912 676 827 653 808 674 824 683 832 660 814 681 831 238 290 657 812 660 814 656 297 657 812 238 290 652 810 656 297 233 296 230 291 653 808 652 810 230 291 652 810 233 296 650 805 674 824 653 808 903 914 676 827 674 824 230 291 650 805 653 808 840 783 632 737 627 788 633 789 840 783 627 788 665 806 650 805 230 291 631 786 840 783 633 789 669 819 665 806 230 291 250 293 669 819 230 291 248 312 669 819 250 293 234 299 631 786 637 792 671 820 669 819 248 312 638 794 234 299 637 792 246 309 671 820 248 312 641 305 234 299 638 794 670 822 671 820 246 309 641 305 240 302 234 299 647 804 246 309 244 306 647 804 670 822 246 309 648 801 647 804 244 306 644 798 244 306 641 305 645 800 648 801 244 306 645 800 244 306 644 798 891 915 651 807 668 821 891 915 673 916 651 807 890 917 891 915 668 821 666 818 890 917 668 821 896 918 890 917 666 818 671 820 896 918 666 818 670 822 896 918 671 820 893 919 896 918 670 822 667 823 893 919 670 822 892 920 893 919 667 823 649 803 892 920 667 823 721 909 892 920 649 803 725 921 729 922 724 923 725 921 727 924 730 925 726 283 808 926 224 436 728 927 808 926 726 283 222 279 321 281 322 432 730 925 726 283 223 282 730 925 728 927 726 283 222 279 730 925 223 282 725 921 222 279 729 922 725 921 730 925 222 279 730 925 727 924 728 927 674 824 651 807 673 916 675 825 654 809 676 827 675 825 676 827 732 928 676 827 731 929 904 930 732 928 678 931 675 825 736 826 675 825 678 931 905 932 733 933 734 934 733 933 677 828 734 934 734 934 677 828 735 830 733 933 680 935 677 828 905 932 734 934 678 931 677 828 680 935 679 829 678 931 734 934 736 826 734 934 735 830 736 826 905 932 680 935 733 933 680 935 907 936 737 937 679 829 680 935 737 937 681 831 737 937 908 938 737 937 658 813 679 829 737 937 681 831 658 813 683 832 912 939 751 940 682 837 661 816 683 832 682 837 683 832 751 940 220 275 756 941 221 278 765 942 220 275 218 273 765 942 756 941 220 275 754 943 765 942 218 273 754 943 218 273 216 271 759 944 216 271 214 269 759 944 754 943 216 271 762 945 759 944 214 269 753 946 214 269 213 267 753 946 762 945 214 269 755 947 213 267 741 948 755 947 753 946 213 267 763 949 741 948 742 950 763 949 755 947 741 948 749 951 763 949 742 950 743 952 914 833 744 834 221 278 914 833 915 953 219 276 221 278 915 953 219 276 915 953 920 697 745 277 219 276 920 697 747 954 746 955 742 950 211 266 748 956 746 955 741 948 747 954 742 950 747 954 211 266 746 955 748 956 924 957 746 955 213 267 211 266 747 954 213 267 747 954 741 948 749 951 742 950 1051 958 767 959 763 949 749 951 751 940 750 960 684 961 751 940 684 961 682 837 684 961 752 962 682 837 752 962 685 835 682 837 686 963 687 836 685 835 686 963 685 835 752 962 760 964 764 965 753 946 760 964 753 946 755 947 766 966 754 943 759 944 758 967 766 966 759 944 757 968 913 969 756 941 760 964 755 947 761 970 758 967 759 944 762 945 761 970 755 947 763 949 764 965 758 967 762 945 757 968 756 941 765 942 764 965 762 945 753 946 757 968 765 942 766 966 766 966 765 942 754 943 767 959 761 970 763 949 768 910 664 284 663 838 769 971 768 910 663 838 663 838 662 817 687 836 687 836 686 963 929 972 686 963 1053 973 929 972 771 974 791 855 772 854 689 847 774 975 773 848 779 846 774 975 689 847 778 853 771 974 772 854 693 859 794 873 807 872 780 871 776 839 777 840 781 976 771 974 778 853 781 976 1092 977 771 974 782 978 779 846 688 845 783 852 781 976 778 853 784 844 782 978 688 845 788 979 783 852 786 851 789 980 788 979 786 851 162 201 784 844 787 843 690 850 789 980 786 851 792 849 789 980 690 850 774 975 792 849 773 848 771 974 1096 981 791 855 1081 982 796 881 699 880 224 436 808 926 809 435 899 983 729 922 322 432 222 279 322 432 729 922 810 984 811 985 700 440 812 986 810 984 700 440 325 442 822 987 816 988 813 438 825 989 817 990 815 450 824 991 814 992 815 450 814 992 327 449 325 442 816 988 818 441 820 447 327 449 822 987 700 440 811 985 821 439 821 439 811 985 825 989 818 441 816 988 823 993 819 453 813 438 824 991 822 987 327 449 814 992 813 438 817 990 824 991 820 447 822 987 325 442 819 453 824 991 815 450 827 455 818 441 823 993 826 437 821 439 825 989 814 992 816 988 822 987 826 437 825 989 813 438 328 451 839 452 831 994 837 446 828 995 326 445 703 884 701 883 835 996 701 883 829 444 835 996 832 454 827 455 834 997 827 455 823 993 834 997 328 451 831 994 833 448 326 445 828 995 838 443 829 444 830 998 835 996 838 443 828 995 836 999 833 448 831 994 837 446 837 446 831 994 828 995 832 454 834 997 839 452 838 443 836 999 829 444 829 444 836 999 830 998 839 452 834 997 831 994 632 737 840 783 630 785 844 885 632 737 630 785 702 882 703 884 842 1000 703 884 841 1001 842 1000 849 1002 848 1003 558 735 847 1004 956 1005 613 773 847 1004 613 773 614 772 847 1004 614 772 704 888 615 749 849 1002 547 734 849 1002 558 735 547 734 705 751 846 1006 618 774 846 1006 953 889 618 774 559 746 848 1003 705 751 850 1007 854 890 953 889 851 427 621 429 853 1008 853 1008 854 890 852 1009 853 1008 616 776 854 890 851 427 209 257 207 264 853 1008 209 257 851 427 853 1008 199 258 209 257 199 258 853 1008 852 1009 621 429 616 776 853 1008 198 260 855 1010 972 1011 208 261 972 1011 857 1012 208 261 198 260 972 1011 973 1013 856 1014 857 1012 868 430 207 264 202 256 871 1015 868 430 202 256 871 1015 202 256 205 259 866 1016 205 259 206 253 866 1016 871 1015 205 259 869 1017 866 1016 206 253 203 262 869 1017 206 253 872 1018 869 1017 203 262 975 1019 203 262 208 261 975 1019 872 1018 203 262 857 1012 975 1019 208 261 860 1020 859 895 713 1021 713 1021 859 895 714 896 709 1022 708 893 858 894 860 1020 709 1022 858 894 860 1020 858 894 859 895 708 893 709 1022 861 1023 708 893 861 1023 862 1024 864 1025 872 1018 865 1026 712 898 867 1027 863 1028 863 1028 866 1016 870 1029 870 1029 866 1016 869 1017 867 1027 873 1030 863 1028 873 1030 867 1027 871 1015 867 1027 868 430 871 1015 711 897 710 777 867 1027 867 1027 710 777 619 428 870 1029 869 1017 872 1018 863 1028 873 1030 866 1016 866 1016 873 1030 871 1015 870 1029 872 1018 864 1025 867 1027 619 428 868 430 620 778 712 898 874 781 712 898 713 1021 714 896 874 781 712 898 714 896 708 893 875 899 635 793 708 893 862 1024 875 899 981 1031 876 903 980 1032 981 1031 639 795 876 903 981 1031 716 900 639 795 879 1033 717 904 716 900 981 1031 879 1033 716 900 881 1034 880 905 882 1035 882 1035 880 905 883 907 718 1036 719 906 880 905 881 1034 718 1036 880 905 717 904 882 1035 715 901 882 1035 883 907 715 901 719 906 718 1036 884 1037 719 906 884 1037 885 1038 719 906 886 908 643 799 719 906 885 1038 886 908 888 1039 646 802 720 912 888 1039 721 909 646 802 888 1039 986 1040 722 1041 888 1039 722 1041 721 909 889 1042 897 1043 890 917 894 1044 898 1045 892 920 898 1045 893 919 892 920 897 1043 891 915 890 917 889 1042 890 917 895 1046 895 1046 890 917 896 918 894 1044 892 920 722 1041 723 1047 673 916 897 1043 897 1043 673 916 891 915 898 1045 895 1046 896 918 898 1045 896 918 893 919 722 1041 892 920 721 909 723 1047 1006 1048 901 1049 673 916 723 1047 901 1049 673 916 901 1049 674 824 724 923 729 922 899 983 996 1050 899 983 950 1051 996 1050 724 923 899 983 990 1052 996 1050 950 1051 990 1052 950 1051 947 1053 949 1054 990 1052 947 1053 727 924 725 921 724 923 900 1055 994 1056 971 1057 994 1056 900 1055 941 1058 993 1059 941 1058 940 1060 993 1059 994 1056 941 1058 993 1059 940 1060 728 927 727 924 993 1059 728 927 452 593 454 594 521 708 522 710 521 708 454 594 452 593 521 708 516 692 516 692 458 597 452 593 458 597 1483 590 452 593 901 1049 1006 1048 902 1061 674 824 901 1049 903 914 901 1049 902 1061 903 914 676 827 903 914 731 929 904 930 732 928 676 827 680 935 1029 1062 907 936 905 932 678 931 1029 1062 680 935 905 932 1029 1062 678 931 732 928 1029 1062 739 1063 909 1064 906 1065 738 1066 739 1063 906 1065 737 937 907 936 909 1064 908 938 737 937 909 1064 681 831 908 938 739 1063 908 938 909 1064 739 1063 739 1063 683 832 681 831 739 1063 740 1067 683 832 910 1068 740 1067 738 1066 738 1066 740 1067 739 1063 911 1069 912 939 683 832 911 1069 683 832 740 1067 911 1069 740 1067 910 1068 750 960 751 940 912 939 1014 1070 750 960 912 939 911 1069 1014 1070 912 939 756 941 913 969 744 834 913 969 743 952 744 834 221 278 756 941 744 834 916 1071 914 833 743 952 537 698 915 953 916 1071 916 1071 915 953 914 833 917 1072 949 1054 918 1073 1009 1074 917 1072 918 1073 1009 1074 918 1073 919 643 923 1075 748 956 211 266 210 268 923 1075 211 266 921 1076 534 722 1050 723 1049 1077 742 950 746 955 921 1076 746 955 924 957 921 1076 1049 1077 746 955 540 727 925 1078 1051 958 926 1079 767 959 749 951 926 1079 749 951 925 1078 540 727 926 1079 925 1078 925 1078 749 951 1051 958 752 962 684 961 750 960 686 963 752 962 758 967 752 962 766 966 758 967 752 962 750 960 766 966 766 966 750 960 757 968 757 968 750 960 913 969 686 963 764 965 760 964 760 964 761 970 1053 973 686 963 760 964 1053 973 764 965 686 963 758 967 928 1080 927 1081 1053 973 927 1081 930 1082 929 972 927 1081 929 972 1053 973 928 1080 510 690 927 1081 510 690 930 1082 927 1081 769 971 929 972 930 1082 769 971 687 836 929 972 769 971 663 838 687 836 541 689 768 910 1054 1083 1054 1083 768 910 769 971 770 911 932 1084 812 986 700 440 225 287 770 911 700 440 770 911 812 986 810 984 812 986 932 1084 922 274 1063 1085 933 1086 922 274 745 277 1063 1085 210 268 922 274 933 1086 210 268 933 1086 934 1087 923 1075 210 268 934 1087 923 1075 934 1087 935 1088 748 956 923 1075 935 1088 748 956 935 1088 936 1089 924 957 748 956 936 1089 795 870 188 239 780 871 1069 237 188 239 795 870 791 855 1096 981 1098 1090 691 856 791 855 1098 1090 797 869 1069 237 795 870 1072 217 793 860 1071 1091 1072 217 806 861 793 860 937 1092 691 856 1098 1090 187 236 1069 237 797 869 785 857 691 856 937 1092 1074 1093 806 861 1072 217 187 236 797 869 798 868 783 852 1089 1094 781 976 1074 1093 805 862 806 861 1084 1095 785 857 937 1092 788 979 1089 1094 783 852 1065 232 187 236 798 868 692 858 785 857 1084 1095 1074 1093 803 863 805 862 1065 232 798 868 800 867 1085 1096 692 858 1084 1095 1079 231 1065 232 800 867 694 866 1079 231 800 867 1078 1097 803 863 1074 1093 1078 1097 802 864 803 863 693 859 692 858 1085 1096 792 849 170 212 789 980 1078 1097 694 866 801 865 1078 1097 1079 231 694 866 1078 1097 801 865 802 864 794 873 693 859 1085 1096 1088 1098 794 873 1085 1096 167 210 170 212 792 849 774 975 167 210 792 849 804 874 794 873 1088 1098 166 208 167 210 774 975 1090 1099 804 874 1088 1098 779 846 166 208 774 975 695 875 804 874 1090 1099 1091 1100 695 875 1090 1099 1066 205 166 208 779 846 938 1101 695 875 1091 1100 782 978 1066 205 779 846 696 876 695 875 938 1101 162 201 1066 205 782 978 784 844 162 201 782 978 697 877 696 876 938 1101 1094 1102 697 877 938 1101 1099 1103 697 877 1094 1102 787 843 1077 202 162 201 195 248 1077 202 787 843 799 878 697 877 1099 1103 790 842 195 248 787 843 939 247 195 248 790 842 698 879 799 878 1099 1103 1080 1104 698 879 1099 1103 775 841 939 247 790 842 776 839 939 247 775 841 192 244 939 247 776 839 699 880 698 879 1080 1104 1081 982 699 880 1080 1104 1073 243 192 244 776 839 780 871 1073 243 776 839 188 239 1073 243 780 871 796 881 1081 982 1068 1105 1071 1091 793 860 796 881 1071 1091 796 881 1068 1105 1009 1074 919 643 466 515 941 1058 900 1055 945 1106 943 640 945 1106 942 1107 943 640 941 1058 945 1106 945 1106 971 1057 944 641 942 1107 945 1106 944 641 940 1060 941 1058 943 640 808 926 728 927 940 1060 900 1055 971 1057 945 1106 809 435 808 926 940 1060 809 435 940 1060 943 640 943 640 323 433 809 435 943 640 942 1107 944 641 948 1108 946 1109 471 431 947 1053 950 1051 946 1109 948 1108 947 1053 946 1109 946 1109 899 983 322 432 946 1109 322 432 471 431 948 1108 949 1054 947 1053 948 1108 471 431 919 643 918 1073 949 1054 948 1108 950 1051 899 983 946 1109 919 643 918 1073 948 1108 841 1001 703 884 1101 1110 1060 1111 811 985 810 984 825 989 811 985 703 884 817 990 825 989 703 884 824 991 817 990 703 884 814 992 824 991 703 884 816 988 814 992 703 884 823 993 816 988 703 884 834 997 823 993 703 884 1060 1111 1056 1112 703 884 1056 1112 1055 1113 703 884 1055 1113 1101 1110 703 884 831 994 834 997 703 884 811 985 1060 1111 703 884 828 995 831 994 703 884 836 999 828 995 703 884 830 998 836 999 703 884 835 996 830 998 703 884 841 1001 498 680 842 1000 498 680 951 1114 842 1000 843 886 844 885 951 1114 844 885 630 785 702 882 842 1000 844 885 702 882 951 1114 844 885 842 1000 952 1115 847 1004 704 888 952 1115 612 771 845 887 952 1115 704 888 612 771 961 652 850 1007 955 1116 954 1117 961 652 955 1116 954 1117 955 1116 953 889 955 1116 850 1007 953 889 846 1006 954 1117 953 889 960 1118 847 1004 957 1119 958 1120 957 1119 959 682 957 1119 847 1004 952 1115 956 1005 847 1004 960 1118 958 1120 960 1118 957 1119 849 1002 615 749 613 773 613 773 956 1005 849 1002 848 1003 559 746 558 735 705 751 848 1003 846 1006 962 1121 852 1009 854 890 850 1007 962 1121 854 890 963 1122 962 1121 1110 668 962 1121 488 663 1110 668 962 1121 963 1122 964 425 962 1121 964 425 852 1009 852 1009 964 425 965 422 970 684 855 1010 966 1123 966 1123 855 1010 198 260 852 1009 965 422 199 258 966 1123 198 260 967 263 199 258 965 422 969 426 968 1124 967 263 204 254 969 426 968 1124 204 254 199 258 969 426 204 254 1126 1125 388 527 944 641 1126 1125 944 641 971 1057 1116 1126 1126 1125 971 1057 974 1127 973 1013 479 649 973 1013 857 1012 972 1011 479 649 973 1013 972 1011 865 1026 872 1018 975 1019 857 1012 856 1014 865 1026 857 1012 865 1026 975 1019 865 1026 1138 1128 864 1025 864 1025 1138 1128 870 1029 711 897 867 1027 712 898 863 1028 713 1021 712 898 1138 1128 861 1023 863 1028 861 1023 709 1022 863 1028 860 1020 713 1021 863 1028 709 1022 860 1020 863 1028 870 1029 1138 1128 863 1028 977 1129 875 899 976 1130 862 1024 861 1023 978 1131 978 1131 861 1023 979 1132 978 1131 979 1132 976 1130 862 1024 978 1131 875 899 978 1131 976 1130 875 899 875 899 977 1129 876 903 878 1133 876 903 977 1129 876 903 877 902 875 899 497 673 878 1133 977 1129 982 1134 980 1032 984 1135 984 1135 980 1032 876 903 879 1033 981 1031 983 1136 983 1136 981 1031 980 1032 982 1134 983 1136 980 1032 878 1133 984 1135 876 903 879 1033 1114 1137 717 904 884 1037 718 1036 1114 1137 882 1035 717 904 1114 1137 881 1034 882 1035 1114 1137 718 1036 881 1034 1114 1137 887 913 885 1038 985 1138 885 1038 884 1037 985 1138 887 913 886 908 885 1038 720 912 887 913 988 1139 986 1040 888 1039 987 1140 987 1140 888 1039 988 1139 888 1039 720 912 988 1139 986 1040 1128 1141 722 1041 722 1041 1128 1141 894 1044 894 1044 1128 1141 898 1045 1034 1142 1006 1048 897 1043 897 1043 1006 1048 723 1047 895 1046 898 1045 1128 1141 889 1042 895 1046 1128 1141 897 1043 889 1042 1128 1141 1034 1142 897 1043 1128 1141 995 1143 996 1050 991 1144 991 1144 996 1050 990 1052 1134 1145 994 1056 993 1059 1116 1126 971 1057 992 1146 995 1143 727 924 724 923 1134 1145 993 1059 989 1147 989 1147 993 1059 727 924 992 1146 971 1057 994 1056 949 1054 917 1072 991 1144 949 1054 991 1144 990 1052 1134 1145 992 1146 994 1056 995 1143 724 923 996 1050 969 426 320 424 997 1148 969 426 997 1148 998 1149 968 1124 969 426 998 1149 967 263 968 1124 998 1149 967 263 998 1149 999 1150 966 1123 967 263 999 1150 454 594 543 595 524 712 1001 725 543 595 542 596 1001 725 542 596 529 716 522 710 454 594 524 712 543 595 1001 725 524 712 1032 1151 1047 1152 902 1061 1044 1153 906 1065 909 1064 1002 1154 1044 1153 909 1064 731 929 903 914 1003 1155 505 517 1004 724 390 516 1029 1062 1002 1154 907 936 1048 1156 539 726 1005 1157 1047 1152 1003 1155 903 914 910 1068 518 703 1007 701 1047 1152 903 914 902 1061 1002 1154 909 1064 907 936 466 515 390 516 1009 1074 910 1068 1007 701 1015 717 390 516 1004 724 1008 1158 910 1068 1015 717 1010 1159 911 1069 910 1068 1010 1159 390 516 1008 1158 1009 1074 731 929 1003 1155 1011 1160 1003 1155 1005 1157 1011 1160 1004 724 538 699 1008 1158 911 1069 1010 1159 1012 1161 539 726 506 728 1013 1162 1005 1157 539 726 1013 1162 917 1072 1009 1074 1016 1163 1009 1074 1008 1158 1016 1163 911 1069 1012 1161 1020 1164 1012 1161 1010 1159 1015 717 1008 1158 538 699 1017 1165 538 699 513 700 1017 1165 1011 1160 1005 1157 1013 1162 506 728 511 711 1019 1166 727 924 995 1143 1034 1142 1128 1141 727 924 1034 1142 1014 1070 911 1069 1020 1164 1013 1162 506 728 1019 1166 1016 1163 1008 1158 1017 1165 1018 1167 917 1072 1016 1163 991 1144 917 1072 1018 1167 731 929 1011 1160 1021 1168 1016 1163 1017 1165 1026 1169 1014 1070 1020 1164 1022 1170 1013 1162 1019 1166 1024 1171 731 929 1021 1168 1025 1172 904 930 731 929 1025 1172 1012 1161 1015 717 916 1071 991 1144 1018 1167 1032 1151 1019 1166 511 711 1023 706 1011 1160 1013 1162 1024 1171 1015 717 537 698 916 1071 1011 1160 1024 1171 1027 1173 750 960 1014 1070 1022 1170 1019 1166 1023 706 1028 1174 1021 1168 1011 1160 1027 1173 1012 1161 916 1071 743 952 904 930 1025 1172 1029 1062 1020 1164 1012 1161 743 952 1018 1167 1016 1163 1026 1169 1024 1171 1019 1166 1028 1174 732 928 904 930 1029 1062 1021 1168 1027 1173 1033 1175 1017 1165 513 700 519 705 1018 1167 1026 1169 1030 1176 1025 1172 1021 1168 1033 1175 1022 1170 1020 1164 743 952 1024 1171 1028 1174 1027 1173 995 1143 991 1144 1034 1142 1022 1170 743 952 913 969 1023 706 1031 687 1036 1177 750 960 1022 1170 913 969 1028 1174 1023 706 1036 1177 1026 1169 1017 1165 1035 1178 1018 1167 1030 1176 1032 1151 1028 1174 1036 1177 1039 1179 519 705 527 709 1042 1180 1026 1169 1035 1178 1030 1176 1034 1142 991 1144 1032 1151 1017 1165 519 705 1042 1180 1036 1177 1031 687 1037 694 1035 1178 1017 1165 1042 1180 1036 1177 1037 694 1040 1181 1027 1173 1028 1174 1039 1179 1029 1062 1025 1172 1033 1175 1032 1151 1030 1176 1041 1182 1027 1173 1039 1179 1046 1183 1033 1175 1027 1173 1046 1183 1036 1177 1040 1181 1044 1153 1030 1176 1035 1178 1043 1184 1039 1179 1036 1177 1044 1153 1039 1179 1044 1153 1046 1183 1040 1181 1037 694 1038 719 1035 1178 1042 1180 1045 1185 1030 1176 1043 1184 1047 1152 1041 1182 1030 1176 1047 1152 1042 1180 527 709 531 713 1043 1184 1035 1178 1045 1185 1042 1180 531 713 1048 1156 1038 719 518 703 738 1066 1032 1151 1041 1182 1047 1152 1043 1184 1045 1185 1003 1155 1033 1175 1046 1183 1002 1154 1045 1185 1042 1180 1048 1156 1047 1152 1043 1184 1003 1155 1040 1181 1038 719 738 1066 738 1066 518 703 910 1068 1029 1062 1033 1175 1002 1154 1040 1181 738 1066 906 1065 1045 1185 1048 1156 1005 1157 1048 1156 531 713 539 726 1032 1151 902 1061 1006 1048 1034 1142 1032 1151 1006 1048 1044 1153 1040 1181 906 1065 1046 1183 1044 1153 1002 1154 1045 1185 1005 1157 1003 1155 537 698 920 697 915 953 920 697 1063 1085 745 277 920 697 507 696 1063 1085 534 722 924 957 936 1089 534 722 936 1089 1061 714 534 722 921 1076 924 957 1050 723 1049 1077 921 1076 540 727 1051 958 1050 723 1051 958 1049 1077 1050 723 742 950 1049 1077 1051 958 761 970 767 959 1053 973 1052 1186 504 688 510 690 1052 1186 510 690 928 1080 1053 973 1052 1186 928 1080 926 1079 540 727 1052 1186 540 727 504 688 1052 1186 767 959 926 1079 1052 1186 767 959 1052 1186 1053 973 510 690 541 689 1054 1083 1054 1083 769 971 930 1082 930 1082 510 690 1054 1083 931 691 770 911 541 689 541 689 770 911 768 910 512 704 932 1084 931 691 931 691 932 1084 770 911 1060 1111 1059 1187 1056 1112 1059 1187 528 715 1056 1112 528 715 530 720 1057 1188 528 715 1057 1188 1056 1112 932 1084 512 704 1058 702 932 1084 1058 702 1059 1187 810 984 932 1084 1059 1187 810 984 1059 1187 1060 1111 530 720 533 721 1057 1188 1056 1112 1057 1188 1055 1113 1058 702 523 707 1059 1187 1057 1188 533 721 535 653 1057 1188 535 653 1055 1113 1059 1187 523 707 528 715 936 1089 514 695 1061 714 1062 1189 514 695 936 1089 318 421 507 696 508 685 1063 1085 507 696 318 421 935 1088 1160 414 1062 1189 935 1088 1062 1189 936 1089 315 419 1063 1085 318 421 934 1087 314 415 1160 414 934 1087 1160 414 935 1088 933 1086 315 419 1064 417 933 1086 1063 1085 315 419 933 1086 1064 417 314 415 933 1086 314 415 934 1087 166 208 1066 205 1067 206 187 236 1065 232 185 234 1071 1091 1070 1190 171 215 1071 1091 1068 1105 1070 1190 1072 217 1071 1091 171 215 1073 243 188 239 189 241 1074 1093 1072 217 173 218 1074 1093 173 218 1075 220 1074 1093 1075 220 175 221 1076 223 1074 1093 175 221 1078 1097 1076 223 178 225 1078 1097 1074 1093 1076 223 1078 1097 178 225 179 226 181 229 1078 1097 179 226 1079 231 1078 1097 181 229 1081 982 1080 1104 1082 1191 1084 1095 937 1092 1083 1192 1081 982 1070 1190 1068 1105 1087 1193 1085 1096 1086 1194 1088 1098 1085 1096 1087 1193 1092 977 781 976 1089 1094 938 1101 1091 1100 1093 1195 771 974 1092 977 1095 1196 1096 981 771 974 1095 1196 1099 1103 1094 1102 1097 1197 1099 1103 1097 1197 1100 1198 1080 1104 1099 1103 1100 1198 1080 1104 1100 1198 1082 1191 1101 1110 1105 1199 1103 1200 494 670 1102 674 1103 1200 535 653 482 655 1104 1201 1055 1113 535 653 1104 1201 1055 1113 1104 1201 1105 1199 1103 1200 1102 674 498 680 1103 1200 498 680 841 1001 1101 1110 1103 1200 841 1001 482 655 487 664 1105 1199 1104 1201 482 655 1105 1199 1055 1113 1105 1199 1101 1110 1105 1199 487 664 494 670 1105 1199 494 670 1103 1200 843 886 951 1114 1106 675 951 1114 498 680 1106 675 501 677 1107 1202 1106 675 843 886 1107 1202 845 887 1106 675 1107 1202 843 886 1107 1202 957 1119 845 887 957 1119 952 1115 845 887 959 682 957 1119 1107 1202 501 677 959 682 1107 1202 1108 660 954 1117 1109 1203 956 1005 1109 1203 846 1006 958 1120 959 682 1108 660 849 1002 956 1005 848 1003 954 1117 1108 660 961 652 960 1118 1109 1203 956 1005 958 1120 1108 660 1109 1203 960 1118 958 1120 1109 1203 956 1005 846 1006 848 1003 1109 1203 954 1117 846 1006 488 663 962 1121 850 1007 961 652 488 663 850 1007 963 1122 319 423 964 425 963 1122 1110 668 485 661 963 1122 485 661 319 423 970 684 966 1123 999 1150 970 684 999 1150 502 681 855 1010 970 684 972 1011 972 1011 970 684 479 649 1113 1204 1152 1205 1118 1206 1119 1207 477 654 483 659 1149 1208 1117 1209 1114 1137 1117 1209 1123 1210 1114 1137 1150 1211 1112 1212 1116 1126 1152 1205 1150 1211 1116 1126 1147 1213 1113 1204 1118 1206 479 649 1120 650 974 1127 1153 1214 1115 1215 1124 1216 1154 656 486 657 1122 1217 1111 1218 1153 1214 1124 1216 1115 1215 1154 656 1122 1217 1147 1213 1118 1206 1134 1145 1112 1212 1119 1207 1126 1125 1119 1207 483 659 395 528 1152 1205 1116 1126 1118 1206 974 1127 1120 650 1121 667 974 1127 1121 667 1129 1219 1111 1218 1124 1216 1131 1220 973 1013 974 1127 1129 1219 1115 1215 1122 1217 1127 1221 1117 1209 1111 1218 1131 1220 1116 1126 1112 1212 1126 1125 1128 1141 1147 1213 1134 1145 1119 1207 395 528 1126 1125 1129 1219 1121 667 1130 1222 1121 667 1125 671 1130 1222 1124 1216 1115 1215 1127 1221 973 1013 1129 1219 1133 1223 1117 1209 1131 1220 1123 1210 865 1026 856 1014 1132 1224 856 1014 973 1013 1133 1223 483 659 472 518 395 528 1122 1217 486 657 1135 1225 1132 1224 856 1014 1133 1223 388 527 1126 1125 395 528 865 1026 1132 1224 1138 1128 1118 1206 1116 1126 992 1146 486 657 481 665 1135 1225 1127 1221 1122 1217 1135 1225 1125 671 497 673 977 1129 1130 1222 1125 671 977 1129 1129 1219 1130 1222 1133 1223 1118 1206 992 1146 1134 1145 1128 1141 1134 1145 989 1147 1130 1222 977 1129 976 1130 1124 1216 1127 1221 1137 1226 1124 1216 1137 1226 887 913 878 1133 497 673 1136 679 1131 1220 1124 1216 887 913 1127 1221 1135 1225 1137 1226 1132 1224 1133 1223 979 1132 1133 1223 1130 1222 976 1130 1128 1141 989 1147 727 924 1131 1220 887 913 985 1138 1135 1225 481 665 493 669 1133 1223 976 1130 979 1132 1123 1210 1131 1220 985 1138 887 913 1137 1226 988 1139 878 1133 1136 679 480 648 1132 1224 979 1132 861 1023 1135 1225 493 669 1141 1227 984 1135 878 1133 1140 1228 878 1133 480 648 1140 1228 1114 1137 1123 1210 884 1037 1123 1210 985 1138 884 1037 1138 1128 1132 1224 861 1023 1137 1226 1135 1225 1141 1227 982 1134 984 1135 1140 1228 493 669 1139 646 1141 1227 1137 1226 1141 1227 1145 1229 982 1134 1140 1228 1142 1230 988 1139 1137 1226 1145 1229 480 648 484 658 1144 1231 1140 1228 480 648 1144 1231 988 1139 1145 1229 1113 1204 1141 1227 1143 1232 1145 1229 987 1140 988 1139 1113 1204 1139 646 478 647 1146 1233 1140 1228 1144 1231 1151 1234 987 1140 1113 1204 1147 1213 983 1136 982 1134 1142 1230 1141 1227 1139 646 1146 1233 1142 1230 1140 1228 1151 1234 983 1136 1142 1230 1149 1208 1144 1231 484 658 489 662 986 1040 987 1140 1147 1213 1141 1227 1146 1233 1143 1232 879 1033 983 1136 1149 1208 1145 1229 1143 1232 1152 1205 478 647 1148 651 1150 1211 1146 1233 478 647 1150 1211 879 1033 1149 1208 1114 1137 1144 1231 489 662 476 678 1113 1204 1145 1229 1152 1205 1144 1231 476 678 1153 1214 1143 1232 1146 1233 1150 1211 1148 651 477 654 1119 1207 1142 1230 1151 1234 1111 1218 1152 1205 1143 1232 1150 1211 1150 1211 1148 651 1119 1207 1142 1230 1111 1218 1117 1209 1151 1234 1144 1231 1153 1214 1149 1208 1142 1230 1117 1209 1151 1234 1153 1214 1111 1218 1150 1211 1119 1207 1112 1212 986 1040 1147 1213 1128 1141 1153 1214 476 678 1115 1215 476 678 1154 656 1115 1215 1186 1235 319 423 1155 1236 1186 1235 320 424 319 423 485 661 1155 1236 319 423 492 666 1155 1236 485 661 1185 1237 997 1148 320 424 1185 1237 320 424 1186 1235 998 1149 997 1148 1185 1237 1156 1238 998 1149 1185 1237 1157 1239 998 1149 1156 1238 999 1150 998 1149 1157 1239 502 681 1157 1239 499 676 502 681 999 1150 1157 1239 1159 413 1158 1240 1160 414 1158 1240 1062 1189 1160 414 508 685 317 420 318 421 508 685 520 686 317 420 514 695 1062 1189 532 718 532 718 1062 1189 1158 1240 1198 1241 1091 1100 1090 1099 1161 1242 1091 1100 1198 1241 1161 1242 1093 1195 1091 1100 1093 1195 1161 1242 1197 1243 938 1101 1093 1195 1197 1243 1162 1244 938 1101 1197 1243 1162 1244 1094 1102 938 1101 1162 1244 1097 1197 1094 1102 1163 1245 1097 1197 1162 1244 1100 1198 1097 1197 1163 1245 1164 1246 1100 1198 1163 1245 1082 1191 1100 1198 1164 1246 1201 1247 1082 1191 1164 1246 1165 1248 1082 1191 1201 1247 1165 1248 1081 982 1082 1191 1070 1190 1081 982 1165 1248 1166 1249 1070 1190 1165 1248 1200 216 171 215 1070 1190 1200 216 1070 1190 1166 1249 1167 213 789 980 170 212 1168 1250 789 980 1167 213 1168 1250 788 979 789 980 1168 1250 1089 1094 788 979 1169 1251 1089 1094 1168 1250 1170 1252 1089 1094 1169 1251 1170 1252 1092 977 1089 1094 1171 1253 1092 977 1170 1252 1172 1254 1092 977 1171 1253 1095 1196 1092 977 1172 1254 1096 981 1095 1196 1172 1254 1173 1255 1096 981 1172 1254 1195 1256 1096 981 1173 1255 1195 1256 1098 1090 1096 981 1174 1257 1098 1090 1195 1256 1174 1257 1175 1258 937 1092 1174 1257 937 1092 1098 1090 1176 1259 937 1092 1175 1258 1176 1259 1083 1192 937 1092 1199 1260 1084 1095 1083 1192 1199 1260 1083 1192 1176 1259 1199 1260 1085 1096 1084 1095 1085 1096 1199 1260 1177 1261 1178 1262 1085 1096 1177 1261 1178 1262 1086 1194 1085 1096 1086 1194 1178 1262 1179 1263 1179 1263 1087 1193 1086 1194 1180 1264 1088 1098 1087 1193 1180 1264 1087 1193 1179 1263 1180 1264 1090 1099 1088 1098 1198 1241 1090 1099 1180 1264 469 639 312 411 1208 1265 312 411 1181 412 1208 1265 469 639 1208 1265 1182 403 470 642 469 639 1182 403 470 642 1182 403 304 402 468 407 470 642 304 402 468 407 304 402 307 404 474 683 1157 1239 1183 1266 474 683 499 676 1157 1239 492 666 1188 1267 1155 1236 492 666 496 672 1188 1267 1184 1268 1183 1266 1156 1238 1183 1266 1157 1239 1156 1238 1184 1268 1156 1238 1185 1237 1210 1269 1184 1268 1185 1237 1210 1269 1185 1237 1186 1235 1187 1270 1210 1269 1186 1235 1188 1267 1187 1270 1155 1236 1187 1270 1186 1235 1155 1236 1159 413 1189 399 1158 1240 316 418 317 420 1190 1271 316 418 1190 1271 1191 1272 301 396 525 693 302 397 1159 413 1191 1272 1189 399 302 397 525 693 532 718 313 416 316 418 1191 1272 301 396 520 686 525 693 313 416 1191 1272 1159 413 1192 398 302 397 532 718 1158 1240 1192 398 532 718 1193 1273 520 686 301 396 317 420 1193 1273 1190 1271 317 420 520 686 1193 1273 1158 1240 1189 399 1192 398 1174 1257 133 161 1175 1258 193 245 1241 1274 1240 1275 193 245 1240 1275 1194 246 1174 1257 1235 158 133 161 1195 1256 1235 158 1174 1257 191 242 1241 1274 193 245 1195 1256 126 156 1235 158 190 240 1241 1274 191 242 1196 238 1242 1276 190 240 1196 238 1243 1277 1242 1276 1173 1255 1238 155 126 156 1173 1255 126 156 1195 1256 186 235 1244 1278 1243 1277 186 235 1243 1277 1196 238 1172 1254 1238 155 1173 1255 1172 1254 123 149 1238 155 186 235 1246 1279 1244 1278 184 233 1246 1279 186 235 184 233 1247 1280 1246 1279 1171 1253 123 149 1172 1254 1171 1253 122 147 123 149 183 230 1247 1280 184 233 183 230 1249 1281 1247 1280 1170 1252 120 143 122 147 1170 1252 122 147 1171 1253 182 228 1249 1281 183 230 1169 1251 120 143 1170 1252 182 228 180 227 1252 1282 1167 213 115 144 1168 1250 1162 1244 114 154 127 164 1162 1244 127 164 1163 1245 1167 213 113 66 115 144 1162 1244 112 150 114 154 169 211 113 66 1167 213 169 211 1245 55 113 66 1197 1243 112 150 1162 1244 1197 1243 151 151 112 150 168 209 1245 55 169 211 1198 1241 1197 1243 1161 1242 1198 1241 151 151 1197 1243 1198 1241 150 189 151 151 165 207 1248 4 168 209 1180 1264 148 187 150 189 1180 1264 150 189 1198 1241 1180 1264 145 181 148 187 164 204 1230 1283 165 207 1179 1263 142 180 145 181 164 204 1232 1284 1230 1283 1179 1263 145 181 1180 1264 164 204 163 203 1232 1284 1179 1263 140 175 142 180 1178 1262 140 175 1179 1263 1177 1261 140 175 1178 1262 1199 1260 1231 169 1177 1261 194 249 1237 1285 196 250 194 249 1239 1286 1237 1285 1176 1259 1231 169 1199 1260 1176 1259 135 167 1231 169 1194 246 1239 1286 194 249 1194 246 1240 1275 1239 1286 1176 1259 1175 1258 135 167 176 222 1257 1287 1255 1288 176 222 1255 1288 177 224 176 222 1258 1289 1257 1287 174 219 1259 1290 1258 1289 174 219 1258 1289 176 222 1166 1249 1250 138 153 141 1166 1249 153 141 1200 216 1165 1248 1250 138 1166 1249 1165 1248 1251 136 1250 138 1165 1248 146 186 1251 136 1201 1247 146 186 1165 1248 1164 1246 1163 1245 138 177 1205 192 1202 392 158 193 1202 392 300 391 158 193 158 193 300 391 1204 196 156 191 1206 1291 1203 1292 156 191 1203 1292 1205 192 158 193 155 190 1205 192 160 197 1204 196 1299 198 1182 403 1208 1265 1207 44 305 43 1182 403 1207 44 1208 1265 1209 199 1207 44 311 410 310 400 157 194 1181 412 311 410 159 195 311 410 157 194 159 195 1181 412 159 195 160 197 1208 1265 1181 412 160 197 160 197 1209 199 1208 1265 295 387 1213 386 1210 1269 1187 1270 295 387 1210 1269 1267 1293 1211 1294 1183 1266 496 672 1212 389 296 388 1210 1269 1213 386 1184 1268 1212 389 496 672 297 390 1267 1293 1183 1266 1184 1268 1213 386 1267 1293 1184 1268 496 672 474 683 297 390 496 672 296 388 1188 1267 1188 1267 296 388 295 387 297 390 474 683 1214 1295 1188 1267 295 387 1187 1270 1211 1294 1214 1295 1183 1266 1214 1295 474 683 1183 1266 1217 1296 1278 1297 1277 1298 1296 1299 1278 1297 1217 1296 1296 1299 1279 1300 1278 1297 1217 1296 1277 1298 1215 1301 1216 1302 1279 1300 1296 1299 1216 1302 1281 1303 1279 1300 1295 1304 1281 1303 1216 1302 1218 1305 1219 1306 1220 1307 1295 1304 1280 1308 1281 1303 1217 1296 1215 1301 1223 1309 1280 1308 1295 1304 1294 1310 1282 1311 1280 1308 1294 1310 1220 1307 1276 1312 1218 1305 1269 1313 1217 1296 1223 1309 1221 1314 1276 1312 1220 1307 1221 1314 1275 1315 1276 1312 1283 1316 1294 1310 1292 1317 1283 1316 1282 1311 1294 1310 1271 1318 1275 1315 1221 1314 1285 1319 1283 1316 1292 1317 1271 1318 1222 1320 1275 1315 1285 1319 1292 1317 1293 1321 1287 1322 1285 1319 1293 1321 1287 1322 1293 1321 1290 1323 1287 1322 1290 1323 1291 1324 1224 1325 1269 1313 1223 1309 1224 1325 1222 1320 1271 1318 1224 1325 1223 1309 1222 1320 1287 1322 1291 1324 1225 1326 1288 1327 1286 1328 1225 1326 1289 1329 1288 1327 1225 1326 1218 1305 1273 1330 1219 1306 1219 1306 1273 1330 154 1331 1298 1332 292 380 1189 399 1298 1332 1189 399 1191 1272 1226 1333 1298 1332 1191 1272 1227 1334 1226 1333 1190 1271 1226 1333 1191 1272 1190 1271 1228 1335 1227 1334 1193 1273 1227 1334 1190 1271 1193 1273 294 384 1228 1335 1193 1273 294 384 1193 1273 301 396 182 228 1252 1282 1229 1336 133 161 135 167 1175 1258 1232 1284 163 203 1233 1337 1234 1338 1233 1337 161 200 161 200 197 251 1234 1338 1233 1337 163 203 161 200 197 251 196 250 1234 1338 1236 1339 1234 1338 196 250 196 250 1237 1285 1236 1339 1242 1276 1241 1274 190 240 1169 1251 1168 1250 115 144 120 143 1169 1251 115 144 1245 55 168 209 16 33 16 33 168 209 1248 4 1248 4 165 207 1313 134 1229 1336 1249 1281 182 228 1313 134 165 207 1230 1283 140 175 1177 1261 136 170 1177 1261 1231 169 136 170 1253 1340 1252 1282 180 227 180 227 177 224 1253 1340 177 224 1255 1288 1253 1340 1254 140 172 214 1200 216 1201 1247 1164 1246 1256 179 146 186 1201 1247 1256 179 1256 179 1164 1246 138 177 138 177 1163 1245 132 173 1163 1245 127 164 132 173 1254 140 1200 216 153 141 174 219 172 214 1259 1290 1254 140 1259 1290 172 214 1203 1292 1206 1291 1323 1341 1203 1292 1323 1341 1337 1342 1205 192 1203 1292 1337 1342 1205 192 1337 1342 1331 1343 1202 392 1205 192 1331 1343 1202 392 1331 1343 298 393 1263 1344 1206 1291 156 191 1264 1345 281 362 297 390 1264 1345 297 390 1214 1295 1265 1346 1264 1345 1214 1295 1265 1346 1214 1295 1211 1294 1266 1347 1265 1346 1211 1294 1266 1347 1211 1294 1267 1293 1268 366 1266 1347 1267 1293 1268 366 1267 1293 1213 386 1269 1313 1224 1325 1270 1348 1271 1318 1352 1349 1224 1325 1272 1350 1271 1318 1221 1314 1218 1305 1276 1312 1274 1351 1225 1326 1286 1328 1287 1322 1291 1324 1464 1352 1225 1326 1292 1317 1465 1353 1293 1321 1228 1335 294 384 1302 1354 294 384 1301 385 1302 1354 1227 1334 1228 1335 1304 1355 1228 1335 1302 1354 1304 1355 1227 1334 1304 1355 1297 1356 1226 1333 1227 1334 1297 1356 1298 1332 1226 1333 1360 1357 1226 1333 1297 1356 1360 1357 1298 1332 1360 1357 1362 381 292 380 1298 1332 1362 381 31 45 1260 1358 35 60 1260 1358 1299 198 1204 196 1300 1359 1260 1358 31 45 1300 1359 1299 198 1260 1358 1302 1354 1301 385 56 81 41 58 1302 1354 56 81 41 58 1304 1355 1302 1354 1303 117 289 378 1358 375 1305 112 289 378 1303 117 46 70 1304 1355 41 58 46 70 41 58 50 74 1304 1355 46 70 1297 1356 1307 1360 289 378 1305 112 290 379 289 378 1307 1360 65 92 1307 1360 1305 112 1301 385 1306 383 290 379 1301 385 290 379 1307 1360 56 81 1307 1360 65 92 56 81 1301 385 1307 1360 17 54 1237 1285 1239 1286 17 54 1239 1286 5 6 52 71 1236 1339 1237 1285 52 71 1237 1285 17 54 62 90 1234 1338 1236 1339 62 90 1236 1339 52 71 67 99 1234 1338 62 90 1310 132 1252 1282 1309 120 1310 132 1229 1336 1252 1282 1233 1337 1234 1338 67 99 1233 1337 67 99 1311 118 1311 118 1232 1284 1233 1337 1312 127 1230 1283 1232 1284 1312 127 1232 1284 1311 118 97 133 1230 1283 1312 127 1249 1281 1229 1336 1310 132 1313 134 1230 1283 97 133 1314 40 1254 140 19 38 1314 40 1259 1290 1254 140 1315 19 1249 1281 1310 132 1316 46 1259 1290 1314 40 109 18 1249 1281 1315 19 109 18 1247 1280 1249 1281 1246 1279 1247 1280 109 18 1258 1289 1259 1290 1316 46 1318 59 1246 1279 109 18 1255 1288 1257 1287 1308 64 1257 1287 1258 1289 1316 46 1317 80 1246 1279 1318 59 1317 80 1244 1278 1246 1279 1243 1277 1244 1278 1317 80 48 100 1243 1277 1317 80 81 106 1242 1276 1243 1277 81 106 1243 1277 48 100 72 93 1253 1340 1255 1288 72 93 1255 1288 1308 64 1308 64 1257 1287 1316 46 80 124 1242 1276 81 106 1319 115 1253 1340 72 93 1241 1274 1242 1276 80 124 1252 1282 1253 1340 1319 115 90 126 1241 1274 80 124 1320 131 1241 1274 90 126 1240 1275 1241 1274 1320 131 1321 7 1240 1275 1320 131 1239 1286 1240 1275 1321 7 5 6 1239 1286 1321 7 1309 120 1252 1282 1319 115 1323 1341 1336 1361 1337 1342 1326 1362 1322 1363 298 393 1332 1364 1326 1362 298 393 1325 1365 1326 1362 1332 1364 1262 1366 1324 1367 1336 1361 1262 1366 1336 1361 1323 1341 1323 1341 1206 1291 1261 1368 1322 1363 44 77 1333 1369 1332 1364 1322 1363 1326 1362 1327 395 1260 1358 1204 196 1332 1364 298 393 1331 1343 1262 1366 1323 1341 1261 1368 1328 1370 1260 1358 1327 395 1334 96 44 77 1322 1363 1330 76 1260 1358 1328 1370 1330 76 35 60 1260 1358 1329 1371 1322 1363 1332 1364 1331 1343 1329 1371 1332 1364 1335 1372 1322 1363 1329 1371 1335 1372 1334 96 1322 1363 1333 1369 1328 1370 1327 395 1333 1369 1327 395 299 394 1337 1342 1329 1371 1331 1343 1330 76 1328 1370 1333 1369 1336 1361 1329 1371 1337 1342 1322 1363 1333 1369 299 394 1322 1363 299 394 298 393 1336 1361 1335 1372 1329 1371 44 77 1330 76 1333 1369 1324 1367 1335 1372 1336 1361 1338 1373 1263 1344 1414 1374 1261 1368 1263 1344 1338 1373 1261 1368 1338 1373 1262 1366 1261 1368 1206 1291 1263 1344 1207 44 1300 1359 31 45 1209 199 1299 198 1300 1359 1263 1344 156 191 306 401 306 401 1414 1374 1263 1344 305 43 1414 1374 306 401 1300 1359 1207 44 1209 199 1347 364 1341 1375 1339 370 1403 1376 1341 1375 1347 364 1341 1375 282 372 1339 370 1343 1377 282 372 1341 1375 1342 1378 1340 1379 1349 1380 1343 1377 283 373 282 372 1346 1381 1340 1379 1342 1378 1421 1382 1346 1381 1342 1378 1346 1381 1344 1383 1340 1379 1401 1384 283 373 1343 1377 1346 1381 1345 363 1344 1383 1347 364 1345 363 1346 1381 1403 1376 1346 1381 1347 364 1348 1385 1268 366 1452 365 1264 1345 1344 1383 1345 363 281 362 1264 1345 1345 363 1266 1347 1268 366 1350 1386 1268 366 1348 1385 1350 1386 1265 1346 1266 1347 1349 1380 1266 1347 1350 1386 1349 1380 1349 1380 1340 1379 1265 1346 1264 1345 1265 1346 1344 1383 1265 1346 1340 1379 1344 1383 1217 1296 1269 1313 1351 1387 1456 1388 1217 1296 1351 1387 1353 1389 1221 1314 1220 1307 1219 1306 1457 1390 1220 1307 1458 1391 1457 1390 1219 1306 1219 1306 154 1331 1458 1391 1273 1330 1459 1392 154 1331 1273 1330 1218 1305 1459 1392 1218 1305 1274 1351 1459 1392 1223 1309 1460 1393 1222 1320 1215 1301 1354 1394 1223 1309 1279 1300 1355 1395 1278 1297 1280 1308 1284 1396 1281 1303 1282 1311 1284 1396 1280 1308 1283 1316 1461 1397 1282 1311 1287 1322 1356 1398 1285 1319 1462 1399 1289 1329 1225 1326 1290 1323 1463 1400 1291 1324 1464 1352 1462 1399 1225 1326 1465 1353 1290 1323 1293 1321 1303 117 1358 375 1357 1401 1359 1402 1297 1356 46 70 1359 1402 1360 1357 1297 1356 1361 1403 1359 1402 46 70 1359 1402 1362 381 1360 1357 1363 1404 1362 381 1359 1402 1363 1404 1361 1403 1359 1402 1363 1404 1364 382 1362 381 1358 375 1364 382 1363 1404 1357 1401 1358 375 1363 1404 1367 1405 1451 1406 1366 1407 1372 1408 131 162 129 159 1386 1409 1449 1410 1443 1411 1378 1412 1445 1413 1440 1414 1376 1415 1448 1416 1445 1413 1378 1412 1376 1415 1445 1413 1379 1417 1365 1418 1449 1410 1385 1419 1443 1411 1451 1406 1385 1419 1386 1409 1443 1411 152 188 1374 185 1365 1418 1371 1420 1368 1421 1373 1422 43 67 115 144 113 66 1380 1423 115 144 43 67 1398 1424 1367 1405 1366 1407 1382 1425 1450 184 1369 1426 1382 1425 1375 137 1450 184 1380 1423 43 67 60 72 1383 1427 152 188 1365 1418 1386 1409 1379 1417 1449 1410 1385 1419 1451 1406 1367 1405 117 142 115 144 1380 1423 1388 1428 1380 1423 60 72 1384 108 1378 1412 1440 1414 1383 1427 1365 1418 1379 1417 1392 1429 111 135 1375 137 1390 1430 1372 1408 1368 1421 1388 1428 60 72 70 94 1384 108 1440 1414 1370 1431 1397 1432 117 142 1380 1423 1390 1430 131 162 1372 1408 1390 1430 134 166 131 162 1341 1375 1368 1421 1371 1420 1387 1433 110 160 152 188 1389 1434 1369 1426 1377 1435 1389 1434 1382 1425 1369 1426 74 97 1388 1428 70 94 1397 1432 1380 1423 1388 1428 1387 1433 152 188 1383 1427 1389 1434 1377 1435 1381 1436 1391 1437 1392 1429 1375 137 1391 1437 1375 137 1382 1425 1393 1438 1397 1432 1388 1428 1394 1439 1387 1433 1383 1427 1395 1440 1389 1434 1381 1436 1396 1441 1379 1417 1386 1409 1391 1437 1382 1425 1389 1434 1397 1432 118 145 117 142 1394 1439 1383 1427 1379 1417 1395 1440 1381 1436 1376 1415 1398 1424 1385 1419 1367 1405 1341 1375 1371 1420 1343 1377 1396 1441 1386 1409 1385 1419 1409 1442 1391 1437 1389 1434 1401 1384 1371 1420 1446 1443 1401 1384 1343 1377 1371 1420 1399 1444 1394 1439 1379 1417 1403 1376 1368 1421 1341 1375 1407 1445 1395 1440 1376 1415 1402 1446 134 166 1390 1430 1400 1447 1393 1438 1388 1428 125 152 110 160 1387 1433 1400 1447 1388 1428 74 97 1399 1444 1379 1417 1396 1441 1403 1376 1390 1430 1368 1421 1409 1442 1389 1434 1395 1440 1407 1445 1376 1415 1378 1412 1405 1448 111 135 1392 1429 1406 1449 1396 1441 1385 1419 1405 1448 1392 1429 1391 1437 1403 1376 1402 1446 1390 1430 1404 1450 1399 1444 1396 1441 1405 1448 116 139 111 135 1402 1446 137 168 134 166 1411 1451 1402 1446 1403 1376 1410 1452 1404 1450 1396 1441 1413 1453 119 146 118 145 1413 1453 118 145 1397 1432 1398 1424 1406 1449 1385 1419 1408 102 1400 1447 74 97 1411 1451 1403 1376 1346 1381 1419 1454 1407 1445 1378 1412 1415 1455 1387 1433 1394 1439 1415 1455 125 152 1387 1433 1414 1374 1405 1448 1391 1437 1416 1456 1412 171 137 168 1416 1456 137 168 1402 1446 1419 1454 1378 1412 1384 108 1409 1442 1414 1374 1391 1437 1410 1452 1396 1441 1406 1449 20 39 116 139 1405 1448 116 139 20 39 19 38 1417 1457 1413 1453 1397 1432 1417 1457 1397 1432 1393 1438 1415 1455 1394 1439 1399 1444 1346 1381 1425 1458 1411 1451 1417 1457 1393 1438 1400 1447 1418 1459 1415 1455 1399 1444 1413 1453 121 148 119 146 1425 1458 1402 1446 1411 1451 1425 1458 1416 1456 1402 1446 1338 1373 1409 1442 1395 1440 1408 102 1423 1460 1400 1447 1338 1373 1414 1374 1409 1442 1418 1459 1399 1444 1404 1450 22 41 20 39 1405 1448 1421 1382 1426 1461 1346 1381 1422 1462 1418 1459 1404 1450 1415 1455 130 165 125 152 1423 1460 1417 1457 1400 1447 1420 1463 1406 1449 1398 1424 1395 1440 1262 1366 1338 1373 1424 1464 1413 1453 1417 1457 1414 1374 22 41 1405 1448 1426 1461 1425 1458 1346 1381 1427 1465 1422 1462 1404 1450 1427 1465 1404 1450 1410 1452 1324 1367 1395 1440 1407 1445 1430 1466 143 174 1412 171 1430 1466 1412 171 1416 1456 1324 1367 1262 1366 1395 1440 1428 1467 121 148 1413 1453 1370 1431 1420 1463 1398 1424 1324 1367 1407 1445 1419 1454 305 43 22 41 1414 1374 1433 1468 1427 1465 1410 1452 1429 1469 1423 1460 1408 102 1335 1372 1324 1367 1419 1454 1428 1467 1413 1453 1424 1464 1433 1468 1410 1452 1406 1449 1432 1470 141 163 130 165 1384 108 1335 1372 1419 1454 1432 1470 130 165 1415 1455 1434 1471 1430 1466 1416 1456 1434 1471 1416 1456 1425 1458 1435 1472 139 172 141 163 1428 1467 124 153 121 148 1420 1463 1433 1468 1406 1449 1423 1460 1424 1464 1417 1457 1430 1466 1431 178 143 174 1334 96 1335 1372 1384 108 1436 1473 1432 1470 1415 1455 1436 1473 1415 1455 1418 1459 1437 1474 1428 1467 1424 1464 1434 1471 1425 1458 1426 1461 1439 1475 1435 1472 141 163 1439 1475 141 163 1432 1470 1366 1407 1421 1382 1342 1378 1436 1473 1418 1459 1422 1462 1438 1476 1424 1464 1423 1460 1446 1443 1429 1469 1408 102 1441 1477 1436 1473 1422 1462 1442 1478 124 153 1428 1467 1439 1475 1432 1470 1436 1473 1440 1414 1433 1468 1420 1463 128 157 124 153 1442 1478 1441 1477 1422 1462 1427 1465 1442 1478 1428 1467 1437 1474 1451 1406 1426 1461 1421 1382 1444 1479 1439 1475 1436 1473 1370 1431 1440 1414 1420 1463 144 176 139 172 1435 1472 1438 1476 1423 1460 1429 1469 1447 1480 1431 178 1430 1466 1447 1480 147 182 1431 178 1441 1477 1427 1465 1433 1468 1366 1407 1451 1406 1421 1382 1443 1411 1434 1471 1426 1461 1445 1413 1441 1477 1433 1468 1448 1416 1444 1479 1436 1473 1448 1416 1436 1473 1441 1477 1437 1474 1424 1464 1438 1476 144 176 1435 1472 1439 1475 1440 1414 1445 1413 1433 1468 1449 1410 1447 1480 1430 1466 1449 1410 1430 1466 1434 1471 1373 1422 1442 1478 1437 1474 1369 1426 144 176 1439 1475 1443 1411 1426 1461 1451 1406 1449 1410 1434 1471 1443 1411 1445 1413 1448 1416 1441 1477 1372 1408 129 159 128 157 1372 1408 128 157 1442 1478 1369 1426 1439 1475 1444 1479 1365 1418 149 183 147 182 1365 1418 147 182 1447 1480 1373 1422 1437 1474 1438 1476 1377 1435 1369 1426 1444 1479 1446 1443 1438 1476 1429 1469 1371 1420 1373 1422 1438 1476 1377 1435 1444 1479 1448 1416 1449 1410 1365 1418 1447 1480 1381 1436 1377 1435 1448 1416 1369 1426 1450 184 144 176 1372 1408 1442 1478 1373 1422 1368 1421 1372 1408 1373 1422 1446 1443 1371 1420 1438 1476 1365 1418 1374 185 149 183 1376 1415 1381 1436 1448 1416 1342 1378 1349 1380 1455 1481 284 368 283 373 1401 1384 1453 1482 284 368 1401 1384 1452 365 284 368 1453 1482 1454 1483 1348 1385 1452 365 1454 1483 1452 365 1453 1482 1454 1483 1350 1386 1348 1385 1455 1481 1350 1386 1454 1483 1455 1481 1349 1380 1350 1386 1456 1388 1296 1299 1217 1296 1270 1348 1351 1387 1269 1313 1352 1349 1270 1348 1224 1325 1352 1349 1271 1318 1272 1350 1457 1390 1353 1389 1220 1307 1275 1315 1274 1351 1276 1312 1460 1393 1275 1315 1222 1320 1354 1394 1460 1393 1223 1309 1461 1397 1284 1396 1282 1311 1285 1319 1461 1397 1283 1316 1356 1398 1287 1322 1286 1328 1463 1400 1464 1352 1291 1324 1292 1317 1294 1310 1467 1484 1292 1317 1467 1484 1466 1485 1292 1317 1466 1485 1465 1353 1295 1304 1466 1485 1294 1310 1295 1304 1465 1353 1466 1485 1468 1486 1466 1485 1467 1484 1466 1485 1467 1484 1294 1310 1296 1299 1456 1388 1216 1302 1290 1323 1465 1353 1456 1388 1460 1393 1354 1394 1275 1315 1463 1400 1290 1323 1456 1388 1464 1352 1463 1400 1456 1388 1459 1392 1384 108 1370 1431 1459 1392 1370 1431 154 1331 1446 1443 1221 1314 1353 1389 1446 1443 1353 1389 1401 1384 154 1331 1370 1431 1398 1424 1351 1387 1464 1352 1456 1388 1455 1481 1366 1407 1342 1378 1454 1483 1366 1407 1455 1481 1462 1399 1464 1352 1351 1387 1278 1297 1459 1392 1277 1298 1215 1301 1277 1298 1459 1392 1355 1395 1459 1392 1278 1297 1355 1395 1384 108 1459 1392 1279 1300 1384 108 1355 1395 1462 1399 1351 1387 1270 1348 1408 102 1221 1314 1446 1443 1458 1391 1366 1407 1454 1483 63 87 3 69 1461 1397 1458 1391 1398 1424 1366 1407 1408 102 1272 1350 1221 1314 1281 1303 3 69 1384 108 1281 1303 1384 108 1279 1300 63 87 1461 1397 1285 1319 1288 1327 1285 1319 1356 1398 1288 1327 1356 1398 1286 1328 1289 1329 1270 1348 1352 1349 1289 1329 1462 1399 1270 1348 1457 1390 1458 1391 1454 1483 1408 102 1352 1349 1272 1350 27 31 63 87 1285 1319 1457 1390 1454 1483 1453 1482 1284 1396 3 69 1281 1303 51 23 1352 1349 1408 102 1354 1394 1215 1301 1274 1351 1361 1403 1285 1319 1288 1327 1361 1403 1288 1327 1363 1404 1361 1403 27 31 1285 1319 46 70 27 31 1361 1403 51 23 1289 1329 1352 1349 1353 1389 1457 1390 1453 1482 1357 1401 1288 1327 1289 1329 1357 1401 1363 1404 1288 1327 1465 1353 1295 1304 1216 1302 106 25 1289 1329 51 23 106 25 1303 117 1357 1401 106 25 1357 1401 1289 1329 1458 1391 154 1331 1398 1424 1459 1392 1274 1351 1215 1301 1465 1353 1216 1302 1456 1388 1354 1394 1274 1351 1275 1315 3 69 1284 1396 1461 1397 1401 1384 1353 1389 1453 1482 1473 327 394 526 260 324 412 558 1470 489 352 491 1477 599 394 526 1473 327 412 558 352 491 1476 495 1477 599 1473 327 263 331 274 348 1472 335 271 343 343 478 1474 471 339 476 1479 500 412 558 1476 495 267 336 1477 599 263 331 1480 338 1477 599 267 336 1477 599 1480 338 456 600 415 456 1479 500 360 457 1483 590 1480 338 270 340 449 342 1483 590 270 340 453 591 449 342 273 345 277 350 453 591 273 345 1470 489 411 553 349 485 1469 359 1486 353 280 356</p>
        </triangles>
      </mesh>
    </geometry>
    <geometry id="shape0_002-mesh" name="shape0.002">
      <mesh>
        <source id="shape0_002-mesh-positions">
          <float_array id="shape0_002-mesh-positions-array" count="1056">-0.01072353 -0.04816102 0.0730738 -0.008963704 -0.04673892 0.07247394 9.06778e-4 -0.04710054 0.07152891 -0.002286911 -0.01107865 0.1603341 -0.007687211 -0.0132842 0.1596909 -0.01003235 -0.01156556 0.159225 -0.01636648 -0.01427298 0.157181 -0.01689422 -0.01242899 0.1570328 -0.02306282 -0.01371341 0.1539109 -0.0241394 -0.01593226 0.153131 -0.03054213 -0.01595675 0.1483221 -0.03688633 -0.01906919 0.1406782 -0.04099756 -0.02212888 0.1330739 -0.04318177 -0.02490949 0.1261963 -0.04427492 -0.02773141 0.1192932 -0.04384571 -0.03200244 0.108851 -0.04388558 -0.03357863 0.1093104 -0.04088723 -0.03609257 0.09867268 -0.04108315 -0.03754407 0.09956318 -0.0372405 -0.03891932 0.0918262 -0.03674173 -0.04086101 0.09119862 -0.03072494 -0.04373133 0.08419936 -0.02736699 -0.04325026 0.08088809 -0.02607715 -0.04521685 0.08029437 -0.01964813 -0.04692643 0.07633173 -0.01497012 -0.0460304 0.07423168 0.001416206 0.0604459 0.07100218 0.02084237 0.06031858 0.07609325 0.04162245 0.06030917 0.09909421 -0.01583248 0.06047487 0.07381927 -0.009640216 0.0603066 0.07211822 0.02797406 0.06029212 0.08072924 0.03251928 0.06043875 0.08487623 -0.03082263 0.06044268 0.08309161 0.036228 0.06033033 0.08930188 -0.02359658 0.06045174 0.07758384 -0.02056539 0.06026536 0.0759744 0.03959977 0.06044316 0.0946049 0.04376596 0.06029313 0.1054998 0.04496389 0.0602591 0.1138797 -0.04376864 0.0602774 0.1053924 0.01460146 0.0602945 0.07350605 -0.04118883 0.06029242 0.09797155 -0.03751289 0.06045216 0.09111946 -0.03430205 0.06028109 0.08687597 -0.04294759 -0.02336239 0.1296347 -0.001551687 -0.01074343 0.1610016 -0.03975313 -0.02032887 0.1371991 -0.03104603 0.06004452 0.1486477 0.03820925 -0.01918309 0.13977 0.00832498 0.06004893 0.1602684 0.04479157 -0.02722501 0.1201888 0.02316206 -0.01332587 0.1546168 -0.001706421 -0.04361003 0.06552237 -0.002975761 -0.04501765 0.06478446 0.001862883 -0.04507637 0.06255257 -4.60048e-4 -0.0436092 0.06337916 0.001698255 -0.04362881 0.06470286 -0.01278167 0.05539554 0.1591928 0.03083282 0.06003665 0.1488538 -0.04455423 0.06027758 0.122517 0.0252431 0.06030368 0.1532295 0.02021604 0.06031465 0.1561974 -0.0164228 0.0602951 0.1579104 -0.02109092 0.06024968 0.1557264 0.04447972 0.06028175 0.1228233 0.04245656 0.06029284 0.1309178 -0.03448867 0.06029087 0.1448239 0.03890454 0.06004035 0.1387116 -0.04496341 0.06028652 0.1137953 1.22886e-5 0.06005549 0.16104 -0.008331835 0.06032699 0.1602158 -0.03911215 0.06037044 0.1383451 -0.0424205 0.06028145 0.1310377 0.006364405 0.0603258 0.1605833 -0.03029358 0.06048268 0.1493493 0.0307793 0.06047648 0.1489008 0.01456421 0.06030756 0.1585268 0.04498523 0.06046169 0.1184989 0.04079395 0.06031411 0.1349068 0.03757888 0.06045579 0.1407863 -0.02444887 0.06032615 0.1537684 0.0348705 0.06029719 0.1443236 0.03371214 0.06158119 0.1458057 0.006127297 0.06151092 0.07146787 0.02588486 0.06151115 0.1527519 0.01445448 0.06151175 0.07343941 0.02229207 0.06150907 0.07695865 0.0102902 0.06149148 0.159777 0.03082835 0.06151497 0.08317476 0.003260195 0.06154626 0.1607725 0.03888285 0.0615251 0.09330999 0.04498142 0.06150472 0.1185557 0.04311156 0.06150913 0.1287347 0.03991633 0.06151014 0.1366726 -0.002174258 0.06152123 0.07112294 0.01824551 0.06153279 0.1570894 0.0438202 0.06150883 0.1055073 -0.03388053 0.06152677 0.145651 -0.02793401 0.06151366 0.08066636 -0.01809591 0.06153923 0.07484054 -0.004374563 0.0615096 0.1608012 -0.01445484 0.06151187 0.1585605 -0.04106217 0.06151002 0.09742581 -0.03524422 0.06151014 0.08809518 -0.02370411 0.06150132 0.1543338 -0.01029014 0.06149154 0.07222294 -0.03991633 0.06151014 0.1366726 -0.04311144 0.06150919 0.1287349 -0.04496121 0.06151723 0.1185652 -0.04413366 0.06150931 0.1074588 -0.001415967 0.0604459 0.1609977 -0.02787286 0.06023472 0.08065295 0.004485547 0.06003975 0.0711748 0.008749365 0.06031882 0.07189279 -0.0390824 0.06004285 0.09360796 -0.004303097 0.06030666 0.07119131 0.03419929 0.06005018 0.0866906 0.03906804 0.06004858 0.09358662 -0.01299202 0.06004887 0.07286202 -0.03894764 0.0600332 0.1386379 0.0382936 -0.03986483 0.09383654 0.03219705 -0.04319334 0.08557873 -0.03800004 -0.02169626 0.1387569 0.02161598 -0.01529633 0.1546633 0.04140192 -0.03716397 0.1003008 -0.004696428 -0.04861217 0.07206559 0.04358023 -0.03402698 0.1082898 0.01372969 -0.0139147 0.1581158 0.04423862 -0.02990221 0.1185917 0.003696143 -0.04866689 0.07191497 0.003680646 -0.01309055 0.1601855 0.01364988 -0.04786741 0.07392138 0.04215216 -0.02525556 0.1299039 0.0369383 -0.0210222 0.140552 0.02299457 -0.04615187 0.07813334 0.02944248 -0.01750779 0.1491717 -0.04230952 -0.02553552 0.1293355 -0.04417401 -0.02948552 0.1193894 -0.03217256 -0.01858484 0.1465617 0.00957787 -0.046624 0.07263422 0.01594573 -0.04588842 0.07454937 0.02289634 -0.0445199 0.07792288 0.03098267 -0.04200983 0.08405566 0.03690266 -0.03908693 0.09127455 0.04087418 -0.0361132 0.09860873 0.04330199 -0.03307342 0.1061396 0.04426997 -0.03019106 0.1133598 0.04413741 -0.02719283 0.1206951 0.03725796 -0.01929789 0.1400852 0.03232038 -0.01671338 0.1464555 0.02611595 -0.01454454 0.1518706 0.01824367 -0.01265591 0.1565212 0.007064163 -0.01126235 0.1599012 5.22021e-4 -0.0436145 0.06660163 0.04299241 -0.02464926 0.1269172 0.04093325 -0.02210891 0.133143 0.04033827 -0.02073442 0.136191 0.02989846 -0.04243975 0.08230811 -0.03307116 -0.04106914 0.08640164 0.005666673 -0.01085132 0.1607019 -0.01976883 -0.04517847 0.07617193 -0.04231905 -0.03511488 0.1005525 0.003091335 -0.0450074 0.06506556 -1.30138e-4 -0.04510962 0.06817847 8.43363e-6 -0.0450862 0.06197744 -0.03957164 -0.02173477 0.06200075 0.03558653 0.02766937 0.06200385 0.01691722 0.04181206 0.06199932 8.23603e-4 0.04492533 0.06201851 -0.02611142 0.03677618 0.06199932 -0.04442155 0.007334828 0.06200051 0.0250616 -0.04393517 0.07861745 -0.02485162 -0.04400211 0.07839816 0.01513648 -0.01176738 0.1584886 -0.03904414 -0.0379225 0.09358131 0.03556036 -0.04001742 0.08834618 0.03953349 -0.03762459 0.09446901 0.04295712 -0.03433412 0.1024383 -0.04467284 -0.0265727 0.1217303 -0.00842148 -0.01105386 0.1602551 0.04492449 0.01079881 0.1122316 0.01695597 0.04309952 0.07426548 0.04212915 0.01568758 0.09396409 -0.006754517 0.04447931 0.06201225 0.008877515 0.04418724 0.0620073 0.04319882 0.01269292 0.09732258 0.009398043 0.0446009 0.07154864 -0.005108714 0.04465144 0.06991893 -0.02004325 0.040394 0.06200391 0.02386128 0.0382831 0.06200057 0.02985769 0.0337857 0.06200188 0.006742119 0.04441201 0.07010746 0.04464679 0.006146132 0.1017554 -0.04441541 0.01300853 0.1076994 0.01694267 0.04209446 0.07363253 -0.001116573 0.04494696 0.06988024 -0.04465454 0.005701363 0.1030712 0.01030164 0.04370158 0.07065194 0.02191197 0.04048752 0.07659798 0.00257194 0.04489988 0.07009714 -0.04261189 0.02120542 0.101256 -0.04365926 0.01085442 0.09703648 0.03928065 0.02199459 0.06200331 0.01718449 0.04143935 0.07244551 -0.04238665 0.01749372 0.09821546 -0.04005467 0.02505707 0.09533041 0.04502767 0.001801908 0.06201475 0.04159414 0.01722973 0.06201356 -0.04510092 -0.001225471 0.06200027 0.02509111 0.03881853 0.07851731 -0.04170763 0.01662951 0.09248322 0.03202861 0.0311768 0.07951587 0.02870965 0.03432255 0.07783901 0.02198123 0.03900605 0.07466953 0.0354588 0.02736175 0.08290332 0.03857678 0.02285301 0.08721166 -0.03912168 0.02346074 0.0914312 -0.04494661 0.009535551 0.1131804 0.01332038 0.04289919 0.0676645 -0.03695428 0.02921372 0.09012722 -0.03932321 0.0216282 0.08755612 0.04396384 0.009878873 0.06200498 -0.03695476 0.02617985 0.08741343 -0.03211885 0.03387874 0.0842874 -0.03588742 0.02677577 0.08357846 0.0299924 0.03583115 0.082327 -0.03183311 0.03202438 0.08188426 -0.01012831 0.04373687 0.06820201 -0.02554917 0.03896653 0.07881921 -0.03201138 0.03134751 0.08010578 0.02533096 0.03694331 0.07666158 -0.02729338 0.03571289 0.07837563 -0.02335745 0.03901147 0.07679903 0.02974706 0.03421181 0.08066463 -0.01911765 0.04176819 0.07513523 0.03551071 0.03086715 0.08816397 -0.04248446 0.01489084 0.06199783 -0.01528149 0.04370206 0.07368344 -0.01392126 0.04286825 0.06200933 -0.02375608 0.03796899 0.0752629 0.0352903 0.02854537 0.0858376 -0.03929281 0.02201437 0.06200093 -0.01385694 0.0432583 0.07260721 -0.009887218 0.04493111 0.07199877 -0.004819154 0.04548788 0.07110434 -0.01918756 0.04046416 0.07343471 0.03977209 0.02545499 0.09466314 -0.001044332 0.04589742 0.07091647 0.03857171 0.02454978 0.09075427 -0.0152716 0.04214638 0.07191956 -0.03375709 0.02998501 0.06200128 0.04209494 0.02235263 0.1000573 -0.01040774 0.04372233 0.07083749 0.004173874 0.04591101 0.0710904 0.04042083 0.01972138 0.09145003 0.04265969 0.01785153 0.09993261 0.04381662 0.0189023 0.1056602 0.04417234 0.01256543 0.1054945 0.01073956 0.04505777 0.07225048 -0.02745401 -0.03556871 0.077129 0.02970629 -0.03371399 0.07843279 0.03847253 -0.02738058 0.09241533 0.002749681 -0.04581201 0.0707879 -0.02605223 -0.03703665 0.0620023 -0.01417738 -0.04277449 0.0715093 0.04137045 -0.02409338 0.09813934 0.03749752 -0.02568364 0.08816379 -0.04490011 -0.01015377 0.1118527 0.02322089 -0.03889167 0.06200021 -0.003133296 -0.04512631 0.06997245 0.008013963 -0.04462748 0.06202673 -0.01843768 -0.04143428 0.0619986 -0.04367673 -0.01743435 0.1046394 0.03777718 -0.02436488 0.08521509 0.009405076 -0.04539835 0.07190251 -0.04411506 -0.009224474 0.1009697 0.009206771 -0.04446822 0.07116997 0.01680511 -0.04332739 0.07419502 -0.04500979 -0.002729773 0.1032639 -0.04189968 -0.02152693 0.09913194 -0.03933048 -0.02609854 0.0937857 0.04137879 -0.02003085 0.09609442 -0.04269641 -0.01559495 0.09743374 -0.04264599 -0.01445734 0.09293794 -0.008709967 -0.04429733 0.07072073 0.04377132 -0.01906156 0.1054177 -0.03938424 -0.02269238 0.09085148 0.003788292 -0.0450015 0.06991827 -0.03623145 -0.03015512 0.08918446 -0.03907364 -0.02227658 0.0870673 -0.0327835 -0.03412282 0.08512896 0.04381221 -0.01422494 0.1034585 -0.04352486 -0.01201856 0.06199991 -0.03476309 -0.02952784 0.08545839 -0.03541171 -0.02764308 0.0830357 -0.02954828 -0.03475266 0.08077561 0.04134273 -0.01780128 0.09119087 0.0166645 -0.04241287 0.07351922 -0.02413338 -0.03970825 0.07791537 0.0218482 -0.04109603 0.07664513 -0.02819186 -0.03748464 0.08091121 0.04379785 -0.0108112 0.09866815 -0.03231388 -0.03123903 0.08069819 0.04500889 -0.009603202 0.113294 -0.01983869 -0.04158931 0.0754354 -0.002145469 -0.04506915 0.062734 -0.02368658 -0.03827804 0.07574045 -0.0158168 -0.04358464 0.07382667 0.02669996 -0.0383414 0.07967919 -0.03389209 -0.03008794 0.06200397 -0.01059949 -0.04509824 0.07219135 0.0157988 -0.04217249 0.0718401 0.03389567 -0.02944481 0.08214765 -0.01426923 -0.04332661 0.07275497 0.009319126 -0.04415553 0.07020038 -0.01936525 -0.04061198 0.07333356 0.02354627 -0.03884625 0.07651293 0.01685321 -0.04206877 0.06200599 -0.005072534 -0.04692602 0.07126706 0.001990079 -0.04506516 0.06728351 0.03667968 -0.02643752 0.0619989 0.03050398 -0.03336346 0.06200438 0.04496872 -0.002874076 0.1030402 -0.008272707 -0.04457116 0.06203573 -0.003597438 -0.04586172 0.07090699 0.02971684 -0.03441351 0.08062148 -0.002547144 -0.04504382 0.06667429 0.03107011 -0.03531938 0.08341783 0.04216748 -0.01627659 0.06200158 0.03525322 -0.03133845 0.08787626 0.02333092 -0.03844267 0.07471644 0.04456388 -0.006588578 0.06199747 0.0338633 -0.03094667 0.08514201 -0.03584724 -0.03986293 0.08880251 -0.03407758 -0.01692235 0.1456193 -0.02644634 -0.01417034 0.1524712 -0.04432642 -0.03203004 0.1082399 -0.04499042 -0.02934986 0.1148758 -0.01767241 -0.01214736 0.1575297 -0.01511716 -0.04597193 0.07353019 -0.03206992 -0.04161554 0.08439904 0.04012036 -0.02054721 0.13638 0.03949445 -0.02011615 0.1375599 0.04360479 -0.02435743 0.1272538 0.0192008 -0.04532092 0.07529091 0.04498106 -0.02906125 0.11554 0.04456555 -0.03144651 0.1096736 0.01199448 -0.04634624 0.07260018 0.02944397 -0.01518946 0.1500388 0.003653645 -0.04695916 0.07114541 0.03501975 -0.01747226 0.144312</float_array>
          <technique_common>
            <accessor source="#shape0_002-mesh-positions-array" count="352" stride="3">
              <param name="X" type="float"/>
              <param name="Y" type="float"/>
              <param name="Z" type="float"/>
            </accessor>
          </technique_common>
        </source>
        <source id="shape0_002-mesh-normals">
          <float_array id="shape0_002-mesh-normals-array" count="1056">-0.3714529 -0.8229281 -0.4298978 -0.3224108 -0.7396465 -0.5907406 -0.2247766 -0.8311395 -0.5086086 -0.08951216 -0.8285599 -0.5526989 -0.2099724 -0.5793774 -0.7875491 -0.003234922 -0.6581339 -0.7528941 0.09558534 -0.8309397 -0.5480901 0.04007196 -0.5298777 0.8471269 -0.02609425 -0.6007183 0.7990349 -0.1039487 -0.5299066 0.8416613 -0.1568382 -0.5459889 0.8229812 -0.2346939 -0.5614038 0.7935646 -0.2288048 -0.5564931 0.7987265 -0.3573523 -0.561558 0.7462922 -0.3267764 -0.5331519 0.780363 -0.4365193 -0.5451685 0.7157111 -0.5012556 -0.5551839 0.663712 -0.5654397 -0.5456018 0.6185441 -0.5826395 -0.5838603 0.5653657 -0.6269243 -0.5864254 0.5129048 -0.6648598 -0.5993352 0.4458238 -0.7052465 -0.5926293 0.3891246 -0.6998166 -0.6507409 0.2946066 -0.7585254 -0.58188 0.293351 -0.8064631 -0.5807144 0.1113026 -0.7354492 -0.6622033 0.1435313 -0.7738751 -0.6285122 -0.07803755 -0.7007209 -0.7132337 0.01696866 -0.8683108 -0.3559796 -0.3454199 -0.6575135 -0.7344228 -0.1682238 -0.6615318 -0.6864658 -0.3018948 -0.5721992 -0.7734104 -0.2728086 -0.6030851 -0.622312 -0.4990154 -0.4924002 -0.7614288 -0.4216257 -0.4676389 -0.5540986 -0.6886863 -0.5005132 -0.2769608 -0.8202313 -0.5901275 0.2808416 -0.7568868 -0.6619667 -0.3361411 -0.6699323 0.6460082 -0.5079376 -0.5698007 0.7986568 -0.07892262 -0.5965892 0.6065269 0.09527909 -0.7893334 -0.4349578 0.2600835 -0.8620722 -0.2935003 -0.4529616 -0.8418334 -0.183998 -0.2706715 -0.9449241 -0.7541366 -0.4550456 -0.4735099 -0.7556053 0.02929884 -0.6543716 -0.9229317 -0.02816921 -0.3839318 -0.9919134 0.113712 -0.05636769 -0.7873362 -0.5812396 0.2055778 -0.768593 -0.5559359 0.3165441 -0.1911714 0.09781354 0.9766709 -0.2782086 0.01129192 0.9604544 -0.128701 -0.4997887 0.8565321 -0.02011215 -0.507779 0.8612527 0.5542256 0.02218729 0.8320708 0.3365358 -0.5447075 0.768139 0.4537582 -0.5235554 0.7211056 -0.983369 0.09152799 0.1568703 -0.7208105 -0.5412335 0.4330112 -0.007538318 0.5223718 0.8526845 -0.9373456 0.06174093 0.3428866 0.5836264 0.5195047 0.6240954 -0.6456726 -0.5314988 0.5482846 -0.8525533 0.03039705 0.5217559 0.08807712 -0.4953804 0.8641995 -0.544584 -0.5147363 0.6621744 -0.7846157 -0.00463885 0.6199651 0.5471441 -0.5262996 0.650878 -0.580082 0.5173646 0.6291571 0.2005706 0.2511405 0.9469425 -0.4146919 -0.50396 0.7576643 0.7822679 -0.007538199 0.6228967 -0.5613411 -0.01382517 0.8274692 0.7635862 0.4582433 0.4549167 0.6982148 -0.3945503 0.5973494 -0.376208 0.5798919 0.7226293 -0.273056 -0.5012488 0.8210908 0.8136805 0.3662645 0.4514139 0.2253855 -0.5063468 0.8323547 -0.3766348 0.07684677 0.923169 0.9360574 0.06866842 0.3450817 0.6512747 -0.494865 0.5752825 0.7413133 -0.5382685 0.4009012 0.321462 0.05826175 0.9451285 0.9832159 0.08261626 0.1626688 0.7824106 -0.5538248 0.2848015 0.4605256 0.06085407 0.885558 0.9902526 0.1246094 -0.06222838 0.7521997 -0.6177333 0.2293496 0.4441172 -0.8840228 -0.1458213 0.2727479 -0.9609503 0.04672449 0.1532952 -0.9799237 0.1274764 0.112553 -0.8928556 0.4360514 -0.02203464 -0.8881922 -0.4589435 -0.4561428 -0.8853064 0.09036791 -0.13062 -0.9808403 0.1445365 -0.2351506 -0.9717934 -0.01794528 0.1189343 -0.1207349 0.9855343 0.8743661 -0.3089731 0.374192 -0.8665676 0.06793612 0.4944141 0.8950474 -0.4432357 0.04931962 0.7555875 -0.4257085 0.4978552 -0.5972933 -0.4085009 0.690194 0.59604 -0.4557127 0.6611069 0.5564906 0.6700533 0.4912707 0.6560162 0.6709707 0.3456026 0.09570807 0.6725203 -0.733864 0.03756922 -0.5052772 -0.8621391 -0.03152662 0.7072282 -0.7062821 0.2130523 0.06653112 -0.9747731 0.4275417 0.6807891 0.5947558 0.2316414 0.688332 -0.6874164 0.3274396 -7.0194e-4 -0.9448719 0.2840135 0.6870222 0.6688326 0.4499677 0.0609458 -0.8909629 0.3800291 0.6853159 -0.6212248 0.1869001 0.6426752 0.7429921 0.5066 0.6685082 -0.5444753 0.04052913 0.702271 0.7107552 -0.007690787 -0.5586216 0.8293871 -0.08133423 0.6605625 0.7463526 0.6313229 0.6758201 -0.380393 0.7525063 -0.5409182 -0.3756886 0.9199749 0.1325455 -0.3688873 0.7221474 0.6703561 -0.1706638 0.9728 -0.01922708 -0.2308473 0.7210822 0.6916614 0.04056024 0.7161954 0.6708132 0.192546 -0.6495801 0.6919718 0.3149932 -0.5592265 0.6686974 0.4900099 -0.7142398 0.6730695 0.191935 -0.7664242 0.6412047 0.03808772 -0.7189363 0.6848466 -0.1188105 -0.6850363 0.6543338 -0.3202695 -0.5632863 0.7004989 -0.4381895 -0.4667105 0.6456487 -0.6044163 -0.3094702 0.6841917 -0.6603863 -0.1712133 0.6791463 -0.7137551 -0.2169016 0.6799424 0.7004514 -0.3807883 0.6509139 0.6567431 -0.1072118 0.06921619 -0.991824 -0.9648247 0.07733488 -0.2512621 0.06814855 0.4850969 -0.871801 -0.7368012 0.5130324 -0.4403656 0.6765486 0.4179598 -0.6062935 0.7741129 0.4555867 -0.4395338 -0.2665829 0.4732266 -0.8396369 0.7183578 -0.635468 0.2830948 0.1960558 -0.5112894 0.8367469 0.3245096 -0.5413172 0.7756734 0.4394446 -0.5436673 0.7150626 0.5525766 -0.5838585 0.5947843 0.6814168 -0.5755739 0.4520906 0.6804671 -0.7265214 -0.09555715 0.7206827 -0.6759719 0.1538783 0.5979282 -0.7652335 -0.2385365 0.4415796 -0.7995982 -0.4070016 0.2610594 -0.8257825 -0.4999314 0.7441828 -0.6679761 -9.15579e-5 -0.1350786 -0.8921723 -0.4310248 0.1070621 -0.5808153 0.8069642 0.1899496 -0.7231757 -0.6640301 0.3645248 -0.6870853 -0.6285184 0.502987 -0.5499866 -0.6667225 0.6395902 -0.6483187 -0.4130464 0.8153701 -0.1392571 -0.5619422 0.7840042 -0.6144708 -0.08810853 0.7944843 -0.6048665 0.05414164 0.8833691 -0.4426764 0.1539372 0.7168705 -0.6015681 0.3524382 0.6857984 -0.6111483 0.395194 0.6186566 -0.5909756 0.5176988 0.59916 -0.5288735 0.6010827 0.4624876 -0.5927739 0.6593363 0.4257764 -0.4093569 0.8069334 0.3282709 -0.4270024 0.8425599 0.7440311 -0.6513134 -0.1490259 -0.1306217 -0.7456731 -0.6533833 0.8036957 -0.5942112 -0.03140437 0.8103942 -0.5765902 0.1039468 0.1096259 -0.7605456 -0.6399631 0.2760202 -0.669816 -0.6893181 0.4161922 -0.7203479 -0.554872 0.5351863 -0.6590335 -0.5284416 0.6155974 -0.6452618 -0.4524126 -0.7143036 -0.6314437 -0.301744 -0.6425911 -0.6526931 -0.4013333 -0.5176981 -0.6801826 -0.51898 -0.3315002 -0.6525629 -0.6813731 -0.7918041 -0.6088078 -0.04898416 -0.188027 -0.9575613 -0.2184543 0.03647023 -0.9650123 -0.2596561 0.2042012 -0.9563064 -0.2092368 0.6829025 -0.2661293 -0.6803084 0.5992787 -0.4211675 -0.680796 0.3833829 -0.6274759 -0.6777106 0.4958066 -0.5394484 -0.6805668 0.2700675 -0.6822646 -0.6793958 0.1373655 -0.7289134 -0.6706833 -0.1384026 -0.7212501 -0.678707 -0.2955194 -0.6721289 -0.6789042 -0.4288018 -0.5935168 -0.6810778 -0.5516961 -0.4874226 -0.6767944 -0.642502 -0.3462162 -0.6836121 -0.7056661 -0.1919661 -0.6820442 -0.7294394 -0.02383548 -0.6836301 0.7069742 0.1603776 -0.6888154 0.7258116 0.02716219 -0.6873571 0.6714816 0.2715896 -0.6894574 0.6303779 0.356741 -0.6894634 0.5749861 0.4501311 -0.683208 0.4873625 0.5440979 -0.6829606 0.3853044 0.6216448 -0.6819812 0.2744578 0.677584 -0.6823144 0.1399589 0.7160307 -0.6838944 0.01174962 0.7184699 -0.6954588 -0.1038874 0.7160419 -0.6902837 -0.2204111 0.6954458 -0.68394 -0.3235376 0.6541252 -0.6836987 -0.4302031 0.5904306 -0.6828742 -0.5497065 0.4878141 -0.67813 -0.6332082 0.3597884 -0.6852736 -0.6838158 0.2398818 -0.6890957 -0.7147275 0.1185973 -0.6892745 0.7160033 -0.1058089 -0.6900317 -0.7272043 -0.6665022 -0.1641612 0.6864014 -0.6718133 -0.2784242 -0.8253041 -0.5614033 0.06082504 0.285753 0.9580646 0.02139407 0.4400537 0.8834339 -0.1609268 -0.2294412 0.9733092 0.005096614 -0.3017396 0.8961548 -0.3253612 -0.1481713 0.9508597 -0.271866 0.4354528 0.2289881 -0.8706005 0.2669556 0.686235 -0.6766213 0.3020201 0.1590672 -0.9399369 0.1508572 0.9730798 -0.1742351 0.07184302 0.9095131 -0.4094197 -0.5710237 0.8090774 -0.1390172 0.4854704 0.6647102 -0.5678725 0.9951749 0.09030669 -0.0383628 0.9766619 0.2034381 -0.06888085 0.9884733 0.1023295 -0.1115767 0.9985615 0.02194339 -0.04892241 0.295611 0.9216555 -0.2513273 -0.4089512 0.8958167 -0.1739873 -0.5026186 0.8317057 -0.2358819 -0.9966578 0.0722689 -0.03808766 -0.9991249 0.01315361 -0.03970491 -0.9922962 0.0556972 -0.1106621 -0.9992489 -0.03436422 -0.01791453 0.9990605 -0.03799575 -0.02084428 0.9998599 -0.0151984 0.00701934 0.579591 0.3478888 -0.7369177 -0.9642066 0.1919684 -0.1829041 -0.9595926 0.05945187 -0.2750413 -0.9779837 0.2020973 -0.05200445 -0.9228196 0.1062386 -0.3702937 -0.9431726 0.3241164 -0.07330763 -0.9227744 0.3077847 -0.2318533 -0.8711387 0.1597678 -0.4643184 0.6538535 0.7198066 -0.2331398 0.5565789 0.7992677 -0.2266967 0.6659853 0.7396887 -0.09656202 0.7452982 0.6649118 -0.0492267 0.8787997 0.4690492 -0.08777314 0.8134073 0.5768807 -0.07468134 0.9314041 0.3429706 -0.1218922 0.9500334 0.3015301 -0.0807234 -0.8946023 0.441823 -0.06692808 -0.8774178 0.4058706 -0.2557482 0.6611439 0.2946352 -0.6899848 -0.7891383 0.5364077 -0.2992115 -0.7912704 0.2199821 -0.5705252 -0.8194333 0.5691781 -0.06756889 0.7571487 0.5411955 -0.3658326 0.7454336 0.2038382 -0.6346485 -0.7400568 0.669039 -0.06857633 -0.7142642 0.6463597 -0.2684137 -0.639011 0.2227291 -0.7362451 -0.6140188 0.611272 -0.4993271 -0.5322872 0.36849 -0.7621585 0.8539022 0.4315137 -0.2909414 0.8452606 0.165109 -0.5082062 -0.3970855 0.6834778 -0.6125206 -0.4057832 0.1978864 -0.8922898 -0.2799518 0.3858225 -0.8790723 -0.03396743 0.9348525 -0.3534079 0.8999963 0.331139 -0.2834672 0.91944 0.1319327 -0.3704372 -0.1474999 0.4648706 -0.8730058 0.9682981 0.1559507 -0.1951367 0.9479386 0.06317555 -0.3121239 0.9802587 0.03454709 -0.1946784 -0.02237069 0.3954703 -0.9182063 0.1392879 0.2833062 -0.9488607 0.8307057 -0.4130792 -0.3732209 0.7590549 -0.5359866 -0.3695322 0.7964296 -0.5934768 -0.1161256 0.8294482 -0.1651999 -0.533596 0.8935884 -0.382949 -0.2342007 0.05493474 -0.5398253 -0.8399827 -0.09579974 -0.5216035 -0.8477926 -0.07461899 -0.9383379 -0.3375709 0.6949067 -0.7126693 -0.09595441 0.2499222 -0.3553967 -0.9006842 0.9029974 -0.1340702 -0.4081922 0.5624988 -0.8193176 -0.1109676 0.3894837 -0.9089173 -0.1489022 -0.49004 -0.8466214 -0.2075887 -0.6153292 -0.7484846 -0.247267 -0.643401 -0.7603498 -0.08890175 -0.9982593 -0.02401876 -0.05386674 0.86255 -0.5025387 -0.05884212 0.1206125 -0.9513497 -0.2835249 0.9388242 -0.07190263 -0.3368072 0.9537127 -0.2132959 -0.2119836 0.2756525 -0.7879843 -0.5505422 -0.9826642 -0.06155765 -0.1748762 -0.9888388 -0.1361442 -0.06051868 -0.9686915 -0.204237 -0.141153 -0.952157 -0.105351 -0.286877 -0.9497107 -0.3111074 -0.03552371 -0.923185 -0.3230797 -0.2082042 -0.9131938 -0.142677 -0.3817334 0.9332188 -0.3532608 -0.06564694 -0.8874602 -0.4575399 -0.05542236 0.9791886 -0.03573834 -0.1997808 0.9850871 -0.1116684 -0.1308953 -0.3568917 -0.9158512 -0.1839698 -0.8583447 -0.1590951 -0.4877839 -0.8523731 -0.4254693 -0.3040331 0.4332566 -0.2599356 -0.862973 0.4851915 -0.6629037 -0.5702175 -0.7811967 -0.1594622 -0.6035757 0.2457122 -0.9619734 -0.1193006 -0.825258 -0.5593174 -0.07818907 -0.7563374 -0.5095862 -0.4102143 0.9822679 -0.1784776 -0.05740702 -0.6860285 -0.1955634 -0.7007995 -0.7524816 -0.6515547 -0.09616601 0.5483295 -0.2436308 -0.7999868 -0.6411007 -0.2846895 -0.7127004 0.6406596 -0.6367532 -0.4290698 -0.5464446 -0.4191799 -0.7250424 -0.419752 -0.1843014 -0.8887302 -0.4127445 -0.7019159 -0.5804792 -0.2961574 -0.3855784 -0.8738536 -0.2416204 -0.9059013 -0.3477967 0.6658122 -0.2110419 -0.7156504 0.7681419 -0.1838486 -0.6133171 0.7359178 0.6604734 0.1489964</float_array>
          <technique_common>
            <accessor source="#shape0_002-mesh-normals-array" count="352" stride="3">
              <param name="X" type="float"/>
              <param name="Y" type="float"/>
              <param name="Z" type="float"/>
            </accessor>
          </technique_common>
        </source>
        <vertices id="shape0_002-mesh-vertices">
          <input semantic="POSITION" source="#shape0_002-mesh-positions"/>
        </vertices>
        <triangles material="SWMaterial-0_002-material" count="699">
          <input semantic="VERTEX" source="#shape0_002-mesh-vertices" offset="0"/>
          <input semantic="NORMAL" source="#shape0_002-mesh-normals" offset="1"/>
          <p>24 0 25 1 0 2 126 3 0 2 1 4 1 4 2 5 126 3 130 6 126 3 2 5 131 7 3 8 4 9 3 8 5 10 4 9 5 10 7 11 6 12 4 9 5 10 6 12 9 13 6 12 8 14 6 12 7 11 8 14 8 14 10 15 9 13 139 16 9 13 10 15 10 15 11 17 139 16 123 18 139 16 11 17 11 17 12 19 123 18 137 20 123 18 12 19 12 19 13 21 137 20 138 22 137 20 13 21 13 21 14 23 138 22 14 23 15 24 16 25 138 22 14 23 16 25 16 25 15 24 17 26 18 27 16 25 17 26 17 26 19 28 20 29 18 27 17 26 20 29 19 28 159 30 20 29 20 29 159 30 21 31 159 30 22 32 21 31 23 33 21 31 22 32 23 33 22 32 161 34 24 0 23 33 161 34 24 0 161 34 25 1 25 1 1 4 0 2 35 35 112 36 33 37 32 38 34 39 31 40 36 41 35 35 29 42 29 42 30 43 36 41 43 44 44 45 42 46 69 47 338 48 179 49 71 50 58 51 180 52 71 50 180 52 46 53 61 54 52 55 349 56 60 57 69 47 179 49 60 57 179 49 45 58 70 59 71 50 46 53 73 60 60 57 45 58 59 61 61 54 349 56 73 60 45 58 47 62 120 63 73 60 47 62 70 59 46 53 160 64 120 63 47 62 335 65 67 66 120 63 335 65 59 61 349 56 351 67 48 68 67 66 335 65 50 69 70 59 160 64 48 68 335 65 336 70 82 71 59 61 351 67 81 72 48 68 336 70 68 73 351 67 49 74 68 73 82 71 351 67 64 75 81 72 336 70 64 75 336 70 339 76 68 73 49 74 342 77 50 69 160 64 174 78 63 79 64 75 339 76 66 80 342 77 157 81 66 80 157 81 344 82 66 80 68 73 342 77 77 83 50 69 174 78 65 84 66 80 344 82 65 84 344 82 51 85 62 86 174 78 52 55 62 86 77 83 174 78 39 87 65 84 51 85 39 87 51 85 346 88 58 51 63 79 339 76 58 51 339 76 180 52 61 54 62 86 52 55 53 89 54 90 306 91 56 92 53 89 306 91 56 92 306 91 165 93 57 94 56 92 55 95 56 92 165 93 55 95 57 94 55 95 163 96 58 51 71 50 63 79 71 50 70 59 74 97 68 73 66 80 79 98 82 71 68 73 79 98 67 66 48 68 81 72 120 63 67 66 72 99 59 61 82 71 61 54 73 60 120 63 72 99 74 97 50 69 77 83 70 59 50 69 74 97 65 84 39 87 78 100 80 101 82 71 79 98 81 72 64 75 63 79 67 66 81 72 75 102 61 54 82 71 76 103 83 104 80 101 94 105 82 71 80 101 83 104 84 106 26 107 95 108 76 103 82 71 83 104 114 109 26 107 84 106 85 110 76 103 83 104 86 111 114 109 84 106 61 54 76 103 85 110 41 112 114 109 86 111 62 86 85 110 96 113 62 86 61 54 85 110 27 114 41 112 86 111 87 115 27 114 86 111 77 83 96 113 88 116 77 83 62 86 96 113 31 40 27 114 87 115 89 117 31 40 87 115 74 97 77 83 88 116 74 97 88 116 90 118 32 38 31 40 89 117 111 119 90 118 101 120 34 39 32 38 89 117 111 119 74 97 90 118 91 121 34 39 89 117 37 122 34 39 91 121 28 123 37 122 91 121 97 124 28 123 91 121 38 125 28 123 97 124 39 87 38 125 97 124 92 126 39 87 97 124 78 100 39 87 92 126 65 84 78 100 92 126 93 127 65 84 92 126 66 80 65 84 93 127 79 98 66 80 93 127 94 105 79 98 93 127 80 101 79 98 94 105 107 128 98 129 83 104 108 130 107 128 83 104 109 131 108 130 83 104 110 132 109 131 83 104 103 133 110 132 83 104 104 134 103 133 83 104 99 135 104 134 83 104 100 136 99 135 83 104 106 137 100 136 83 104 95 108 106 137 83 104 84 106 95 108 83 104 86 111 84 106 83 104 87 115 86 111 83 104 89 117 87 115 83 104 91 121 89 117 83 104 97 124 91 121 83 104 92 126 97 124 83 104 93 127 92 126 83 104 94 105 93 127 83 104 96 113 85 110 83 104 88 116 96 113 83 104 90 118 88 116 83 104 101 120 90 118 83 104 102 138 101 120 83 104 105 139 102 138 83 104 98 129 105 139 83 104 104 134 43 44 103 133 44 45 43 44 104 134 33 37 44 45 104 134 71 50 111 119 101 120 99 135 33 37 104 134 102 138 71 50 101 120 35 35 33 37 99 135 63 79 71 50 102 138 35 35 99 135 100 136 105 139 63 79 102 138 29 42 35 35 100 136 81 72 63 79 105 139 29 42 100 136 106 137 75 102 81 72 105 139 30 43 29 42 106 137 98 129 75 102 105 139 116 140 106 137 95 108 116 140 30 43 106 137 67 66 75 102 98 129 26 107 116 140 95 108 72 99 67 66 98 129 107 128 72 99 98 129 73 60 72 99 107 128 108 130 73 60 107 128 60 57 73 60 108 130 109 131 60 57 108 130 69 47 60 57 109 131 110 132 69 47 109 131 40 141 69 47 110 132 103 133 40 141 110 132 42 46 40 141 103 133 43 44 42 46 103 133 34 39 37 122 28 123 26 107 114 109 116 140 35 35 36 41 112 36 33 37 112 36 44 45 74 97 111 119 71 50 114 109 113 142 116 140 44 45 115 143 42 46 34 39 117 144 31 40 118 145 117 144 34 39 28 123 118 145 34 39 119 146 36 41 30 43 116 140 119 146 30 43 129 147 139 16 123 18 129 147 9 13 139 16 129 147 6 12 9 13 129 147 4 9 6 12 129 147 131 7 4 9 129 147 128 148 131 7 129 147 124 149 128 148 129 147 136 150 124 149 129 147 134 151 136 150 129 147 133 152 134 151 129 147 121 153 127 154 129 147 122 155 121 153 129 147 135 156 122 155 129 147 132 157 135 156 129 147 130 6 132 157 129 147 126 3 130 6 129 147 0 2 126 3 129 147 24 0 0 2 129 147 21 31 24 0 129 147 20 29 21 31 129 147 18 27 20 29 129 147 16 25 18 27 129 147 138 22 16 25 129 147 137 20 138 22 129 147 123 18 137 20 127 154 121 153 125 158 24 0 21 31 23 33 154 159 56 92 57 94 53 89 56 92 154 159 153 160 3 8 131 7 132 157 130 6 140 161 140 161 130 6 2 5 140 161 141 162 132 157 135 156 132 157 141 162 135 156 141 162 142 163 135 156 142 163 143 164 122 155 135 156 143 164 143 164 144 165 122 155 121 153 122 155 144 165 144 165 145 166 121 153 125 158 121 153 145 166 127 154 125 158 146 167 145 166 146 167 125 158 129 147 127 154 147 168 146 167 147 168 127 154 129 147 147 168 148 169 148 169 155 170 133 152 129 147 148 169 133 152 155 170 156 171 133 152 134 151 133 152 156 171 156 171 149 172 134 151 136 150 134 151 150 173 149 172 150 173 134 151 150 173 151 174 136 150 124 149 136 150 151 174 151 174 152 175 124 149 128 148 124 149 152 175 152 175 153 160 128 148 128 148 153 160 131 7 144 165 143 164 177 176 145 166 144 165 177 176 2 5 1 4 319 177 145 166 178 178 146 167 178 178 347 179 146 167 2 5 350 180 140 161 147 168 146 167 347 179 147 168 347 179 148 169 141 162 140 161 348 181 348 181 345 182 141 162 148 169 51 85 155 170 142 163 141 162 172 183 141 162 345 182 172 183 172 183 158 184 142 163 143 164 142 163 158 184 156 171 157 81 149 172 19 28 17 26 334 185 19 28 334 185 159 30 334 185 341 186 159 30 159 30 341 186 22 32 341 186 173 187 22 32 153 160 160 64 3 8 22 32 173 187 161 34 14 23 13 21 179 49 3 8 180 52 5 10 180 52 339 76 5 10 25 1 161 34 340 188 15 24 14 23 338 48 5 10 339 76 7 11 1 4 25 1 340 188 15 24 162 189 17 26 154 159 57 94 320 190 57 94 163 96 320 190 154 159 320 190 164 191 53 89 154 159 164 191 53 89 164 191 327 192 53 89 327 192 54 90 329 193 321 194 269 195 321 194 322 196 269 195 318 197 271 198 269 195 271 198 165 93 269 195 165 93 324 199 269 195 324 199 272 200 269 195 272 200 264 201 269 195 264 201 310 202 269 195 310 202 166 203 269 195 166 203 293 204 269 195 293 204 209 205 269 195 222 206 207 207 269 195 208 208 222 206 269 195 203 209 208 208 269 195 167 210 203 209 269 195 191 211 167 210 269 195 190 212 191 211 269 195 168 213 190 212 269 195 185 214 168 213 269 195 169 215 185 214 269 195 184 216 169 215 269 195 239 217 184 216 269 195 189 218 239 217 269 195 170 219 189 218 269 195 251 220 170 219 269 195 242 221 251 220 269 195 237 222 242 221 269 195 171 223 237 222 269 195 209 205 171 223 269 195 207 207 332 224 269 195 332 224 329 193 269 195 155 170 51 85 344 82 47 62 12 19 11 17 155 170 344 82 156 171 160 64 153 160 174 78 175 225 334 185 17 26 161 34 173 187 340 188 47 62 11 17 335 65 174 78 153 160 152 175 156 171 344 82 157 81 162 189 175 225 17 26 335 65 11 17 10 15 1 4 340 188 319 177 150 173 149 172 351 67 149 172 157 81 351 67 152 175 151 174 349 56 174 78 152 175 349 56 143 164 176 226 177 176 162 189 15 24 337 227 337 227 15 24 338 48 151 174 150 173 349 56 150 173 351 67 349 56 335 65 10 15 336 70 336 70 10 15 8 14 336 70 8 14 339 76 179 49 338 48 14 23 339 76 8 14 7 11 145 166 177 176 178 178 140 161 350 180 348 181 45 58 179 49 13 21 45 58 13 21 12 19 347 179 51 85 148 169 45 58 12 19 47 62 180 52 3 8 46 53 46 53 3 8 160 64 168 213 219 228 204 229 228 230 253 231 188 232 182 233 187 234 259 235 192 236 200 237 187 234 189 218 170 219 240 238 195 239 187 234 182 233 193 240 186 241 258 242 193 240 258 242 181 243 198 244 192 236 187 234 168 213 185 214 219 228 250 245 189 218 246 246 197 247 218 248 194 249 197 247 279 250 218 248 323 251 181 243 304 252 323 251 193 240 181 243 199 253 195 239 182 233 204 229 198 244 187 234 204 229 187 234 195 239 169 215 200 237 185 214 205 254 194 249 201 255 202 256 197 247 194 249 202 256 194 249 205 254 206 257 205 254 201 255 207 207 193 240 323 251 211 258 202 256 205 254 217 259 206 257 220 260 217 259 205 254 206 257 231 261 191 211 190 212 231 261 190 212 214 262 214 262 195 239 199 253 213 263 191 211 231 261 212 264 191 211 213 263 212 264 167 210 191 211 216 265 208 208 203 209 215 266 167 210 212 264 208 208 216 265 255 267 208 208 255 267 183 268 217 259 211 258 205 254 197 247 209 205 279 250 221 269 211 258 217 259 216 265 203 209 215 266 183 268 222 206 208 208 186 241 222 206 183 268 186 241 193 240 222 206 223 270 217 259 220 260 188 232 184 216 228 230 214 262 204 229 195 239 231 261 199 253 210 271 221 269 217 259 223 270 192 236 198 244 219 228 207 207 222 206 193 240 227 272 220 260 224 273 227 272 223 270 220 260 203 209 167 210 215 266 231 261 214 262 199 253 225 274 221 269 223 270 234 275 210 271 226 276 228 230 250 245 253 231 171 223 209 205 197 247 171 223 197 247 202 256 230 277 223 270 227 272 230 277 225 274 223 270 232 278 224 273 229 279 234 275 231 261 210 271 239 217 189 218 250 245 232 278 227 272 224 273 233 280 232 278 229 279 219 228 198 244 204 229 237 222 171 223 202 256 232 278 230 277 227 272 239 217 250 245 228 230 235 281 233 280 229 279 240 238 232 278 233 280 237 222 202 256 211 258 213 263 231 261 234 275 241 282 226 276 236 283 241 282 234 275 226 276 242 221 211 258 221 269 242 221 237 222 211 258 246 246 233 280 235 281 243 284 235 281 238 285 212 264 213 263 234 275 243 284 238 285 244 286 246 246 240 238 233 280 185 214 200 237 192 236 196 287 184 216 188 232 243 284 246 246 235 281 250 245 246 246 243 284 215 266 212 264 234 275 215 266 234 275 241 282 251 220 242 221 221 269 251 220 221 269 225 274 185 214 192 236 219 228 249 288 236 283 247 289 249 288 241 282 236 283 169 215 184 216 196 287 251 220 225 274 230 277 253 231 250 245 243 284 184 216 239 217 228 230 253 231 243 284 244 286 216 265 241 282 249 288 255 267 249 288 247 289 245 290 253 231 244 286 216 265 215 266 241 282 256 291 247 289 252 292 255 267 216 265 249 288 188 232 253 231 245 290 256 291 255 267 247 289 256 291 252 292 257 293 200 237 248 294 254 295 170 219 230 277 232 278 170 219 251 220 230 277 183 268 255 267 256 291 196 287 245 290 248 294 187 234 254 295 259 235 170 219 232 278 240 238 200 237 196 287 248 294 190 212 204 229 214 262 196 287 188 232 245 290 258 242 256 291 257 293 187 234 200 237 254 295 186 241 183 268 256 291 190 212 168 213 204 229 200 237 169 215 196 287 181 243 258 242 257 293 258 242 186 241 256 291 189 218 240 238 246 246 333 296 326 297 313 298 330 299 333 296 267 300 263 301 325 302 270 303 326 297 261 304 313 298 350 180 263 301 275 305 333 296 313 298 267 300 262 306 330 299 267 300 331 307 312 308 269 195 316 309 307 310 272 200 260 311 310 202 264 201 268 312 218 248 279 250 267 300 313 298 274 313 263 301 270 303 288 314 266 315 262 306 282 316 275 305 263 301 277 317 273 318 268 312 276 319 262 306 267 300 282 316 268 312 279 250 276 319 273 318 276 319 283 320 280 321 273 318 283 320 283 320 276 319 284 322 280 321 283 320 287 323 281 324 280 321 287 323 312 308 318 197 269 195 282 316 267 300 297 325 283 320 284 322 290 326 287 323 283 320 290 326 331 307 269 195 261 304 263 301 288 314 277 317 267 300 274 313 297 325 286 327 266 315 292 328 265 329 316 309 272 200 266 315 282 316 292 328 281 324 287 323 289 330 289 330 287 323 294 331 278 332 275 305 298 333 275 305 277 317 298 333 291 334 289 330 294 331 54 90 324 199 306 91 315 335 271 198 312 308 279 250 209 205 293 204 276 319 279 250 293 204 284 322 276 319 293 204 294 331 287 323 295 336 287 323 290 326 295 336 291 334 294 331 296 337 307 310 264 201 272 200 292 328 282 316 302 338 286 327 292 328 304 252 291 334 296 337 301 339 322 196 261 304 269 195 277 317 288 314 315 335 294 331 295 336 303 340 278 332 298 333 300 341 294 331 303 340 296 337 301 339 296 337 299 342 290 326 284 322 166 203 299 342 296 337 307 310 296 337 303 340 260 311 270 303 164 191 288 314 282 316 297 325 302 338 312 308 271 198 318 197 298 333 277 317 312 308 307 310 296 337 260 311 284 322 293 204 166 203 164 191 270 303 327 192 300 341 298 333 317 343 299 342 307 310 305 344 308 345 305 344 314 346 321 194 274 313 313 298 305 344 307 310 316 309 277 317 315 335 312 308 311 347 308 345 314 346 290 326 166 203 310 202 270 303 285 348 324 199 300 341 317 343 309 349 261 304 322 196 313 298 265 329 324 199 285 348 305 344 316 309 314 346 292 328 302 338 304 252 288 314 164 191 320 190 317 343 298 333 331 307 298 333 312 308 331 307 314 346 316 309 265 329 319 177 311 347 325 302 270 303 324 199 327 192 304 252 302 338 323 251 313 298 322 196 321 194 309 349 317 343 326 297 306 91 324 199 165 93 350 180 319 177 263 301 319 177 325 302 263 301 311 347 314 346 285 348 288 314 271 198 315 335 163 96 55 95 271 198 328 350 309 349 326 297 302 338 297 325 329 193 303 340 295 336 310 202 55 95 165 93 271 198 288 314 320 190 163 96 271 198 288 314 163 96 311 347 285 348 270 303 325 302 311 347 270 303 297 325 274 313 329 193 317 343 331 307 261 304 326 297 317 343 261 304 274 313 321 194 329 193 302 338 329 193 332 224 265 329 272 200 324 199 330 299 328 350 333 296 323 251 302 338 332 224 314 346 265 329 285 348 328 350 326 297 333 296 54 90 327 192 324 199 323 251 332 224 207 207 260 311 264 201 307 310 290 326 310 202 295 336 260 311 303 340 310 202 319 177 350 180 2 5 49 74 351 67 157 81 342 77 49 74 157 81 343 351 342 77 49 74 158 184 176 226 143 164 346 88 51 85 347 179 349 56 52 55 174 78 280 321 281 324 162 189 281 324 289 330 175 225 289 330 291 334 334 185 291 334 301 339 341 186 301 339 299 342 173 187 299 342 305 344 173 187 305 344 308 345 340 188 308 345 311 347 340 188 275 305 278 332 348 181 278 332 300 341 345 182 266 315 286 327 178 178 181 243 346 88 304 252 347 179 304 252 346 88 39 87 346 88 181 243 286 327 304 252 347 179 178 178 286 327 347 179 38 125 39 87 181 243 38 125 181 243 257 293 252 292 38 125 257 293 177 176 266 315 178 178 28 123 38 125 252 292 247 289 28 123 252 292 262 306 266 315 177 176 118 145 28 123 247 289 176 226 262 306 177 176 330 299 262 306 176 226 236 283 118 145 247 289 117 144 118 145 236 283 158 184 330 299 176 226 328 350 330 299 158 184 226 276 117 144 236 283 309 349 328 350 158 184 31 40 117 144 226 276 309 349 158 184 172 183 300 341 309 349 172 183 345 182 300 341 172 183 31 40 226 276 210 271 27 114 31 40 210 271 27 114 210 271 199 253 348 181 278 332 345 182 27 114 199 253 182 233 41 112 27 114 182 233 259 235 41 112 182 233 350 180 275 305 348 181 114 109 41 112 259 235 113 142 114 109 259 235 254 295 113 142 259 235 248 294 113 142 254 295 116 140 113 142 248 294 245 290 116 140 248 294 340 188 311 347 319 177 119 146 116 140 244 286 119 146 244 286 238 285 173 187 305 344 340 188 235 281 119 146 238 285 36 41 119 146 235 281 229 279 36 41 235 281 112 36 36 41 229 279 341 186 301 339 173 187 224 273 112 36 229 279 334 185 291 334 341 186 44 45 112 36 224 273 175 225 289 330 334 185 220 260 44 45 224 273 115 143 44 45 220 260 162 189 281 324 175 225 115 143 220 260 206 257 42 46 206 257 201 255 42 46 115 143 206 257 273 318 280 321 162 189 337 227 273 318 162 189 40 141 42 46 201 255 40 141 201 255 194 249 338 48 268 312 337 227 69 47 194 249 218 248 69 47 40 141 194 249 218 248 268 312 338 48 69 47 218 248 338 48 245 290 244 286 116 140 268 312 273 318 337 227</p>
        </triangles>
      </mesh>
    </geometry>
  </library_geometries>
  <library_visual_scenes>
    <visual_scene id="Scene" name="Scene">
      <node id="node-shape2-name" name="node-shape2-name" type="NODE">
        <matrix sid="transform">1 0 0 0 0 1 0 0 0 0 1 0 0 0 0 1</matrix>
        <instance_geometry url="#shape2_002-mesh" name="node-shape2-name">
          <bind_material>
            <technique_common>
              <instance_material symbol="SWMaterial-0_002-material" target="#SWMaterial-0_002-material"/>
              <instance_material symbol="SWMaterial-1_002-material" target="#SWMaterial-1_002-material"/>
              <instance_material symbol="SWMaterial-2_002-material" target="#SWMaterial-2_002-material"/>
            </technique_common>
          </bind_material>
        </instance_geometry>
      </node>
      <node id="node-shape1-name" name="node-shape1-name" type="NODE">
        <matrix sid="transform">1 0 0 0 0 1 0 0 0 0 1 0 0 0 0 1</matrix>
        <instance_geometry url="#shape1_002-mesh" name="node-shape1-name">
          <bind_material>
            <technique_common>
              <instance_material symbol="SWMaterial-0_002-material" target="#SWMaterial-0_002-material"/>
              <instance_material symbol="SWMaterial-1_002-material" target="#SWMaterial-1_002-material"/>
              <instance_material symbol="SWMaterial-2_002-material" target="#SWMaterial-2_002-material"/>
            </technique_common>
          </bind_material>
        </instance_geometry>
      </node>
      <node id="node-shape0-name" name="node-shape0-name" type="NODE">
        <matrix sid="transform">1 0 0 0 0 1 0 0 0 0 1 0 0 0 0 1</matrix>
        <instance_geometry url="#shape0_002-mesh" name="node-shape0-name">
          <bind_material>
            <technique_common>
              <instance_material symbol="SWMaterial-0_002-material" target="#SWMaterial-0_002-material"/>
              <instance_material symbol="SWMaterial-1_002-material" target="#SWMaterial-1_002-material"/>
              <instance_material symbol="SWMaterial-2_002-material" target="#SWMaterial-2_002-material"/>
            </technique_common>
          </bind_material>
        </instance_geometry>
      </node>
      <node id="Light" name="Light" type="NODE">
        <matrix sid="transform">-0.2908646 -0.7711008 0.5663932 4.076245 0.9551712 -0.1998834 0.2183912 1.005454 -0.05518906 0.6045247 0.7946723 5.903862 0 0 0 1</matrix>
        <instance_light url="#Light-light"/>
      </node>
    </visual_scene>
  </library_visual_scenes>
  <scene>
    <instance_visual_scene url="#Scene"/>
  </scene>
</COLLADA>