<?xml version="1.0" encoding="utf-8"?>
<COLLADA xmlns="http://www.collada.org/2005/11/COLLADASchema" version="1.4.1" xmlns:xsi="http://www.w3.org/2001/XMLSchema-instance">
  <asset>
    <contributor>
      <author>Blender User</author>
      <authoring_tool>Blender 3.0.1</authoring_tool>
    </contributor>
    <created>2026-06-09T13:19:06</created>
    <modified>2026-06-09T13:19:06</modified>
    <unit name="meter" meter="1"/>
    <up_axis>Z_UP</up_axis>
  </asset>
  <library_lights>
    <light id="Light-light" name="Light">
      <technique_common>
        <point>
          <color sid="color">1000 1000 1000</color>
          <constant_attenuation>1</constant_attenuation>
          <linear_attenuation>0</linear_attenuation>
          <quadratic_attenuation>0.00111109</quadratic_attenuation>
        </point>
      </technique_common>
      <extra>
        <technique profile="blender">
          <type sid="type" type="int">0</type>
          <flag sid="flag" type="int">0</flag>
          <mode sid="mode" type="int">1</mode>
          <gamma sid="blender_gamma" type="float">1</gamma>
          <red sid="red" type="float">1</red>
          <green sid="green" type="float">1</green>
          <blue sid="blue" type="float">1</blue>
          <shadow_r sid="blender_shadow_r" type="float">0</shadow_r>
          <shadow_g sid="blender_shadow_g" type="float">0</shadow_g>
          <shadow_b sid="blender_shadow_b" type="float">0</shadow_b>
          <energy sid="blender_energy" type="float">1000</energy>
          <dist sid="blender_dist" type="float">29.99998</dist>
          <spotsize sid="spotsize" type="float">75</spotsize>
          <spotblend sid="spotblend" type="float">0.15</spotblend>
          <att1 sid="att1" type="float">0</att1>
          <att2 sid="att2" type="float">1</att2>
          <falloff_type sid="falloff_type" type="int">2</falloff_type>
          <clipsta sid="clipsta" type="float">0.04999995</clipsta>
          <clipend sid="clipend" type="float">30.002</clipend>
          <bias sid="bias" type="float">1</bias>
          <soft sid="soft" type="float">3</soft>
          <bufsize sid="bufsize" type="int">2880</bufsize>
          <samp sid="samp" type="int">3</samp>
          <buffers sid="buffers" type="int">1</buffers>
          <area_shape sid="area_shape" type="int">1</area_shape>
          <area_size sid="area_size" type="float">0.1</area_size>
          <area_sizey sid="area_sizey" type="float">0.1</area_sizey>
          <area_sizez sid="area_sizez" type="float">1</area_sizez>
        </technique>
      </extra>
    </light>
  </library_lights>
  <library_effects>
    <effect id="SWMaterial-0_001-effect">
      <profile_COMMON>
        <technique sid="common">
          <lambert>
            <emission>
              <color sid="emission">0 0 0 1</color>
            </emission>
            <diffuse>
              <color sid="diffuse">0.2227451 0.2227451 0.2227451 1</color>
            </diffuse>
            <index_of_refraction>
              <float sid="ior">1</float>
            </index_of_refraction>
          </lambert>
        </technique>
      </profile_COMMON>
    </effect>
    <effect id="SWMaterial-1_001-effect">
      <profile_COMMON>
        <technique sid="common">
          <lambert>
            <emission>
              <color sid="emission">0 0 0 1</color>
            </emission>
            <diffuse>
              <color sid="diffuse">0.3921569 0.5427451 0.64 1</color>
            </diffuse>
            <index_of_refraction>
              <float sid="ior">1</float>
            </index_of_refraction>
          </lambert>
        </technique>
      </profile_COMMON>
    </effect>
    <effect id="SWMaterial-2_001-effect">
      <profile_COMMON>
        <technique sid="common">
          <lambert>
            <emission>
              <color sid="emission">0 0 0 1</color>
            </emission>
            <diffuse>
              <color sid="diffuse">0.4643137 0.4643137 0.4643137 1</color>
            </diffuse>
            <index_of_refraction>
              <float sid="ior">1</float>
            </index_of_refraction>
          </lambert>
        </technique>
      </profile_COMMON>
    </effect>
  </library_effects>
  <library_images/>
  <library_materials>
    <material id="SWMaterial-0_001-material" name="SWMaterial-0_001">
      <instance_effect url="#SWMaterial-0_001-effect"/>
    </material>
    <material id="SWMaterial-1_001-material" name="SWMaterial-1_001">
      <instance_effect url="#SWMaterial-1_001-effect"/>
    </material>
    <material id="SWMaterial-2_001-material" name="SWMaterial-2_001">
      <instance_effect url="#SWMaterial-2_001-effect"/>
    </material>
  </library_materials>
  <library_geometries>
    <geometry id="shape2_001-mesh" name="shape2.001">
      <mesh>
        <source id="shape2_001-mesh-positions">
          <float_array id="shape2_001-mesh-positions-array" count="120">0.00152868 0.06386077 -0.04314982 -6.68409e-4 0.06524288 -0.04322588 8.36182e-4 0.06504708 -0.04331225 0.00105375 0.06644445 -0.04443264 7.16685e-4 0.06290155 -0.0434879 -0.002280414 0.06437337 -0.04423791 -0.00163418 0.0612877 -0.04463082 -0.001395106 0.0645408 -0.04317986 -9.30259e-4 0.06326121 -0.04358625 -0.03478825 0.09880065 -0.05313044 -0.03103363 0.09809863 -0.05325675 -0.03548437 0.09432059 -0.05313903 -0.03391933 0.09757184 -0.05164879 -0.03277975 0.09780877 -0.05167001 -0.031771 0.09713578 -0.05166 -0.03456538 0.09657281 -0.05167001 -0.03243499 0.09629613 -0.05270832 -0.03083282 0.09408432 -0.05312174 -0.03216248 0.09568303 -0.05210429 -0.03433012 0.09545236 -0.05164915 -0.03332906 0.09478479 -0.0516498 -5.25297e-5 0.1543951 -0.04363191 -0.001462697 0.1540725 -0.04313677 -0.002543807 0.155248 -0.04457855 0.001188814 0.1528484 -0.04333442 -0.001024067 0.1530671 -0.04447025 0.001774609 0.1554744 -0.04464846 -0.002139925 0.1510381 -0.04466015 0.001902341 0.1513246 -0.04448932 1.46067e-4 0.1517848 -0.04314982 -0.00112605 0.1527683 -0.0436061 0.03318935 0.09758973 -0.05183583 0.03172016 0.09733521 -0.0517494 0.02970671 0.09645372 -0.05309653 0.03591936 0.09579688 -0.05308151 0.03397107 0.09608453 -0.0519334 0.03190922 0.09614998 -0.05296891 0.03255331 0.09333527 -0.05311214 0.03231263 0.09525305 -0.05202937 0.03125286 0.0960282 -0.05163514</float_array>
          <technique_common>
            <accessor source="#shape2_001-mesh-positions-array" count="40" stride="3">
              <param name="X" type="float"/>
              <param name="Y" type="float"/>
              <param name="Z" type="float"/>
            </accessor>
          </technique_common>
        </source>
        <source id="shape2_001-mesh-normals">
          <float_array id="shape2_001-mesh-normals-array" count="120">0.4404291 0.8048948 -0.3977016 -0.4240577 0.8366098 0.3467842 0.4174093 0.5279799 0.7395992 0.7775983 -0.159066 -0.6083083 0.3776426 -0.3160552 -0.870342 -0.3234435 -0.8793831 -0.3493849 -0.9203242 0.08804666 -0.3811184 -0.4288855 -0.3558837 0.8303037 -0.7603034 0.2607897 0.594918 -0.8380255 0.1443861 0.5261807 -0.5350302 0.766487 -0.3553032 -0.724592 -0.5944267 -0.3487454 -0.3944926 0.5802331 0.7125344 0.1841536 0.8283859 0.5290219 0.7460434 0.489651 -0.4512884 0.8544359 0.1635199 0.4931539 0.6518586 -0.1036125 0.751229 0.7717334 -0.5785788 -0.2639586 -0.07208609 -0.02221786 -0.997151 -0.01541209 -0.7570556 0.6531687 -0.588709 -0.3553617 0.7260439 -0.7418707 0.6200669 -0.2552354 -0.6605635 0.2574623 0.705244 0.08978629 0.6296942 0.7716371 0.6206221 0.7453569 -0.2434572 0.6828339 -0.0137946 0.7304436 -0.6422274 -0.1894667 0.742729 0.7236519 -0.6273928 -0.2875868 0.03695905 0.006073355 -0.9992983 -0.6925333 -0.6644254 -0.2809563 0.05841362 -0.7003231 0.711432 -0.3801172 0.9242143 -0.03659254 0.1568089 0.7863335 -0.5975707 -0.9239441 0.1526275 -0.3507594 0.972094 -0.0252698 -0.2332268 0.4565023 -0.2793399 0.8447337 -0.6806146 -0.4260212 0.5960452 0.06387639 0.3212437 -0.9448399 -0.04718226 -0.9763317 -0.211069 -0.1743593 -0.6031007 0.7783755</float_array>
          <technique_common>
            <accessor source="#shape2_001-mesh-normals-array" count="40" stride="3">
              <param name="X" type="float"/>
              <param name="Y" type="float"/>
              <param name="Z" type="float"/>
            </accessor>
          </technique_common>
        </source>
        <vertices id="shape2_001-mesh-vertices">
          <input semantic="POSITION" source="#shape2_001-mesh-positions"/>
        </vertices>
        <triangles material="SWMaterial-2_001-material" count="49">
          <input semantic="VERTEX" source="#shape2_001-mesh-vertices" offset="0"/>
          <input semantic="NORMAL" source="#shape2_001-mesh-normals" offset="1"/>
          <p>3 0 1 1 2 2 0 3 3 0 2 2 4 4 3 0 0 3 6 5 5 6 4 4 5 6 3 0 4 4 6 5 4 4 8 7 8 7 5 6 6 5 5 6 8 7 7 8 5 6 1 1 3 0 5 6 7 8 1 1 15 9 9 10 11 11 9 10 12 12 13 13 10 14 13 13 14 15 13 13 10 14 9 10 12 12 9 10 15 9 18 16 10 14 14 15 18 16 17 17 10 14 10 14 16 18 9 10 17 17 11 11 16 18 11 11 9 10 16 18 17 17 16 18 10 14 17 17 18 16 20 19 11 11 20 19 19 20 11 11 17 17 20 19 15 9 11 11 19 20 23 21 22 22 21 23 21 23 26 24 23 21 24 25 26 24 21 23 30 26 22 22 23 21 24 25 28 27 26 24 25 28 26 24 28 27 28 27 27 29 25 28 27 29 23 21 25 28 26 24 25 28 23 21 28 27 24 25 29 30 27 29 29 30 30 26 27 29 28 27 29 30 30 26 23 21 27 29 32 31 31 32 33 33 34 34 31 32 35 35 39 36 32 31 33 33 36 37 33 33 31 32 34 34 36 37 31 32 37 38 33 33 36 37 34 34 37 38 36 37 34 34 35 35 38 39 37 38 34 34 38 39 33 33 37 38 38 39 39 36 33 33 38 39</p>
        </triangles>
      </mesh>
    </geometry>
    <geometry id="shape1_001-mesh" name="shape1.001">
      <mesh>
        <source id="shape1_001-mesh-positions">
          <float_array id="shape1_001-mesh-positions-array" count="13599">-0.04180508 0.09861391 -0.04646092 -0.01535993 0.07162332 -0.05251598 -0.03883832 0.0979743 -0.05467796 -1.37101e-4 0.1590808 -0.03858 -0.03882849 0.09370654 -0.04998213 -0.01696795 0.07760351 -0.05625569 -0.01022118 0.0718761 -0.05388671 -8.60371e-4 0.1566518 -0.04423278 -0.00909537 0.1587917 -0.03641682 -0.03310143 0.1352288 -0.05116206 -0.01064598 0.07183504 -0.05399888 -0.04018229 0.1344116 -0.0403434 -0.01362234 0.15725 -0.03668731 -0.005705833 0.1563638 -0.04428982 -0.04037088 0.09813278 -0.05027997 -0.04232835 0.1290638 -0.04121559 -0.03732973 0.09083771 -0.05023294 -0.005471527 0.1559005 -0.04486882 -0.01976382 0.1561494 -0.03701823 -0.01223701 0.1549432 -0.04440003 -0.01084297 0.07544839 -0.05665642 -0.03723579 0.09072339 -0.05027908 -0.01675999 0.0800808 -0.05637997 -0.01285827 0.1558488 -0.0427199 0.006687283 0.07056963 -0.05403345 -0.01923757 0.1550343 -0.03704744 -0.03715038 0.09851336 -0.05552178 -0.04472893 0.1139816 -0.04797434 -0.01221263 0.1541856 -0.04561316 -0.004705071 0.1501927 -0.04943001 -0.03194189 0.08507108 -0.05035179 0.00470215 0.07165795 -0.05508434 -0.005613148 0.1508836 -0.04777705 -0.01805669 0.152752 -0.04609215 -0.007867455 0.07212358 -0.05496275 -0.03690439 0.09210669 -0.05230581 -0.03525876 0.09373515 -0.05438566 -0.01913875 0.1534709 -0.04276597 -0.02842587 0.08058696 -0.05105614 -0.01821136 0.1525987 -0.04487997 -0.03046578 0.08649104 -0.05043303 -0.02738821 0.1500257 -0.03783941 -0.01949965 0.1538128 -0.04381042 -0.03116571 0.0830664 -0.05065387 -0.04505598 0.1236477 -0.0419377 -0.03071349 0.0911259 -0.05543863 -0.03132557 0.08532178 -0.05328989 -0.03424727 0.1441355 -0.03879016 -0.03344702 0.08854734 -0.05390948 -0.0441392 0.106006 -0.04516679 -0.0247811 0.08181679 -0.0553798 -0.02173149 0.07959556 -0.05577856 -0.04275077 0.1019228 -0.04588019 -0.03950089 0.1356478 -0.04013997 0.001331984 0.1602806 -0.01475769 0.03412479 0.1448536 -0.02099531 0.007042229 0.07093244 -0.05186426 0.01252901 0.158039 -0.03664863 0.01100558 0.07305932 -0.05195885 0.03259283 0.08334559 -0.04978388 0.02539026 0.07822459 -0.04839962 0.02730685 0.07968199 -0.04784971 0.04147994 0.1308056 -0.04093509 0.003448545 0.1592178 -0.03596991 0.003123819 0.1592127 -0.03614205 0.03257787 0.1461474 -0.02079671 0.04204815 0.09802997 -0.04650944 0.03516602 0.08575713 -0.04533231 0.04198718 0.09953677 -0.03976982 0.02531671 0.1514235 -0.03762727 0.02351921 0.153539 -0.01778787 0.02996969 0.1487185 -0.01962918 0.04510498 0.1113476 -0.03498142 0.04444104 0.1094248 -0.03576743 0.04407966 0.1096981 -0.03526645 0.04477363 0.1131062 -0.03427207 0.04489433 0.1171194 -0.03233355 0.01942789 0.1558836 -0.01676732 0.04423058 0.1226698 -0.03033006 0.04453617 0.1204047 -0.03127014 0.04452681 0.1196236 -0.04273819 0.04277247 0.1287313 -0.02788233 0.0359584 0.1438548 -0.02186113 0.04324936 0.1248551 -0.04192084 0.03766834 0.1396367 -0.02344554 0.00102514 0.1502038 -0.04491984 -8.1953e-4 0.1504838 -0.04457998 0.003140032 0.1527848 -0.04493999 -0.002600312 0.1519177 -0.04450881 -0.02924811 0.08059978 -0.04266351 -0.0269252 0.07836908 -0.04311847 -0.01626843 0.07287448 -0.04577004 -0.01217061 0.07152307 -0.05019533 -0.01060825 0.07105898 -0.05052638 -0.008714318 0.07063513 -0.04629486 -0.003737211 0.07000362 -0.04687434 -0.005070745 0.1604148 -0.01427245 -0.009864032 0.1597285 -0.01074653 -0.006267666 0.1603017 -0.01418322 -0.01348066 0.1587769 -0.01112753 -0.01031029 0.1595626 -0.01448208 -0.005972266 0.1602376 -0.01425331 -0.01522421 0.1582818 -0.01510107 -0.0181002 0.1572105 -0.01167845 -0.01043403 0.1591066 -0.01223683 -0.01814371 0.1569919 -0.01552033 -0.01692831 0.1575415 -0.01155465 -0.025801 0.1527697 -0.01722341 -0.02632826 0.1524488 -0.01358032 -0.02910012 0.1502891 -0.01822525 -0.03183156 0.1478359 -0.01921564 -0.03176772 0.1475668 -0.0192635 -0.03211784 0.1475927 -0.01551342 -0.04362845 0.1297217 -0.02265554 -0.04096198 0.1351608 -0.02440148 -0.04212003 0.1327405 -0.0215547 -0.04198855 0.1329638 -0.02523994 -0.04249978 0.1310867 -0.0258997 -0.04400634 0.1269621 -0.02774822 -0.04330182 0.129575 -0.02284371 -0.04434651 0.1259262 -0.02432882 -0.04490846 0.1228661 -0.02933925 -0.04426401 0.1257678 -0.02845001 -0.04598945 0.1182665 -0.02723461 -0.04541778 0.1187774 -0.03096264 -0.04555326 0.1148638 -0.03254425 -0.04354143 0.100222 -0.03465378 -0.0445739 0.1056108 -0.03249424 -0.04335457 0.1006708 -0.03440344 -0.0427767 0.09966444 -0.03869277 -0.04334217 0.1010907 -0.03431463 -0.03753918 0.08842766 -0.04267048 -0.04123288 0.09596341 -0.04019242 -0.04182398 0.09710466 -0.03592318 -0.03994959 0.09330803 -0.037472 -0.03737801 0.0895856 -0.03883749 -0.03099501 0.08180695 -0.04208928 -0.03711968 0.08893841 -0.04303103 -0.0352075 0.0863347 -0.04025733 -0.03211331 0.08266222 -0.04161083 0.03077018 0.1022998 -0.0482698 0.02769303 0.09905821 -0.04834747 0.02845317 0.1003003 -0.04734522 0.03247797 0.1040767 -0.04628193 0.03136044 0.1015991 -0.04733544 0.03420925 0.1010385 -0.04703611 0.0293467 0.1016198 -0.04829972 0.02999925 0.1013661 -0.04641175 0.03417593 0.102514 -0.04792094 -0.02892822 0.09800255 -0.04714858 -0.028575 0.09701055 -0.04919081 -0.02751338 0.09935778 -0.04815983 -0.0293675 0.0991007 -0.04900419 -0.02741193 0.09942376 -0.04820328 -0.02951902 0.1019632 -0.04756557 -0.03071486 0.101304 -0.04734009 -0.03098911 0.1024214 -0.0482493 -0.03263849 0.1025898 -0.04796975 -0.03425645 0.1014819 -0.04809689 -0.001137912 0.1472968 -0.03974992 -1.2209e-4 0.1462758 -0.03978997 -0.01468586 0.1082018 -0.04588997 -0.01617544 0.1131598 -0.04582798 -0.01581341 0.1121468 -0.04633986 -0.01536083 0.1100876 -0.04606151 -0.001832783 0.1320325 -0.04640698 -0.01241225 0.1270244 -0.04538977 -0.01320374 0.1252537 -0.04578983 -0.01426988 0.1234356 -0.0456438 -0.01491004 0.1227065 -0.04574996 -0.01411616 0.1231665 -0.04618418 0.01629775 0.1144733 -0.04671293 -0.01560467 0.1204001 -0.0458272 -0.01517081 0.1208151 -0.04590857 0.0147739 0.122167 -0.04654705 0.01462733 0.1221123 -0.04592633 0.01096272 0.1269798 -0.04598802 0.008935153 0.129022 -0.04623717 0.005055844 0.1307597 -0.04631179 0.00756824 0.1300111 -0.0459246 0.003881335 0.1316919 -0.04608768 0.001773953 0.1313688 -0.04595005 0.002062797 0.1313695 -0.04589831 -8.90843e-4 0.1318378 -0.04574996 -0.004345476 0.1308907 -0.04600632 -0.04297119 0.1134146 -0.03168839 -0.04177188 0.1046968 -0.03519994 -0.0405935 0.1007649 -0.03681349 -0.04051983 0.1005454 -0.03698825 -0.0388261 0.09639978 -0.03867983 -0.03759545 0.09411674 -0.03951418 -0.001793444 0.1594637 -0.0131061 -0.03573024 0.09165877 -0.03837138 -0.03313457 0.0876137 -0.04213583 -0.003290295 0.1578555 -0.0116716 -0.00182265 0.1572481 -0.01153296 -0.007445633 0.1573696 -0.01379734 -0.006927013 0.157378 -0.01391398 -0.01791203 0.1542974 -0.01543825 -0.03098464 0.08520919 -0.04310446 -0.0368359 0.08990687 -0.04120004 -0.02968168 0.0838555 -0.04379576 -0.02839297 0.08273595 -0.04411184 -0.02140367 0.1519417 -0.01619786 -0.02427738 0.1506198 -0.01684993 -0.03541767 0.08879911 -0.03886961 -0.02592331 0.1489096 -0.01520067 -0.02472943 0.07975566 -0.04554337 -0.02823925 0.1475411 -0.01803034 -0.02272504 0.07852059 -0.04589056 -0.02279382 0.07866263 -0.04340893 -0.03066587 0.1448953 -0.01907551 -0.01867562 0.07623553 -0.04695814 -0.01899987 0.07653081 -0.04390984 -0.01642447 0.07661271 -0.04477041 -0.03401702 0.1410055 -0.01823848 -0.03448683 0.1407687 -0.02069664 -0.03308892 0.1424361 -0.01985871 -0.0158205 0.07506477 -0.04731982 -0.03565615 0.1389498 -0.01890999 -0.03554475 0.139181 -0.02118253 -0.03461241 0.1408331 -0.02051055 -0.01581221 0.07511675 -0.04448992 -0.03829932 0.1349032 -0.02034753 -0.03811836 0.1371452 -0.01984792 -0.01173871 0.07378697 -0.04526215 -0.04113578 0.1276528 -0.0259298 -0.04321968 0.1162716 -0.03053474 -0.04272145 0.117219 -0.02798563 -0.04337137 0.1221334 -0.02809822 -0.043235 0.117298 -0.02736109 0.03157091 0.09422695 -0.05280464 0.03096663 0.09615504 -0.0516498 0.02832698 0.09520876 -0.05466002 0.03387618 0.09503835 -0.05180722 0.03269046 0.09249174 -0.05387663 0.02819228 0.09394162 -0.05381715 0.03140485 0.09527277 -0.05184996 0.03230023 0.09596019 -0.053056 -0.03310793 0.09405291 -0.05189281 -0.03233587 0.09481966 -0.05174773 -0.03437787 0.09317779 -0.05350995 -0.03321737 0.09523802 -0.05184733 -0.03005969 0.09519678 -0.05332005 -0.03156346 0.09561258 -0.05174213 -0.03162556 0.09451073 -0.05149662 -0.03411239 0.09512269 -0.05174958 0.03143674 0.09534698 -0.04925203 0.03127026 0.0955401 -0.05181503 0.03209668 0.09472179 -0.05183988 0.03296667 0.09550547 -0.05188906 0.03379732 0.09638428 -0.05242025 -0.001424789 0.149484 -0.04532676 -0.03328359 0.09587061 -0.04913842 -0.03314757 0.09523999 -0.04915505 -0.03141486 0.09618532 -0.04925453 9.17794e-4 0.1519984 -0.04328441 0.001832902 0.1541573 -0.04336845 -1.27145e-5 0.1516444 -0.04322075 0.001131117 0.1521118 -0.04174995 8.45746e-4 0.1527658 -0.04345273 5.18397e-4 0.1518176 -0.04195308 -0.001323223 0.1520287 -0.04174995 -0.001446127 0.1531571 -0.04371505 -0.02951174 0.09583133 -0.04167902 -0.03032094 0.09838736 -0.049151 -0.03259646 0.09971112 -0.04915112 -0.03351128 0.09983074 -0.04167896 -0.03395408 0.09967088 -0.04914981 0.02956783 0.09308516 -0.04715895 8.9584e-4 0.1474738 -0.03974992 -0.01471322 0.1084593 -0.0460596 0.01436531 0.1226745 -0.04836964 -0.01303786 0.1251426 -0.04601043 -0.01505112 0.1217344 -0.04868364 -0.01681911 0.1147493 -0.04649543 -0.001291155 0.1314684 -0.04596173 -0.004221856 0.1308838 -0.04606026 0.007285058 0.1566578 -0.01169031 0.006455302 0.1573207 -0.01389664 0.008065044 0.1573676 -0.01403099 0.03387373 0.08919692 -0.03900903 0.03590261 0.09196895 -0.0403468 0.00629884 0.1574496 -0.01380789 0.004060626 0.1575996 -0.0115593 0.006511569 0.1573966 -0.01388418 0.0377407 0.09487473 -0.03920561 0.03973197 0.1002821 -0.03513216 0.04006153 0.09971159 -0.03724998 0.03815913 0.09451818 -0.03931301 0.04039525 0.1012642 -0.03689932 0.04164874 0.1056787 -0.0322262 0.04318135 0.112802 -0.03227925 8.76979e-4 0.07168799 -0.04821079 0.04270464 0.1116086 -0.03253793 -0.006695926 0.07279604 -0.04856139 0.04290735 0.1152346 -0.03084915 0.006968617 0.07274681 -0.04543983 0.00399369 0.07238495 -0.04579502 0.04151958 0.1231422 -0.02814513 0.04335594 0.1176717 -0.02760124 0.04122525 0.1263522 -0.02640938 0.006937265 0.07272052 -0.04825311 0.03947573 0.1316649 -0.02446061 0.01398885 0.07445061 -0.0476486 0.01508796 0.07497936 -0.04478305 0.03821516 0.1342238 -0.02325975 0.03674656 0.1368525 -0.0221253 0.03825151 0.1364141 -0.02254426 0.0380879 0.1339322 -0.0214895 0.03456586 0.1394919 -0.0197345 0.03220194 0.1431539 -0.01957011 0.02967828 0.1455348 -0.01654237 0.02998644 0.1455147 -0.01861286 0.02694112 0.148005 -0.01782792 0.02473968 0.08003777 -0.04534006 0.02784526 0.08246481 -0.04431986 0.02233242 0.1515942 -0.01629048 0.02099895 0.152309 -0.01586288 0.01513618 0.1552284 -0.01493775 0.01737982 0.1545552 -0.01508063 0.03346741 0.08835184 -0.04185634 9.75784e-4 0.1577188 -0.01366567 0.001976668 0.1570177 -0.01146912 0.0213204 0.07761579 -0.04646974 0.02875864 0.1467769 -0.01827526 0.02426403 0.1504763 -0.01682239 0.02235674 0.1516466 -0.01645791 0.04287391 0.1159678 -0.0309 0.04269546 0.1192461 -0.02958571 0.01941061 0.1533498 -0.01577997 0.0261383 0.1493948 -0.01746994 0.04355353 0.1145383 -0.03145593 0.0311281 0.08542454 -0.04324018 0.01888144 0.1535072 -0.01552033 0.03261297 0.08724069 -0.04244065 0.04294532 0.1160084 -0.03082174 0.03513735 0.09058576 -0.04104983 -0.01422876 0.07309162 -0.04613524 0.04053032 0.129283 -0.02553731 0.04201167 0.1244718 -0.02753978 0.01474028 0.1554466 -0.01491475 0.007177293 0.1577188 -0.01410192 0.008668899 0.157305 -0.01437908 0.03881281 0.09696662 -0.03870868 0.03939718 0.1319768 -0.02442985 0.03641688 0.1376688 -0.02210992 0.03694301 0.1375926 -0.02276271 0.01712882 0.07557618 -0.04715651 0.01324313 0.07414263 -0.04784673 0.00868839 0.07213711 -0.0492348 0.02028769 0.07604426 -0.04708606 0.03378921 0.1412377 -0.02037996 0.04140979 0.1033018 -0.03609991 0.01917934 0.07686734 -0.04716938 0.03519576 0.139757 -0.02133941 0.0345003 0.1405746 -0.0209645 0.04241055 0.1087193 -0.03380781 0.0317716 0.1438547 -0.01959991 0.02887868 0.1478781 -0.01858323 0.03115648 0.1443307 -0.01911979 0.02033048 0.07702022 -0.04676789 -0.04194539 0.1246812 -0.02727329 -0.02220296 0.1520333 -0.01665341 -0.02165848 0.1525548 -0.0161997 -0.01225668 0.07384181 -0.04789996 -0.02570384 0.1497829 -0.01727998 -0.03633606 0.09157323 -0.04045259 0.008037805 0.1572778 -0.01418 -0.002468466 0.07077163 -0.04904848 0.004124164 0.1576808 -0.01372987 -0.03473049 0.08932477 -0.04173994 -0.03219741 0.08650177 -0.04264998 -0.0302515 0.08431875 -0.04371976 0.005166888 0.1581196 -0.01351237 -0.03170514 0.1441593 -0.01950401 2.96406e-4 0.1580727 -0.01302659 -0.03206908 0.1438468 -0.01961994 -0.03676354 0.138255 -0.02201253 -0.03510648 0.1402463 -0.02113217 -0.03686726 0.1371847 -0.02207005 -0.005309343 0.1579023 -0.01417994 -0.01228582 0.1564441 -0.0145896 -0.04244738 0.1078878 -0.03396975 -0.04257822 0.1079338 -0.03417003 -0.03709423 0.1369556 -0.02226459 -0.03903537 0.1346035 -0.02283746 -0.0417732 0.1006458 -0.03716999 -0.04069787 0.1301513 -0.02475678 -0.04157203 0.101315 -0.03689885 -0.04263246 0.1230188 -0.0280351 -0.01801204 0.1540611 -0.01550722 -0.002127289 0.1564858 -0.04174602 -7.16728e-4 0.154968 -0.04168909 -0.002663314 0.1565968 -0.01847994 -0.002394855 0.1567738 -0.01906991 9.14782e-4 0.1557589 -0.0417189 6.12072e-4 0.1574937 -0.01387876 0.002258121 0.156794 -0.0115996 -9.55689e-4 0.1576636 -0.01567441 0.001928269 0.1548473 -0.04180455 7.45611e-4 0.1567166 -0.04173219 0.01105904 0.07452905 -0.04497396 0.0387237 0.09968519 -0.03437316 0.04115372 0.1053263 -0.03357815 -9.05502e-4 0.07218796 -0.04576516 -0.009978175 0.07411909 -0.04460263 -0.02207636 0.0795989 -0.04227769 0.03192579 0.1423264 -0.01732802 -0.02614849 0.08249664 -0.04116612 0.03019899 0.1434074 -0.01652401 0.01933068 0.1523208 -0.0132898 0.0239492 0.1494618 -0.01445001 0.002281308 0.1572338 -0.01142179 0.03136348 0.1430019 -0.01717919 -0.03191035 0.08754426 -0.03951197 -0.03073287 0.08692181 -0.03997993 0.02982777 0.08505409 -0.03937745 0.02704346 0.1469155 -0.0156275 0.03214752 0.08821684 -0.03946334 0.03364586 0.09068679 -0.03834003 0.03592944 0.09425252 -0.03701794 0.03711181 0.09567636 -0.03622996 -0.03870385 0.1324732 -0.02132171 -0.0141257 0.07542163 -0.04432457 -0.02156054 0.07941687 -0.04302561 0.01476204 0.154128 -0.01243817 -0.03674089 0.1351554 -0.02051711 -0.03968578 0.1293064 -0.02261132 -0.04136019 0.1249363 -0.02498275 0.03888714 0.1005044 -0.03449267 0.01217412 0.1556803 -0.01197612 0.04102456 0.1084842 -0.03116089 0.04085147 0.106902 -0.03147757 -0.04184764 0.1167901 -0.02738392 0.04164195 0.1139156 -0.02853351 0.0414893 0.1120278 -0.02971005 -0.04188019 0.1158258 -0.02815997 -8.74266e-4 0.07299542 -0.04604762 0.04172497 0.1163696 -0.02791488 0.04164248 0.1158238 -0.02823066 0.04170882 0.11778 -0.02727115 0.04132068 0.1198848 -0.02654999 -0.04174757 0.1121813 -0.02974539 0.04036432 0.1258675 -0.02399551 0.0407648 0.1236258 -0.02499997 -0.04171389 0.1088583 -0.03076165 -0.04118186 0.1068241 -0.03190261 0.01567161 0.07626855 -0.04439777 0.01195657 0.07479864 -0.04461449 0.0399481 0.1267616 -0.0238412 -0.03733211 0.09613645 -0.03617888 0.03767096 0.1324273 -0.02134609 0.038625 0.1312528 -0.02179986 -0.04105126 0.1031218 -0.03316998 -0.03598958 0.09399998 -0.03648561 0.03542947 0.1373447 -0.01954102 -0.03760737 0.09665679 -0.03584975 0.02004551 0.07876479 -0.04326999 0.02095705 0.07876682 -0.04297393 -0.03369915 0.090456 -0.03854191 0.0231629 0.08061414 -0.04254877 -0.02449429 0.1500349 -0.01456809 -0.02590566 0.1487693 -0.01479345 -0.03177815 0.1433637 -0.01703536 -0.02646303 0.1483094 -0.01494938 -0.02378743 0.1503632 -0.01412749 -0.02364516 0.149954 -0.02701216 -0.03046059 0.1444894 -0.02697044 -0.03682345 0.1403095 -0.01877689 -0.005152761 0.157326 -0.01135027 -0.006203413 0.1565068 -0.01160991 -0.01428699 0.1545894 -0.01241207 -0.02263975 0.1503358 -0.01409977 -0.01902711 0.1524793 -0.0133289 -0.01032036 0.1557705 -0.0119009 -0.002537608 0.1568625 -0.01160138 -0.002320051 0.1569789 -0.01146596 -0.04172259 0.1300178 -0.02469235 -0.04316449 0.1169707 -0.03053253 0.01125729 0.0724554 -0.04852491 0.03956085 0.1316571 -0.02458262 0.01083058 0.07333236 -0.04793637 0.04410684 0.1186591 -0.02976089 -0.0109862 0.1584427 -0.01380985 -0.01281529 0.07269173 -0.04782432 -0.01884472 0.07510429 -0.04746317 -0.01842856 0.1542178 -0.01551979 0.02961128 0.08232301 -0.04439789 0.0202248 0.07586193 -0.04718762 -0.001445055 0.1577017 -0.01312881 7.22092e-4 0.1577172 -0.01379334 1.88822e-4 0.1480274 -0.04165232 -0.001570343 0.1524657 -0.04186838 0.003480613 0.1545042 -0.0414589 -0.003719091 0.1546081 -0.04140847 0.001858294 0.1564565 -0.04173988 0.001427412 0.1539061 -0.04188817 7.87014e-5 0.157314 -0.04196 0.005141675 0.1535007 -0.04174995 0.003219962 0.1551048 -0.03943985 0.003006935 0.1555973 -0.03761857 0.003071188 0.1555678 -0.03779989 -0.002819836 0.1569098 -0.01955592 0.03409004 0.09986585 -0.04164981 0.03331965 0.09035617 -0.03852993 0.03887301 0.1298885 -0.02265083 0.02483659 0.1474913 -0.03766405 0.03124719 0.08863997 -0.04890376 0.02896142 0.08835339 -0.04890799 0.003015458 0.1558848 -0.0362277 0.008397698 0.1557788 -0.01775979 0.03468096 0.1364409 -0.03985106 0.008639752 0.07665377 -0.05138093 0.04069167 0.1068668 -0.03201997 0.0413056 0.1108951 -0.0303747 0.006098508 0.1570893 -0.03664642 0.01389431 0.1546525 -0.01239919 0.0374729 0.1331784 -0.02129459 0.03346931 0.0908088 -0.04164981 0.03392797 0.09147679 -0.04164981 0.03538388 0.09015703 -0.03861469 0.03069955 0.1396678 -0.03907471 0.03555405 0.1367778 -0.01974982 0.01974445 0.1521678 -0.01364439 3.02301e-4 0.07398045 -0.05194556 0.04152876 0.1144677 -0.02892303 0.03043949 0.1421128 -0.03932005 0.02803128 0.1446771 -0.03813117 0.0375384 0.09736078 -0.0356999 0.02180016 0.07990777 -0.04499977 0.01651406 0.07738631 -0.0509606 0.03717589 0.09776037 -0.04914724 0.04014915 0.1069709 -0.04493999 0.0407899 0.1233708 -0.02516841 0.01772499 0.07800781 -0.05130517 0.02888518 0.1451429 -0.01645129 0.04086947 0.1138083 -0.04484254 0.0400111 0.1264988 -0.02400994 0.03190034 0.08798003 -0.0394383 0.005754292 0.1563048 -0.01624995 0.02668648 0.1471468 -0.01560992 0.03924208 0.1033308 -0.04585993 -0.02612024 0.08304756 -0.05022126 -0.03438246 0.09148675 -0.03829973 -0.0178669 0.07747679 -0.04377001 -0.02116382 0.08069521 -0.04523414 -0.01919323 0.07928848 -0.05135989 -0.03784167 0.09871578 -0.04672992 -0.01863831 0.1515005 -0.03693413 -0.0312196 0.09294575 -0.04164981 -0.01465654 0.1531862 -0.03688919 -0.0318678 0.0882318 -0.03959894 -0.01842921 0.1515277 -0.03727144 -0.03195905 0.1417837 -0.02763664 -0.03771919 0.09775078 -0.04164981 -0.02193677 0.08021587 -0.05101919 -0.02535325 0.1471908 -0.03769969 -0.02331364 0.1495893 -0.02741587 -0.03860318 0.1310991 -0.02217501 -0.0378127 0.1316222 -0.04050958 -0.03527665 0.137903 -0.02728164 -0.04094785 0.1133642 -0.04543846 -0.03737545 0.09779876 -0.04914999 -0.03595978 0.1345201 -0.04183757 -0.03176677 0.08952647 -0.04745399 -0.003108739 0.07409006 -0.05254536 0.002082467 0.0739721 -0.05197703 -0.03407865 0.09171694 -0.04914999 -0.03883641 0.09978264 -0.03496253 -0.03398966 0.0917508 -0.04914999 -0.03966069 0.1007608 -0.04680722 -0.02816909 0.08431077 -0.04101794 -0.02291601 0.150609 -0.01409661 -0.03436428 0.09986591 -0.04164981 -0.02211076 0.1502218 -0.02274996 -0.02569538 0.0821653 -0.04121136 -0.03789341 0.1337965 -0.02103441 -0.03469061 0.1388566 -0.0271241 -0.02908402 0.145298 -0.02715873 -0.03555065 0.1396094 -0.02686691 -0.03261518 0.1417403 -0.02709764 -0.02963608 0.1449097 -0.02719992 -0.03198623 0.141605 -0.02748674 0.01957708 0.0896188 -0.03473997 0.02681994 0.09040075 -0.03494346 0.02532166 0.08929175 -0.03490024 0.02458125 0.09060591 -0.03446263 0.02631443 0.08932065 -0.03471767 0.0265578 0.08964771 -0.03475928 0.0268504 0.08936679 -0.05143451 0.02521514 0.08938229 -0.03490018 0.02551257 0.08920377 -0.03489995 0.02551168 0.0892015 -0.03490066 0.01931864 0.08958029 -0.03516852 0.01960599 0.08934515 -0.03954815 0.01990556 0.08902734 -0.04523795 0.02092605 0.08899271 -0.0346955 0.02094256 0.0912438 -0.03434973 0.02508288 0.09036833 -0.03487688 0.02453088 0.09053945 -0.03489023 0.02502518 0.09137934 -0.03444522 0.02587181 0.0899052 -0.03496158 0.02634584 0.0889039 -0.05155253 0.02619588 0.08955711 -0.03476065 0.02661615 0.08900725 -0.05154043 0.02649897 0.08955538 -0.03465211 0.020307 0.08925735 -0.0348972 0.02107316 0.08978676 -0.03489995 0.0195524 0.08978676 -0.03489995 0.0203253 0.09035384 -0.03506582 0.019939 0.09207075 -0.03434973 0.01956671 0.09194117 -0.03475934 0.02691507 0.09206169 -0.05108225 0.02657318 0.09180676 -0.03489995 0.0258581 0.08934277 -0.0342698 0.02619951 0.09235978 -0.03466999 0.02608418 0.09188526 -0.03488898 0.02632838 0.09193629 -0.03450959 0.03573012 0.09104025 -0.04092276 0.005198061 0.07116037 -0.04833054 -0.01913422 0.07519072 -0.04697442 -0.03407299 0.08473962 -0.0435096 0.01469057 0.07349675 -0.04739111 0.01715838 0.07429158 -0.04714459 -0.04097795 0.09811317 -0.03805387 0.02282631 0.07718396 -0.04622596 0.04217183 0.1014622 -0.03699636 -0.03778994 0.09168469 -0.0407772 -0.0393269 0.09444278 -0.03944754 0.02520912 0.07892334 -0.046072 0.02153438 0.07671868 -0.04639309 -0.01128453 0.07201576 -0.04850989 0.02862703 0.08113586 -0.04484653 -0.03722321 0.09088218 -0.04078477 -0.006537616 0.07110077 -0.04891997 -0.03840851 0.09311509 -0.04024088 -0.03189063 0.08429932 -0.04354387 -0.001158952 0.07058531 -0.04913061 0.02925622 0.08201539 -0.04427224 -0.02688151 0.07991629 -0.04527431 5.38365e-5 0.07058978 -0.04897975 0.004403531 0.07085037 -0.04887211 0.03735381 0.09163147 -0.03999817 0.03440833 0.0869829 -0.04267412 -0.02846187 0.08107322 -0.04510831 -0.04258561 0.1019638 -0.03628993 0.0282554 0.1496067 -0.01714956 0.04232829 0.1020173 -0.03626996 -0.02602994 0.151387 -0.01659053 -0.04256469 0.1021088 -0.03644984 -0.02534127 0.1518975 -0.01626533 0.03466832 0.1423602 -0.01983326 -0.04231756 0.1015061 -0.03660631 -0.0222432 0.1539047 -0.01552999 -0.04406768 0.1079658 -0.03159487 0.03887861 0.1366848 -0.02244001 0.03786391 0.1377714 -0.02153235 -0.03988617 0.1006327 -0.03522515 0.03372168 0.1436913 -0.01927804 -0.04142403 0.1247802 -0.02570807 0.04098641 0.1306551 -0.02413576 -0.01193094 0.1589253 -0.01367002 -0.04421061 0.1154076 -0.03085273 0.04290425 0.1254861 -0.02687722 -0.007050037 0.1592041 -0.01336055 -0.04324281 0.1253467 -0.02697771 -0.04359006 0.1240111 -0.02739197 -0.0420646 0.1302789 -0.02530157 -0.001692891 0.1598433 -0.01325809 0.0439983 0.130425 -0.02444231 0.003453135 0.1593903 -0.01297897 0.04426038 0.1182048 -0.0298798 -0.03716236 0.1396524 -0.02111786 -0.03973627 0.1353371 -0.02299249 -0.03770762 0.1390584 -0.02139091 0.04427832 0.1136282 -0.03160834 0.008906483 0.1588557 -0.01365 -0.03480404 0.1429735 -0.01999264 0.04402643 0.1109277 -0.03291302 -0.02898144 0.1492562 -0.01768612 0.04423391 0.1137564 -0.03173458 0.01596152 0.1567295 -0.01435941 -0.03661674 0.1411855 -0.02059471 0.04339087 0.1061118 -0.03472977 0.01970899 0.1551158 -0.01515996 -0.02949208 0.1483108 -0.01791 0.02104085 0.08896201 -0.04525464 0.0210089 0.08906549 -0.04546135 0.02099758 0.08955937 -0.03469389 0.02124023 0.08940196 -0.04545634 0.02108693 0.0891658 -0.04533255 0.02110135 0.08919453 -0.0453366 0.02113604 0.08915346 -0.04553461 0.02124714 0.08910095 -0.04592645 0.02127563 0.08927434 -0.04555696 0.02157378 0.0905978 -0.05138504 0.0218718 0.09016728 -0.05137819 0.02136641 0.09023207 -0.05136537 0.02167308 0.09098678 -0.03489995 0.02111536 0.09060364 -0.03489637 0.02164047 0.09041494 -0.03488689 0.02144265 0.09036916 -0.05140304 0.02187573 0.09033292 -0.05142915 0.02184289 0.09056061 -0.05171501 0.0243324 0.09068071 -0.05156087 0.02465778 0.09094995 -0.03488916 0.02433168 0.09067475 -0.05156004 0.02474236 0.09085166 -0.03490972 0.02682608 0.09226083 -0.04826331 0.02715098 0.09322077 -0.04993999 0.02670365 0.09443676 -0.04815983 0.01905781 0.09238481 -0.04567986 0.01960855 0.09203118 -0.03467327 0.0195707 0.09194076 -0.03475981 0.0265336 0.0925495 -0.04891312 0.0149579 0.1063768 -0.04619973 0.01483082 0.10625 -0.0460121 0.02005451 0.09267783 -0.04453378 0.01470881 0.1066197 -0.04576569 0.01446342 0.1089872 -0.04710012 0.015661 0.112071 -0.04610776 0.01655536 0.1146374 -0.04384565 0.01445412 0.1084684 -0.04604405 0.02016913 0.09181272 -0.03478908 0.01934033 0.09068477 -0.04611867 0.01974302 0.0922203 -0.03458666 0.01937341 0.09198576 -0.04515993 0.01929605 0.09026277 -0.04546988 0.01482927 0.1060809 -0.04587501 0.01653128 0.1109531 -0.04580724 0.0149495 0.1062009 -0.04607164 0.01486045 0.1060734 -0.04589271 0.01766043 0.1143366 -0.04621946 0.01734733 0.1142506 -0.04535251 0.01792186 0.1145892 -0.04611492 0.01792186 0.1158158 -0.04587501 0.01791578 0.1159247 -0.04597693 0.01703161 0.1159988 -0.04574996 0.01544928 0.122333 -0.0458166 0.01768243 0.1164345 -0.04616624 0.01307684 0.1276219 -0.04598009 0.01292002 0.1268266 -0.04617416 0.0129559 0.1277428 -0.04583001 0.01315671 0.1275407 -0.0461893 0.01314663 0.1268811 -0.04615443 0.01313263 0.1275659 -0.04611474 0.01230907 0.1283898 -0.04583001 0.01219487 0.1279137 -0.04779291 0.01210463 0.1285927 -0.04618889 0.01213163 0.1285671 -0.04611444 0.01226586 0.1284328 -0.0458759 -0.0125401 0.1284328 -0.0458759 -0.01237893 0.1285927 -0.04618889 -0.01245641 0.1285164 -0.04597342 -0.011743 0.1282278 -0.04584002 -0.01288521 0.1274693 -0.04575926 -0.01341342 0.1275594 -0.04611098 -0.01310056 0.1275677 -0.04585206 -0.01595133 0.1213769 -0.04579997 -0.01631242 0.1219768 -0.04600977 -0.01885241 0.1163801 -0.04595756 -0.01316785 0.1272488 -0.04606276 -0.01820123 0.1164722 -0.04609125 -0.01819616 0.1157538 -0.04583001 -0.01819533 0.1145541 -0.04618936 -0.01819616 0.1145892 -0.04611492 -0.01819616 0.1146677 -0.04597991 -0.0171644 0.1141366 -0.04601043 -0.0156008 0.1065381 -0.04614675 -0.01691281 0.1115388 -0.04579991 -0.003498435 0.1324818 -0.04573982 -0.001339852 0.1315413 -0.04682451 -0.01034027 0.1261781 -0.04751032 0.00709635 0.1309765 -0.0458303 0.002607107 0.1314919 -0.04664015 4.56489e-4 0.1478201 -0.03998798 -0.01237553 0.1284161 -0.0477634 -0.0234571 0.1390607 -0.04576987 -0.02425259 0.1403754 -0.04596847 -0.02520287 0.1413329 -0.04239356 -0.0259363 0.1401273 -0.04589021 -0.02496802 0.1390566 -0.04619562 -0.01343113 0.1275407 -0.0461893 -0.01615619 0.1224888 -0.04850792 -0.01398044 0.1272143 -0.04842615 -0.01441502 0.1272593 -0.04941779 -0.01340097 0.1273707 -0.04813969 -0.01369333 0.1271428 -0.04849541 -0.01823228 0.1161357 -0.04883116 -0.01824885 0.1161947 -0.04903358 -0.01815521 0.1164888 -0.04929214 -0.01819616 0.1159728 -0.04603981 -0.03891485 0.1159258 -0.04597854 -0.03891527 0.1160031 -0.04611033 -0.01819533 0.1160395 -0.04618936 -0.01826703 0.1170709 -0.04866701 -0.01792687 0.1160924 -0.0460155 -0.01819616 0.1149828 -0.04576987 -0.03934735 0.1147742 -0.0458756 -0.01819616 0.1147778 -0.04587501 -0.03934752 0.114667 -0.04597806 -0.0184527 0.1141873 -0.04948145 -0.01809638 0.1140788 -0.04964888 -0.01806896 0.1142851 -0.04923152 -0.01670861 0.1115328 -0.04578918 -0.01520788 0.1061193 -0.04597854 -0.01485842 0.1062419 -0.04579651 -0.0149157 0.1062098 -0.04579627 -0.01579463 0.107336 -0.05133748 -0.01523619 0.1064154 -0.05031162 -0.01562827 0.1062534 -0.05024933 -0.01366615 0.1059234 -0.04580098 -0.01340246 0.1058728 -0.04621136 -0.0446223 0.1143917 -0.02892988 -0.04462182 0.1143766 -0.02894002 -0.04465627 0.1135798 -0.02937716 -0.04409641 0.1081648 -0.03145986 -0.04183161 0.1021167 -0.03585278 -0.04213666 0.1001685 -0.03458952 -0.007019162 0.07114893 -0.04875957 -0.003303706 0.07072764 -0.0489 0.01576811 0.07333201 -0.04539638 0.03486222 0.08788692 -0.03947114 0.04232841 0.1020178 -0.03626996 0.04143357 0.09915477 -0.03512996 0.04236561 0.1020512 -0.03637427 0.046889 0.1026672 -0.03390359 0.04450029 0.1131803 -0.02947938 -0.002230644 0.1597577 -0.01044189 -0.00848335 0.1589736 -0.01078766 -0.02130639 0.1543284 -0.01539897 -0.04206627 0.1304011 -0.02230483 0.04301226 0.1261348 -0.02668994 0.01652973 0.1569048 -0.01443189 -0.01214182 0.1058425 -0.04995441 -0.01309543 0.1070847 -0.05091464 -0.01292312 0.1059899 -0.05026882 0.01287645 0.1059015 -0.04999417 0.01247572 0.1060522 -0.05038428 0.01261848 0.1062701 -0.05022215 0.01933586 0.08992475 -0.04530841 0.02108162 0.09046882 -0.03489702 0.02345651 0.08401095 -0.05200308 0.02459311 0.09097385 -0.03489989 0.02446132 0.09056532 -0.05163359 0.02448725 0.09030753 -0.05184924 0.02447509 0.09040081 -0.05154854 0.02473741 0.09013628 -0.05148494 0.02696764 0.0926575 -0.04804408 0.0275973 0.09250479 -0.04935979 0.01810234 0.1140922 -0.04951518 0.01792216 0.1139928 -0.04979974 0.01786625 0.114377 -0.04920005 0.01817619 0.1138475 -0.04990416 0.01760292 0.1143338 -0.04925525 0.02570426 0.09341144 -0.05135041 0.02607727 0.09210073 -0.03485381 0.02040678 0.09260177 -0.04605984 0.02062886 0.09270954 -0.05121845 0.02059382 0.09298062 -0.05106061 0.0199089 0.09309113 -0.05091077 0.02034246 0.0932973 -0.05090868 0.01649636 0.1065571 -0.04804974 0.01541495 0.106324 -0.05028104 0.01518869 0.1064098 -0.05006003 0.01537358 0.1064364 -0.050233 0.03948754 0.1146829 -0.0458011 0.01791369 0.1146588 -0.04598832 0.03907376 0.1146672 -0.04597783 0.01751333 0.1149083 -0.04580116 0.01791143 0.1145847 -0.0461176 0.01742786 0.1163038 -0.04891979 0.03908556 0.1157631 -0.04576891 0.03863871 0.1158189 -0.04587566 0.01792186 0.1159253 -0.04597991 0.03863883 0.115926 -0.04597848 0.01792103 0.1160395 -0.04618936 0.03863328 0.1160038 -0.04611492 0.01818776 0.1170185 -0.04957157 0.01807653 0.1168597 -0.0494222 0.01799803 0.116285 -0.04919123 0.01666605 0.1196684 -0.0459786 0.01417839 0.127066 -0.04702705 0.0135892 0.1269693 -0.04796671 0.01278787 0.1273342 -0.04593646 0.0257222 0.1401589 -0.04594075 0.02498733 0.1394062 -0.04606193 0.01181864 0.1284831 -0.04757863 0.01198935 0.1285612 -0.04757457 0.01251906 0.1281797 -0.04574996 0.01779687 0.1336758 -0.04576987 0.01825922 0.1341933 -0.04578626 0.02361291 0.1400023 -0.04599881 0.0121867 0.1285119 -0.04597854 0.02399015 0.1404649 -0.04606682 -0.01485192 0.1068049 -0.04578226 -0.01377582 0.1058593 -0.04582482 -0.02269506 0.08151865 -0.04576039 0.01274567 0.1279528 -0.04574996 -0.01731789 0.1146588 -0.04422438 -0.01816231 0.1152411 -0.04638969 0.01719516 0.1150447 -0.04599976 -0.01230907 0.1269633 -0.04569137 -0.01638352 0.1197906 -0.04574996 -0.01189249 0.1271708 -0.04574996 0.0134232 0.1250174 -0.04564225 0.01176124 0.129045 -0.04838502 0.01169967 0.1292043 -0.0483908 0.01209253 0.128654 -0.04779118 0.01161789 0.1285287 -0.04778337 0.01185005 0.1287311 -0.04807829 -0.01174563 0.1285558 -0.04803216 0.008378505 0.1300818 -0.04624652 -0.01220172 0.128526 -0.04784476 -0.01213651 0.1288102 -0.04824769 -0.01177179 0.1291331 -0.04799133 -0.01193588 0.1292411 -0.04866325 -0.002860069 0.1472688 -0.04605984 -0.001042127 0.1451293 -0.04072463 -9.23287e-5 0.1465055 -0.0471087 -7.57347e-4 0.1465362 -0.04593151 0.001073181 0.1465773 -0.04407775 -6.62945e-4 0.1467896 -0.04655468 -0.02409654 0.1390228 -0.04660445 -0.02552866 0.1410061 -0.0463593 -0.02360087 0.1395467 -0.04589122 -0.02469521 0.1420938 -0.04592645 -0.01348078 0.1275297 -0.04778999 -0.02474832 0.1393014 -0.04577136 -0.02272742 0.136435 -0.04773223 -0.0135802 0.1272605 -0.04826503 -0.02469789 0.1381095 -0.04719978 -0.02331691 0.1373043 -0.04723203 -0.01778227 0.116392 -0.04889851 -0.01853984 0.1168362 -0.04944789 -0.01766973 0.1199181 -0.0486828 -0.01392328 0.1266992 -0.04835259 -0.01724416 0.1225358 -0.04914999 -0.01881003 0.1179814 -0.04929143 -0.01800245 0.1165128 -0.04943984 -0.03453361 0.116299 -0.04915547 -0.01823318 0.1160968 -0.04863995 -0.03940927 0.1163306 -0.04601377 -0.03993862 0.1160858 -0.04578983 -0.03891479 0.1158186 -0.04587554 -0.01788944 0.1157607 -0.0458557 -0.01823878 0.1144918 -0.04894 -0.0404641 0.1140698 -0.04571586 -0.04026204 0.1144869 -0.04576945 -0.03992944 0.1146273 -0.0460658 -0.02682209 0.09770578 -0.05044984 -0.02781033 0.09454637 -0.04808944 -0.02795195 0.09266704 -0.04822695 -0.02694684 0.09432303 -0.04735046 -0.02751249 0.09689778 -0.04729986 -0.02671158 0.0963118 -0.04831004 -0.02860349 0.09269344 -0.04808992 -0.01855248 0.1138027 -0.04952788 -0.03587919 0.1141267 -0.0497713 -0.03591042 0.1141511 -0.04981768 -0.03485673 0.114296 -0.04930651 -0.03525793 0.11431 -0.04947358 -0.01770526 0.1092183 -0.04967486 -0.01746785 0.1114498 -0.04962658 -0.01585382 0.1068646 -0.0501402 -0.01658707 0.1091158 -0.04986995 -0.03071212 0.1025039 -0.05036872 -0.02721059 0.1008773 -0.05217665 -0.0266624 0.09601849 -0.05078345 -0.02901107 0.1012338 -0.05009007 -0.02797323 0.1005386 -0.05057823 -0.02736616 0.09918785 -0.05036562 -0.02661281 0.09474647 -0.05121362 -0.02557951 0.09660691 -0.05142545 -0.02635228 0.0978778 -0.05112981 -0.03269672 0.1030725 -0.05052453 -0.03272479 0.1026748 -0.05025976 -0.02729165 0.09348076 -0.05129987 -0.02660912 0.09800952 -0.05086326 -0.02660787 0.0927608 -0.05174994 -0.02824264 0.09212154 -0.05110472 -0.02350831 0.0826416 -0.0458045 -0.02372771 0.08271938 -0.04597896 -0.02363002 0.08268487 -0.04587882 -0.02379745 0.082744 -0.0461049 -0.01528304 0.1061578 -0.04612022 -0.02380722 0.08274596 -0.04619204 -0.01519322 0.1064159 -0.04577708 -0.01531857 0.106154 -0.04618877 -0.01597839 0.1064985 -0.04971837 -0.02352559 0.08422094 -0.05168157 -0.01531666 0.1064366 -0.04979121 -0.02343916 0.08415633 -0.05146014 -0.0146957 0.1077536 -0.05039745 -0.01372319 0.1060499 -0.04610109 -0.0135051 0.1059685 -0.04587215 -0.02233725 0.0813868 -0.04597628 -0.01330375 0.1059316 -0.04610872 -0.01337134 0.1060599 -0.04599082 0.02825331 0.08167576 -0.04259574 -0.02038103 0.07494181 -0.04483985 -0.01580446 0.07305723 -0.04558151 0.02848935 0.08078241 -0.04236596 0.02625113 0.07831561 -0.04248017 0.02307188 0.07707339 -0.04383069 -0.04441446 0.1097628 -0.03058987 -0.04486685 0.112421 -0.02949231 -0.04338896 0.1040638 -0.03284972 0.01826447 0.07401102 -0.04540079 0.01955789 0.07514804 -0.0447641 -0.02552461 0.07814913 -0.04324877 -0.0308206 0.08268129 -0.04168367 0.04271316 0.1029287 -0.0334872 -0.02998548 0.08157706 -0.04190731 0.04361248 0.1069138 -0.03181004 0.04444968 0.1076463 -0.03157162 0.01489543 0.07325059 -0.04553258 0.04297208 0.102145 -0.0335204 0.01051646 0.07185703 -0.04566496 0.01417338 0.07220524 -0.0456857 0.0410009 0.09750515 -0.03549998 -0.03226655 0.08418399 -0.04105186 0.04017454 0.0960071 -0.03624534 0.006320178 0.07118862 -0.04610264 -0.0321905 0.08305937 -0.04123789 -0.03412622 0.08590596 -0.04025518 0.00443232 0.0706582 -0.04655402 0.03792029 0.0917524 -0.03790867 -0.002929866 0.0705105 -0.04672819 0.03744006 0.09156292 -0.03808659 0.003805994 0.07047301 -0.04655641 -0.03437083 0.08627796 -0.04000264 0.0360195 0.08892476 -0.03902 -0.03872889 0.09286075 -0.03758984 -0.0403831 0.09459179 -0.03661996 -2.88465e-4 0.06995671 -0.04645061 -0.004527986 0.07101011 -0.045623 0.0334469 0.08553445 -0.04040157 -0.04004454 0.0949738 -0.03660058 -0.01213723 0.07193124 -0.04620975 0.03373891 0.0857321 -0.04022711 -0.03980624 0.09578663 -0.03618729 -0.006935417 0.1595144 -0.01059174 -0.04462224 0.1143903 -0.02892988 -0.04462128 0.1143628 -0.02895003 0.001623809 0.1603367 -0.01060545 -0.04451835 0.1190038 -0.02695661 -0.044532 0.1192478 -0.02677989 -0.0440551 0.1222705 -0.02570039 0.01125741 0.1592405 -0.0109359 0.01536482 0.156593 -0.009797334 -0.04369258 0.1256368 -0.02407002 -0.04340285 0.1261359 -0.02402544 -0.04004323 0.1359531 -0.02028453 0.02224212 0.1547061 -0.01261442 -0.04194349 0.1311411 -0.02188837 0.02521169 0.1516783 -0.01252204 -0.03987812 0.1354117 -0.02039158 -0.04153263 0.1338282 -0.02070683 0.02543455 0.1517097 -0.01371973 0.02894353 0.148943 -0.01484805 -0.03892982 0.1373428 -0.01937997 -0.0346356 0.143501 -0.01693594 0.03672629 0.1414199 -0.01795703 -0.03466147 0.1435518 -0.01687997 -0.03312706 0.1452043 -0.01640182 -0.02903419 0.1493432 -0.01459801 0.03662228 0.1402225 -0.01813322 -0.03244841 0.1460882 -0.01595836 0.03801637 0.1384589 -0.01923221 -0.02720665 0.1505585 -0.01415294 -0.02387225 0.1523327 -0.01243275 0.04022896 0.1349583 -0.02078127 0.03946924 0.1356688 -0.02015852 -0.02449184 0.1526834 -0.01348596 0.03965348 0.1353858 -0.02019989 0.0411942 0.1318949 -0.02169275 0.04212915 0.1291694 -0.02287113 0.04339134 0.1278852 -0.0232082 0.0432024 0.1250022 -0.02437543 0.04300808 0.1285924 -0.02287912 0.04393649 0.122345 -0.02574449 -0.02040827 0.1550281 -0.01232719 -0.01248031 0.1580408 -0.01116997 -0.01668179 0.1565511 -0.0117914 0.04404515 0.1205448 -0.02637994 0.04428929 0.1171818 -0.02774268 -0.009857475 0.1595805 -0.01233971 -0.004850864 0.1595358 -0.01056993 -0.001270234 0.1471579 -0.04257941 -0.00146085 0.1482684 -0.04335242 -0.02108353 0.08259075 -0.05194836 -0.01577138 0.1122775 -0.04947882 -0.01355338 0.1232699 -0.0485351 -0.01591557 0.1150516 -0.04933273 -0.008577048 0.1283736 -0.04816669 -0.01308566 0.1233935 -0.0497173 -0.001446247 0.1313768 -0.0476284 -0.01605463 0.1158616 -0.04937374 -0.00460571 0.1302798 -0.04834002 -0.007793009 0.128479 -0.04842448 3.36109e-4 0.1307988 -0.04837781 -0.01515984 0.1183272 -0.05006945 -0.01148593 0.1262558 -0.04843741 0.001834988 0.1306675 -0.04835391 -0.01491796 0.1176277 -0.04957985 -0.01468229 0.1115668 -0.05009496 -0.01775807 0.1076015 -0.04943752 0.01471638 0.1109767 -0.04931265 0.01410812 0.1091735 -0.05001425 0.01511085 0.1130838 -0.04988998 0.01312589 0.1072587 -0.05124664 0.01493149 0.1192486 -0.04937613 3.94372e-5 0.1311705 -0.047948 -3.54609e-4 0.1309765 -0.04814875 0.01386106 0.1089698 -0.05021995 0.01380354 0.1076135 -0.04950881 0.004312515 0.1299716 -0.04758501 0.008531332 0.1270491 -0.04715585 0.005810797 0.1297886 -0.04843741 0.004162669 0.1306431 -0.04796338 0.01283627 0.1242122 -0.04861074 0.01213568 0.1254968 -0.04812979 0.01527106 0.1140255 -0.04966443 0.008504569 0.1276692 -0.04771214 0.01886755 0.09054189 -0.04573643 0.01297605 0.1060258 -0.04603981 0.0134595 0.1058611 -0.04597741 0.01456671 0.1088373 -0.04615122 0.02184116 0.08119601 -0.05207151 0.0208801 0.08840775 -0.04574996 0.02239948 0.08106231 -0.04561537 0.02058643 0.08524513 -0.04591608 0.01834082 0.09053951 -0.0458185 0.01337009 0.1057668 -0.04575979 0.02139145 0.08899778 -0.05107003 0.02126896 0.08895277 -0.04609996 0.02106153 0.08853107 -0.04575085 0.0248537 0.08889275 -0.05176997 0.02363079 0.08454513 -0.05232918 0.02142149 0.0896098 -0.0516498 0.02513307 0.08949524 -0.03490024 0.0247637 0.0894978 -0.05145001 0.02496421 0.08893287 -0.05165171 0.02679187 0.08896762 -0.051665 0.02731442 0.09211176 -0.05141425 0.02692008 0.08920395 -0.05161523 0.02694582 0.09205877 -0.05151993 0.02672278 0.09562182 -0.04789191 0.02923023 0.09357923 -0.04713845 0.0291019 0.09223878 -0.04724997 0.02865314 0.09459048 -0.04713362 0.02704972 0.09565746 -0.04766923 0.02637928 0.09494185 -0.04663944 0.02727955 0.09259963 -0.04830038 0.01741856 0.1103376 -0.05021762 0.01749944 0.1142115 -0.04917085 0.01772904 0.1140736 -0.04956191 0.01754987 0.1098968 -0.05025976 0.01591223 0.1060595 -0.04973435 0.03655511 0.1141602 -0.04932516 0.02756291 0.1001177 -0.05042302 0.03172791 0.1028876 -0.05040109 0.02625679 0.09632164 -0.05076849 0.0283463 0.1010825 -0.05040323 0.02655166 0.09483677 -0.05075997 0.02547883 0.0962035 -0.0508421 0.0265814 0.09786945 -0.04828184 0.02964699 0.1018718 -0.05038994 0.02604866 0.09629076 -0.05117994 0.02679586 0.09856975 -0.05069983 0.03092235 0.1024018 -0.05009007 0.02635741 0.09868597 -0.05094635 0.02063339 0.09306859 -0.05165612 0.02633398 0.0927838 -0.0514298 0.02040272 0.09285622 -0.05148643 0.01496291 0.106379 -0.04619908 0.01792103 0.1145541 -0.04618936 0.01705175 0.1149828 -0.04576987 0.039074 0.1145902 -0.04610872 0.03962457 0.1146464 -0.04607158 0.03914856 0.1160227 -0.04609209 0.03961676 0.1161008 -0.04578983 0.01792186 0.1156108 -0.04576987 0.0174669 0.1164844 -0.04940307 0.03508669 0.1163288 -0.04925996 0.01801574 0.116856 -0.04880684 0.03460079 0.1167968 -0.04885584 0.01796734 0.1161274 -0.04893302 0.01793426 0.1161349 -0.04880869 0.01521939 0.1237928 -0.04839998 0.01321965 0.1269685 -0.0481866 0.01676303 0.1208596 -0.0490989 0.01579582 0.1248598 -0.04894983 0.01750677 0.1207487 -0.04891192 0.01418644 0.1255356 -0.0480054 0.01724565 0.1207288 -0.04922986 0.01347649 0.1271896 -0.04858422 0.01333051 0.1271958 -0.04851979 0.02823865 0.1412469 -0.04565566 0.01306217 0.1270934 -0.04793739 0.0229479 0.1362518 -0.04718846 0.02517414 0.1387149 -0.04648572 0.01290559 0.1275779 -0.04799473 0.02441704 0.1392154 -0.0461319 0.02496314 0.1411554 -0.04560506 0.02069646 0.1384328 -0.04773992 0.01162993 0.1293347 -0.04784816 0.02053129 0.1383199 -0.04705852 0.02173799 0.1386207 -0.04736977 0.02143752 0.1382976 -0.04726696 0.01183235 0.1286533 -0.0480948 0.02083188 0.1375403 -0.04712378 -0.005724251 0.1320264 -0.04863053 -0.003065347 0.1335417 -0.04813283 0.00676155 0.1315466 -0.04769003 0.01150155 0.1295552 -0.04855585 0.005719542 0.131909 -0.04820775 -0.003165602 0.1326994 -0.04744046 0.006921529 0.1311894 -0.04870134 5.59403e-4 0.1336452 -0.04761415 -0.009688198 0.1300027 -0.04763978 -0.008696854 0.131824 -0.04798734 0.009203374 0.1301417 -0.04769003 -0.008333563 0.1308056 -0.0483089 -0.007653057 0.1312283 -0.04760277 0.005594909 0.132202 -0.04786342 -0.02183663 0.1383749 -0.04732018 -0.004447877 0.1481379 -0.0458014 0.004982769 0.1498115 -0.04249143 0.002601444 0.1471378 -0.04633897 -0.01982581 0.1528538 -0.01359659 -0.01651096 0.1339328 -0.04811996 -0.02186048 0.1382156 -0.04708874 -0.01231002 0.128423 -0.04781711 -0.02216321 0.1389171 -0.04727536 -0.02375167 0.1394134 -0.04775279 -0.02663457 0.1400717 -0.04603624 -0.02372682 0.1369213 -0.04766106 -0.03487896 0.1161099 -0.04884874 -0.03545325 0.1164098 -0.04885053 -0.03570449 0.1161078 -0.04891979 -0.03424137 0.1164278 -0.04941338 -0.03747564 0.1162893 -0.04828864 -0.0385788 0.1145008 -0.04805994 -0.03854078 0.101958 -0.05194598 -0.03440141 0.1025738 -0.05001986 -0.03447884 0.1023253 -0.04796773 -0.03744608 0.1010688 -0.04790997 -0.03452545 0.1011924 -0.04721748 -0.007139742 0.1529538 -0.04268002 -0.006754696 0.1528436 -0.04257768 -0.02901214 0.09500789 -0.04877835 -0.02950847 0.09358227 -0.04714858 -0.02891933 0.09458726 -0.04714351 -0.02862894 0.09571504 -0.04714369 -0.02861648 0.09688007 -0.0471484 -0.03134125 0.1004126 -0.04714864 -0.03158897 0.08977067 -0.04823738 -0.02940869 0.09109979 -0.04847991 -0.02888172 0.09263849 -0.04735249 -0.02891778 0.0913788 -0.05132997 -0.02944314 0.09006869 -0.04939705 -0.02926325 0.09035724 -0.05185288 -0.02749514 0.1005334 -0.05181705 -0.02394622 0.08417969 -0.05213534 -0.02446568 0.08238178 -0.05052 -0.02421677 0.08296692 -0.05133718 -0.02417701 0.08427619 -0.05245137 -0.01981651 0.09569877 -0.05138999 -0.02332109 0.08521443 -0.05211955 -0.01936841 0.09553581 -0.05088979 -0.02384442 0.08323168 -0.05142849 -0.02226513 0.08136075 -0.04610627 -0.02255827 0.0814681 -0.04580122 -0.02243673 0.08142304 -0.04587489 -0.02439951 0.08212089 -0.04557824 -0.01323074 0.1058229 -0.04974669 -0.02207463 0.08091968 -0.04628753 -0.02108979 0.08236831 -0.05237269 -0.02131944 0.08175492 -0.05244368 -0.0183171 0.08001941 -0.05138683 -0.03423315 0.1006559 -0.04720443 -0.03361523 0.1006211 -0.04164862 -0.03246313 0.1007243 -0.04714846 -0.03362768 0.1007155 -0.04714858 -0.03137761 0.1003247 -0.04164862 -0.02950519 0.09901374 -0.04714852 -0.02871096 0.09686756 -0.04164844 -0.02958387 0.0936402 -0.04164856 -0.04513812 0.1162909 -0.02790659 0.04384899 0.1202779 -0.02596187 -0.005589604 0.1504849 -0.04188263 0.002634584 0.1474748 -0.04290992 9.04108e-4 0.1474158 -0.04196006 0.006005764 0.1523818 -0.04232001 0.003984928 0.1474869 -0.0427522 9.35046e-4 0.1471652 -0.04237776 8.43721e-4 0.1476085 -0.04242521 -0.005518436 0.1501724 -0.04253053 -0.002894878 0.1474748 -0.04281002 -0.003434658 0.1495921 -0.04329383 -0.003623068 0.1488858 -0.04185992 -0.01501566 0.1123161 -0.04893207 0.02081269 0.08199977 -0.0526598 0.02088379 0.0824356 -0.05234634 0.02182292 0.08114314 -0.05208265 0.01913946 0.08906853 -0.04606443 0.01297289 0.1058088 -0.04965978 0.02253031 0.08079046 -0.04634195 0.02092206 0.0848788 -0.04578 0.02379614 0.082493 -0.04614615 0.02797383 0.0899136 -0.05061906 0.02976763 0.08892142 -0.04974275 0.03033941 0.08929878 -0.05120986 0.02886474 0.0899477 -0.05167156 0.02390277 0.08249676 -0.05044001 0.02643162 0.0894128 -0.03451997 0.03193068 0.09007912 -0.04716414 0.03150749 0.0895608 -0.04807001 0.03319317 0.09085881 -0.04707998 0.03395104 0.100677 -0.04716056 0.02812445 0.09432703 -0.04638969 0.03106713 0.1004122 -0.04714864 0.004880607 0.1536329 -0.04171997 0.007547318 0.1534814 -0.04363548 0.03736287 0.1008928 -0.04787999 0.03751206 0.1002297 -0.04727756 0.03772515 0.1007795 -0.05036938 0.03647851 0.1017898 -0.04937994 0.03446292 0.1020605 -0.04729682 0.03408908 0.1025838 -0.05030983 0.03053319 0.1034068 -0.05082005 0.02701681 0.1009958 -0.05102998 0.0253582 0.1034598 -0.05082005 0.03872048 0.1141653 -0.0478149 0.04028356 0.1144018 -0.04539376 0.0336523 0.1168149 -0.04955202 0.03423863 0.1165563 -0.04943799 0.03743863 0.1161826 -0.04804056 0.03735876 0.1170242 -0.04899376 0.02636736 0.1400651 -0.0460658 0.02504283 0.1415479 -0.04575383 0.02173721 0.1385446 -0.04722768 1.57635e-4 0.1462001 -0.04706716 0.002980589 0.1337746 -0.04821789 0.00493884 0.1328021 -0.04875731 0.004954218 0.1490573 -0.04571527 0.002600014 0.1472674 -0.04602658 -0.006158709 0.1496286 -0.04547607 -0.005405545 0.1493458 -0.04540979 -0.0022794 0.147291 -0.04647296 -0.006027758 0.1504598 -0.04442983 -0.002705037 0.1468306 -0.04672569 0.005995035 0.1506016 -0.04443317 0.005096018 0.1493068 -0.04532986 0.02843844 0.09686732 -0.04164844 0.02834409 0.09687978 -0.04713845 0.02930778 0.09895473 -0.0416485 0.03005301 0.09983974 -0.04714846 0.02865135 0.09800362 -0.04714858 0.03218877 0.1007245 -0.04714846 0.03110349 0.1003244 -0.04164862 0.03220117 0.1006299 -0.04164844 0.03335344 0.1007159 -0.04714858 0.03334105 0.1006215 -0.04164862 -0.034909 0.1376228 -0.02704 -0.02941751 0.1444674 -0.02737259 -0.02833604 0.1453478 -0.02749019 -0.03459835 0.138441 -0.0271902 -0.0220161 0.1500717 -0.02686995 -0.02989339 0.1418961 -0.03889262 -0.003522515 0.1548877 -0.03909194 -0.02855074 0.1406891 -0.04555499 -0.03683137 0.1170219 -0.04875802 -0.02121365 0.1388731 -0.04769313 -0.003758609 0.1543578 -0.04118001 -0.03911906 0.1138678 -0.04819989 -0.03597658 0.134605 -0.04186558 -0.04055219 0.1134378 -0.04617881 -0.005953788 0.1537038 -0.04241269 -0.02646875 0.1397528 -0.04635375 -0.01113557 0.1543458 -0.03646004 -0.03625506 0.1032062 -0.05046862 -0.006700873 0.1535109 -0.04201263 -0.01460748 0.1532082 -0.03691041 -0.02826619 0.1404508 -0.04525995 -0.01867759 0.1522227 -0.03767567 -0.03770464 0.1313202 -0.04073566 -0.03599244 0.1139159 -0.04964655 -0.02502226 0.1383875 -0.04778146 -0.00748068 0.151975 -0.0443148 -0.0378068 0.1012319 -0.04779225 -0.03488552 0.1320656 -0.04602205 -0.03913265 0.127583 -0.04139178 -0.03743153 0.1311839 -0.04279047 -0.03450357 0.102731 -0.05025136 -0.03809767 0.1275635 -0.04482257 -0.04008919 0.1241928 -0.04172974 -0.02540498 0.1473178 -0.03770256 -0.004176795 0.1470227 -0.04598176 -0.04053807 0.121874 -0.0423175 -0.04045075 0.1230527 -0.04208308 -0.03926879 0.1245564 -0.04489636 -0.03132015 0.1417841 -0.03866475 -0.04033541 0.1162065 -0.04552632 -0.03835237 0.1232108 -0.04665982 -0.03839409 0.1231903 -0.04669833 -0.04102402 0.1166912 -0.04525601 -0.0385999 0.1006028 -0.0466299 -0.03529596 0.1001937 -0.04714983 -0.03197687 0.09021323 -0.04513263 -0.03302305 0.09098309 -0.04692375 -0.02483487 0.08240622 -0.05050557 -0.0235027 0.08438098 -0.04937195 -0.03052568 0.08831274 -0.04975098 -0.03055608 0.08917576 -0.05116999 -0.02485442 0.08314895 -0.05165326 -0.02349036 0.08188432 -0.04785424 -0.02241581 0.08059281 -0.04569 -0.02173662 0.08147907 -0.05202752 4.87354e-4 0.07500451 -0.05190098 -0.006549 0.07573187 -0.05214482 -0.006361842 0.07546037 -0.05144804 -0.009513795 0.07416564 -0.05288743 -0.01002818 0.07687914 -0.0531395 -0.01570302 0.07728809 -0.05155336 -0.01833093 0.08019584 -0.05161142 4.16651e-4 0.07420301 -0.05257171 -0.01575267 0.0784021 -0.05296915 -0.001854658 0.07471698 -0.05079913 -0.02990931 0.09315305 -0.04165005 -0.03048485 0.09372961 -0.04164963 -0.02872312 0.09572756 -0.04164862 -0.030218 0.09412664 -0.04167896 -0.03258067 0.0998308 -0.04167896 -0.02924752 0.09646111 -0.04164981 -0.03021794 0.09846693 -0.04167896 -0.03087598 0.09912478 -0.04167896 -0.02958071 0.09895569 -0.0416485 -0.03064996 0.09959214 -0.04164981 -0.01977777 0.07429277 -0.04482001 -0.01568579 0.07260018 -0.04565608 -0.04111576 0.1348948 -0.02042001 -0.04413121 0.1267734 -0.02353215 0.00425136 0.1605159 -0.01030671 -0.04398852 0.1262828 -0.02382004 -0.0454269 0.1190668 -0.02682983 -0.0455414 0.1158882 -0.0276764 -0.004239499 0.1604663 -0.01059496 -0.04538482 0.1166765 -0.02773529 -0.04528987 0.109183 -0.03095465 -0.04469966 0.1073815 -0.03178155 -0.005743384 0.1604352 -0.01046472 -0.04416054 0.1043319 -0.03296732 -0.01022863 0.1595715 -0.01031446 -0.04292678 0.1005457 -0.03446745 -0.01654881 0.1580755 -0.01119631 -0.04067355 0.09499013 -0.03649032 -0.03704196 0.08875179 -0.0390098 -0.02792853 0.1511123 -0.01400685 -0.0367363 0.0884512 -0.03921771 -0.03194254 0.08318942 -0.04153519 -0.02430129 0.1531429 -0.01364529 -0.03123265 0.1482484 -0.0150457 -0.03460109 0.1450559 -0.01637089 -0.03551667 0.1436095 -0.01723396 -0.03650569 0.1401432 -0.01662611 0.04058361 0.09559285 -0.03661042 0.04268646 0.1000791 -0.03448194 0.008247494 0.1603038 -0.01040685 0.04238551 0.09957027 -0.03476268 0.009441494 0.1592288 -0.01049995 0.04512113 0.1112307 -0.03014791 0.04477119 0.1082528 -0.03129935 0.04382973 0.1039372 -0.03289133 -0.006156504 0.0702219 -0.04670459 -0.008717536 0.07066476 -0.04628998 0.04445737 0.1108891 -0.0297957 0.04513114 0.1158992 -0.02831882 0.04511737 0.1194748 -0.0266999 0.04460537 0.1235148 -0.02527981 0.04457575 0.1218098 -0.02561998 0.0424174 0.1312348 -0.02196002 0.04409366 0.12588 -0.02439934 0.01110816 0.0712347 -0.04618263 0.01903802 0.07324665 -0.04544073 0.04150879 0.1333177 -0.02054136 0.0384711 0.1388636 -0.01918637 0.03468281 0.1445451 -0.0168237 0.03279036 0.1461186 -0.01581937 0.03150939 0.08273661 -0.04176664 0.02620917 0.15204 -0.01374763 0.03163135 0.147634 -0.01528394 0.03654199 0.08907246 -0.03954184 0.03673869 0.08866184 -0.03932076 0.0185607 0.1565527 -0.01168739 0.01380264 0.07848972 -0.05300289 0.01714175 0.07964992 -0.05048149 0.02188587 0.08097314 -0.05233144 0.02165168 0.08016401 -0.05074197 0.01769024 0.07815659 -0.05167919 0.02181828 0.08118575 -0.05209994 0.01658469 0.07825398 -0.05339157 0.01796776 0.0793938 -0.05267 0.004634976 0.07447081 -0.05218726 0.0128138 0.07628452 -0.05218267 0.01002115 0.07701677 -0.05312997 0.01429766 0.0767768 -0.05223995 0.009112894 0.07547271 -0.05260664 0.02194392 0.08073014 -0.04572814 0.02456879 0.08287668 -0.04529333 0.02473694 0.08410149 -0.05020284 0.02461916 0.08314824 -0.05220568 0.0253728 0.08575779 -0.05238211 0.02711302 0.0888065 -0.05194842 0.03743535 0.09961485 -0.04709053 0.03393483 0.1006062 -0.04164969 0.008233487 0.1549838 -0.03634995 0.03262412 0.1394221 -0.03972238 0.03285866 0.1392158 -0.03907001 0.03831607 0.1009697 -0.04750031 0.03488957 0.1264141 -0.04833102 0.03997027 0.1063142 -0.04548203 0.03890448 0.1004806 -0.04633533 0.03858637 0.1060736 -0.04773485 0.00569123 0.1554168 -0.03666985 0.002958655 0.1557308 -0.03621989 0.03515154 0.1031413 -0.05098849 0.02795487 0.1447145 -0.03847157 0.02797055 0.1447626 -0.03883761 0.03637677 0.1026878 -0.05016994 0.00479871 0.1478731 -0.0467984 0.0402171 0.1133218 -0.04640001 0.03937399 0.1136948 -0.04761976 0.03553801 0.1137395 -0.04986739 0.03723043 0.1136265 -0.0489692 0.04013794 0.1171934 -0.04579234 0.0322358 0.1035788 -0.05079972 0.03754532 0.1133351 -0.04841774 0.03447747 0.1111052 -0.05014806 0.025191 0.1385987 -0.04729986 0.03929245 0.1170408 -0.04792845 0.03826081 0.1287749 -0.04417794 0.03856676 0.1186891 -0.04775917 0.0240668 0.1419783 -0.04563564 0.0351985 0.1165798 -0.04920899 0.03605532 0.1167147 -0.04918444 0.03471368 0.1364609 -0.0398553 0.02962136 0.09313511 -0.04164969 0.02994376 0.09412658 -0.04167896 0.02903145 0.09368377 -0.04164981 0.02930575 0.09363722 -0.0416485 0.0294764 0.09493166 -0.04165095 0.02923744 0.09583133 -0.04167902 0.02873933 0.09796714 -0.04164856 0.0292375 0.09676223 -0.04167902 0.03060173 0.09912484 -0.04167896 0.03230637 0.09983074 -0.04167896 0.03323698 0.0998308 -0.04167896 0.03371423 0.0997979 -0.04164963 -0.03032803 0.0942111 -0.04915082 -0.02974808 0.09493052 -0.04165095 -0.02946865 0.09676742 -0.04914999 -0.03399568 0.09981507 -0.04164999 0.0413478 0.1339076 -0.02109152 0.03979086 0.1337296 -0.02513402 0.03662997 0.1419768 -0.01760995 0.03888911 0.1385548 -0.01898992 0.03900903 0.1383244 -0.02306103 0.0394355 0.1376763 -0.01955527 0.03718417 0.1412547 -0.01810592 0.03684478 0.1416646 -0.0217067 0.02901381 0.1507409 -0.01426553 0.0343526 0.144853 -0.02041995 0.03027039 0.1489461 -0.01879495 0.02874797 0.1504018 -0.01435995 0.02621209 0.1523799 -0.0137099 0.02576047 0.1527017 -0.01357001 0.0228132 0.1545759 -0.01282519 0.02594584 0.1524895 -0.01733797 0.01371449 0.1582154 -0.0111984 0.008442401 0.160005 -0.01429963 0.008057415 0.1618496 -0.01003432 0.006076872 0.1603588 -0.01048994 2.64189e-4 0.160711 -0.01019245 0.008520662 0.1598142 -0.01452618 0.005005598 0.07012152 -0.04659265 0.007877111 0.07031488 -0.05061095 -0.003215968 0.07005834 -0.04692918 0.00461483 0.07011878 -0.05065 0.00763452 0.07054913 -0.05047577 0.01158887 0.07141619 -0.05012178 0.01545292 0.07263106 -0.04963076 0.02195978 0.07558667 -0.04449778 0.02430278 0.07748168 -0.04786407 0.03421938 0.08547675 -0.04063981 0.03598207 0.08827292 -0.043572 0.03432744 0.08570545 -0.04434466 0.03679537 0.08890241 -0.04317742 0.03886073 0.09188133 -0.03802126 0.04069483 0.09525144 -0.03666687 0.04092407 0.0958833 -0.04022943 0.04222464 0.09873449 -0.03526711 0.04021817 0.09277486 -0.0415861 0.04344969 0.1023128 -0.03382629 0.04376912 0.1037092 -0.03707635 0.04447126 0.1064386 -0.03216308 0.04471027 0.108233 -0.03530365 0.04506069 0.1102082 -0.03063964 0.04532909 0.1140486 -0.02909439 0.04510605 0.1114973 -0.03398531 0.04522842 0.114324 -0.02897453 0.04535591 0.1161164 -0.03220582 0.0452699 0.1154143 -0.03237944 0.04509907 0.1193089 -0.03074336 0.0448243 0.1221217 -0.02590054 0.04457271 0.1232711 -0.02913987 0.04357236 0.1278889 -0.02738064 0.04313242 0.131286 -0.02632141 0.04321372 0.1300465 -0.02259194 -6.0145e-4 0.1535122 -0.0417087 -7.15797e-4 0.1548143 -0.04194271 -0.001563727 0.1543532 -0.04351735 -4.3599e-4 0.1554661 -0.04275196 2.65021e-5 0.1550578 -0.04174995 0.001999378 0.1542332 -0.04267251 0.00159806 0.1533548 -0.04174995 0.03368681 0.09968745 -0.0491501 0.03014886 0.09394246 -0.04914999 0.03021067 0.09372961 -0.04164963 0.03308105 0.09987324 -0.04914999 0.03232437 0.09969449 -0.04915088 0.03064495 0.09906893 -0.04914999 0.0299437 0.09846693 -0.04167896 0.02947843 0.09766107 -0.04167896 0.03005135 0.09420919 -0.04915088 -0.03314441 0.09669524 -0.04916423 -0.03168457 0.09718436 -0.04924553 -0.03091937 0.09906905 -0.04914999 -0.03279244 0.09447431 -0.04914999 -0.03468972 0.09649825 -0.04921793 -0.0317403 0.09527677 -0.04921841 -0.03432542 0.09723109 -0.04913318 -0.03335499 0.09987324 -0.04914999 0.0386573 0.09166479 -0.04192996 0.03866267 0.0917288 -0.04208987 0.04056781 0.0954743 -0.04081928 0.03669327 0.08890599 -0.04342478 0.03666275 0.08947461 -0.04315638 0.03416919 0.08551979 -0.04442 -0.04481905 0.1207296 -0.03015458 0.02700519 0.07857924 -0.04741102 0.02898371 0.08043354 -0.04647201 -0.03933221 0.138846 -0.02294337 0.01490306 0.07245111 -0.0500822 -0.03822171 0.1400548 -0.02237993 -0.03948611 0.1389584 -0.02318376 0.01229012 0.07160478 -0.05005002 0.00802499 0.07067734 -0.05066329 0.03412282 0.1446753 -0.02049982 0.03493428 0.1437425 -0.02113395 0.04162198 0.1335145 -0.02537995 0.04303574 0.1288768 -0.02728939 0.04409068 0.1256577 -0.02818983 -0.01572108 0.07270288 -0.04987752 0.04478657 0.1209601 -0.03031802 -0.01899403 0.0741102 -0.0496385 -0.03299844 0.08355331 -0.04569703 0.04463666 0.1131431 -0.03326636 0.04460662 0.1086089 -0.03552311 -0.02979534 0.08152502 -0.04623377 0.04431658 0.1061808 -0.03633987 -0.03484404 0.08624631 -0.04458469 -0.03642433 0.08833175 -0.04375249 0.04301446 0.101345 -0.03827375 -0.0387001 0.09175944 -0.04243463 0.04202926 0.09853076 -0.03943985 -0.04050785 0.09485703 -0.04109787 -0.04211246 0.09816175 -0.03968983 -0.04236143 0.1003756 -0.03852218 -0.0332185 0.1457872 -0.01994299 -0.02928882 0.1502096 -0.01830279 -0.02969092 0.1496148 -0.01883018 -0.02036648 0.1559049 -0.0160796 -0.01828473 0.1555046 -0.01577866 -0.006708443 0.1621613 -0.01484501 0.006309747 0.1602486 -0.01419478 0.002108097 0.161396 -0.01401907 0.003957986 0.1518598 -0.04736691 -0.003318786 0.1508244 -0.04531043 0.003365457 0.1514987 -0.04515659 0.002253711 0.1483801 -0.04520678 0.003914058 0.1544828 -0.04505002 -1.286e-4 0.1492428 -0.04500997 7.02912e-4 0.1500397 -0.04507422 5.88728e-5 0.1495571 -0.04644209 -0.00118041 0.155918 -0.04448992 -4.97711e-4 0.1515938 -0.04334992 -0.001681983 0.1525208 -0.04333984 -0.003446877 0.1535238 -0.04494982 -0.002361059 0.1549354 -0.04429632 0.02959346 0.09761303 -0.04915106 0.031457 0.09947073 -0.049151 0.03404027 0.09511178 -0.04914999 0.03143715 0.09727698 -0.04921859 0.03118473 0.09634172 -0.04923886 0.03371518 0.0917508 -0.04914999 0.03282994 0.09456181 -0.04914999 0.03430676 0.09686893 -0.04925233 0.03232204 0.09455066 -0.04914999 0.03709352 0.09780281 -0.04914999 0.02959632 0.09498113 -0.049151 0.02936941 0.09674477 -0.04915094 -0.001540601 0.1277194 -0.05205267 0.004592657 0.1228203 -0.05230617 6.178e-5 0.1137165 -0.05331891 -0.007068872 0.1218529 -0.0519576 0.009280979 0.09847563 -0.05456066 0.007870972 0.1031838 -0.05330562 -0.01262527 0.1188103 -0.05299973 0.005229413 0.1039209 -0.05447632 0.004587054 0.0993911 -0.05528306 -0.008194446 0.1113161 -0.05351835 6.10657e-4 0.1025499 -0.05420577 -0.03284192 0.09873193 -0.05109357 -0.03470659 0.09680277 -0.05185997 -0.005578696 0.1536721 -0.04423254 -0.0182569 0.07382118 -0.05019795 0.04209977 0.09976172 -0.03957587 0.0428515 0.10286 -0.03813034 0.04390591 0.1054426 -0.03658145 0.04291218 0.1011218 -0.03848975 0.04036003 0.0967192 -0.04046684 -0.02872186 0.08050978 -0.04726994 0.03661412 0.08955723 -0.04368907 -0.03249436 0.08406466 -0.04604876 -0.0324769 0.08368283 -0.04563051 -0.03680872 0.08921146 -0.0438624 -0.03439027 0.08615279 -0.04521006 -0.03971135 0.09395051 -0.04205572 -0.03943628 0.09344702 -0.04170274 -0.04060757 0.09550076 -0.0411598 0.03149467 0.08331078 -0.04626995 -0.04080295 0.09602028 -0.04110318 -0.04240936 0.09952366 -0.03936892 0.02430909 0.07579183 -0.04901397 -0.04275304 0.1009459 -0.03920954 -0.04219114 0.09906446 -0.03960996 -0.04362356 0.1033872 -0.03783702 -0.04454302 0.1057907 -0.03671789 -0.044375 0.1070239 -0.03659766 -0.04357534 0.1028008 -0.03790068 0.01286953 0.07174158 -0.05207294 -0.04490709 0.1101448 -0.03516983 0.03679347 0.1409698 -0.02284973 -0.04521459 0.1146255 -0.0332756 0.03535777 0.1427187 -0.02169394 -0.04489535 0.1128844 -0.03405785 0.03832858 0.1378301 -0.02367109 0.03779983 0.1366534 -0.02420812 0.03880536 0.1374 -0.02332276 0.04071295 0.1341348 -0.02563995 0.01186341 0.07137 -0.05062884 -0.04507875 0.1195718 -0.03142541 0.007740855 0.07065975 -0.05082005 0.04239606 0.1289827 -0.0272367 0.04000318 0.1346719 -0.02492511 -0.03757077 0.1433268 -0.02210861 0.04269242 0.1292731 -0.02738445 0.04227566 0.1300932 -0.02716481 -0.004483699 0.07044422 -0.05154693 -0.0431602 0.1296428 -0.02689999 0.04343867 0.1264338 -0.02879989 0.04477405 0.1210281 -0.03053319 0.04405075 0.1246435 -0.02911692 -0.01533377 0.07270586 -0.05067318 -0.01091057 0.07106715 -0.05086827 0.04486668 0.1150267 -0.03334373 -0.01556909 0.07275843 -0.05000334 0.04488956 0.1122198 -0.03418982 -0.03701937 0.1402215 -0.0220918 0.04457217 0.1096084 -0.03537446 0.04378002 0.1050406 -0.03711658 0.0442034 0.1071643 -0.03630101 0.0440737 0.1070458 -0.03671002 -0.01963949 0.07440078 -0.04929971 0.01524442 0.1577094 -0.01521432 0.01118445 0.1588499 -0.01544857 -0.03411227 0.1450679 -0.02078837 -0.02408933 0.1533506 -0.01786595 0.02467852 0.1542108 -0.01936632 -0.02220308 0.1545276 -0.01721394 0.0193789 0.1558078 -0.01686626 1.01388e-4 0.1603071 -0.01485621 -0.02086269 0.1557893 -0.01610934 -0.01889681 0.1562888 -0.01633983 0.02159249 0.1546828 -0.01722991 -0.01710659 0.1573747 -0.01610225 0.02767556 0.1506497 -0.01887995 -0.01153129 0.1589195 -0.01527464 -0.01067477 0.1590228 -0.01546001 0.003306925 0.1503808 -0.04865634 0.004205882 0.1538258 -0.04570984 0.006124496 0.1542343 -0.04757928 0.002891778 0.1549565 -0.04491329 -3.54262e-5 0.1562653 -0.04449933 0.002680003 0.1555437 -0.04486346 0.03375208 0.09763121 -0.04921936 0.03295463 0.09794259 -0.04921907 0.03210741 0.09781306 -0.04921883 -8.85321e-4 0.121727 -0.05196106 -7.54651e-5 0.1204128 -0.05254983 6.02947e-6 0.105279 -0.05391931 0.001078248 0.1009828 -0.05454999 0.01183933 0.0990138 -0.05441999 0.01679658 0.1052618 -0.05386996 0.0151363 0.1007402 -0.0543577 0.01687771 0.1054998 -0.05385577 0.01684033 0.1330866 -0.05144488 0.01206153 0.1336391 -0.05107527 0.0168882 0.1331438 -0.05145001 0.01213753 0.1330364 -0.05146086 0.01212018 0.1057463 -0.0538721 0.01213836 0.1057487 -0.05384945 0.0120449 0.1057538 -0.05390983 0.01123023 0.1040979 -0.05287837 0.004703819 0.1065193 -0.05375456 0.005083084 0.1068602 -0.05373126 0.004047751 0.1237048 -0.05225998 0.001978695 0.1261971 -0.0521633 -0.006389617 0.1275098 -0.05193001 -0.009970247 0.1265207 -0.05216115 -0.01278305 0.1211698 -0.05247992 -0.01160275 0.1160019 -0.05280715 -0.008576393 0.1084212 -0.0536316 -0.008334398 0.1089336 -0.05372005 -0.01873356 0.09830915 -0.05449455 -0.0190227 0.09824866 -0.05478501 -0.01080942 0.09949809 -0.05445086 -0.00805962 0.1095386 -0.05358386 -0.01034039 0.0999388 -0.05440998 -0.003327727 0.1076786 -0.05383974 -0.004924476 0.1053549 -0.05398368 -0.003146052 0.1108807 -0.05347907 -0.004760563 0.1151294 -0.05264955 -0.006204724 0.1161708 -0.05291998 -0.004519879 0.1234498 -0.05242282 -0.002423107 0.1232113 -0.05238842 -0.03212243 0.100583 -0.05422037 -0.03460234 0.09882384 -0.05314308 -0.03341311 0.09737843 -0.05224555 -0.03212964 0.0965498 -0.05302131 -0.03219413 0.09634149 -0.05264556 -0.03141123 0.09657454 -0.05179309 -0.037274 0.09654712 -0.05515652 -0.03560453 0.09667283 -0.05375915 -0.03101855 0.09311175 -0.05392003 -0.03264689 0.09225577 -0.05413997 -0.0352953 0.09957379 -0.05385977 -0.03534239 0.09431976 -0.05313998 -0.03760594 0.09043997 -0.04348123 -0.03520965 0.08716094 -0.04481458 -0.03747159 0.0909838 -0.04297059 -0.03769898 0.1408601 -0.02306616 -0.02975648 0.1480783 -0.03813958 -0.02975809 0.1480718 -0.03813982 -0.01363474 0.1581954 -0.01588129 -0.04258853 0.1302542 -0.02712798 -0.03780651 0.1385635 -0.03966885 -0.0169394 0.1571238 -0.01621663 -0.0449239 0.1108675 -0.03504508 -0.01824897 0.1564718 -0.01649975 -0.01685577 0.1560994 -0.03688138 -0.04476261 0.1067534 -0.03688108 0.004295647 0.1521158 -0.04771989 0.0046072 0.1510006 -0.04842734 0.001032769 0.1491548 -0.04878818 -2.29771e-4 0.148327 -0.04748713 -0.004783213 0.1539597 -0.04595875 -0.003937065 0.1510611 -0.04799664 -0.003896296 0.1513925 -0.04731523 -0.004654526 0.1540439 -0.04576998 -0.004389822 0.1512398 -0.04848974 -0.006055474 0.1532108 -0.04753983 0.001360416 0.1487178 -0.04972994 0.001962244 0.1494324 -0.04809153 -0.004938364 0.1503818 -0.04943126 -0.002064347 0.1494225 -0.04876726 -0.002945542 0.1501248 -0.04819989 0.001966118 0.1472093 -0.05140048 0.003785729 0.1518278 -0.04689997 0.004894495 0.1545938 -0.04594004 -1.64024e-4 0.1564058 -0.04451996 0.03468376 0.0928328 -0.0535447 0.03395229 0.09182262 -0.0539419 0.0324127 0.09999299 -0.05470383 0.03363877 0.1017889 -0.05452609 0.03472226 0.09910851 -0.05354678 0.03064024 0.09062635 -0.05543196 0.03543555 0.09687918 -0.05305582 0.03664726 0.09865075 -0.05359995 0.03610682 0.09571528 -0.05314147 0.03553617 0.09501779 -0.05316001 0.03368473 0.09590399 -0.05189257 0.03435611 0.09693479 -0.05183988 0.03142637 0.09735679 -0.05185997 0.03215235 0.09789377 -0.05185997 0.03199577 0.09942978 -0.05337995 0.03302961 0.09798979 -0.05183988 0.0338307 0.09764379 -0.05183988 0.0341323 0.09947818 -0.05327546 0.02874737 0.09670376 -0.05417001 -1.83297e-4 0.1115998 -0.05355983 -3.56881e-5 0.1061357 -0.05386584 0.01703476 0.1042421 -0.05421137 0.01196551 0.1331932 -0.05177414 0.01192539 0.105712 -0.05410873 0.0029307 0.1260895 -0.05232781 -0.007329702 0.1222878 -0.05268985 -0.02743196 0.0937308 -0.05518001 -0.03065145 0.09113579 -0.05526 -0.0328961 0.09658199 -0.05182999 -0.03339731 0.1013776 -0.05347752 -0.02930158 0.09940814 -0.05288285 -0.02949619 0.0982778 -0.05417984 -0.0283997 0.09698772 -0.05455935 -0.02824443 0.09433352 -0.0559473 -0.0288791 0.09364986 -0.05487167 -0.02743196 0.0937308 -0.05518001 0.03261107 0.08640277 -0.05314314 0.0395947 0.121089 -0.05172806 0.03608882 0.09253698 -0.05328655 0.01468211 0.1539737 -0.04481291 0.04229128 0.1283568 -0.04134005 0.0420472 0.129082 -0.0412178 0.007189452 0.07052057 -0.05294525 0.01034176 0.07132452 -0.05291247 0.01457542 0.1540303 -0.0448457 -0.005663216 0.07038062 -0.05650132 0.00778824 0.07104641 -0.05149734 0.04092478 0.1320627 -0.04072988 0.005034804 0.07174789 -0.05501925 0.01216989 0.1576108 -0.0366398 0.03611367 0.09304779 -0.05284976 0.00811094 0.1585718 -0.03647983 0.03377997 0.1371041 -0.0499624 0.03403031 0.09183377 -0.05387979 0.01194781 0.0763002 -0.05664944 0.01506656 0.07422935 -0.05505478 0.03994059 0.1342159 -0.04037821 0.03862345 0.1392129 -0.03956961 0.002292871 0.1592659 -0.03637027 -1.35157e-4 0.1591935 -0.03859311 0.03630107 0.09687817 -0.05066537 0.04154485 0.1078754 -0.05095005 -1.25534e-4 0.1593771 -0.03635245 0.03900539 0.09878581 -0.05197978 0.03510737 0.1378087 -0.04666996 0.03594106 0.1385396 -0.04472208 0.04335659 0.1052798 -0.04527992 0.03945004 0.09878891 -0.05224907 0.03475934 0.1391025 -0.04889547 0.04381239 0.107726 -0.04485034 0.04404371 0.1092488 -0.04458987 0.01184004 0.07649129 -0.05560755 0.02284592 0.0772615 -0.05285429 0.03665333 0.09886336 -0.05293655 0.04433727 0.1106237 -0.04435598 0.03172141 0.1459274 -0.03849369 0.04225438 0.1092482 -0.05038142 0.0442959 0.1119428 -0.04411303 0.002327561 0.148312 -0.04836797 0.02160483 0.07734239 -0.05416017 0.02929425 0.1482378 -0.03811997 0.02646666 0.1513788 -0.03777557 0.04220491 0.1092953 -0.05040121 0.03131991 0.08334898 -0.04934376 0.03421491 0.0860247 -0.04882246 0.02379059 0.1523603 -0.03747248 0.0263797 0.1505908 -0.03773993 0.03246915 0.08684098 -0.05286538 0.02519774 0.08121317 -0.05495679 0.0331307 0.08524775 -0.04896992 0.01542884 0.1565354 -0.03681135 0.03011739 0.09248977 -0.05473995 0.02937412 0.09831118 -0.05404978 0.02764523 0.0974918 -0.05475986 0.02673536 0.09655976 -0.05494004 0.02941519 0.09866279 -0.05419993 0.03087961 0.09944218 -0.05472797 0.02994012 0.1001967 -0.05493265 0.02965945 0.1004508 -0.05451643 0.03207695 0.1006085 -0.05472528 0.03376853 0.1015616 -0.05517405 -3.42741e-4 0.1205689 -0.05276799 -4.87682e-4 0.1204507 -0.05256992 -5.99307e-4 0.1221248 -0.05273604 -2.09733e-4 0.1048267 -0.05413746 0.004826188 0.09944134 -0.0556994 0.005103886 0.09841072 -0.0547384 0.0128141 0.09868687 -0.05481839 0.01402956 0.09967768 -0.05456823 0.01667815 0.1026918 -0.05424302 0.01630932 0.1019827 -0.05440866 0.01660192 0.1027358 -0.05431985 0.01659321 0.1026233 -0.05437213 0.01625764 0.1016768 -0.05449056 0.01710844 0.1040545 -0.0542128 0.01695668 0.1331572 -0.05157148 0.01713436 0.1040524 -0.05423724 0.01715683 0.1331171 -0.05172866 0.01685458 0.1334608 -0.05170989 0.01181751 0.1332649 -0.05172681 0.01182878 0.1332688 -0.0517199 0.01188182 0.1056542 -0.05411511 0.01181381 0.1056596 -0.05412161 0.00503689 0.1056752 -0.05412518 0.005215585 0.1212405 -0.05238664 0.004826009 0.1222603 -0.0525785 0.004986107 0.122189 -0.05267834 0.003552019 0.1250054 -0.05237299 -0.005200207 0.1275292 -0.05285388 -0.009238958 0.1272612 -0.05223238 -0.008464395 0.1272935 -0.05215984 -0.01184338 0.1246621 -0.05229651 -0.01291733 0.1236785 -0.05250269 -0.01293087 0.1185828 -0.0530098 -0.01232683 0.1170917 -0.05312997 -0.008803248 0.1121323 -0.05354106 -0.01905936 0.09840178 -0.05476999 -0.008588373 0.1088244 -0.05383253 -0.01549232 0.09478813 -0.05508458 -0.01553672 0.09496408 -0.05482536 -0.004897654 0.1050761 -0.05417394 -0.003979325 0.1060907 -0.05408102 -0.00308156 0.1078548 -0.05395001 -0.003127813 0.1121008 -0.05357003 -0.005014002 0.1149274 -0.05314165 -0.00745809 0.11884 -0.05288225 -3.29191e-4 0.1114718 -0.05362993 0.01181095 0.1331924 -0.0517171 -0.008295059 0.1111978 -0.05364996 -0.001595854 0.1275892 -0.0527063 -0.003259539 0.1070457 -0.05428111 0.02728867 0.0985288 -0.05475986 -0.01531052 0.0947501 -0.05506145 -0.01905894 0.09840208 -0.05477219 -0.02702969 0.09579598 -0.05497515 -0.01263469 0.1235605 -0.05242007 -0.04029393 0.1270403 -0.0235579 -0.007312774 0.1569983 -0.01220959 -0.04193598 0.1244028 -0.02479988 0.03053563 0.1446875 -0.01613497 0.01085788 0.07358378 -0.0452997 0.0424726 0.1096997 -0.03076857 -0.04242253 0.1207029 -0.02612918 -0.0296027 0.08553487 -0.04022037 -0.02590185 0.08083784 -0.0423032 -0.01281815 0.1555151 -0.01272404 0.02500772 0.1494541 -0.01394999 0.02707386 0.1480938 -0.01522994 -0.04266816 0.1134788 -0.02897977 0.04276716 0.1091789 -0.03015303 -0.01265311 0.1556486 -0.01292139 -0.04312068 0.1130055 -0.02866286 0.04243606 0.1164952 -0.02783429 -0.04257398 0.1070904 -0.03101956 0.04257601 0.1137205 -0.02905917 0.04133707 0.1245192 -0.02464008 0.01776856 0.1537845 -0.01279097 -0.04132527 0.1042556 -0.03301829 0.01675671 0.1540857 -0.01293998 -0.0189321 0.1530861 -0.01319605 0.0423609 0.1170318 -0.02754998 0.04128742 0.1260672 -0.02425545 0.04205489 0.1220878 -0.02559006 -0.03999179 0.0999574 -0.03495681 -0.008905827 0.07306277 -0.04531002 0.0414673 0.1246358 -0.02449995 -0.02303177 0.1509059 -0.01429218 0.04099112 0.1254154 -0.02418154 -0.03280401 0.1424124 -0.01766848 0.03056424 0.0852884 -0.04059261 -0.02918201 0.1459549 -0.01602977 0.04018008 0.1295068 -0.02275997 0.0413261 0.1255752 -0.0243197 -0.03934311 0.09754866 -0.035501 -0.03091341 0.1443455 -0.01664716 -0.004814386 0.0724368 -0.04564416 0.03095608 0.0857008 -0.04020988 -0.03891915 0.09708082 -0.03573125 -0.0389449 0.1323438 -0.02135992 0.001508533 0.1575437 -0.0113303 0.003836691 0.1576284 -0.0114777 0.03643393 0.09298509 -0.03753232 0.03757244 0.09445613 -0.03650301 -0.03053051 0.08485758 -0.04065907 0.01293486 0.1060256 -0.04993951 0.01294744 0.1062098 -0.04997992 0.0129612 0.1060039 -0.0498178 0.01294744 0.1062098 -0.04997992 0.01270669 0.1060527 -0.05020177 0.01294744 0.1062098 -0.04997992 0.01296126 0.1059926 -0.04978919 0.01294744 0.1062098 -0.04997992 -0.02963608 0.1449097 -0.02719992 -0.02395069 0.1503071 -0.02732682 -0.03247815 0.1411826 -0.02731472 -0.03217417 0.1414998 -0.02734005 0.01967269 0.08947026 -0.03482919 0.01957708 0.0896188 -0.03473997 0.01968729 0.0894801 -0.03476756 0.01957708 0.0896188 -0.03473997 0.01957708 0.0896188 -0.03473997 0.01972919 0.08956384 -0.03455102 0.01955419 0.08938276 -0.04004997 -0.03075248 0.08470302 -0.04062056 -0.01924401 0.15435 -0.01278835 -0.02047109 0.1525996 -0.01329177 -0.00445199 0.1537048 -0.04570984 -0.00445199 0.1537048 -0.04570984 -0.004287183 0.153922 -0.04542177 -0.004108548 0.1519948 -0.04687976 -0.004199087 0.1519666 -0.04714214 -0.004993975 0.1509135 -0.04702442 0.02391237 0.08350366 -0.05184632 0.02336305 0.08381378 -0.05188977 0.02336305 0.08381378 -0.05188977 0.02336627 0.0842604 -0.05207186 0.02390277 0.08249676 -0.05044001 0.02442461 0.08252173 -0.05066263 0.02437585 0.0824629 -0.05049914 0.02390277 0.08249676 -0.05044001 0.0348199 0.09065282 -0.03855615 0.03175419 0.08559328 -0.04325622 0.03137832 0.1424926 -0.0175153 0.03334331 0.1400425 -0.01849788 0.03085136 0.1436411 -0.01706391 -0.001000046 0.1492329 -0.04932039 -0.003665268 0.1504635 -0.04932516 -0.002467691 0.1496282 -0.04913514 -0.002362489 0.1495774 -0.04866689 -0.001060843 0.1491017 -0.04913979 -7.23185e-4 0.1493411 -0.04912316 -0.001060843 0.1491017 -0.04913979 -0.001060843 0.1491017 -0.04913979 -0.01817935 0.1144698 -0.04901719 -0.01807302 0.1144406 -0.04910802 -0.01823878 0.1144918 -0.04894 -0.01823878 0.1144918 -0.04894 -0.0176298 0.1145688 -0.04639792 0.003299117 0.1489928 -0.04992985 -0.01676177 0.1100239 -0.04611283 0.0257458 0.0897929 -0.03490972 0.02619731 0.08929705 -0.03472024 0.0259732 0.08918678 -0.03489995 -0.0450747 0.1136768 -0.03403526 -0.02892506 0.09345567 -0.05491095 -0.04464989 0.1134397 -0.04384994 -0.004438698 0.1563659 -0.04171639 -0.003360331 0.1553038 -0.03903985 -0.003611266 0.1546898 -0.04134315 0.03254681 0.1007208 -0.05423974 0.03460592 0.0999118 -0.05400997 0.03460592 0.0999118 -0.05400997 0.03157246 0.08276677 -0.04553002 0.03164643 0.08283907 -0.04549759 -0.01670002 0.1225627 -0.0483458 -0.015239 0.1249208 -0.04872977 -0.003052234 0.1576614 -0.01154476 -0.001863479 0.1573349 -0.01131206 -0.00188297 0.1572659 -0.01111209 -0.001650691 0.1575748 -0.01116997 -0.02924197 0.08042043 -0.04647696 -0.02627927 0.07814776 -0.04739981 -0.0261479 0.07805645 -0.04743856 -0.03737545 0.09779876 -0.04914999 -0.03747373 0.09774857 -0.0491507 0.03472959 0.09267264 -0.05347704 0.03476315 0.09250128 -0.05357223 0.03469228 0.09282177 -0.05236244 0.03605216 0.09502238 -0.05218112 0.03611987 0.09605073 -0.05315893 -0.01817333 0.1141703 -0.04912614 -0.01786977 0.1143818 -0.04938977 -0.01808458 0.1144245 -0.04922032 -0.01837134 0.1136782 -0.04918611 -0.03961199 0.1314012 -0.02157825 -0.03284853 0.09646099 -0.0518372 -0.03193724 0.09705579 -0.05188769 -0.03219932 0.09741157 -0.05204033 0.0243054 0.09025698 -0.05152726 0.02444726 0.09033364 -0.05186122 0.02679187 0.08986204 -0.05172735 0.0248537 0.08889275 -0.05176997 0.0248537 0.08889275 -0.05176997 0.0248537 0.08889275 -0.05176997 0.02496427 0.08893281 -0.05165165 0.0248537 0.08889275 -0.05176997 0.0248177 0.08933085 -0.05185621 0.02651494 0.09226197 -0.0348379 0.0262826 0.09231042 -0.03478872 -0.03802257 0.1165819 -0.04833525 -0.03762519 0.117091 -0.04779374 -0.03707909 0.1170008 -0.04905003 -0.03752368 0.09681779 -0.03606003 -0.03636533 0.09440273 -0.03687441 -0.04515624 0.1217482 -0.02606612 -0.0449441 0.1231538 -0.02543002 -0.04525476 0.1219657 -0.02556622 -0.0454759 0.1190278 -0.02707988 -0.04356229 0.1035928 -0.03810977 -0.04392021 0.1050643 -0.03753894 -0.04008919 0.1241928 -0.04172974 0.0390678 0.1148397 -0.04583001 0.03907364 0.1147744 -0.04587548 0.0390678 0.1147778 -0.04587501 0.01731002 0.1149569 -0.04576224 0.01664143 0.1117873 -0.04572242 0.01723265 0.1146112 -0.04597008 0.02369695 0.07654505 -0.05031675 0.02802175 0.08005833 -0.04737317 0.02749973 0.08216148 -0.0444929 0.02678591 0.08155345 -0.04478466 0.03139716 0.08558976 -0.04324996 0.03139716 0.08558976 -0.04324996 0.03060591 0.08498656 -0.04334121 0.01969707 0.08906477 -0.04537981 0.01969707 0.08906477 -0.04537981 0.01969707 0.08906477 -0.04537981 0.01969707 0.08906477 -0.04537981 0.01983827 0.08903568 -0.04526442 0.01969707 0.08906477 -0.04537981 0.01949769 0.08965808 -0.04538565 0.01958823 0.08917599 -0.04549264 0.01917034 0.08978801 -0.04560518 0.01918518 0.09007674 -0.04556703 0.02038073 0.08625507 -0.04580324 0.0190109 0.08963775 -0.04571992 0.01870769 0.09047991 -0.04582434 -0.03437829 0.09724408 -0.05174922 -0.03411817 0.09617418 -0.05244916 -0.03464692 0.09612447 -0.0517103 -0.03531467 0.09806257 -0.05067479 -0.03327828 0.09695357 -0.05181813 4.50964e-4 0.1539656 -0.04384958 -2.16405e-4 0.1549355 -0.04317396 1.78361e-4 0.1537506 -0.04335659 5.09037e-5 0.1561577 -0.04447972 5.09037e-5 0.1561577 -0.04447972 -8.36596e-5 0.1562851 -0.04450047 -0.02671158 0.0963118 -0.04831004 -0.02709114 0.0968362 -0.04787015 -0.02650481 0.09627705 -0.04829305 -0.0266388 0.09596276 -0.05060976 -0.0266388 0.09596276 -0.05060976 -0.01761817 0.1141298 -0.04626995 -0.0177285 0.1142721 -0.04621118 -0.01761817 0.1141298 -0.04626995 0.04341799 0.1277955 -0.02326875 0.04313337 0.1281124 -0.02317392 0.04293757 0.1268388 -0.02222281 0.04462808 0.1208174 -0.02601963 0.04491174 0.1199808 -0.02652096 0.04472655 0.120447 -0.02671068 -0.02195918 0.07977765 -0.04294949 -0.02286142 0.07800805 -0.04336339 0.02663767 0.09321975 -0.05170989 0.02663767 0.09321975 -0.05170989 0.02663767 0.09321975 -0.05170989 0.02646309 0.09299063 -0.0515629 0.02663767 0.09321975 -0.05170989 0.02663767 0.09321975 -0.05170989 0.02575862 0.09622687 -0.05131602 0.02530771 0.09714275 -0.05138361 -0.001137912 0.1472968 -0.03974992 -6.47579e-4 0.1467568 -0.03998333 -3.1165e-4 0.1467666 -0.03977161 -6.70956e-4 0.1478792 -0.04002314 -3.21386e-4 0.1479361 -0.03983092 -0.001024425 0.1477109 -0.04186385 -0.001078546 0.1477212 -0.04193735 -4.68873e-4 0.1481861 -0.04168725 -8.88918e-4 0.1480247 -0.04177999 0.03468769 0.1406219 -0.01830923 0.03882485 0.1324683 -0.0214684 -0.04539495 0.1121292 -0.03369629 -0.04552608 0.1134198 -0.03312999 0.001560986 0.1470503 -0.04147094 9.04108e-4 0.1474158 -0.04196006 0.001163005 0.1464763 -0.04273951 8.69611e-4 0.1471598 -0.04287993 0.02492219 0.08205676 -0.04500997 0.02435111 0.08206468 -0.04543858 0.02488088 0.08241879 -0.05066001 0.0250476 0.08243823 -0.05105942 0.04444885 0.1250386 -0.02452373 0.04425561 0.1244496 -0.02491122 0.004392862 0.1494938 -0.04196995 0.004392862 0.1494938 -0.04196995 0.004659652 0.1494636 -0.04239875 0.004392862 0.1494938 -0.04196995 0.005609929 0.1526942 -0.04208761 0.006192266 0.1525584 -0.04243838 0.006668627 0.1524352 -0.0428844 0.006005764 0.1523818 -0.04232001 0.006005764 0.1523818 -0.04232001 -0.03727358 0.09591799 -0.03612601 -0.03789633 0.09576141 -0.03541803 -0.0396651 0.1012221 -0.03639012 -9.96506e-4 0.1564829 -0.04171377 0.02030545 0.0926932 -0.05044925 0.02030867 0.09277045 -0.05123424 -0.04498791 0.1183431 -0.03112888 -0.04531079 0.1241167 -0.02890789 -0.04048943 0.1364302 -0.02421766 -0.001381278 0.1573798 -0.01355981 -0.001040816 0.1570307 -0.01374274 -0.001488566 0.1576187 -0.01356005 -0.03602039 0.1031612 -0.05044102 -0.0351361 0.1030838 -0.05074977 -0.03495085 0.1028293 -0.05041557 0.04265177 0.1119838 -0.03227978 0.04272818 0.1107181 -0.03301298 0.0428102 0.1155486 -0.03093349 -0.03313916 0.09639656 -0.04918766 -0.04191499 0.1158175 -0.02822923 -0.04177623 0.1138496 -0.02918094 0.01410382 0.105548 -0.04625385 0.01297605 0.1060258 -0.04603981 0.01318359 0.1059227 -0.04590171 0.01297605 0.1060258 -0.04603981 0.01297605 0.1060258 -0.04603981 0.02665889 0.08938276 -0.04319971 0.0265094 0.08935725 -0.03749942 0.02649438 0.08953398 -0.03464698 -4.46611e-4 0.1310322 -0.04806035 -0.002253115 0.1309292 -0.04764902 0.004115939 0.1484498 -0.04294002 0.005395114 0.149709 -0.04289227 0.02639329 0.0889098 -0.05155003 0.0263096 0.08932322 -0.05155241 0.02639329 0.0889098 -0.05155003 0.02649742 0.08894336 -0.05154979 0.01017427 0.07188296 -0.05077433 0.01171112 0.07162624 -0.05052244 0.007554233 0.07098579 -0.05136996 -1.2209e-4 0.1462758 -0.03978997 -8.38037e-4 0.1465927 -0.04159003 -0.001095354 0.1467138 -0.0417701 -9.98131e-4 0.1467738 -0.04278945 0.01578271 0.1083369 -0.04620128 0.01496803 0.1062524 -0.04611849 0.01507371 0.1063888 -0.04980999 0.01507371 0.1063888 -0.04980999 0.02126687 0.09208154 -0.03497928 0.02152866 0.09096491 -0.03489035 0.02165979 0.09058725 -0.03489238 0.02466964 0.09143179 -0.03495407 -0.04552227 0.1172518 -0.03159004 -0.04276806 0.1301112 -0.02716952 -0.04123938 0.1335658 -0.0258798 -0.0402621 0.1144868 -0.04576987 -0.04111164 0.1138722 -0.04605352 -0.0402621 0.1144868 -0.04576987 -0.0402621 0.1144868 -0.04576987 -0.03977096 0.1146709 -0.04580116 -0.0402621 0.1144868 -0.04576987 -0.03934782 0.1145899 -0.04610919 -0.03934168 0.1145892 -0.04611492 -0.04334741 0.1250318 -0.02727818 -0.04237836 0.1235354 -0.02788192 -0.0432021 0.1173098 -0.03044003 -0.04282909 0.1194507 -0.02931451 0.04532885 0.1117097 -0.03005129 0.0390678 0.1146677 -0.04597991 0.0390678 0.1145892 -0.04611492 -0.033706 0.09912478 -0.05305999 -0.03430783 0.09850978 -0.05452984 0.001260638 0.1578768 -0.01360976 7.63827e-4 0.1584611 -0.01330846 0.001260638 0.1578768 -0.01360976 0.001535058 0.1578198 -0.01136994 0.001493036 0.1575654 -0.01136541 -0.02277678 0.07591581 -0.04829972 -0.02277678 0.07591581 -0.04829972 -0.01933687 0.07413929 -0.04907375 -0.01906687 0.07402777 -0.04919004 -0.01906687 0.07402777 -0.04919004 -0.01927679 0.07417142 -0.0492416 -0.04534113 0.1108936 -0.03415274 0.04301047 0.1291802 -0.02717959 0.0430209 0.1286511 -0.02750289 -0.00586003 0.1573648 -0.01136994 -0.006097257 0.1575242 -0.01140171 -0.03134149 0.09613281 -0.05184996 -0.03134149 0.09613281 -0.05184996 -0.03134149 0.09613281 -0.05184996 -0.02900362 0.09693276 -0.05421996 -0.02900362 0.09693276 -0.05421996 -0.02824497 0.09757828 -0.05265146 -0.02900362 0.09693276 -0.05421996 0.03903645 0.1382877 -0.02396541 0.0397619 0.1360375 -0.02490764 0.0390588 0.1373578 -0.02432996 0.02530479 0.0906648 -0.03431004 0.02508503 0.09091717 -0.03439903 0.02654522 0.09023445 -0.03552192 0.02530479 0.0906648 -0.03431004 0.02530479 0.0906648 -0.03431004 0.02551054 0.09049552 -0.03430092 0.02365589 0.1495861 -0.01448303 0.02347576 0.1493912 -0.01435673 0.02668648 0.1471468 -0.01560992 0.02711665 0.1462004 -0.015257 0.01324921 0.07275974 -0.04821497 0.01918065 0.07647079 -0.04693984 0.01845985 0.07625919 -0.0469014 -0.01731008 0.1196336 -0.04905664 -0.01516497 0.1244235 -0.04707449 -0.0176357 0.1163111 -0.04610759 -0.01717489 0.1191371 -0.04617327 0.01233601 0.07596194 -0.05398172 0.01659715 0.07847237 -0.05145412 -0.01274651 0.1276964 -0.04635769 -0.01240086 0.1285619 -0.04610896 -0.01241326 0.1285598 -0.04611867 -0.006462752 0.1598805 -0.01501399 -0.006604731 0.1598439 -0.01497024 -0.008714318 0.1597458 -0.01476687 -0.003472626 0.1601608 -0.01491981 -0.003472626 0.1601608 -0.01491981 -0.04477584 0.1069447 -0.03574526 -0.04447329 0.1054098 -0.03636986 -0.03934168 0.1146677 -0.04597991 -0.04365909 0.1266549 -0.02369904 -0.04399371 0.1268205 -0.02368897 -0.04398852 0.1262828 -0.02382004 0.002307057 0.1471458 -0.04608988 0.002307057 0.1471458 -0.04608988 0.02167737 0.07732492 -0.05420416 0.03178554 0.0859695 -0.04034197 0.0275973 0.09250479 -0.04935979 0.02731865 0.09236174 -0.0491479 0.0275973 0.09250479 -0.04935979 0.02742028 0.09220105 -0.05129319 0.02774149 0.09227979 -0.05126982 0.02847307 0.09261506 -0.05155658 -0.03319656 0.1455219 -0.01609981 0.02611249 0.09188014 -0.0480535 -0.03303909 0.08940523 -0.03838711 -0.0411784 0.1025518 -0.03670215 -0.04132163 0.1023861 -0.03642928 -0.03854268 0.09534865 -0.0395379 5.79664e-4 0.1465978 -0.04218 0.04357606 0.1258506 -0.02870577 0.04391586 0.1246866 -0.02927052 0.04343867 0.1264338 -0.02879989 0.04412907 0.1250598 -0.02877998 0.04411715 0.1226559 -0.02934849 0.04405713 0.1249216 -0.0289433 0.04383832 0.1233845 -0.02962338 0.04412907 0.1250598 -0.02877998 0.01217621 0.1251559 -0.04830694 0.01169735 0.1257694 -0.04874765 0.0140109 0.1201661 -0.04825913 0.03577357 0.142687 -0.01784002 0.03607869 0.1424717 -0.0173695 0.03658443 0.1414656 -0.01802569 0.01278311 0.105949 -0.05013132 0.02135998 0.08259779 -0.05187994 0.02135998 0.08259779 -0.05187994 0.01807981 0.1147962 -0.04586875 0.02843219 0.1505852 -0.01422864 0.02792394 0.1512652 -0.01399511 0.03156495 0.1478158 -0.01523995 0.03327322 0.1460033 -0.0160889 0.03188931 0.147558 -0.01553881 0.03156495 0.1478158 -0.01523995 0.01768869 0.1149053 -0.04625737 0.02728807 0.09279978 -0.04819989 0.02884012 0.09371685 -0.04909276 0.02712029 0.09269171 -0.04815524 0.02650028 0.09342712 -0.04864406 0.02999478 0.09369772 -0.0484324 0.0291019 0.09223878 -0.04724997 0.002634584 0.1474748 -0.04290992 0.002634584 0.1474748 -0.04290992 -0.0444073 0.1073708 -0.03657984 -0.0444073 0.1073708 -0.03657984 -0.0444073 0.1073708 -0.03657984 -0.04451984 0.1068195 -0.03671854 -0.04490345 0.1104628 -0.03514456 -0.04492497 0.1111898 -0.03501999 -0.04473012 0.1095399 -0.03572255 -0.0451368 0.1182598 -0.03178983 -0.01504129 0.1244708 -0.04603981 -0.01107335 0.07499575 -0.04477983 0.008079886 0.07136178 -0.04877001 0.00309658 0.07094764 -0.04916238 0.03409194 0.09729373 -0.05177128 0.03370773 0.09697002 -0.05228072 0.0344184 0.09649688 -0.05178862 0.03342598 0.0978201 -0.05177277 0.03328692 0.097521 -0.05208396 -0.01179552 0.1556197 -0.01194006 -0.01186585 0.1557677 -0.01189976 -0.04520535 0.1096028 -0.03467983 0.02835029 0.09571444 -0.04713356 0.02844429 0.09572696 -0.04164856 0.02842342 0.09746116 -0.04164981 -0.04445314 0.1105258 -0.04435873 -0.01481091 0.1066613 -0.04625678 -0.01510775 0.1064952 -0.04623752 -0.01534235 0.1066648 -0.04613989 -0.01534235 0.1066648 -0.04613989 -0.02886152 0.1461163 -0.01605224 -0.03005987 0.1453651 -0.01607543 0.02512955 0.08031916 -0.04525947 0.02348446 0.07895553 -0.04559189 0.02694582 0.09205877 -0.05151993 0.02705258 0.09203118 -0.05151313 0.02694582 0.09205877 -0.05151993 0.04209053 0.09797018 -0.03970825 0.04050099 0.0951308 -0.04085975 0.03922337 0.09319418 -0.04188245 0.04089558 0.09635949 -0.04056054 0.04202926 0.09853076 -0.03943985 0.04251706 0.09972918 -0.03873288 0.04202926 0.09853076 -0.03943985 0.04186636 0.09832406 -0.03960227 0.02141523 0.08924907 -0.05133754 0.02244514 0.08873796 -0.05164146 0.00461483 0.07011878 -0.05065 0.004299163 0.07012325 -0.0507844 -0.04045867 0.1359758 -0.02021455 -0.04053241 0.1361484 -0.02016752 -0.005433619 0.1569955 -0.04351693 -0.001207113 0.1568228 -0.04403996 -0.005705833 0.1563638 -0.04428982 -0.03837138 0.1401643 -0.01859277 -0.03915876 0.1385708 -0.01899993 0.008389651 0.07072275 -0.0505566 7.92388e-5 0.1466144 -0.04664051 0.02106153 0.09152388 -0.03404599 0.02099031 0.08969968 -0.03467017 0.02094256 0.0912438 -0.03434973 0.02094256 0.0912438 -0.03434973 0.02094256 0.0912438 -0.03434973 0.02094256 0.0912438 -0.03434973 0.02094256 0.0912438 -0.03434973 0.02467978 0.09108877 -0.03451997 -0.02948158 0.1507579 -0.01429122 -0.0255959 0.1529018 -0.01319974 -0.0257163 0.1529628 -0.01315224 -0.007151961 0.1227048 -0.05234992 -0.00725907 0.1224423 -0.05254507 -0.003209769 0.1237017 -0.05225872 -0.004360496 0.1229282 -0.05196219 -0.01870357 0.1165291 -0.04861968 -0.01800245 0.1165128 -0.04943984 -0.01822352 0.1166765 -0.04939013 -0.01800245 0.1165128 -0.04943984 -0.01825875 0.1163709 -0.04917055 -0.01791787 0.1162707 -0.04879397 -0.01824146 0.1167495 -0.04868692 -0.01823318 0.1160968 -0.04863995 -0.00330168 0.1495313 -0.04555648 -0.004797697 0.1483907 -0.04580897 -0.004271388 0.1481578 -0.04525995 0.04212588 0.1222968 -0.02798992 -0.01219105 0.1283206 -0.04583472 -0.01252985 0.1284345 -0.04587787 -0.02316325 0.1389015 -0.04580938 -0.011743 0.1282278 -0.04584002 -0.011743 0.1282278 -0.04584002 -0.0118308 0.1285516 -0.04762434 -0.01147639 0.1281238 -0.0455991 -0.01080191 0.1288948 -0.0475682 -0.011743 0.1282278 -0.04584002 0.03515559 0.09030699 -0.03851979 0.03094571 0.09294557 -0.04164981 0.03468447 0.08926922 -0.04684841 0.03319317 0.09085881 -0.04707998 0.03241145 0.09059798 -0.04634362 -0.04376745 0.1059417 -0.04516184 -0.04433757 0.1093978 -0.04455 0.01500427 0.07257276 -0.05003982 0.01500046 0.0724799 -0.05010038 -0.04520577 0.1140408 -0.03350991 0.01589399 0.1573107 -0.01625323 0.01437026 0.1578748 -0.01594001 0.01305824 0.159481 -0.01598328 0.03081172 0.1439128 -0.01670116 0.03489482 0.1387571 -0.01954567 -0.03042018 0.09935981 -0.05409973 -0.03035545 0.09770578 -0.05521762 -0.02994555 0.09911602 -0.0551446 -0.03363776 0.09575814 -0.05268299 -0.03457957 0.09548377 -0.05184996 -0.03457957 0.09548377 -0.05184996 -0.0347386 0.09603279 -0.04914999 -0.03455716 0.09561783 -0.04921889 -0.03465956 0.0955829 -0.04914999 -0.005040109 0.1482468 -0.04643994 0.025518 0.07835978 -0.04838997 0.02742052 0.08021432 -0.04736882 0.031488 0.08335298 -0.04626965 0.02199441 0.09064829 -0.05191791 0.02172625 0.09039777 -0.05196005 0.02121585 0.09009337 -0.05182188 0.02172625 0.09039777 -0.05196005 0.02172625 0.09039777 -0.05196005 0.0216428 0.09083402 -0.05168187 0.02172625 0.09039777 -0.05196005 0.02209049 0.09003436 -0.05094325 -0.02932506 0.1501481 -0.01451277 -0.03056704 0.1489421 -0.01455545 -0.03170675 0.1479178 -0.01515996 -0.0124548 0.1285088 -0.04597979 0.02040678 0.09260177 -0.04605984 0.02040678 0.09260177 -0.04605984 0.03129017 0.1008578 -0.04808562 0.0292322 0.09901273 -0.04714852 0.01213008 0.1061928 -0.05052983 0.01213008 0.1061928 -0.05052983 0.01487946 0.110641 -0.04970002 -0.03790038 0.1349957 -0.02049595 -0.007677912 0.1100776 -0.0535084 -0.008564412 0.1110888 -0.05302172 -0.01291376 0.119585 -0.0526089 -0.01101642 0.116699 -0.05422884 0.01996749 0.09276777 -0.04592984 0.01996749 0.09276777 -0.04592984 0.0200504 0.09093415 -0.04581713 0.01996749 0.09276777 -0.04592984 0.01996749 0.09276777 -0.04592984 0.01996749 0.09276777 -0.04592984 0.02005374 0.0927903 -0.04408144 -0.03359425 0.09248393 -0.05546009 -0.0341103 0.09164828 -0.05408477 -0.03065145 0.09113579 -0.05526 -0.02980035 0.09069877 -0.05383527 0.02892899 0.0990467 -0.04829394 -0.02943456 0.09956318 -0.04893666 -0.03032732 0.09983974 -0.04714846 0.04598301 0.1128394 -0.03346282 0.04522871 0.1176488 -0.03142982 0.01515036 0.1552208 -0.01494002 0.01515036 0.1552208 -0.01494002 0.01199716 0.1562141 -0.01447129 0.01178663 0.1562505 -0.01439768 0.02017539 0.1560822 -0.0158447 0.02614593 0.1530488 -0.01810222 -0.02703076 0.09579777 -0.05499976 0.007238209 0.1596718 -0.01517999 0.008019268 0.1595233 -0.01533824 -0.03888845 0.1141815 -0.04807955 -0.03843551 0.1136167 -0.04742097 -0.0385788 0.1145008 -0.04805994 -0.03911906 0.1138678 -0.04819989 -0.03911906 0.1138678 -0.04819989 -0.03911906 0.1138678 -0.04819989 -0.03177195 0.1461483 -0.03845411 2.24624e-4 0.1032145 -0.05431067 0.001293838 0.1024734 -0.05608975 4.42156e-4 0.1029447 -0.0543648 4.99674e-5 0.1018148 -0.05308187 -8.94499e-5 0.1033958 -0.05434006 0.005378425 0.1313783 -0.04636824 0.003782153 0.1322617 -0.0458185 -0.01000452 0.1591721 -0.01547926 -0.01233643 0.1588463 -0.01566934 -0.01186931 0.1582303 -0.01489138 0.01907467 0.1340093 -0.04578626 0.01853096 0.1335208 -0.04576987 0.02471607 0.1393574 -0.04588276 -0.02100902 0.08205598 -0.05230689 -0.02351397 0.07780069 -0.05356031 -0.02166754 0.08142781 -0.05240982 -0.0444861 0.1255202 -0.02860128 0.01547938 0.1054754 -0.05039268 -0.04317027 0.1009493 -0.03828096 -0.04181295 0.09791791 -0.03963983 -0.04211246 0.09816175 -0.03968983 -0.04440462 0.1054388 -0.03668981 -0.02353584 0.1372242 -0.04736256 -0.02338773 0.1373873 -0.04723989 -0.02387309 0.1378118 -0.04728001 -0.02418488 0.1373658 -0.04757153 -0.04388129 0.1031016 -0.03730005 0.01476037 0.10196 -0.04576408 0.01848006 0.0911138 -0.04591 -3.0872e-4 0.1074103 -0.05397886 -1.68203e-4 0.1050262 -0.0540663 -0.01341038 0.1273291 -0.04805421 -0.01348078 0.1275297 -0.04778999 -0.01345509 0.1274728 -0.04786777 -0.0131579 0.1275371 -0.04623246 0.03619313 0.1379285 -0.02190804 0.005067586 0.15506 -0.04495555 0.004487991 0.1540816 -0.04586845 0.004431962 0.1544155 -0.04566794 0.00417304 0.1552505 -0.043195 0.004053354 0.1556138 -0.04483985 0.004053354 0.1556138 -0.04483985 0.004053354 0.1556138 -0.04483985 -0.01291364 0.1270946 -0.04597878 -0.01327085 0.1275762 -0.04596668 -0.0125212 0.1272258 -0.04576987 -0.01315701 0.1270518 -0.04612994 -0.01130664 0.1260875 -0.04731267 0.01686137 0.1162224 -0.04527157 0.01562505 0.1219916 -0.04598522 0.01476448 0.1232908 -0.04574996 -0.04204881 0.1240804 -0.02730017 -0.04213315 0.123727 -0.02757072 0.02639347 0.0927385 -0.05143934 0.026452 0.09266877 -0.05144 0.026452 0.09266877 -0.05144 0.026452 0.09266877 -0.05144 0.02639168 0.09272694 -0.05143427 0.02633398 0.0927838 -0.0514298 0.02633398 0.0927838 -0.0514298 -0.0155152 0.09473758 -0.05509525 0.004500865 0.1514902 -0.04855859 0.004893064 0.1517928 -0.0484699 0.006244838 0.1538261 -0.04702305 -7.3781e-4 0.153391 -0.04172635 -0.001906394 0.1533896 -0.04174947 -0.04274326 0.09989744 -0.03920435 -0.04344028 0.1023698 -0.03812998 -0.04345166 0.102446 -0.03814554 -0.004287302 0.132273 -0.046009 -0.03323304 0.09498929 -0.05213457 0.03821516 0.1342238 -0.02325975 0.03821516 0.1342238 -0.02325975 0.03840005 0.1338739 -0.02347958 -1.64024e-4 0.1564058 -0.04451996 -0.002467274 0.1557356 -0.04480284 -0.03101855 0.09311175 -0.05392003 0.02874082 0.09462696 -0.04164862 0.02481383 0.09071713 -0.0348972 0.02489858 0.09078454 -0.03489452 -0.02879375 0.1505348 -0.01418 0.01080346 0.1589268 -0.01549983 0.01222044 0.1585331 -0.01575356 0.007257044 0.0984354 -0.05486375 0.01027315 0.09871417 -0.05524671 0.01062166 0.09860801 -0.05445718 0.01504087 0.07289075 -0.05059969 0.004217624 0.07064282 -0.05169266 0.005075514 0.0706467 -0.05179601 -0.0248174 0.08244395 -0.05060619 -0.02446568 0.08238178 -0.05052 -0.02418136 0.0826798 -0.05075508 -0.02470076 0.08300781 -0.05177992 -0.02428746 0.08316618 -0.05162829 -0.02473998 0.08297067 -0.05175209 0.02851045 0.1469721 -0.01814317 0.02833712 0.1472476 -0.01793271 0.02825331 0.1472705 -0.0179221 0.0282768 0.1471308 -0.01797986 0.02898317 0.1466308 -0.01842999 0.03065353 0.1450564 -0.0191316 0.00569123 0.1554168 -0.03666985 0.03102171 0.103408 -0.05064988 0.03613722 0.1034529 -0.04976791 0.03507208 0.1031298 -0.05071973 0.0322358 0.1035788 -0.05079972 0.03219604 0.1035115 -0.0508126 0.01742786 0.1163038 -0.04891979 0.01742786 0.1163038 -0.04891979 0.01744508 0.1156275 -0.04879665 0.01742786 0.1163038 -0.04891979 0.01771616 0.1164035 -0.04891115 0.01777964 0.1160972 -0.04989886 0.01799362 0.1166083 -0.04945141 -0.005300939 0.1507086 -0.04209369 -0.005467355 0.1503488 -0.04226994 -0.005462884 0.1499357 -0.04266434 0.02623444 0.09601104 -0.05121904 0.02624595 0.09622478 -0.05084007 -0.01340276 0.1275554 -0.04611819 0.007125914 0.09821575 -0.05478996 0.0179013 0.1565048 -0.01648992 -0.04113578 0.1276528 -0.0259298 -0.04119324 0.1274059 -0.02607131 -0.02682209 0.09770578 -0.05044984 -0.02727526 0.0990138 -0.0502898 -0.02720326 0.09914845 -0.05033743 -0.04142189 0.1085284 -0.03084337 -0.04187196 0.09735476 -0.03962981 -0.04025477 0.09535229 -0.04054933 -0.04003036 0.0935688 -0.0411598 -0.03207641 0.08299881 -0.04543387 -0.03259128 0.08350878 -0.04522997 0.0344513 0.08702605 -0.04059016 0.04123979 0.09584695 -0.03630226 0.03421938 0.08547675 -0.04063981 0.01815009 0.1153502 -0.04584753 0.03908932 0.115919 -0.04581081 0.03961676 0.1161008 -0.04578983 0.03987693 0.1161817 -0.04563421 0.03897082 0.1172783 -0.04464745 0.03961676 0.1161008 -0.04578983 0.03961676 0.1161008 -0.04578983 0.03961676 0.1161008 -0.04578983 0.03890889 0.09723579 -0.03828001 0.03890889 0.09723579 -0.03828001 0.03963345 0.09894347 -0.03755146 0.04032528 0.1006232 -0.03701901 -0.02951174 0.09676218 -0.04167902 -0.02975267 0.09766107 -0.04167896 -0.02963709 0.09674561 -0.04915106 -0.02987384 0.09761047 -0.04915094 0.002354741 0.1554478 -0.0449 0.002658545 0.1548016 -0.04477208 0.002354741 0.1554478 -0.0449 0.03419876 0.1450928 -0.01649975 0.03011107 0.09976422 -0.04164844 0.03037559 0.09959214 -0.04164981 0.01461178 0.1091208 -0.04632002 -0.0238409 0.08236604 -0.04606872 -0.003623068 0.1488858 -0.04185992 -0.004138112 0.1487812 -0.04234719 -0.003623068 0.1488858 -0.04185992 0.02023994 0.08919149 -0.0349791 0.02008259 0.08919477 -0.03489995 0.01999986 0.08930915 -0.03463959 -0.006897211 0.07048851 -0.04662436 0.0255925 0.1495248 -0.01733005 0.02920353 0.1467263 -0.01848751 -0.04277288 0.09942477 -0.03494983 -0.009210467 0.1604512 -0.01434469 -0.02956825 0.08069175 -0.04636991 -0.006194949 0.1598798 -0.01511991 0.0249899 0.09064483 -0.03488761 -0.03325957 0.08784377 -0.0393399 -5.22553e-4 0.1550884 -0.04174995 -0.03145819 0.09563976 -0.04914999 -0.03121244 0.09653556 -0.04914999 0.03199577 0.09942978 -0.05337995 0.03350657 0.09962379 -0.05355983 0.03407955 0.09872817 -0.05304753 -0.002123773 0.1566447 -0.01139336 -0.03471481 0.1011558 -0.05444002 -0.03216844 0.101011 -0.05346274 0.03970444 0.1267492 -0.0236625 0.03841584 0.1315781 -0.02177619 -0.009143531 0.1597498 -0.0147199 0.01796239 0.1161913 -0.04901874 0.01714628 0.1331211 -0.05180174 0.01708024 0.1333552 -0.05175668 0.04459804 0.112789 -0.033311 0.04470735 0.1110862 -0.03480792 0.0448147 0.1119953 -0.03441381 0.0447033 0.1112317 -0.03481918 0.04426962 0.1088958 -0.03494483 0.0445348 0.1084118 -0.03566998 0.04439955 0.1063095 -0.03642469 -0.01510846 0.0728529 -0.05043834 -0.01166343 0.07179099 -0.05036109 -0.01963949 0.07440078 -0.04929971 -9.57735e-4 0.1548268 -0.04335993 -9.57735e-4 0.1548268 -0.04335993 -0.001422405 0.155492 -0.04414415 2.65021e-5 0.1550578 -0.04174995 -9.42756e-4 0.1323243 -0.04634368 0.03262543 0.09724497 -0.0524829 0.03258806 0.09794288 -0.05178153 -0.01446306 0.1573671 -0.01410186 -0.01563209 0.1575568 -0.01504659 -0.03192603 0.08881378 -0.04755002 -0.03185719 0.08936321 -0.04780673 -0.03352749 0.09083878 -0.04635977 -0.03329068 0.09096181 -0.0469076 -0.03352749 0.09083878 -0.04635977 0.02815723 0.1491916 -0.03797084 0.02037405 0.08912265 -0.04519486 -0.01936841 0.09553581 -0.05088979 -0.02072751 0.0932964 -0.05087691 -0.042737 0.1199658 -0.02898997 -0.042737 0.1199658 -0.02898997 -0.042737 0.1199658 -0.02898997 -0.04189455 0.1250178 -0.02720987 0.02984923 0.0858795 -0.04056811 0.03331977 0.09044545 -0.0386902 0.02490991 0.08153492 -0.04180401 0.0263797 0.1505908 -0.03773993 -0.03624171 0.1429488 -0.01750171 -0.0343846 0.1451297 -0.01633983 -0.0343846 0.1451297 -0.01633983 -0.03529208 0.1390593 -0.01903563 -0.03530126 0.138939 -0.01903927 -0.03535193 0.1384496 -0.01899647 -0.03272265 0.1422048 -0.01735991 0.03863328 0.1159253 -0.04597991 0.03863924 0.1160032 -0.04611003 0.03863328 0.1158158 -0.04587501 -0.0145896 0.07609283 -0.04438489 -0.01465815 0.07612758 -0.04439431 0.004236042 0.1480997 -0.04728001 -0.03993862 0.1160858 -0.04578983 -0.03938531 0.1159115 -0.04581087 -0.04028338 0.1162858 -0.04571557 -0.03993862 0.1160858 -0.04578983 -0.03993862 0.1160858 -0.04578983 -0.0181213 0.1157204 -0.04574579 -0.03890925 0.1158158 -0.04587501 0.02544641 0.08922827 -0.03490024 0.02545541 0.08922719 -0.03489464 0.0258581 0.08934277 -0.0342698 0.0258581 0.08934277 -0.0342698 0.0261501 0.08941572 -0.03439617 0.02612006 0.08934229 -0.03449475 0.02813798 0.09507644 -0.05459874 0.02817469 0.09315502 -0.05445957 0.03011739 0.09248977 -0.05473995 0.008851349 0.1298678 -0.04574996 0.01182705 0.1282735 -0.04589122 0.01245981 0.1276962 -0.04635304 0.01151418 0.1282768 -0.04597973 0.01196026 0.128352 -0.04589825 0.01014041 0.1263251 -0.04635196 0.01151418 0.1282768 -0.04597973 0.009426295 0.1297602 -0.04613018 0.01151418 0.1282768 -0.04597973 0.01151418 0.1282768 -0.04597973 -0.001784443 0.1318866 -0.04588174 0.02172887 0.08067202 -0.05161762 0.02245312 0.08075463 -0.05165433 0.02092367 0.08203929 -0.05250835 0.04136872 0.1339382 -0.02066045 0.04085987 0.1349068 -0.02050977 -0.03180593 0.09478127 -0.05198156 -0.0318017 0.09507375 -0.05185997 -0.03230291 0.09456253 -0.04912906 -0.03315126 0.1413683 -0.02683502 -0.03469616 0.1389519 -0.02710437 -0.03490906 0.1390718 -0.02693986 -0.03248989 0.1421168 -0.02704 -0.02987003 0.1445193 -0.02665239 -0.007928907 0.1096898 -0.05347985 -0.007928907 0.1096898 -0.05347985 -0.03143018 0.08879679 -0.05000978 -0.03143018 0.08879679 -0.05000978 -0.0314002 0.08913546 -0.0496807 -0.03143018 0.08879679 -0.05000978 -0.03143018 0.08879679 -0.05000978 0.0214883 0.09062796 -0.03461021 -0.01819616 0.1156108 -0.04576987 0.01419335 0.07424831 -0.04502457 0.0180633 0.07620579 -0.04404002 0.020576 0.07728385 -0.04361778 0.03446465 0.09562486 -0.04914999 0.03424233 0.09573739 -0.04928761 0.03450679 0.09635478 -0.04914999 0.0338338 0.09770995 -0.04914999 0.03410559 0.0973708 -0.04914999 -0.02975809 0.1480718 -0.03813982 -0.02734303 0.1477431 -0.01518702 -0.04098975 0.09509372 -0.03649795 -0.0389201 0.09162545 -0.03808015 -0.03920269 0.09198778 -0.03801995 0.03322118 0.09971112 -0.04915112 0.02117836 0.09072524 -0.03489571 0.03863328 0.1157538 -0.04583001 0.02522283 0.08937793 -0.03489613 0.02526295 0.08933079 -0.03489995 0.02533042 0.08928883 -0.03489542 -0.02814137 0.1447716 -0.03948992 -0.02814137 0.1446708 -0.03948992 0.01745718 0.1112147 -0.04998844 0.0194512 0.07924079 -0.05187994 0.007767617 0.1028742 -0.05426996 0.008267045 0.1026018 -0.05410993 0.007574379 0.1029938 -0.0543698 0.001196742 0.1543708 -0.04174995 0.00157088 0.153884 -0.04174995 -0.01748323 0.1115551 -0.0495975 0.0179221 0.1156823 -0.04579991 0.0179159 0.1156877 -0.04580098 0.02159249 0.1546828 -0.01722991 0.02159249 0.1546828 -0.01722991 0.04184508 0.1064304 -0.03175336 0.008306324 0.07648259 -0.0531767 -0.04215323 0.1143618 -0.02974152 -0.04225736 0.1214045 -0.02582085 -0.04159814 0.1254796 -0.02428585 -0.04266816 0.1134788 -0.02897977 -0.04310727 0.1130094 -0.02898585 -0.04129648 0.1085558 -0.03114998 0.02608484 0.09238362 -0.03478807 0.026317 0.09214764 -0.03462469 0.02619951 0.09235978 -0.03466999 0.02614456 0.09185785 -0.03480798 -0.02798229 0.0924918 -0.04821974 -0.02798229 0.0924918 -0.04821974 -0.02846509 0.09249716 -0.04775613 -0.02815824 0.09139394 -0.051238 -0.02798342 0.09232693 -0.05122268 -0.01377302 0.1274783 -0.0485211 -0.01372087 0.1274672 -0.04868364 -0.01282542 0.1216253 -0.05274957 -0.01308792 0.1221078 -0.05267196 -0.01229381 0.1190211 -0.05369132 0.02053016 0.0929678 -0.05161976 -0.03619676 0.1134002 -0.04894983 -0.0359078 0.1141408 -0.04979002 -0.03490251 0.114234 -0.04944884 -0.0359078 0.1141408 -0.04979002 0.005077123 0.1050243 -0.05405461 0.005456626 0.1037598 -0.05400997 0.005187332 0.1039044 -0.05358439 0.01703161 0.1159988 -0.04574996 0.01703161 0.1159988 -0.04574996 0.01703161 0.1159988 -0.04574996 0.01780807 0.1160003 -0.04608398 0.01721149 0.1162071 -0.04602766 0.01703161 0.1159988 -0.04574996 0.01703161 0.1159988 -0.04574996 0.01661735 0.1200161 -0.04595994 -0.001266658 0.1579862 -0.01369911 -0.01593995 0.07281976 -0.04995006 -0.01557511 0.07263594 -0.04986178 -0.01731288 0.1105037 -0.05107605 -0.01767069 0.1114428 -0.04995 -0.04325526 0.1007396 -0.03906756 -0.04224896 0.09901422 -0.03953492 -0.04207158 0.09873777 -0.03973978 0.0259732 0.0924068 -0.03489995 0.009992182 0.07343882 -0.04529231 0.03537291 0.1367013 -0.01951867 0.03178387 0.0976231 -0.05178874 0.03224551 0.09682625 -0.05275279 -0.04145735 0.09756237 -0.04059028 -0.04089611 0.09628379 -0.0410999 -0.04044526 0.09617036 -0.04094254 -0.01329421 0.1271898 -0.0482499 -0.01341575 0.127374 -0.04807287 -0.02362996 0.1498388 -0.02719992 -0.0234394 0.1495251 -0.02745592 -0.02615362 0.1472404 -0.02754145 -0.0420885 0.1217626 -0.02586591 0.04464441 0.1109713 -0.03506618 -0.004395723 0.1484688 -0.04277998 -0.004395723 0.1484688 -0.04277998 -0.003015935 0.1504428 -0.04282635 0.01791572 0.1158179 -0.04587471 0.03142637 0.09735679 -0.05185997 0.03124767 0.09694546 -0.05178636 0.0318796 0.09672331 -0.052504 0.0174874 0.1161981 -0.04617989 0.0175426 0.1155881 -0.04629331 -0.02881777 0.1012192 -0.05030989 -0.03082484 0.1023188 -0.05012995 -0.03044795 0.1025425 -0.05050307 -0.03082484 0.1023188 -0.05012995 -0.03082484 0.1023188 -0.05012995 -0.0238316 0.08276247 -0.04618924 -0.02636098 0.1469568 -0.02764981 -0.002310454 0.1596395 -0.01042324 -7.55294e-4 0.160062 -0.01036667 -0.003918468 0.1596019 -0.01048064 0.03085321 0.08270066 -0.04156976 0.02813929 0.08051455 -0.0423994 0.03230518 0.08394032 -0.04094827 0.03119969 0.08327281 -0.04129976 0.03171324 0.08353161 -0.04114818 0.01424163 0.1247715 -0.04620867 0.01560246 0.122759 -0.04612207 0.01476967 0.1244608 -0.04601997 -0.01779705 0.1160687 -0.04590713 -0.03890955 0.1158778 -0.04592001 -0.03890925 0.1159253 -0.04597991 0.03838038 0.1391485 -0.01823925 -0.03566479 0.08665782 -0.04492098 0.00700736 0.0745148 -0.05300718 0.01762497 0.1143179 -0.04929399 -0.01060211 0.1595658 -0.01080983 -0.006582677 0.1603277 -0.01050978 -0.04175209 0.1003369 -0.0343874 -0.04014033 0.0945301 -0.03658032 -0.03899013 0.09322506 -0.03737431 -0.03672564 0.08928751 -0.03879255 -0.01211351 0.125153 -0.05151462 -0.01107573 0.1255801 -0.05209171 -0.02504765 0.1391978 -0.04607355 -0.03168189 0.09958976 -0.04167896 -0.03096067 0.09901428 -0.04915082 -0.03173148 0.09947037 -0.049151 0.01968389 0.1516702 -0.01340895 0.01636916 0.1536673 -0.01275032 0.02483069 0.149074 -0.0146141 -0.02532935 0.139657 -0.04585266 -0.0220161 0.1500717 -0.02686995 -0.0226528 0.1506639 -0.0273174 -0.0220161 0.1500717 -0.02686995 -0.01519525 0.1066612 -0.05000627 -0.01598197 0.1076828 -0.04992002 -0.01609134 0.1069124 -0.05026334 -0.01598197 0.1076828 -0.04992002 -0.0241248 0.08229482 -0.0458498 -0.02455765 0.08219218 -0.04561233 -0.0241248 0.08229482 -0.0458498 -0.0241248 0.08229482 -0.0458498 -0.0241248 0.08229482 -0.0458498 -0.0241248 0.08229482 -0.0458498 -0.02790546 0.1009438 -0.05088979 -0.02809303 0.1006675 -0.05054014 -0.002894878 0.1474748 -0.04281002 -0.002894878 0.1474748 -0.04281002 -0.02156662 0.1553645 -0.01240044 -0.01991933 0.1562273 -0.01210141 -0.03025496 0.1027968 -0.05079001 -0.03174453 0.1035195 -0.05078518 -0.02635228 0.0978778 -0.05112981 -0.02604061 0.09690409 -0.05189836 -0.02635228 0.0978778 -0.05112981 0.006416141 0.1574723 -0.01166182 0.01082587 0.1563464 -0.01199227 0.0115531 0.1555418 -0.01231753 0.006390929 0.1573477 -0.01169991 -0.00854063 0.07065081 -0.05058002 -0.006661891 0.07011699 -0.05079507 -0.006168603 0.07029414 -0.0506398 0.01779687 0.1336758 -0.04576987 0.01779687 0.1336758 -0.04576987 0.02399635 0.1397863 -0.04574996 0.00129646 0.1527059 -0.0419352 -0.0154916 0.1176918 -0.04939997 -0.01168888 0.07143175 -0.0504198 -0.01534998 0.07251375 -0.04979002 -0.01581859 0.07267338 -0.04965782 -0.03349322 0.0996946 -0.04915088 -0.01899987 0.07653081 -0.04390984 -0.01773053 0.07583409 -0.04420518 -0.04028809 0.1018897 -0.03406244 -0.03814613 0.1003617 -0.04700845 -0.03753834 0.09940248 -0.04700756 -0.03753048 0.09974581 -0.04715991 -0.03772968 0.09950947 -0.04697579 -0.03827625 0.1016908 -0.04847991 -0.03784286 0.1014666 -0.04833954 0.006290674 0.1574038 -0.01380985 0.00630021 0.157445 -0.01381379 -0.004094958 0.1281568 -0.05216979 -0.002630412 0.1281779 -0.05213379 -0.006647229 0.1275644 -0.05201381 -0.008345365 0.1275378 -0.05222994 0.01272255 0.1267908 -0.04581981 0.01215112 0.1279354 -0.04637849 0.01272255 0.1267908 -0.04581981 0.01289898 0.1267978 -0.0460757 0.01287001 0.1273358 -0.04582524 0.01272255 0.1267908 -0.04581981 0.01269394 0.1272083 -0.04579359 0.01272255 0.1267908 -0.04581981 -0.01073735 0.1587023 -0.01110523 -0.005021393 0.1299061 -0.04844409 0.03774887 0.09850776 -0.04164981 0.03774887 0.09850776 -0.04164981 0.03718441 0.0982666 -0.04155993 0.03316462 0.1008426 -0.04164981 0.02071446 0.08880847 -0.04542738 0.02077788 0.08900976 -0.04523986 0.02077788 0.08900976 -0.04523986 0.02077788 0.08900976 -0.04523986 0.02077788 0.08900976 -0.04523986 0.02077788 0.08900976 -0.04523986 0.02625882 0.095932 -0.04824906 0.02726608 0.09561675 -0.04839098 0.0264129 0.09597676 -0.04832005 0.02738523 0.09620678 -0.05075591 0.02638822 0.0963068 -0.05054998 -0.03291255 0.1031479 -0.0505647 -0.03272479 0.1026748 -0.05025976 -0.03272479 0.1026748 -0.05025976 -0.03272479 0.1026748 -0.05025976 0.0261088 0.09195679 -0.03431004 0.0261088 0.09195679 -0.03431004 0.0261088 0.09195679 -0.03431004 0.0261088 0.09195679 -0.03431004 -0.0424208 0.0999698 -0.03959006 0.01567488 0.1063884 -0.05032187 0.01652777 0.1088458 -0.05011975 -0.01156634 0.07375568 -0.05539298 -0.04042845 0.1271539 -0.02373641 -0.0389449 0.1323438 -0.02135992 -0.04121786 0.09711885 -0.04028397 -0.03225558 0.1001868 -0.05399996 -0.03225558 0.1001868 -0.05399996 -0.04364788 0.1053548 -0.04526978 -0.03744608 0.1010688 -0.04790997 -0.03744608 0.1010688 -0.04790997 0.03940665 0.09261244 -0.04155743 -0.005537629 0.1497868 -0.04289978 0.005692362 0.07132494 -0.04903107 0.005975902 0.07142376 -0.04897975 -0.01363521 0.1074118 -0.05021995 -0.01363521 0.1074118 -0.05021995 -0.01363521 0.1074118 -0.05021995 -0.01363521 0.1074118 -0.05021995 -0.01363521 0.1074118 -0.05021995 -0.01363521 0.1074118 -0.05021995 -0.01363521 0.1074118 -0.05021995 0.0213961 0.08046185 -0.05037963 0.02183115 0.08037775 -0.05121994 0.005548417 0.1501706 -0.0438888 0.005294859 0.1498247 -0.04284977 0.005096018 0.1493068 -0.04532986 0.007172465 0.1526538 -0.04306983 -0.01959031 0.1525221 -0.01324117 0.04296422 0.103913 -0.03764688 -0.0166856 0.1561577 -0.03686994 -0.0166856 0.1561577 -0.03686994 0.01300019 0.1276912 -0.04587709 0.01299941 0.1276994 -0.04587531 -0.01214873 0.128519 -0.04783052 0.04158735 0.1344308 -0.02472412 -0.02315682 0.154515 -0.01283538 -0.02206403 0.1551527 -0.01257985 0.005759537 0.1505038 -0.04414999 0.006118059 0.1507957 -0.04433858 0.0251519 0.149213 -0.01462316 0.02628129 0.1484966 -0.01458895 0.01314693 0.07278943 -0.04830658 0.01237869 0.07242751 -0.04824262 0.03996348 0.1145128 -0.04576987 0.03996348 0.1145128 -0.04576987 0.04025977 0.1142473 -0.04562556 0.03996348 0.1145128 -0.04576987 0.03996348 0.1145128 -0.04576987 0.03996348 0.1145128 -0.04576987 0.03996348 0.1145128 -0.04576987 0.0372793 0.09888881 -0.04707998 0.0372793 0.09888881 -0.04707998 0.02487945 0.1473458 -0.03767997 -0.01846861 0.10024 -0.05037277 -0.01981651 0.09569877 -0.05138999 0.01312851 0.1275611 -0.04611021 0.01307505 0.1276155 -0.04597973 -0.005383968 0.0723235 -0.04560405 -0.01819366 0.1145545 -0.04619103 -0.01819211 0.1145891 -0.04611271 0.001378476 0.131286 -0.04618227 0.003513991 0.1308833 -0.04621756 0.001590728 0.1313033 -0.0461089 -0.001466453 0.1312318 -0.04610991 -0.001466453 0.1312318 -0.04610991 -0.001061856 0.1315837 -0.04589909 -0.0121802 0.1550878 -0.04424995 -0.01819258 0.1147756 -0.04587548 -0.01819247 0.1146669 -0.04597944 -0.03934168 0.1147778 -0.04587501 -0.007280588 0.1518667 -0.04381847 -0.006794393 0.1527886 -0.04263585 0.03731167 0.1410068 -0.02199995 -0.034909 0.1376228 -0.02704 -0.034909 0.1376228 -0.02704 -0.02256435 0.08147639 -0.04580098 -0.02243667 0.08142954 -0.04587215 0.003615558 0.1517258 -0.04524976 0.003615558 0.1517258 -0.04524976 0.003615558 0.1517258 -0.04524976 0.003615558 0.1517258 -0.04524976 0.003615558 0.1517258 -0.04524976 0.004074454 0.1539977 -0.04544436 0.004205882 0.1538258 -0.04570984 -0.01819264 0.1149078 -0.04580068 -0.0181964 0.1149112 -0.04579991 0.02583366 0.07793778 -0.04334992 0.02583366 0.07793778 -0.04334992 0.002117097 0.1499028 -0.0452997 0.002696454 0.1505783 -0.04507315 0.002166032 0.1500235 -0.04522299 0.00249356 0.1499498 -0.04825997 0.002623975 0.1485976 -0.04823344 0.005014002 0.1213302 -0.05273991 0.0048303 0.1218524 -0.05252897 0.004173099 0.1235942 -0.052356 -0.01455199 0.1584438 -0.01125997 -0.0223484 0.08139741 -0.04599076 -0.007733464 0.07072216 -0.04781025 0.02030676 0.08958393 -0.03623235 0.01990848 0.08943676 -0.03433007 0.01983177 0.08938068 -0.03463846 0.01990848 0.08943676 -0.03433007 0.04054379 0.1139415 -0.04751801 0.0402171 0.1133218 -0.04640001 0.03937399 0.1136948 -0.04761976 0.03907293 0.11406 -0.04757332 -0.01292634 0.1580567 -0.01082921 -0.01319706 0.1582028 -0.0109198 -0.01319706 0.1582028 -0.0109198 -0.02436804 0.08433991 -0.0518164 -0.01028466 0.126748 -0.05151808 -0.01838201 0.0746532 -0.04718369 -0.006574869 0.1299368 -0.0460999 -0.004718065 0.130913 -0.04587459 -0.04180532 0.1024178 -0.04970997 -0.03682148 0.1021798 -0.04995006 -0.0359072 0.102303 -0.04835557 -0.03682148 0.1021798 -0.04995006 -0.03682148 0.1021798 -0.04995006 -0.03682148 0.1021798 -0.04995006 0.03607523 0.09406346 -0.03676205 0.03611338 0.09419357 -0.03688341 0.0375384 0.09736078 -0.0356999 0.03664726 0.09865075 -0.05359995 0.03546792 0.09672027 -0.05588078 0.03664726 0.09865075 -0.05359989 0.035645 0.0973587 -0.05315774 0.03551083 0.09562361 -0.05312877 0.01160657 0.1289726 -0.04753947 0.01153117 0.1284288 -0.04774975 0.01153117 0.1284288 -0.04774975 0.01153117 0.1284288 -0.04774975 0.01153117 0.1284288 -0.04774975 0.01153117 0.1284288 -0.04774975 0.03543019 0.09762579 -0.05308985 0.02136403 0.07563638 -0.04861086 0.0224629 0.0759238 -0.04843157 -0.01207751 0.1252474 -0.04843723 -0.01271849 0.1242098 -0.04892987 -0.01072967 0.1268838 -0.0479772 0.04444408 0.1105105 -0.03043347 0.04523348 0.1162163 -0.02752292 -0.03907257 0.09278678 -0.04250997 -0.005520403 0.1555808 -0.04531002 -0.005520403 0.1555808 -0.04531002 0.02454674 0.1506237 -0.01415824 0.003363668 0.1542444 -0.04498529 0.003272235 0.1529685 -0.04496586 0.003672361 0.1545194 -0.04500216 0.004788756 0.1217468 -0.05245006 -0.007088303 0.128892 -0.04757487 -0.008536279 0.1292926 -0.04864478 -0.03456622 0.1385827 -0.01908582 -0.03676801 0.08939456 -0.0438205 -0.03631424 0.08849811 -0.04396092 -0.03323709 0.08506953 -0.04537415 -0.03455591 0.08600771 -0.04476648 -0.03205108 0.08361357 -0.04609864 -0.04300427 0.116258 -0.03047043 0.01205956 0.1286938 -0.04787766 0.01198059 0.1287932 -0.04784077 -0.0137211 0.105893 -0.04614949 -0.01530057 0.1088628 -0.04575979 -0.01528888 0.1093792 -0.0457679 -0.01553022 0.1094899 -0.0459643 -0.01485103 0.1064305 -0.04595661 -0.01530057 0.1088628 -0.04575979 -0.04060757 0.09550076 -0.0411598 -0.03398966 0.0917508 -0.04914999 0.01737719 0.1144078 -0.04611974 0.01737719 0.1144078 -0.04611974 0.01696592 0.1124092 -0.04595899 0.01737719 0.1144078 -0.04611974 -0.002290368 0.1502709 -0.0466383 -0.003778696 0.1479417 -0.04552906 -0.002393305 0.1499178 -0.04514998 -0.003841102 0.1516427 -0.04500997 -0.003433883 0.1520345 -0.04492437 -0.004753172 0.1505185 -0.04517 -0.002646327 0.1513743 -0.04461634 -0.003519058 0.1523089 -0.04533016 -0.003841102 0.1516427 -0.04500997 -0.003841102 0.1516427 -0.04500997 0.01792186 0.1146677 -0.04597991 0.04125016 0.1346355 -0.02545392 4.44314e-4 0.1270639 -0.05203121 -0.001567006 0.1279658 -0.05218982 -0.0388047 0.09205681 -0.04240983 -0.0388047 0.09205681 -0.04240983 -0.03822726 0.09081798 -0.04268836 -0.0388047 0.09205681 -0.04240983 -0.0388047 0.09205681 -0.04240983 -0.01248031 0.1580408 -0.01116997 0.003043293 0.1542648 -0.04494982 0.03553617 0.09501779 -0.05316001 -0.001320183 0.1493918 -0.04541999 0.01212453 0.1285622 -0.04611223 -0.03171491 0.1009575 -0.04832214 -0.03051024 0.1010797 -0.04775196 -0.03450918 0.101323 -0.04825937 0.03827208 0.1004088 -0.04641002 0.03827208 0.1004088 -0.04641002 0.03827208 0.1004088 -0.04641002 -0.02763396 0.1000074 -0.04735952 -0.04030293 0.1340312 -0.04040431 0.0126723 0.1279884 -0.04613494 0.01274567 0.1279528 -0.04574996 0.01274567 0.1279528 -0.04574996 0.03380787 0.09172111 -0.04914999 0.03371518 0.0917508 -0.04914999 0.01365095 0.1234306 -0.04532778 0.01401859 0.1234353 -0.04567545 0.01090329 0.1263491 -0.04501068 0.03450047 0.09343481 -0.05344986 0.03450047 0.09343481 -0.05344986 0.03450047 0.09343481 -0.05344986 -0.04029923 0.09436315 -0.04124987 -0.00460571 0.1302798 -0.04834002 -0.003640174 0.1297295 -0.04759103 0.003546774 0.1252878 -0.05242002 -0.004496455 0.1309938 -0.04581981 -0.01037877 0.1264776 -0.04889333 -0.04175621 0.1126061 -0.02964633 -0.03137677 0.09674376 -0.04914999 -0.04120177 0.1320587 -0.04072988 -0.04120177 0.1320587 -0.04072988 -0.007241845 0.1187378 -0.05300801 -0.006215453 0.1171805 -0.05235493 -0.007665753 0.1191959 -0.05278331 0.03345596 0.09540426 -0.05230033 0.03346395 0.09587317 -0.05269819 0.01579999 0.1120388 -0.04586976 -0.02223306 0.08135581 -0.04619002 -0.02224749 0.08136105 -0.04610872 -0.02223306 0.08135581 -0.04619002 -0.03348702 0.0970627 -0.04914587 -0.03392291 0.09791773 -0.04914999 0.01217836 0.12851 -0.04598331 0.01225388 0.1284361 -0.04588049 -0.001105368 0.1468868 -0.04303979 0.0384463 0.1310118 -0.02215999 8.9584e-4 0.1474738 -0.03974992 8.9584e-4 0.1474738 -0.03974992 0.04212021 0.1232189 -0.02792251 0.01207262 0.1286433 -0.04768544 -0.02372199 0.1500708 -0.02682 -0.02372199 0.1500708 -0.02682 -0.007951676 0.1194097 -0.05263996 -0.007951676 0.1194097 -0.05263996 0.03611367 0.09304779 -0.05284976 0.03611367 0.09304779 -0.05284976 0.03749436 0.09691077 -0.05287981 0.03749436 0.09691077 -0.05287981 -0.001015841 0.1504384 -0.04470425 4.53116e-4 0.150011 -0.04481518 -0.03020077 0.1015109 -0.04780083 -0.03263849 0.1025898 -0.04796975 -0.03263849 0.1025898 -0.04796975 -0.03263849 0.1025898 -0.04796975 -0.03258198 0.1019864 -0.04855573 -0.02872341 0.09971576 -0.04726994 0.0374391 0.09775382 -0.04164981 -0.02627348 0.09507787 -0.0513271 0.04521358 0.1138148 -0.0332598 0.02162086 0.1388263 -0.04723191 0.02315717 0.1407397 -0.04700994 0.02315717 0.1407397 -0.04700994 0.0234248 0.1406201 -0.04669451 0.03135621 0.1441854 -0.01929086 0.03156352 0.144001 -0.01942646 0.03531235 0.1394182 -0.02104461 0.04028099 0.1291236 -0.02575755 -0.008476853 0.1086934 -0.05369681 -0.008284807 0.1090088 -0.0537799 -0.007959544 0.1099151 -0.05331879 -0.01306784 0.1254605 -0.04577875 4.79287e-4 0.1560301 -0.01125013 -2.62822e-5 0.1583008 -0.01387995 -0.005224883 0.1580621 -0.01375997 -0.002997457 0.1583039 -0.01386183 -0.009555697 0.1597338 -0.01445984 0.007419943 0.1567803 -0.01158475 0.0126537 0.1549428 -0.0122298 0.003137469 0.1545983 -0.04142343 0.002962887 0.1554648 -0.03985995 0.003076255 0.1556604 -0.03799808 0.002801597 0.1553207 -0.03729444 0.03649884 0.08862698 -0.03905797 0.0361185 0.08846622 -0.03908735 0.03140753 0.09958976 -0.04167896 0.03068566 0.09901523 -0.04915082 -5.15614e-4 0.1463158 -0.04501998 -5.15614e-4 0.1463158 -0.04501998 -0.001067042 0.146656 -0.04585343 0.01650786 0.1135048 -0.04574996 0.01792186 0.1151368 -0.04574996 -0.001330435 0.1558148 -0.04442983 -0.001330435 0.1558148 -0.04442983 -0.002826511 0.1554278 -0.0445013 -0.003582 0.1548141 -0.04498261 -0.002783656 0.1554397 -0.04496002 -0.002783656 0.1554397 -0.04496002 -0.002783656 0.1554397 -0.04496002 -0.003864586 0.154975 -0.04499226 0.005437791 0.1565828 -0.01157999 -0.02666378 0.09315067 -0.05166453 -0.02729165 0.09348076 -0.05129987 -0.0343905 0.1023714 -0.04801642 -0.03435397 0.1024958 -0.04822993 -0.03435397 0.1024958 -0.04822993 -0.00405848 0.1547048 -0.04496002 -0.01285827 0.1558488 -0.0427199 0.03699046 0.08900779 -0.03912997 0.006968617 0.07274681 -0.04543983 -1.89134e-4 0.07214677 -0.04584002 0.002597987 0.07225692 -0.04582184 0.02970087 0.1443448 -0.01673996 -0.002588391 0.1568594 -0.01160073 -0.01882278 0.0983088 -0.05450981 -0.0189386 0.09835648 -0.0546388 -0.01896965 0.09812736 -0.05456113 -0.01882278 0.0983088 -0.05450981 -0.0187267 0.09830582 -0.05454558 -0.01882278 0.0983088 -0.05450981 0.02104181 0.08970129 -0.03492575 0.02093094 0.09017765 -0.03489989 -0.01559698 0.09492498 -0.05492007 -0.01551628 0.09499913 -0.05479931 -0.01547908 0.09506577 -0.05475986 -0.01547908 0.09506577 -0.05475986 -0.01547908 0.09506577 -0.05475986 -0.005220234 0.1048398 -0.05415982 -0.005220234 0.1048398 -0.05415982 -0.005220234 0.1048398 -0.05415982 -0.004809856 0.105259 -0.05413931 -0.04499119 0.1121428 -0.0295298 -0.04326045 0.102881 -0.03287625 -0.04456835 0.1103548 -0.03031802 -0.04473668 0.1138015 -0.02906966 -0.04471373 0.1185014 -0.02700608 -0.04459291 0.1182338 -0.02688771 0.01201164 0.07109713 -0.04623299 0.01500487 0.07208824 -0.04567843 0.01464015 0.07230681 -0.04564994 0.003140032 0.1527848 -0.04493999 0.003140032 0.1527848 -0.04493999 0.003140032 0.1527848 -0.04493999 0.003140032 0.1527848 -0.04493999 0.002791941 0.1506817 -0.04497987 0.002362847 0.1507597 -0.04496031 0.002791941 0.1506817 -0.04497987 -0.03424447 0.1166688 -0.04939585 -0.03436774 0.1164351 -0.04932355 0.02615857 0.1493008 -0.01765418 0.01200717 0.07160276 -0.05039983 -0.0231586 0.1488351 -0.01409798 -0.02318608 0.1502653 -0.01398259 -0.02373725 0.1502938 -0.01410979 -7.74401e-5 0.1116847 -0.05337995 -2.32384e-6 0.1151435 -0.05302661 -1.59588e-4 0.1205563 -0.05261313 -1.64443e-4 0.1132149 -0.05339097 -2.1806e-4 0.1151082 -0.05321532 -1.86953e-4 0.120629 -0.05262619 -0.01898056 0.0980978 -0.05479991 -0.01899319 0.09826815 -0.05474317 -0.01570057 0.09478175 -0.05488133 -0.01572829 0.09476977 -0.05509001 -0.01572829 0.09476977 -0.05509001 -0.01572829 0.09476977 -0.05509001 0.03892421 0.1005764 -0.03444015 0.04012131 0.1042818 -0.03288996 0.04256337 0.1126379 -0.02962785 0.002877831 0.1554763 -0.04163318 -0.02963709 0.0958479 -0.04915106 -0.02986806 0.09498012 -0.04915106 0.02556771 0.07910925 -0.04583519 0.03128874 0.148244 -0.0190227 0.03201568 0.1473878 -0.01942998 -0.01317745 0.1588098 -0.01483005 0.03601408 0.0944848 -0.03703999 0.03601408 0.0944848 -0.03703999 0.03587353 0.09412598 -0.03702998 0.04287469 0.1123738 -0.02901202 0.03840047 0.09142512 -0.04228776 0.03690081 0.08924204 -0.04332137 0.03704226 0.08950579 -0.04326999 -0.01034039 0.0999388 -0.05440998 -0.009910106 0.1004171 -0.054349 -0.004032909 0.1062967 -0.05398291 -0.004014611 0.1060618 -0.05409973 -0.01651096 0.1339328 -0.04811996 7.74353e-4 0.1494138 -0.04512745 -0.01669752 0.1551616 -0.01491945 -0.01437199 0.1556031 -0.01482522 -0.01069217 0.1567904 -0.01441776 0.02874737 0.09670376 -0.05417001 0.02838879 0.09675222 -0.05439257 0.02874737 0.09670376 -0.05417001 0.02914118 0.09831804 -0.05371588 0.02986419 0.1487164 -0.01962184 0.03138124 0.147683 -0.02001613 0.01616436 0.07438713 -0.05509561 0.01895999 0.0740258 -0.04491984 0.009304583 0.07085829 -0.04597675 -0.003668785 0.07414466 -0.05246835 0.003570079 0.132604 -0.04764223 -0.02273339 0.1503115 -0.01425307 -1.26046e-4 0.1593458 -0.03634995 -1.26046e-4 0.1593458 -0.03634995 -0.003546655 0.1073583 -0.05379432 -0.003834843 0.10686 -0.05372685 0.01721197 0.1330983 -0.05154645 0.01696175 0.1049923 -0.05401396 0.01707756 0.1331155 -0.05168765 -0.02597922 0.1514053 -0.01651901 -0.02525347 0.1518925 -0.01639229 -0.02949208 0.1483108 -0.01791 -0.02949208 0.1483108 -0.01791 -0.02949208 0.1483108 -0.01791 0.00102514 0.1502038 -0.04491984 -0.01684826 0.0774998 -0.05254644 -0.006450891 0.1500717 -0.04546988 -0.03804028 0.09255081 -0.04044002 0.02496862 0.15266 -0.01796871 0.0390976 0.09433335 -0.039595 0.02764523 0.0974918 -0.05475986 0.02764523 0.0974918 -0.05475986 -0.0289433 0.1492028 -0.01744002 -0.02577567 0.1517454 -0.01632583 -0.0289433 0.1492028 -0.01744002 -0.03219914 0.1460803 -0.0186913 0.01493215 0.1061184 -0.04597991 0.04480612 0.1215775 -0.02996093 0.04480898 0.1218748 -0.02971976 1.05352e-4 0.105282 -0.05409699 0.01705837 0.1038248 -0.05429989 0.01705837 0.1038248 -0.05429989 0.01705837 0.1038248 -0.05429989 0.01663506 0.1026005 -0.05507916 0.003033638 0.1555976 -0.03783106 -0.04144191 0.1040898 -0.03283458 -0.04105126 0.1031218 -0.03316998 -0.03104728 0.1023008 -0.04825997 0.01685458 0.1334608 -0.05170989 0.01684576 0.1338378 -0.05102765 0.01685458 0.1334608 -0.05170989 0.001131117 0.1521118 -0.04174995 0.02914249 0.1500945 -0.01457649 -0.005406022 0.1050048 -0.0539 -0.03440773 0.1435891 -0.01969236 0.0120449 0.1057538 -0.05390983 0.0119996 0.1055129 -0.05397558 0.01220411 0.1057631 -0.0540167 0.01190048 0.1331868 -0.05167973 -0.003106296 0.1530099 -0.04524642 -0.04097843 0.1301898 -0.02467644 -0.04019188 0.1303958 -0.02483987 0.01905781 0.09238481 -0.04567986 0.01905781 0.09238481 -0.04567986 0.01905781 0.09238481 -0.04567986 0.01478612 0.1060648 -0.04553639 0.01463621 0.1060108 -0.04576987 0.01463574 0.1065064 -0.04564076 0.01463621 0.1060108 -0.04576987 0.01661986 0.1001114 -0.04574781 0.04431658 0.1061808 -0.03633987 0.04431658 0.1061808 -0.03633987 0.02714759 0.09912168 -0.04843926 0.02661567 0.09780877 -0.04834002 0.02661567 0.09780877 -0.04834002 -0.03042256 0.09394311 -0.04914999 -0.02374118 0.139892 -0.04606699 -0.02401912 0.1396067 -0.04599606 -0.02213042 0.08078056 -0.05115848 -0.0222432 0.08100974 -0.05117994 -0.02067279 0.08114689 -0.05096197 0.04513633 0.1184667 -0.02708995 0.04198586 0.1357725 -0.02046662 -0.01521474 0.10613 -0.04599082 -0.01527976 0.1061453 -0.04611492 0.02165395 0.1549548 -0.01222014 0.01722639 0.1572307 -0.01161086 0.01826512 0.1566455 -0.01195353 0.02728867 0.0985288 -0.05475986 -0.04529458 0.1098629 -0.03077608 -0.04490029 0.1071878 -0.03183984 0.0296759 0.1014931 -0.05014443 0.02808344 0.1009312 -0.05050104 0.02786046 0.1010688 -0.05084002 0.02738744 0.1010736 -0.05092406 0.001540422 0.1532707 -0.04330068 0.001027584 0.1532282 -0.0438162 0.005331337 0.07067376 -0.05191981 0.001432001 0.152611 -0.04341542 0.01216989 0.1576108 -0.0366398 0.03178006 0.08790636 -0.04965323 0.03150802 0.0892682 -0.04809343 0.0321958 0.09016519 -0.04698407 0.03235054 0.08966076 -0.04669994 0.02922618 0.08611476 -0.04945743 -0.0350492 0.1380678 -0.01905 -0.0350492 0.1380678 -0.01905 -0.0350492 0.1380678 -0.01905 -0.03453361 0.144599 -0.02071052 0.04393237 0.1195138 -0.02947205 0.0436685 0.1228033 -0.02794408 0.01960617 0.09201854 -0.0346772 0.01964795 0.09212577 -0.03458005 0.01977044 0.09220671 -0.0345574 0.01964795 0.09212577 -0.03458005 0.01979827 0.0920844 -0.03446084 0.005584478 0.1577944 -0.01397705 -0.01135063 0.1269364 -0.0460174 0.03161901 0.08343577 -0.04170346 0.01588976 0.1090718 -0.04579991 0.04139262 0.09806013 -0.04038393 0.04198718 0.09953677 -0.03976982 0.04223906 0.1000924 -0.03938066 0.04046958 0.09595978 -0.04120999 0.03998422 0.09499245 -0.04162555 0.04079818 0.09645485 -0.04076629 0.01656222 0.1026307 -0.05432903 -0.03056728 0.0938093 -0.0491501 0.01606905 0.1574368 -0.01122993 0.005493819 0.1602942 -0.01010715 -0.0109713 0.1273958 -0.04584002 -0.01860165 0.1557738 -0.01488977 0.01387792 0.1272464 -0.0487585 0.02754366 0.0999518 -0.05023998 0.02615457 0.09843689 -0.0509997 0.02679586 0.09856975 -0.05069983 0.03939718 0.1319768 -0.02442985 0.04044359 0.1168588 -0.04523986 0.04009693 0.1169407 -0.04514265 0.04238212 0.1020279 -0.03645062 0.04343199 0.1065515 -0.03460019 -0.01627022 0.1064025 -0.05054026 -0.01626247 0.1063488 -0.05041998 0.04529935 0.1155918 -0.02822995 0.01459753 0.158221 -0.01125162 -0.03465622 0.08578044 -0.0443139 -0.03535676 0.08660775 -0.04397994 0.0162577 0.1016768 -0.05448997 0.01652771 0.1024506 -0.05436092 -8.05949e-4 0.1222018 -0.05257374 -0.004565 0.1233188 -0.05259007 -0.004565 0.1233188 -0.05259007 -0.04452097 0.1187986 -0.02707475 0.03222715 0.1028128 -0.05027574 0.03234577 0.1026628 -0.05006986 0.03234577 0.1026628 -0.05006986 0.03096431 0.1025481 -0.05027127 0.03247261 0.1029395 -0.05086779 0.03513735 0.09058576 -0.04104983 0.04041737 0.09997481 -0.0378443 0.03906828 0.09706777 -0.03860992 0.03906828 0.09706777 -0.03860992 -0.02669352 0.1405983 -0.04564505 -0.02638369 0.1404207 -0.04575979 -0.02638369 0.1404207 -0.04575979 -0.04401487 0.1271418 -0.02361989 -0.01293241 0.1252204 -0.04605776 -0.01468127 0.1231928 -0.04574996 -0.01399844 0.1238082 -0.04586982 -0.01468127 0.1231928 -0.04574996 -0.01650577 0.1122536 -0.04647827 -0.0159049 0.112271 -0.0461722 -0.01651668 0.1133481 -0.04600095 0.01828849 0.1169722 -0.04958522 0.03092235 0.1024018 -0.05009007 0.03092235 0.1024018 -0.05009007 0.04333204 0.1021078 -0.03769975 0.03004914 0.09838551 -0.04915094 -0.02361398 0.08268696 -0.04588025 -0.02372223 0.08272635 -0.04597854 -0.02349364 0.08264279 -0.04579627 0.01186031 0.1049823 -0.05414414 0.01165366 0.1040908 -0.05427998 0.01150977 0.1039327 -0.05419617 0.01170408 0.1041126 -0.05427199 0.01184082 0.1055463 -0.05413722 0.03017395 0.09086859 -0.05550146 0.02552121 0.1406634 -0.04582089 0.02619755 0.1399959 -0.04612815 0.02571624 0.140594 -0.04579281 0.02578812 0.1402362 -0.04600936 -0.01549947 0.1102648 -0.04592984 -0.01549947 0.1102648 -0.04592984 -0.01383268 0.1238878 -0.04592001 -0.01386719 0.1236956 -0.04605704 0.01686275 0.0994448 -0.04574996 -0.0237928 0.08032602 -0.04238277 -0.02379417 0.08275222 -0.04611492 0.0136348 0.125159 -0.04624509 0.01068836 0.1270698 -0.04608988 -0.01336091 0.1060574 -0.0459789 -0.01330357 0.1061341 -0.04619163 0.02968019 0.1021374 -0.05052572 0.02964699 0.1018718 -0.05038994 0.02964699 0.1018718 -0.05038994 0.02964699 0.1018718 -0.05038994 0.03654015 0.1376778 -0.02210646 0.03786319 0.1354349 -0.02308791 0.03641688 0.1376688 -0.02210992 0.03627479 0.1379789 -0.02201604 -0.02494668 0.1383668 -0.04746991 -0.03535586 0.09410214 -0.05490785 -0.03629779 0.096345 -0.05443048 0.02483743 0.1383736 -0.04775595 0.0418961 0.1226288 -0.02535057 -0.01329469 0.1061788 -0.04633986 -0.01390528 0.1058633 -0.04634386 -0.01329469 0.1061788 -0.04633986 -0.01329469 0.1061788 -0.04633986 -0.03934168 0.1148397 -0.04583001 0.0428189 0.1020067 -0.03878057 0.04319036 0.1032368 -0.03825998 0.043774 0.1046206 -0.03726041 0.04312497 0.1028668 -0.03813523 0.04319036 0.1032368 -0.03825998 -0.02415537 0.08424979 -0.05242002 -0.01256346 0.1269439 -0.04815453 -0.0153048 0.1061514 -0.04619115 -0.02715957 0.09512764 -0.04670095 0.03861165 0.09246778 -0.04264998 0.03831201 0.09197276 -0.04285538 -0.02399986 0.1415228 -0.04648649 -0.02333486 0.1406728 -0.0470398 -0.04516071 0.1211121 -0.03013879 -0.001831412 0.1537288 -0.04338979 -0.001674771 0.1531582 -0.0432313 -0.001831412 0.1537288 -0.04338979 0.04426038 0.1182048 -0.0298798 0.04426038 0.1182048 -0.0298798 0.04144501 0.1177532 -0.02739596 0.04219722 0.1170144 -0.02767872 0.04143059 0.1183018 -0.02735996 0.01240599 0.1332238 -0.05210614 0.0138325 0.1559063 -0.01469147 0.01582628 0.1551967 -0.01502883 -0.04536461 0.1183707 -0.02707475 0.03709352 0.09780281 -0.04914999 0.010921 0.07355076 -0.04794991 0.010921 0.07355076 -0.04794991 0.010921 0.07355076 -0.04794991 -0.01488095 0.108973 -0.04619544 -0.01468586 0.1082018 -0.04588997 -0.03073287 0.08692181 -0.03997993 -0.02938735 0.08553087 -0.03986132 -0.03292995 0.09235966 -0.05379223 0.0143693 0.07649677 -0.05142003 0.01380026 0.07431262 -0.04772406 -0.03374069 0.09080976 -0.04164981 -0.03490632 0.09062105 -0.03848034 -0.03420299 0.09147679 -0.04164981 0.03673005 0.08946776 -0.04371976 -0.03437787 0.09317779 -0.05350995 -0.01540356 0.1219198 -0.04632538 -0.01669293 0.1184172 -0.04570084 -0.01548779 0.1206568 -0.0458498 -0.01331377 0.1057958 -0.04633986 0.04192477 0.1297978 -0.02522993 0.04108428 0.1314378 -0.02467894 0.04095077 0.09664177 -0.04053992 0.04306101 0.1012269 -0.03865605 0.019984 0.09197795 -0.03484177 0.02015239 0.0924068 -0.03489995 0.01988208 0.09200465 -0.03467297 0.03850489 0.1145008 -0.04779988 0.01929605 0.09026277 -0.04546988 0.01929605 0.09026277 -0.04546988 0.01932454 0.09008854 -0.04536187 -0.04360085 0.105744 -0.03229838 -0.04338896 0.1040638 -0.03284972 0.0137459 0.07433581 -0.04774981 -0.01845329 0.07608079 -0.04709005 -0.01620346 0.07522231 -0.04730361 -0.01903098 0.07643949 -0.0468229 -0.02707231 0.08127516 -0.04494345 -0.02584767 0.08063226 -0.04511404 0.02186787 0.1540163 -0.01542365 0.0233199 0.1531018 -0.01596993 0.004989326 0.1208928 -0.05277997 0.03653705 0.08861279 -0.04348993 0.03432196 0.08584576 -0.04464977 -0.01659345 0.1142632 -0.04579401 -0.01669967 0.1143468 -0.04574996 -0.01669967 0.1143468 -0.04574996 -0.01669967 0.1143468 -0.04574996 -0.01658499 0.1183258 -0.04578036 -0.01669967 0.1143468 -0.04574996 -0.01669967 0.1143468 -0.04574996 -0.01669967 0.1143468 -0.04574996 -0.006752252 0.07498145 -0.05287468 -0.04401308 0.1032798 -0.03339982 -0.04401308 0.1032798 -0.03339982 -0.0442298 0.1037731 -0.033131 -0.02140063 0.1386765 -0.04764616 -0.02142542 0.13913 -0.04650849 -0.01269793 0.1060906 -0.05041438 -0.0124306 0.1061931 -0.05051606 -0.02559274 0.1528335 -0.01772552 -0.01560252 0.1147535 -0.04590511 -0.02900737 0.0946238 -0.04164844 -0.02930551 0.09368407 -0.04164981 0.01688808 0.1193548 -0.04603981 0.03440958 0.1037183 -0.04613751 0.033908 0.1025068 -0.04810976 0.03468698 0.1022378 -0.04793983 0.0392127 0.09246575 -0.03773993 -0.0388261 0.09639978 -0.03867983 -0.0388261 0.09639978 -0.03867983 -0.041193 0.09569376 -0.03644984 0.03408908 0.1025838 -0.05030983 0.03408908 0.1025838 -0.05030983 -0.03333449 0.08876276 -0.05358994 -0.004934132 0.1146067 -0.05305999 -0.003142774 0.1108874 -0.05336606 -0.0415914 0.1010673 -0.03496617 -0.04062509 0.09753841 -0.03831136 -0.04194223 0.09994053 -0.03756159 -0.04367351 0.1064979 -0.03464651 -0.04419797 0.1100961 -0.03289788 -0.04361969 0.1061111 -0.03473204 0.04288494 0.1165458 -0.03069573 0.04287391 0.1159678 -0.0309 0.03338915 0.09789478 -0.04914999 0.008971691 0.1288267 -0.04580998 0.008832931 0.1287323 -0.04604911 -0.003207743 0.1117066 -0.05349886 -0.003127813 0.1121008 -0.05357003 0.004047751 0.1237048 -0.05225998 0.001890301 0.12638 -0.05219751 0.001886308 0.1267198 -0.05229967 -0.003157973 0.1105658 -0.05340999 -0.01495939 0.1530787 -0.03667998 0.04339087 0.1061118 -0.03472977 -0.01203519 0.1285461 -0.04787057 -0.01230281 0.1285776 -0.04782128 0.001986682 0.1259137 -0.05207002 0.03118968 0.08878177 -0.04992002 0.03111428 0.08924245 -0.04993683 0.03098118 0.08936518 -0.05020749 0.03810817 0.1351768 -0.02321994 0.03810817 0.1351768 -0.02321994 0.01442909 0.1082078 -0.04588997 0.02964472 0.1011218 -0.04747974 0.03090673 0.1013165 -0.04727053 -0.04274708 0.1310738 -0.02199995 -0.02519851 0.08243376 -0.05054003 -0.02519851 0.08243376 -0.05054003 -0.02519851 0.08243376 -0.05054003 0.02634567 0.07880073 -0.04340016 -0.03534239 0.09431976 -0.05313998 0.03175461 0.09499228 -0.05177605 0.04084324 0.1230196 -0.02535361 0.0400111 0.1264988 -0.02400994 0.006370007 0.1301867 -0.04585993 0.003787994 0.1307968 -0.04633986 0.01393061 0.09939676 -0.05469 0.01392817 0.09948545 -0.05474656 0.02506166 0.07813376 -0.04320526 0.025586 0.07831579 -0.04319971 0.01937341 0.09198576 -0.04515993 0.01937341 0.09198576 -0.04515993 0.0165081 0.1097541 -0.04619055 0.003702402 0.1605598 -0.01404982 0.008037805 0.1572778 -0.01418 0.005769371 0.1578876 -0.01405191 0.01978719 0.07899278 -0.05076998 -0.03672742 0.08857578 -0.04358005 -0.03672742 0.08857578 -0.04358005 2.90043e-4 0.1473218 -0.05042994 0.03250825 0.09798878 -0.04914999 0.03205776 0.09790945 -0.04914999 0.04094755 0.1080266 -0.03141021 0.04140788 0.1118768 -0.02995002 0.04140788 0.1118768 -0.02995002 -0.01836192 0.1113848 -0.04992443 -0.0251525 0.08204478 -0.04509991 -0.0251525 0.08204478 -0.04509991 -0.0251525 0.08204478 -0.04509991 -0.001330375 0.07295238 -0.04542803 0.04372161 0.1053974 -0.03740417 0.0302928 0.09380912 -0.0491501 0.005141675 0.1535007 -0.04174995 0.005141675 0.1535007 -0.04174995 0.03097724 0.09627962 -0.04914999 0.03111076 0.09579181 -0.04914999 0.004295647 0.1521158 -0.04771989 0.003012061 0.1512711 -0.04739058 0.006541967 0.1509968 -0.04472976 0.006541967 0.1509968 -0.04472976 0.03150749 0.0895608 -0.04807001 0.03245311 0.09127074 -0.04904717 0.03362059 0.09250724 -0.04872536 0.03150749 0.0895608 -0.04807001 0.0094437 0.07137978 -0.05175977 0.02516448 0.08124679 -0.05485975 -0.0132122 0.1058388 -0.04984974 -0.01317304 0.1058672 -0.04994362 -0.0132122 0.1058388 -0.04984974 -0.03883385 0.137362 -0.01939815 -0.03892982 0.1373428 -0.01937997 -0.02728664 0.1520569 -0.01374721 -0.03659057 0.1407893 -0.01814538 0.003961801 0.1606008 -0.01039981 0.004174172 0.1609323 -0.01031005 0.001087963 0.1606298 -0.01007896 -0.001518607 0.1611681 -0.01008719 -1.44293e-4 0.1215324 -0.05240494 0.04130607 0.1129164 -0.02932494 -0.0319271 0.09008061 -0.04751431 0.02832698 0.09520876 -0.05466002 0.0408681 0.122807 -0.02550292 0.02432304 0.1408194 -0.04603809 0.02521061 0.1411958 -0.04574996 0.0297662 0.08969509 -0.04993826 0.02926522 0.09023666 -0.0514391 0.02416187 0.08435177 -0.05015754 0.04146188 0.1032001 -0.0359345 0.003668904 0.1504127 -0.04901999 -0.04021716 0.09407478 -0.04129976 -0.02691197 0.09786975 -0.04828 -0.02691197 0.09786975 -0.04828 -0.02691197 0.09786975 -0.04828 0.03896057 0.09103864 -0.03837829 0.04390507 0.1039057 -0.03314977 -0.01307493 0.1059173 -0.05011153 1.60502e-4 0.1461928 -0.04701977 1.60502e-4 0.1461928 -0.04701977 1.60502e-4 0.1461928 -0.04701977 1.60502e-4 0.1461928 -0.04701977 0.01319092 0.1269281 -0.04805058 0.01310861 0.1271994 -0.04806953 0.01304888 0.1268828 -0.04788976 -0.0322023 0.08323776 -0.04570984 -0.04069983 0.1335663 -0.02108305 -0.04054105 0.1339248 -0.02099978 0.019939 0.09207075 -0.03434973 -0.01217055 0.1286529 -0.04809433 -0.02137768 0.1379958 -0.04742985 -0.03598845 0.09595477 -0.05305999 0.02329051 0.139812 -0.04617744 0.02416485 0.1407037 -0.04601997 0.02322983 0.1394369 -0.0458917 0.02343821 0.139694 -0.04590284 -0.002559185 0.1234478 -0.05227982 -0.002559185 0.1234478 -0.05227982 0.0437684 0.1045697 -0.03722995 0.03152906 0.1465464 -0.01563048 0.0316686 0.1465918 -0.01563996 0.03033941 0.08929878 -0.05120986 0.006926894 0.1570718 -0.01136994 0.006926894 0.1570718 -0.01136994 0.006926894 0.1570718 -0.01136994 0.01182365 0.1595568 -0.01063531 0.03307479 0.145039 -0.01651638 0.03374189 0.08892107 -0.03900068 0.03364765 0.08858233 -0.03913694 0.001041889 0.1494048 -0.04518985 0.02897322 0.09646117 -0.04164981 -0.01888543 0.1521621 -0.01303809 0.001452565 0.1572667 -0.01129001 0.001452565 0.1572667 -0.01129001 0.03767275 0.1162246 -0.04798424 0.0353474 0.1158968 -0.04941093 0.03770411 0.1169979 -0.04686373 0.0379644 0.1163288 -0.04803997 0.03733617 0.1174115 -0.04708355 0.0340476 0.1015018 -0.04720985 0.04423058 0.1226698 -0.03033006 0.04423058 0.1226698 -0.03033006 -0.01199471 0.1294184 -0.04820132 -0.01196253 0.1289387 -0.04840362 -0.01197052 0.1287618 -0.04834002 -0.01197052 0.1287618 -0.04834002 0.03747159 0.100548 -0.0472595 -0.005406737 0.1579788 -0.01400995 -0.03694278 0.08945178 -0.0438798 0.02438282 0.08338975 -0.05201995 0.02438282 0.08338975 -0.05201995 0.02438282 0.08338975 -0.05201995 0.03341823 0.08535462 -0.04550528 -0.04302793 0.1258143 -0.0235359 -0.04321378 0.1264318 -0.02401977 -0.04321378 0.1264318 -0.02401977 0.0237475 0.08502286 -0.05249971 0.02391815 0.08462727 -0.05177563 -0.03927606 0.1374881 -0.02324378 0.003522098 0.1542738 -0.04127997 -0.02241581 0.08059281 -0.04569 -0.02241581 0.08059281 -0.04569 -0.02241581 0.08059281 -0.04569 -0.02241581 0.08059281 -0.04569 -0.02234899 0.0803554 -0.04542028 -0.02241581 0.08059281 -0.04569 0.02654629 0.09198278 -0.03470999 0.02654629 0.09198278 -0.03470999 0.02654629 0.09198278 -0.03470999 0.02654629 0.09198278 -0.03470999 0.02643162 0.0894128 -0.03451997 0.004122376 0.1576388 -0.01151978 0.004122376 0.1576388 -0.01151978 0.040362 0.1336202 -0.02360177 0.03849846 0.1370749 -0.02232879 0.02198082 0.08028751 -0.04538244 0.02152276 0.0807498 -0.04483091 0.02212888 0.08059376 -0.04561996 0.02178472 0.08184331 -0.04579019 0.02223461 0.08113467 -0.04569751 0.02212888 0.08059376 -0.04561996 0.02796489 0.1000365 -0.04633682 0.01098448 0.1583722 -0.01101559 0.04480904 0.1165744 -0.03286319 0.04470717 0.1187418 -0.03194004 0.04475367 0.1184967 -0.03193354 0.04443985 0.1191211 -0.03153288 0.04092478 0.1320627 -0.04072988 0.0167101 0.1114358 -0.04585993 0.0115987 0.1035759 -0.05401903 -0.003681123 0.1510778 -0.04733997 0.03187447 0.09333723 -0.05335921 0.03280818 0.0928778 -0.05357003 0.03280818 0.0928778 -0.05357003 0.03403031 0.09183377 -0.05387979 0.03403031 0.09183377 -0.05387979 0.02733248 0.0886588 -0.05211997 0.02733248 0.0886588 -0.05211997 0.02706164 0.08879685 -0.05193328 0.02733248 0.0886588 -0.05211997 0.02733248 0.0886588 -0.05211997 0.04019522 0.09524041 -0.03737002 -0.03915417 0.1246058 -0.04483002 0.001705527 0.1491503 -0.04841715 5.96185e-4 0.14899 -0.0490691 0.004805982 0.1085197 -0.05363976 0.01070421 0.1585416 -0.01378434 0.001360416 0.1487178 -0.04972994 0.001360416 0.1487178 -0.04972994 0.02408546 0.08213376 -0.04576987 0.02374362 0.0825802 -0.0461114 0.04476732 0.1080078 -0.03150993 0.04465407 0.1083695 -0.03126978 0.0318104 0.1012747 -0.04803931 0.03137475 0.1021428 -0.04785156 0.03617805 0.1172736 -0.04859137 -0.0124247 0.1551371 -0.01223891 -0.01222878 0.1551638 -0.01225996 -0.01034981 0.1558458 -0.01186978 -0.0103802 0.1559922 -0.0118072 0.037503 0.1022416 -0.04942512 -0.002860069 0.1472688 -0.04605984 -0.002666532 0.1473392 -0.04626995 -0.002860069 0.1472688 -0.04605984 0.03520607 0.143095 -0.0220353 0.03426915 0.1442698 -0.02148973 0.04521179 0.1116667 -0.03003001 0.04521179 0.1116667 -0.03003001 -0.0288676 0.09510725 -0.05426585 -0.03005969 0.09519678 -0.05332005 -0.004389822 0.1512398 -0.04848974 0.02293986 0.1544278 -0.01658987 -0.04401278 0.1226678 -0.02557986 -0.03890955 0.1160038 -0.04611492 -0.01763337 0.1162188 -0.04598993 0.04166483 0.1308891 -0.02580499 0.04079699 0.1319518 -0.02452999 0.02180016 0.07990777 -0.04499977 0.008147597 0.1599906 -0.01052743 0.005951702 0.160548 -0.01010107 0.009355664 0.1594545 -0.01067042 -0.01436656 0.1543585 -0.01229649 -0.01819616 0.1160038 -0.04611492 -0.01818668 0.116007 -0.04611176 -0.006523311 0.1527017 -0.04255998 -0.006523311 0.1527017 -0.04255998 -0.006523311 0.1527017 -0.04255998 -0.006027758 0.1504598 -0.04442983 -0.006027758 0.1504598 -0.04442983 -0.01278626 0.1588548 -0.01508986 0.01792216 0.1139928 -0.04979974 0.01815021 0.113801 -0.04941922 -0.01089161 0.0754078 -0.05643004 0.03378921 0.1412377 -0.02037996 -0.04461205 0.119664 -0.02946668 -0.04251188 0.1284518 -0.02578657 -2.14549e-4 0.1483598 -0.03988999 -2.14549e-4 0.1483598 -0.03988999 0.04462486 0.1109188 -0.03512996 -0.02982735 0.09306627 -0.04715442 -0.04205638 0.1305988 -0.02212995 -0.04208981 0.1302801 -0.02238541 0.0398814 0.1278118 -0.02319002 0.008685588 0.07073676 -0.05039983 0.008985996 0.07068234 -0.05041795 0.03078222 0.1379609 -0.03926306 0.04228216 0.1081678 -0.03397995 0.01218014 0.1283398 -0.04756951 -0.01475656 0.1553838 -0.0148499 -0.01028698 0.1565997 -0.01447826 -0.04455941 0.1175916 -0.03015792 -0.03675216 0.1421664 -0.02150672 -0.02918457 0.1501469 -0.01838535 -0.02950495 0.1499538 -0.01838994 -0.02653586 0.1522628 -0.01745986 -0.02647417 0.1522347 -0.01772975 0.04472076 0.117887 -0.02726846 -0.03871887 0.09758388 -0.04679375 -0.03801983 0.0985108 -0.04164981 0.01172578 0.1286348 -0.0482499 0.001308262 0.1577348 -0.04246002 -0.02517598 0.1421068 -0.04575979 -0.02517598 0.1421068 -0.04575979 -0.02338838 0.1543168 -0.0166698 0.005070626 0.1602517 -0.0101394 0.001377165 0.1605657 -0.009960055 0.003559827 0.1514555 -0.04680305 -0.03500026 0.0983588 -0.05295985 -0.03522986 0.0988909 -0.0537436 0.006940901 0.1313378 -0.04751998 0.004017531 0.1591498 -0.03637993 -0.02926629 0.0995841 -0.05460631 -0.0321629 0.1474227 -0.01968985 -0.02008545 0.1561078 -0.01594001 -0.01847398 0.1567075 -0.01592689 -0.01667749 0.1576048 -0.01534992 -0.02590268 0.1533663 -0.01700836 0.02952051 0.08406418 -0.04089176 0.01774609 0.1144368 -0.04925996 0.02069646 0.1384328 -0.04773992 -0.006668508 0.1321133 -0.04810321 -0.007400274 0.1316199 -0.04802757 -0.009851098 0.1304888 -0.04829001 -0.009851098 0.1304888 -0.04829001 -0.01015859 0.1568708 -0.01434975 -0.008098781 0.1573162 -0.01400762 0.003702878 0.1598019 -0.01315397 -0.04258555 0.1019638 -0.03628993 -0.04201716 0.09999376 -0.03478986 -0.0178669 0.07747679 -0.04377001 0.01937294 0.08960676 -0.04518002 0.01184165 0.1292272 -0.04844343 0.04427558 0.1141648 -0.03162992 0.04405015 0.1106559 -0.03284585 -0.04336923 0.1100299 -0.03097432 0.009713172 0.1582275 -0.03653419 0.04279458 0.1104898 -0.03319001 -0.007664203 0.1316127 -0.04774099 -0.003326058 0.1606768 -0.01036977 -0.005255222 0.1322038 -0.04778999 0.01316428 0.1274601 -0.04798787 -0.005776286 0.1538928 -0.04154998 -0.005776286 0.1538928 -0.04154998 -0.005776286 0.1538928 -0.04154998 0.00797075 0.1549088 -0.03776997 -0.03489786 0.08948612 -0.04158782 -0.02220171 0.1523635 -0.01605427 -0.02460253 0.1504639 -0.01695382 -0.02752298 0.1480786 -0.01769739 -0.003524959 0.1335325 -0.04826068 -0.03821605 0.1352213 -0.02308773 -0.003505468 0.1605778 -0.01011997 -0.02655571 0.1511052 -0.01393902 -0.02196449 0.1545078 -0.01240992 -0.02142608 0.1542976 -0.01206809 -0.018651 0.09831178 -0.05447977 -0.001282095 0.1505828 -0.04456984 1.8697e-4 0.07021129 -0.04689365 -0.004019737 0.07028615 -0.04667657 0.01333051 0.1271958 -0.04851979 0.03680634 0.1020764 -0.0494734 0.0374155 0.1022388 -0.04933995 -0.02939516 0.08362478 -0.04382002 -0.02999573 0.0841248 -0.04373115 0.03077018 0.1022998 -0.0482698 -0.002384901 0.1515278 -0.04448992 -0.02948409 0.09169948 -0.04767698 -0.02957308 0.09136277 -0.04776996 0.0339452 0.08606076 -0.04009974 -0.04247528 0.1072756 -0.03425616 -0.04169797 0.1043817 -0.03540372 -0.04110765 0.1021734 -0.03641271 -0.03343832 0.1008426 -0.04164981 -0.03247547 0.1006298 -0.04164844 0.04232835 0.1020173 -0.03626996 0.04153931 0.09913629 -0.03514289 0.04143357 0.09915477 -0.03512996 0.04143357 0.09915477 -0.03512996 0.04097986 0.09816777 -0.03549063 0.04325449 0.1049118 -0.03261113 0.04361248 0.1069138 -0.03181004 0.04152303 0.126772 -0.02661961 0.04197454 0.1243594 -0.02762943 -0.03040349 0.1453958 -0.01873975 -0.03060126 0.1452294 -0.01887995 -0.001681983 0.1525208 -0.04333984 -0.001167416 0.152086 -0.04310274 -0.001681983 0.1525208 -0.04333984 -0.0262646 0.0809738 -0.0449 -0.0262646 0.0809738 -0.0449 -0.03418761 0.140618 -0.02088004 -0.0346058 0.14082 -0.02087187 -0.03686726 0.1371847 -0.02207005 -0.03686726 0.1371847 -0.02207005 -0.03686726 0.1371847 -0.02207005 -0.002571523 0.1468239 -0.04670006 0.005244851 0.1329319 -0.04758334 -0.007185697 0.1577225 -0.01356709 -0.004704654 0.1576508 -0.01371002 0.004029929 0.0704953 -0.04644489 -0.03892642 0.137673 -0.02286028 -0.04067867 0.1341927 -0.02383625 0.028104 0.1493514 -0.0168991 0.02142566 0.0902391 -0.05136448 0.03660088 0.09036099 -0.04097533 -0.04281944 0.1000436 -0.03453278 0.03735089 0.1171607 -0.04876995 0.03817409 0.09237581 -0.0377199 0.03766667 0.09143817 -0.03808325 0.04106169 0.09697932 -0.03560954 0.04136866 0.09869813 -0.03508585 0.04289931 0.102754 -0.0333417 -0.02905285 0.1493068 -0.01450979 -0.03537094 0.1400188 -0.02126979 -0.03537094 0.1400188 -0.02126979 0.03592383 0.08868706 -0.03925025 0.04274207 0.1031538 -0.03349977 0.04274207 0.1031538 -0.03349977 0.0427218 0.102978 -0.03348249 0.04267638 0.0999118 -0.03475981 0.02152693 0.09050303 -0.0513972 0.03608018 0.1407707 -0.0209499 -0.04003679 0.09574109 -0.03883576 -0.03049474 0.08936649 -0.05121135 -0.02984023 0.08994346 -0.05173629 -0.02908873 0.09110963 -0.05144876 -0.03003937 0.09007978 -0.05169004 -0.03003937 0.09007978 -0.05169004 -7.25982e-4 0.1515753 -0.04174995 -6.14353e-4 0.1517469 -0.04195034 -0.03627187 0.09733176 -0.0532999 -0.04258567 0.1019638 -0.03628993 -0.02209824 0.07992786 -0.04507273 -0.03483217 0.0897758 -0.04131001 -0.03194671 0.08621919 -0.04282164 -0.03425711 0.08932614 -0.04197829 0.01653307 0.121342 -0.04867166 -0.03050541 0.08186781 -0.04175978 -0.03024137 0.08172559 -0.04169046 -0.03492432 0.08699876 -0.04035365 -0.03403168 0.08584177 -0.04019004 -0.03402602 0.08591121 -0.04022634 -0.03403168 0.08584177 -0.04019004 0.02523005 0.08956676 -0.03503775 -0.04425746 0.1095578 -0.0332598 0.02430009 0.1423728 -0.04585993 0.01441448 0.1255362 -0.04840081 0.01579582 0.1248598 -0.04894983 0.01579582 0.1248598 -0.04894983 -0.0222733 0.07826179 -0.04588997 -0.0222733 0.07826179 -0.04588997 0.03208917 0.0921148 -0.05434006 0.01414996 0.1254898 -0.04821002 0.03243243 0.09618765 -0.05184549 0.03117436 0.09691476 -0.04914999 -0.03646898 0.08932179 -0.03894984 -0.04462128 0.1143628 -0.02895003 -0.04462128 0.1143628 -0.02895003 -0.04462128 0.1143628 -0.02895003 0.03092443 0.09954231 -0.05447673 -0.03038537 0.09976422 -0.04164844 -0.02901613 0.09796607 -0.04164862 -0.02869778 0.09746146 -0.04164981 -0.0446223 0.1143917 -0.02892988 -0.007329702 0.1222878 -0.05268985 0.01217263 0.1057503 -0.05386906 0.03234565 0.1026148 -0.04825997 0.03234565 0.1026148 -0.04825997 0.03234565 0.1026148 -0.04825997 0.005367219 0.07026296 -0.04680955 0.04087436 0.1238864 -0.02477639 0.03318542 0.09509885 -0.05215203 0.03339892 0.09486335 -0.04928362 0.02932971 0.1016081 -0.04839605 0.02188605 0.09069681 -0.05150979 -4.97711e-4 0.1515938 -0.04334992 2.51785e-5 0.1515784 -0.04325819 -4.97711e-4 0.1515938 -0.04334992 -0.02940869 0.09109979 -0.04847991 0.0122025 0.1330318 -0.05144 0.01216191 0.1330367 -0.05149501 0.0122025 0.1330318 -0.05144 0.0122025 0.1057468 -0.05382984 0.02701681 0.1009958 -0.05102998 0.02701681 0.1009958 -0.05102998 0.01684218 0.1330873 -0.051445 0.01679658 0.1330318 -0.05144 0.04297178 0.1022985 -0.0335021 0.04145318 0.09733778 -0.03550994 0.01679658 0.1052618 -0.05386996 0.01498657 0.1006578 -0.05427998 0.01498657 0.1006578 -0.05427998 -0.008717536 0.07066476 -0.04628998 -0.008717536 0.07066476 -0.04628998 -0.008717536 0.07066476 -0.04628998 0.03259903 0.09504729 -0.05218058 0.03254997 0.09465384 -0.05177867 -0.002260386 0.07349431 -0.04545605 0.02118355 0.08914154 -0.04566091 0.02111023 0.08913552 -0.04551118 0.02116274 0.08923941 -0.0454384 0.02126896 0.08895277 -0.04609996 0.02099412 0.08867937 -0.04578989 0.02126896 0.08895277 -0.04609996 0.02126896 0.08895277 -0.04609996 0.02126896 0.08895277 -0.04609996 0.02127462 0.08895379 -0.04608649 0.02126896 0.08895277 -0.04609996 -0.03213447 0.09028679 -0.04730999 0.02659136 0.09248179 -0.04772979 -0.02688676 0.1489578 -0.01752352 -0.04440212 0.1099628 -0.03057342 -0.0441789 0.1085636 -0.03121864 -0.04441446 0.1097628 -0.03058987 -0.02781069 0.09449976 -0.04726994 0.03227353 0.09474176 -0.04925763 0.03169667 0.09762978 -0.04914999 -0.03457289 0.08556497 -0.04050427 -0.03416055 0.08516925 -0.04059731 -0.0327956 0.08259928 -0.04126244 -0.03704196 0.08875179 -0.0390098 -0.02849179 0.1474007 -0.01819002 -0.02849179 0.1474007 -0.01819002 -0.04177188 0.1046968 -0.03519994 -3.19887e-4 0.1217428 -0.05243003 -0.03082853 0.08278244 -0.04158198 0.02129572 0.08797883 -0.04584771 0.03781175 0.1389557 -0.01869225 0.03463077 0.1430315 -0.017232 0.03686207 0.1402418 -0.01821976 -0.02773928 0.07964938 -0.04302024 -0.02601087 0.07823991 -0.04337251 0.02936184 0.09584778 -0.04915106 0.02919429 0.09676712 -0.04914999 0.02693086 0.08888876 -0.05180984 0.02693086 0.08888876 -0.05180984 0.02640688 0.08887457 -0.05162268 0.02688992 0.08929991 -0.0515905 0.02693086 0.08888876 -0.05180984 0.03176099 0.09491378 -0.04914999 0.01926285 0.07421976 -0.04898995 -1.55291e-4 0.06979775 -0.0466299 -7.8155e-5 0.0697664 -0.04641926 0.02791577 0.1407788 -0.04505002 0.02791577 0.1407788 -0.04505002 0.02791577 0.1407788 -0.04505002 -0.04068845 0.09509062 -0.03657758 -0.04115295 0.09567075 -0.03625977 0.03891396 0.1169578 -0.04756999 0.03891396 0.1169578 -0.04756999 0.0253582 0.1034598 -0.05082005 -0.03420019 0.1005852 -0.04165005 -0.04513639 0.1214308 -0.02996003 -0.03157669 0.08956676 -0.04877001 -0.03157669 0.08956676 -0.04877001 0.03647851 0.1017898 -0.04937994 0.03647851 0.1017898 -0.04937994 0.03923368 0.136079 -0.02004086 0.003017902 0.1565198 -0.0180999 -0.03458619 0.1405467 -0.02065998 -0.03897786 0.1280708 -0.04104 -0.03885197 0.1276529 -0.04128867 0.03482311 0.1443018 -0.02066981 0.04096424 0.1323972 -0.02154684 0.0408132 0.1326978 -0.02149993 0.01758486 0.07465678 -0.05349981 -0.01278305 0.1211698 -0.05247992 -0.006389617 0.1275098 -0.05193001 0.0212484 0.1378158 -0.04700994 -0.02192997 0.1546458 -0.01725995 -0.02077519 0.1552489 -0.01709085 -0.02872186 0.08050978 -0.04726994 -0.03931844 0.09436935 -0.03942477 -0.0292809 0.09372377 -0.05467993 -0.0292809 0.09372377 -0.05467993 0.02965819 0.08025312 -0.04516756 0.04342561 0.1248668 -0.02448982 0.03899192 0.0928778 -0.04209995 0.005938291 0.06943368 -0.04934281 0.01169669 0.1298581 -0.04837697 -0.03440141 0.1025738 -0.05001986 -0.03440141 0.1025738 -0.05001986 -0.02838629 0.09561675 -0.05466985 -0.02838629 0.09561675 -0.05466985 0.03284966 0.08756875 -0.04225999 -0.01274257 0.1251358 -0.04629987 0.004856944 0.09908777 -0.05440998 0.0423609 0.1170318 -0.02754998 8.39125e-4 0.1518841 -0.04342639 0.001222372 0.1522288 -0.04338979 5.3706e-4 0.1517168 -0.04336977 0.04270207 0.1140608 -0.02898997 0.04226189 0.1287778 -0.02309006 0.04250615 0.1185192 -0.02721738 -0.01445257 0.1579397 -0.01589995 0.04284167 0.1182783 -0.03001761 -0.04135257 0.1230998 -0.02509993 0.02228027 0.08560878 -0.04587996 0.02245765 0.0853098 -0.04599064 0.03991508 0.1061028 -0.04575979 -0.02660787 0.0927608 -0.05174994 -0.02660787 0.0927608 -0.05174994 0.02231872 0.151466 -0.01640027 -0.01729804 0.156865 -0.01642578 -7.89718e-5 0.1515617 -0.04174995 0.01941061 0.1533498 -0.01577997 0.01915007 0.1534087 -0.01562732 -0.0144968 0.1083958 -0.04959988 0.02507168 0.08897179 -0.05153983 0.02507168 0.08897179 -0.05153983 -0.02299451 0.1544228 -0.01690983 -0.02891778 0.0913788 -0.05132997 -0.02891778 0.0913788 -0.05132997 0.01860427 0.1535778 -0.01535975 0.04269385 0.1027528 -0.03346985 0.04246485 0.1019707 -0.03378659 0.03448754 0.1111464 -0.05090677 0.02119666 0.08927136 -0.04535764 0.04483759 0.1148177 -0.03354001 0.04483759 0.1148177 -0.03354001 0.02212828 0.1516597 -0.01613998 0.01064538 0.07201635 -0.04591912 0.01173496 0.07198977 -0.0458498 0.02123177 0.08945178 -0.04515993 -0.01273041 0.1237308 -0.05256003 0.008306384 0.07132077 -0.04640001 0.04462385 0.1206898 -0.03080981 0.02357 0.08277076 -0.04633986 -0.03776204 0.08974462 -0.03889888 -0.03700631 0.08864778 -0.03927981 0.04111099 0.09610277 -0.03627979 0.03994488 0.0956878 -0.03646004</float_array>
          <technique_common>
            <accessor source="#shape1_001-mesh-positions-array" count="4533" stride="3">
              <param name="X" type="float"/>
              <param name="Y" type="float"/>
              <param name="Z" type="float"/>
            </accessor>
          </technique_common>
        </source>
        <source id="shape1_001-mesh-normals">
          <float_array id="shape1_001-mesh-normals-array" count="2625">-0.4276037 0.02423214 -0.9036414 -0.8814231 0.06235057 -0.468194 -0.7669513 -0.4374644 -0.4694792 -0.8732367 -0.3876508 -0.2952702 -0.9272317 -0.3108066 -0.2089033 -0.9364733 -0.1845479 -0.2982615 -0.04807162 -0.9918379 0.1180961 -0.8328577 -0.2348116 -0.5012101 -0.1571743 0.9719479 -0.1749671 -0.04208618 0.919305 -0.3912891 0.07889175 0.8828859 -0.4629131 0.02768093 0.9123112 -0.4085609 -0.3175532 -0.5628368 -0.7631349 -0.05585014 -0.6977611 -0.71415 -0.01229912 -0.7633714 -0.6458428 -0.8286001 -0.2500144 -0.5009139 -0.4538154 0.3598173 -0.8152198 0.04239159 0.1117625 -0.9928304 -0.832089 -0.540687 -0.1236352 -0.1950755 -0.306011 -0.9318277 -0.4596229 -0.4617287 -0.7586524 -0.09219777 0.6721497 -0.7346526 0.009003102 0.6630269 -0.7485414 -0.2073763 0.8912148 -0.4033997 -0.3785626 0.9099052 -0.1695963 -0.1084654 -0.8828309 -0.4569956 -0.3249406 -0.9330713 -0.1542453 0.1250363 -0.5468701 0.827828 -0.02475106 -0.807783 -0.5889601 -0.1790888 0.8339473 -0.5219762 -0.8314373 -0.009186267 -0.5555428 0.1102043 -0.8809027 -0.4602887 0.2162614 -0.9707959 -0.1038579 -0.9597495 0.2318878 -0.1584576 0.01767081 -0.6268727 -0.7789214 -0.7177122 -0.5761963 -0.3910077 -0.7770842 -0.6152095 -0.1328813 -0.2774227 0.633769 -0.7220621 -0.2543764 -0.02722299 -0.9667221 0.03994929 0.2535209 -0.9665046 -0.5227022 -0.4125584 -0.7460416 -0.6962709 -0.4714951 -0.5412015 -0.03647077 -0.1097785 -0.9932868 -0.7228429 -0.6108687 -0.3230133 -0.4809269 -0.5073264 -0.7150729 -0.01156669 0.1449957 -0.9893648 -0.384604 -0.1338881 -0.9133203 -0.1665139 -0.1121283 -0.979643 -0.7154027 0.6393181 -0.2819067 -0.566743 0.6851883 -0.4575145 -0.4980986 -0.8466852 0.1871417 -0.6219181 -0.783059 -0.006042778 -0.2510513 -0.1659941 -0.9536348 0.6532258 -0.7416085 -0.1526859 0.7945923 -0.6050388 -0.05050891 0.1590971 -0.5405578 0.8261268 0.07074266 0.9965314 -0.04382503 0.02990841 0.9995526 -3.35707e-4 0.2534009 0.9428296 -0.2164726 0.7608184 0.6489648 -4.27272e-4 0.960107 0.26152 0.09900462 0.8370232 0.5188287 -0.1738076 0.9093461 -0.3847844 -0.1582108 0.408312 0.9128196 -0.006469964 0.4906872 0.6611063 0.5675956 0.9997852 -0.02060055 0.002319455 0.9666694 0.1777751 -0.1842452 -0.6257302 0.5081256 -0.5918363 -0.6336594 -0.7687657 -0.08645939 -0.4734767 -0.852435 -0.2217533 -0.759108 -0.6264098 -0.1771038 -0.2486658 -0.9655483 -0.07669329 -0.7464652 -0.6051316 0.2767772 -0.600643 -0.776371 0.1909874 -0.03351032 -0.9933776 -0.1099005 0.1321486 -0.9756107 0.1752724 -0.1990439 0.9269489 0.3180369 0.001770079 0.949093 -0.3149909 0.02853566 0.911585 -0.4101201 -0.3732837 0.9275174 -0.01925778 -0.5478736 0.8363983 0.01651066 -0.6638519 0.7433848 -0.08173018 -0.8503918 0.4385939 0.290636 -0.9390218 0.3436793 0.01107853 -0.9620631 -0.06259524 0.2655493 -0.7882456 0.03930848 -0.614104 -0.2911889 -0.6347193 0.7157797 -0.6364439 -0.01086473 0.7712465 -0.1280257 -0.03747689 0.9910625 -0.7541126 -0.1301362 0.6437227 -0.7882885 -0.6049578 0.1123728 -0.7208923 0.1451489 -0.6776772 -0.7044568 -0.7034496 0.0943365 -0.1533609 0.5734323 0.8047707 -0.1785982 0.6551244 0.7341081 -0.3614018 0.91559 -0.1763062 -0.6483455 0.7500042 0.1309264 -0.4890987 -0.6466382 -0.5853559 -0.1860748 -0.9405372 0.2841937 -0.7196055 0.6923215 0.05346912 -0.7226143 0.5581438 -0.4078039 0.1008341 -0.8676195 -0.4868972 0.4996883 0.4236043 -0.75556 0.4913954 0.1914492 -0.8496339 0.4308363 0.1215571 -0.8942059 0.3860952 -0.2894722 -0.8758632 0.7510502 0.005188286 -0.6602247 -0.1218928 0.5487315 -0.8270647 0.1430743 0.5395199 -0.8297277 -0.5961838 0.3657673 -0.7146882 -0.605107 0.306933 -0.7346005 -0.6082254 0.2813298 -0.742237 -0.7235447 0.08503842 -0.6850194 -0.06125134 0.6139177 -0.7869902 -0.2444587 0.4193032 -0.8743139 -0.6691935 0.1285772 -0.7318798 -0.2913995 0.7170234 -0.633217 -0.807909 -0.02563625 -0.5887493 -0.5920752 0.388206 -0.7062175 -0.002929806 0.3059259 -0.9520509 0.6772567 0.3004705 -0.6715959 -0.1520771 0.9754849 -0.159066 0.04663354 0.9687144 -0.2437579 -0.07141453 0.9782574 -0.1947115 -0.2889522 0.9526755 -0.0944252 0.629865 0.3735913 0.680955 0.9628278 0.254773 -0.08974182 -0.2623409 -0.3105303 -0.9136456 -0.4753668 -0.03689765 -0.8790136 -0.4987735 -0.8083592 -0.3126986 0.7171031 0.03338766 -0.6961671 0.9051272 -0.3244761 0.2746999 0.6414549 0.06073343 -0.764753 -0.9748764 -0.1934005 -0.1105102 -0.9488117 -0.02441531 -0.3148972 -0.9491795 -0.02426278 -0.313799 -0.7559336 -0.5833773 0.2970448 0.5174268 -0.5759936 -0.6328514 0.2362458 -0.878025 0.4162455 -0.185098 -0.5753756 -0.7966691 0.5238669 0.8387058 -0.1487824 0.3854305 0.8285428 0.4061532 0.2694853 0.9620289 0.04333734 0.2500706 0.9679327 -0.02389615 -0.1288275 -0.9914608 -0.02022624 0.08105731 0.9967064 0.002502501 0.08520936 0.996358 -0.003204464 0.07724261 0.9969825 0.007721185 0.0707122 0.9973565 0.01672428 0.9429914 0.2362208 -0.2344507 0.6652096 -0.4465962 -0.5983712 0.5949522 -0.5059261 0.6245564 0.9168553 -0.2931666 0.2709792 0.4639551 -0.8858546 0.002716183 0.27415 -0.9390621 -0.2073749 0.8392724 0.145362 0.5239196 0.7670109 0.6412104 0.02331674 0.7214478 0.6861674 0.09320622 0.4899235 0.8323786 -0.2590768 -0.05258524 -0.3340066 0.9411028 -0.08435541 -0.2797707 0.9563538 -0.08548438 -0.2779694 0.9567787 -0.01217699 -0.3749858 0.9269506 -0.625455 -0.7702063 0.124853 -0.05685734 -0.5002715 0.8639999 0.08960515 -0.5950686 0.798664 -0.05855989 -0.3353905 0.9402574 -0.09054917 -0.4293991 0.8985641 -0.09283846 -0.4313235 0.897408 -0.1385582 -0.4695414 0.8719705 -0.06778198 -0.4489297 0.8909927 -0.04812842 -0.4204296 0.9060478 -0.07001078 -0.3137667 0.9469155 -0.3134654 -0.1684674 0.9345363 -0.110815 -0.1621788 0.9805194 0.1130121 -0.2459837 0.9626631 0.4927288 -0.2328597 0.8384478 0.3968079 -0.9177976 0.01382505 0.3694308 -0.9291467 0.01440489 -0.9989382 -0.04397743 0.01373338 0.1385855 -0.9901494 0.01995921 0.2717695 -0.961951 0.02813827 0.266067 -0.9635545 0.02777248 0.1330918 -0.9909101 0.01959294 0.4148831 -0.9083237 -0.05310404 0.05203497 -0.9984309 0.02069187 0.4965195 -0.865163 -0.07043868 0.4744281 -0.8791797 -0.04428398 0.3418787 -0.9344136 0.09995114 0.4652961 -0.7811694 0.416262 -0.07855582 -0.3799308 0.9216733 0.002563595 -0.4142959 0.9101387 0.6211619 -0.6933099 0.3653481 -0.06314325 -0.2405793 0.9685735 -0.04083442 -0.2601441 0.964706 0.009441256 -0.4002578 0.916354 -0.06201475 -0.2402157 0.9687367 -0.007232964 -0.355425 0.9346768 7.62972e-4 -0.3751077 0.926981 -0.007526993 -0.3573964 0.9339226 -0.004611492 -0.2418268 0.9703086 0.01346212 -0.3490061 0.9370238 -0.01471012 -0.3947936 0.9186521 0.01187193 -0.3463315 0.9380372 -0.01690775 -0.4194589 0.9076169 -0.01448255 -0.3926326 0.9195814 -0.01191562 -0.3897066 0.9208621 0.009796261 -0.3600098 0.9328972 0.3102316 -0.233139 0.9216304 0.02896225 -0.3533763 0.9350328 0.272108 -0.2515076 0.9288172 -0.9462011 -0.01559549 -0.3232032 0.6083103 -0.7870312 0.1026668 0.6622896 -0.7489631 0.02066123 0.6344264 -0.7702965 0.06439483 0.5667051 -0.8084146 0.1590949 -0.2551698 -0.5304212 0.8084193 -0.195261 -0.5143378 0.8350628 -0.3049404 -0.2173999 0.9272264 0.331871 -0.2075948 0.9201989 -0.002319395 -0.3540506 0.9352235 0.6506077 -0.168893 0.7403951 -0.002239167 -0.3517109 0.936106 0.001236379 -0.3646836 0.9311308 -0.5692745 0.5383891 -0.6213403 0.1006221 -0.3754179 0.9213777 -0.3662245 -0.9300881 0.02856546 0.07098877 -0.4385985 0.895875 9.28121e-4 -0.365794 0.9306954 -0.07040631 -0.311939 0.9474899 -0.0985766 0.09641778 0.9904475 -0.6208247 0.4231814 -0.65992 -0.4495266 -0.8051742 0.3868083 -0.1509758 0.09820902 0.9836471 -0.2904849 0.1790886 0.9399712 -0.3094627 -0.203104 0.9289681 -0.05539274 -0.3357137 0.940334 -0.006348013 -0.03619587 0.9993247 -0.04339832 0.09814983 0.994225 0.009979665 0.04193311 0.9990707 -0.1511347 0.1233851 0.9807826 -0.1535997 0.1339067 0.979018 0.04678916 0.08133435 0.995588 -0.01367253 -0.07779318 0.9968758 -0.3463282 -0.2889832 0.892494 -0.1788716 -0.04455763 0.982863 0.03744661 -0.1155444 0.9925962 -0.1417303 -0.9853226 0.09514141 -0.6249793 -0.6421008 0.4439679 -0.8247822 -0.3693132 0.4281848 -0.7384099 -0.6743503 0.001556456 -0.9973967 -0.06689798 0.02691787 -0.02261447 0.9910696 0.1314142 0.08319449 0.9907658 0.1070603 -0.3523132 0.913713 0.2024946 -0.8536307 0.5092298 0.1095432 -0.95989 -0.1806432 0.2144279 -0.9828668 -0.02206528 0.1829923 -0.3011044 -0.7828534 0.5444968 -0.3839603 -0.9231405 0.01965427 -0.2541619 -0.9410218 0.2233377 -0.9542489 0.2989677 0.005249321 -0.952667 0.238388 0.1886717 -0.1694713 -0.9853324 -0.01998984 0.3704387 -0.9268292 0.06134301 -0.5016193 -0.8391045 0.2104322 -0.5287739 0.8484615 -0.02261459 -0.5607939 0.8272894 -0.03320509 -0.3446223 0.9337334 -0.09683722 -0.7779681 -0.611119 0.1459434 -0.9831988 0.1265316 0.1315672 -0.6329718 0.7727506 0.04693877 -0.4053884 0.8842369 0.2319164 -0.8126409 -0.5801439 0.05520963 -0.9428468 0.3158692 0.1061443 -0.4972195 0.7718011 -0.3963534 -0.5854197 0.8037236 -0.1063594 -0.9182987 0.3782576 0.1168283 -0.8476629 0.488028 0.2080779 -0.6511155 0.7566491 0.05941981 0.6365407 0.7690555 0.05804765 0.8147075 0.577574 0.05157727 0.6316488 0.7745382 -0.03332656 0.5925287 0.8049418 -0.03128206 0.5694009 0.8217965 0.02081423 0.9756469 -0.1951416 0.1001649 0.9076133 -0.4059982 0.106787 0.941118 -0.3376941 0.01611405 0.9409109 -0.03781342 0.3365367 0.5663436 0.8223991 0.05398833 0.8029237 0.5700029 0.1743854 0.7428523 0.625351 0.2389701 0.1786913 -0.971403 0.156351 0.3218577 -0.9458576 0.04196417 0.2413113 -0.9623155 0.1253708 0.3596716 -0.9326435 0.02850514 0.4708245 -0.8604367 -0.1948671 0.9849457 0.170236 -0.03003084 0.9245038 0.1835701 0.334058 0.3931429 -0.9188898 0.03286868 0.6202467 -0.7663432 0.1673686 0.8397861 -0.5103355 -0.1852492 0.7805532 -0.6017121 0.1693497 0.2692407 0.9162181 0.2967386 0.2620983 0.9256147 0.2730242 0.9041827 -0.3632051 0.224802 0.9824512 0.03976678 0.1822316 0.8935652 -0.4486595 -0.01568675 0.1085857 -0.9917985 0.06741589 0.745331 0.6550562 0.1240285 0.8176375 0.5535251 0.1583636 0.8577557 0.4982644 0.126443 0.9990533 0.003021419 -0.04339861 -0.01681578 -0.9983901 0.05417072 -0.9917469 -0.1267151 0.01953214 -0.9966786 -0.04657143 0.06680536 -0.99983 -5.4934e-4 0.01843339 -0.9888559 -0.003143429 0.1488426 -0.9997096 0.004303157 0.02371323 0.9966509 0.04440474 0.06866717 0.9904212 0.001922667 0.1380663 0.9993636 -0.0117191 0.03369253 -0.9998279 6.10377e-5 0.01855546 -0.463215 -0.5774471 0.6722996 0.997494 -0.06796652 0.01965445 0.9970017 -0.07507723 0.01873874 -0.6515148 -0.7581474 0.02722275 0.9924781 0.1186274 0.03024429 0.003091454 0.9998685 0.01592588 0.9540335 -0.2982347 0.02960371 0.9486053 -0.3157541 -0.02114993 0.9527233 -0.3034847 0.01467978 -0.9930383 -0.1065079 0.05031055 0.9989576 -0.04144603 -0.01912975 -0.06287002 -0.03418177 0.9974363 0.7334904 0.6782817 -0.04388612 0.03766071 0.0589326 0.9975513 -0.854806 0.3099507 0.4162178 -0.7764611 0.564416 -0.2802548 -0.954025 -0.283064 0.09854596 -0.9283561 -0.3553932 -0.1088611 -0.9411427 -0.3349452 -0.04541212 -0.9511696 -0.2498018 0.1813161 0.5028309 0.677308 0.5370427 0.5374452 0.597141 -0.5954624 0.4755243 0.5237451 -0.7068011 0.2001164 0.177654 0.9635313 -0.1547628 0.9501233 -0.2707662 -0.1330931 0.9326588 -0.3353115 -0.384881 0.7076244 -0.592566 -0.3810654 0.7250192 -0.573704 -0.872856 0.4034975 0.2744308 -0.675266 -0.06723362 0.7345036 -0.9523364 0.304559 0.01729661 0.3318679 -0.8856729 -0.3247264 -0.01556473 -0.999747 -0.01623618 0.09879118 -0.9950838 0.006988883 0.5273403 -0.8072924 0.2649366 0.4620922 -0.8067767 0.3682149 0.5303947 0.07657289 -0.8442856 0.6923953 -0.4087778 0.5945498 0.1737438 -0.3514857 0.9199299 -0.4779981 -0.3275669 0.8149956 -0.4928573 0.2024044 -0.8462411 -0.6809488 -0.6682527 0.2995784 -0.5999214 -0.5788324 -0.552311 -0.2103105 -0.9345102 0.2871589 -0.4882092 -0.8727155 0.004425168 0.8292695 0.5581974 0.02697902 -0.005981683 -0.9998309 0.01739579 -0.00439471 -0.9998348 0.01763999 -0.004577815 -0.9998345 0.01760947 -0.006195306 -0.99983 0.01736521 -0.170449 -0.2069194 0.9633959 0.9462051 -0.3213325 -0.03796535 -0.00112915 0.9994681 0.03259432 0 0.9998475 0.01746857 0.9398343 0.3406537 0.02581912 0.9384365 0.3452643 0.01138365 0.9387347 0.3443461 0.01425236 0.9186827 0.3948853 0.009369313 0.9171655 0.3975442 0.02768099 0.9168375 0.3980358 0.03125196 0.9188629 0.3945177 0.006836175 0.02780276 0.007141411 0.999588 -0.009827136 0.01043748 0.9998973 -0.02560538 -0.07397782 0.9969311 0.7321186 0.6760553 -0.08337771 0.6041002 0.4653592 0.6469188 -0.0253309 0.02676534 0.9993209 -0.4231169 -0.8963462 0.1324224 -0.3573771 -0.9296078 0.09006148 -0.3695876 -0.9240301 0.09784454 0.7529332 -0.6442526 0.134277 0.140266 -0.9896444 -0.03048861 0.3428813 -0.9260693 0.1575697 0.3016184 -0.9432175 0.1391662 0.2363992 -0.9654037 0.110051 0.6642101 0.7471601 0.02401822 -0.7059143 -0.7076539 0.03018367 -0.6982429 -0.7092602 0.09698915 -0.6962122 -0.709183 0.1111217 -0.7062123 -0.7074941 0.02676522 0.003906369 0.9983592 -0.05713105 0.01284855 0.9998098 0.01467972 0.001800596 0.997247 -0.07413125 0.01388591 0.9996353 0.02316355 0.008954465 -0.9761437 0.2169413 0.001617491 -0.9982299 0.05945181 0.002349972 -0.9978881 0.06491446 -0.002899289 -0.9996804 0.02511709 -0.003234982 -0.9997377 0.02267551 -0.06146931 0.9970906 0.04507589 -0.05450636 0.9977478 0.03909444 -0.05731523 0.997493 0.04150623 -0.05807763 0.997422 0.04214674 0.1841453 0.9823986 0.0313614 0.1821278 0.9828288 0.0296148 0.6467078 0.7624071 -0.0224623 0.6546745 0.7559078 0.002166867 0.6421241 0.7657574 -0.03595161 0.6591292 0.7518473 0.01657205 0.9387896 0.3435199 0.0258494 0.9274738 0.3713252 0.04370325 0.9342526 0.35506 0.03323537 0.9934563 0.112127 0.02172952 0.9914165 0.1268988 0.03146529 0.9928291 0.1169201 0.02490389 0.9453521 0.3257278 0.01452696 0.994543 0.1031226 0.01580864 0.9355776 -0.3531 0.003906369 0.9421796 -0.334182 -0.02490341 0.9379799 -0.3466381 -0.005981743 0.9315133 -0.3631809 0.0195629 0.6598148 -0.7177087 0.222573 -0.1316331 0.8869485 0.4427133 -0.4141736 0.9087908 0.05059331 0.8176839 0.1688045 0.5503618 0.5755451 -0.8175473 0.01908743 -0.1336421 -0.962504 -0.2360634 -0.04336762 -0.7070974 0.7057851 -0.04165828 -0.160682 0.9861268 -0.01580864 -0.1672729 0.9857839 -0.002044796 -0.9469615 0.3213406 0.07623618 0.08652102 0.9933289 0.2408878 0.0142219 0.9704487 0.4787248 0.4136273 0.7744257 0.9658204 0.2592011 -0.002392113 0.7840627 0.6080821 0.1244265 0.8975088 -0.3128523 0.3108075 0.2946615 -0.1052907 0.9497834 0.8409084 -0.3717296 0.3933069 0.09561753 0.543735 -0.8337922 0.906576 -0.4115529 0.09351116 0.217722 -0.1817707 0.9589352 0.3046747 -0.1728616 0.9366389 -0.06601274 -0.04477143 0.9968138 -0.01968473 -0.1055652 0.9942176 0.005706965 -0.07290929 0.9973223 0.008270561 -0.06918621 0.9975695 0.04584002 -0.1611421 0.9858661 -0.3610684 -0.1535708 0.9198074 -0.5043518 -0.1948923 0.8412171 0.09036612 0.04782289 0.9947598 0.06784319 0.04428273 0.9967128 0.08743709 0.04736554 0.9950433 0.937204 0.3477931 0.02624619 0.9318735 0.3614085 0.03155684 0.9366064 0.3492322 0.02838289 -0.01525944 -0.9998304 -0.01031535 -0.5027763 -0.6380994 0.5831339 -0.6118245 0.2327722 0.7559682 -0.8048565 -0.3340343 0.4905376 -0.4544872 0.3988208 0.7964819 -0.5392146 -0.5239855 0.659308 -0.993524 0.1102953 0.02729392 -0.7925336 0.5800865 -0.1881229 -0.7915845 0.5846928 -0.1775625 -0.7930968 0.5770529 -0.1949552 -0.4152171 0.9089911 0.03647071 -0.4074866 0.9126638 0.0316174 -0.4313651 0.9009714 0.04663401 -0.387535 0.9216545 0.0192272 -0.1895244 0.9813154 0.03317439 -0.1877819 0.9816969 0.03176999 -0.1961469 0.9798191 0.03848469 -0.1806427 0.9832042 0.0260328 0.05633765 0.9978727 0.03280764 0.05820053 0.9977112 0.03442591 0.06503701 0.9970719 0.04022467 0.04886066 0.9984551 0.02645981 0.06460899 -0.2357908 0.9696539 -0.5517226 0.01043748 0.8339625 -0.3171566 -0.7443657 0.5876491 -0.05746793 -0.9166794 0.3954699 -0.02890187 -0.8551843 0.5175176 8.74746e-4 0.08547717 -0.9963398 -0.943903 -0.1844896 0.2738808 -0.7912331 0.5862681 -0.1738967 0.9401794 0.3393753 0.02978688 -0.05630761 -0.8821222 0.4676432 0.003906369 -0.9982724 0.05862671 0.1320267 0.9894378 0.05984842 0.1278439 0.9915309 0.02285867 0.4505587 0.7086924 -0.5429106 -0.002777159 0.9983296 0.05771094 6.40893e-4 0.9994873 0.03201407 0.5428993 0.1343438 0.8289827 0.6809828 -0.7314315 0.03564679 -0.7078239 0.7056266 0.03280776 -0.7078047 0.7056684 0.03231996 -0.7083266 0.7045117 0.04400908 -0.7085807 0.7038198 0.05050826 -0.4576902 -0.2750717 0.8454912 -0.01651054 -0.09540104 0.9953021 0.02188199 -0.1450866 0.989177 0.0423606 -0.09799712 0.9942848 -0.3050368 -0.9506345 0.05697882 -0.5241357 -0.8496834 0.0576201 -0.5360038 -0.8415899 0.06653124 -0.5494654 -0.8319806 0.07678598 -0.512359 -0.8573803 0.04886144 -0.1800644 -0.9272096 0.3284192 0.6069949 -0.7928259 0.0546292 0.6267428 -0.7750052 0.080998 0.6036419 -0.7956695 0.05026531 0.5830069 -0.812114 0.02395749 0.1764293 -0.9807835 0.08328586 -0.002288937 -0.9953243 -0.09656286 0.07129311 -0.05099779 0.9961509 0.1301031 -0.02172964 0.9912624 0.2370089 -0.1430721 0.9609147 0.1445396 -0.0329914 0.9889489 0.05047911 0.3989498 0.9155824 -0.930796 -0.3324667 0.1519366 -0.7359105 -0.105566 0.6687986 -0.6961526 0.397335 0.59791 -0.7125406 0.3357764 0.6160682 -0.5576831 0.6926404 0.4574264 -0.7442464 -0.04584014 0.6663303 0.6977465 -0.6715479 0.2493459 -0.0950067 -0.0937249 0.9910547 0.01632767 -0.07770144 0.996843 0.06076276 -0.06491327 0.9960393 0.01925754 -0.07580935 0.9969364 -0.07358127 -0.0308547 0.9968118 -0.938887 0.3426675 0.03271633 -0.9390568 0.3423991 0.03058058 -0.938866 0.3427015 0.03296083 -0.9390807 0.3423662 0.03021413 0.7967397 -0.6030941 -0.03851544 0.4478112 -0.1328204 0.8842081 -0.1092886 -0.03408974 0.9934253 0.9375795 -0.2978541 0.1795207 0.2373756 -0.3943036 0.8877936 -0.08426362 0.01684659 0.9963011 0.1782905 0.1968459 0.9640873 -0.02298098 -0.08057081 0.996484 -0.02264505 -0.05899316 0.9980016 -0.2600125 -0.09180074 0.9612316 -0.1723691 -0.0225532 0.9847743 0.07464897 -0.01406913 0.9971107 -0.0393089 -0.05984842 0.9974332 0.003936886 -0.0650053 0.9978772 -0.0310381 -0.111487 0.9932811 0.05276691 -0.04135292 0.9977504 0.08618503 -0.04916578 0.9950653 0.04285407 -0.07945489 0.9959169 0.02627718 -0.1232068 0.9920331 -0.9412094 -0.337755 -0.006805717 -0.9423972 -0.3338477 0.02081394 -0.9422656 -0.3344547 0.01660215 -0.9410542 -0.3381203 -0.009582936 0.9283478 0.3700696 0.03491336 0.905848 0.4211685 0.04535186 -7.62972e-4 -0.1030927 0.9946715 -0.4537594 -0.5126615 0.72889 0.4284159 0.8641036 0.2641683 -0.3039702 0.1568376 0.939683 0.3094933 0.9507588 0.01648026 0.1084663 -0.0458098 0.9930441 0.1656582 -0.1014764 0.9809485 0.1677013 -0.1139575 0.9792293 0.2978059 0.02237051 0.9543644 -0.005875766 -0.08881866 0.9960306 0.1584548 -0.05057001 0.9860705 -0.001185536 0.01269119 0.9999188 0.05478256 -0.1845517 0.9812948 -0.01150578 -0.1551607 0.9878223 -0.5371705 -0.5670794 0.6243947 0.1283957 -0.2208089 0.9668288 0.01770132 -0.1299217 0.9913663 -0.3543271 -0.3069309 0.8833152 0.7560671 -0.609511 0.2384512 -0.06280773 -0.2108241 0.9755042 -0.09869921 -0.220593 0.9703594 -0.06833302 -0.1130135 0.991241 0.2582214 -0.5693017 0.7805238 0.06409084 -0.09940189 0.9929812 0.03772193 -0.1397482 0.9894683 0.6033704 -0.7405861 0.2957645 0.7571948 0.03796654 0.6520848 0.2125648 -0.9525893 0.217692 0.2215687 -0.9177401 0.3296369 0.5561165 -0.5810505 0.5942347 0.8602024 -0.5034989 -0.08087474 0.3077872 -0.1182013 0.9440844 -0.4012691 -0.292498 0.8680024 -0.1474093 -0.1908385 0.9704903 0.4196116 -0.07968622 0.9041992 0.3500511 0.0846287 0.9329 0.4445786 -0.8668169 0.2257838 0.5557537 -0.3583253 0.7501606 0.8532249 -0.3947352 0.3408688 0.1054753 -0.4290121 0.8971197 0.2125978 -0.6146293 0.7596268 0.8082998 -0.3381827 0.4819585 0.9373977 -0.3308894 0.1086179 0.9598178 -0.2804377 0.0102238 0.9600014 -0.2799496 -0.005066096 0.2091496 -0.7170844 0.6648657 0.6755151 -0.7349972 -0.05881077 0.1391991 -0.108405 0.984313 0.6382181 -0.6693477 0.3803306 -0.474905 0.8798912 0.01602238 -0.4772006 0.8786827 0.01400834 -0.474119 0.880302 0.01672458 -0.4715135 0.8816539 0.0190131 0.5210489 -0.8532775 0.02063071 0.5208632 -0.8533953 0.02044755 0.5216281 -0.8529102 0.02118003 0.5202041 -0.8538123 0.0198071 0.7297188 0.668741 0.1424645 0.6752083 0.5451047 0.4969453 0.5958336 0.5142242 0.6168921 0 0 1 9.90945e-6 0 1 -2.32895e-6 0 1 -0.1094105 -0.3631758 0.9252744 0.2315758 -0.2136309 0.9490704 -0.2723627 0.293775 0.9162505 0.06357097 0.04361158 0.997024 -0.64642 0.5110383 0.5665521 -0.6222335 0.4932882 0.6078587 -0.6248173 0.4952027 0.603637 -0.6495981 0.513361 0.5607876 -0.5198945 -0.8540797 0.01605308 -0.5234687 -0.851949 0.01278758 -0.5207771 -0.8535568 0.01522898 -0.5172647 -0.8556277 0.01840287 0.4767691 0.8788886 0.01568681 0.4729911 0.8809757 0.01269608 0.4784876 0.8779292 0.01702994 0.4819499 0.8759757 0.01977604 -0.1776424 -0.9804488 0.0846371 -0.8604064 -0.1967594 0.4700922 -0.07226872 -0.5156168 0.8537662 -0.8772251 0.06897431 0.4750987 -0.7775621 0.01614451 0.6285991 -0.09815275 -0.9906082 0.09519153 0.08188223 -0.1277827 0.9884164 -0.5913739 -0.1795759 0.7861485 -0.628938 -0.1162473 0.7687156 -0.7412397 -0.6292053 0.2338042 0.1524738 -0.8799598 0.4499139 0.2827277 -0.8814182 0.3783741 -0.04046827 -0.07825088 0.9961121 -0.1064492 -0.05649006 0.9927122 -0.9279096 0.1455466 0.3432203 -0.8094695 0.07483386 0.5823737 -0.5048129 0.0391252 0.8623417 -0.8914971 -0.1313852 0.4335561 -0.4009305 -0.1495134 0.9038255 -1.98172e-5 0 1 4.65854e-6 0 1 0.4833101 -0.8752747 0.01748776 0.4847984 -0.8744683 0.01660245 0.48153 -0.8762332 0.01855558 0.479941 -0.8770841 0.01950156 -0.5162866 0.8562661 0.01602232 -0.5153444 0.8568219 0.01663285 -0.5172643 0.855688 0.01535093 -0.51816 0.8551563 0.0147714 0.5924036 0.8009092 -0.08719265 0.7857235 0.570836 -0.2382959 0.8902387 0.4109381 -0.1964812 0.765927 0.6422653 0.02917581 0.4522888 0.8594403 0.2383214 0.3399581 0.9403098 0.01568704 0.3097683 0.9490813 -0.05734527 0.4503413 -0.8726356 -0.1889443 0.5071747 -0.8248838 -0.2496808 0.6456698 -0.7599651 0.07458955 0.8529014 -0.5176128 0.06808924 0.8159523 -0.5781188 9.15566e-4 0.9822902 -0.1347422 0.1301948 0.9807881 -0.1307737 0.1447514 0.6610356 -0.5110056 -0.5494592 -0.4237301 -0.7218123 0.5472112 -0.4830346 -0.8754563 0.01593124 -0.4840103 -0.8749054 0.01657211 -0.4819496 -0.8760667 0.01522874 -0.4810444 -0.8765739 0.01464921 0.5162866 0.8562661 0.01602232 0.5173228 0.8556533 0.01532036 0.5153217 0.8568348 0.01666361 0.5182186 0.8551218 0.0147103 2.3912e-6 0 1 -4.54302e-6 0 1 1.67267e-6 0 1 -2.72144e-7 0 1 -0.7709464 0.6314429 0.08319538 -0.8576434 0.5132982 -0.03119033 -0.8301109 0.5575171 0.009521842 0.2186086 -0.9256456 -0.3088537 0.3873211 0.5496841 -0.7401553 0.421533 0.5463266 -0.723766 0.3779231 0.55045 -0.744432 0.346455 0.5525823 -0.7580382 0.6896838 -0.2423566 -0.6823486 -2.85004e-6 0 1 2.06325e-6 0 1 6.63352e-7 0 1 -1.59177e-6 0 1 9.87387e-5 0.0673955 -0.9977263 0.002548336 0.06713581 -0.9977406 -0.009681165 0.07796913 -0.9969088 0.001071572 0.0868895 -0.9962174 -2.27694e-4 0.08879512 -0.9960499 -0.001575946 0.08730626 -0.9961802 0.01080375 0.07004129 -0.9974856 0.002471983 0.06732493 -0.9977281 0.06149643 0.1408161 -0.9881241 -8.86744e-4 0.08803325 -0.9961172 -0.002098441 0.08659493 -0.9962414 0.001568973 0.08755278 -0.9961587 0.1355637 0.1285444 -0.9823945 -0.001006543 0.08604496 -0.9962908 -0.09348815 0.1744202 -0.9802233 -0.003290355 0.08305025 -0.99654 0.01312541 0.1013407 -0.9947652 0.1288428 0.1589317 -0.9788464 0.01581317 0.0865221 -0.9961245 0.006873846 0.07591021 -0.997091 6.65416e-4 0.08659583 -0.9962434 2.88231e-4 0.08721721 -0.9961893 0 0.08716982 -0.9961935 -0.08273726 0.01107841 -0.9965099 -0.3894612 -0.2268525 0.8926691 0.1266542 0.6842073 -0.7182056 -0.8993589 0.4237537 -0.1076399 -0.7172597 0.5277361 -0.4550091 -0.6960333 0.3278126 -0.6388088 -0.003100931 0.08842909 -0.9960777 0.6507354 -0.7233716 -0.2308185 0.163428 -0.3943026 -0.9043322 -0.2926226 -0.5555191 -0.7783127 -0.4199128 -0.1269901 -0.8986361 0.9675925 0.1902895 -0.1659959 0.7632766 0.5829712 -0.2784845 0.9864902 -0.1023601 -0.1279043 0.8060484 -0.5766339 -0.1333393 0.313645 0.5721725 -0.7577899 0.3603076 0.04925769 -0.9315322 -0.6320845 0.7707945 -0.07965523 -0.7714942 0.6361722 -0.00903362 -0.7873558 -0.5972844 -0.1527163 -0.8845403 0.4563853 -0.09644091 -0.3469056 0.9378079 0.01315349 -0.9918078 -0.1103568 -0.06433409 -0.1487804 0.9876274 -0.04956293 -0.9639336 0.2526102 -0.08378708 0.2657335 0.6771367 -0.686201 0.03247261 0.5643336 -0.824908 -0.5536451 0.8184584 -0.1536326 -0.1690441 0.6587504 -0.7331249 0.1736558 0.5795038 -0.7962532 -0.01858532 0.2643858 -0.964238 -0.2330737 -0.7641655 -0.6014382 -0.1312329 -0.7068569 -0.6950765 -0.02765077 -0.6346562 -0.7722998 -0.3060151 -0.6165165 -0.7254392 -0.8345727 -0.5299015 -0.1506417 -0.02954238 -0.3630847 -0.9312878 0.2672564 0.6086439 -0.7470788 -0.9219194 -0.3483444 0.1694722 0.1986491 0.5449195 -0.8146172 0.4439249 -0.1655028 -0.8806473 -0.2990939 0.3576919 -0.8846465 0.4647737 0.1328491 -0.8754066 0.3639724 -0.6793277 -0.6372112 0.2004184 -0.5215396 -0.8293546 -0.05868822 -0.3936049 -0.9174045 -0.2624063 -0.3963868 -0.8797844 0.4167161 -0.4463202 -0.7919254 0.1104805 -0.04291039 -0.9929515 0.2596568 0.08926844 -0.9615663 0.00903356 -0.2489114 -0.9684842 0.04010254 0.149118 -0.9880059 -0.6237574 -0.0255267 -0.7812011 0.3964803 0.837977 -0.3749639 0.515433 0.8070711 -0.288037 0.8303077 -0.4365783 -0.3463939 0.7353357 -0.5171827 -0.4379541 0.4104508 0.6118766 -0.6761192 0.2420775 0.6356519 -0.7330384 0.5604586 -0.3565278 -0.7475121 0.6799639 -0.4178054 -0.6025676 0.3558852 0.2953045 -0.8866459 0.3838719 -0.858203 0.3407786 0.8108599 -0.491814 0.3172147 0.541382 0.201519 -0.8162694 0.3096739 -0.3415965 -0.8873634 0.1110885 -0.1539064 -0.9818208 0.1803394 -0.719191 -0.6710008 0.1097468 0.9762764 -0.1866549 0.1398977 0.734036 -0.6645449 0.3528292 -0.8285276 0.434803 0.7082728 -0.5785942 -0.4044482 0.3378152 -0.4424039 -0.8307586 0.05404853 0.995183 -0.08178997 0.3771239 0.1358097 -0.9161514 0.4009622 0.04223865 -0.9151204 0.3776438 0.04318457 -0.9249435 0.5056986 -0.8624954 -0.01925742 -0.08462977 0.3724565 -0.9241829 0.4493981 -0.804705 -0.3879321 0.8723552 -0.03564614 -0.4875715 0.9462956 -0.01913523 -0.322736 0.3080266 -0.1071822 -0.945321 0.3638769 -0.004303157 -0.9314371 0.6345979 -0.728782 -0.2572208 0.3550885 -0.4686497 -0.8088755 0.1932469 0.08209633 -0.9777095 0.3659878 -0.5200189 -0.7717729 0.4740269 -0.2370134 0.8480113 0.1649262 0.308306 -0.9368815 0.2784879 -0.2946936 -0.9141117 0.08000189 0.02750957 -0.996415 -0.07428395 -0.1639497 -0.9836679 -0.02304208 0.01815897 -0.9995697 0.05301195 -0.5691235 -0.8205414 -0.001681983 0.08333325 -0.9965204 0.06961458 0.08737683 -0.99374 -0.2438098 0.1413239 -0.9594709 0.007507622 0.04113936 -0.9991253 0.3791996 0.02787107 -0.9248951 2.74674e-4 0.06399893 -0.99795 2.74668e-4 0.08825987 -0.9960975 -0.00338757 0.03930842 -0.9992215 0.02127146 0.1098672 -0.9937186 -0.01300126 0.1441434 -0.9894714 0.01989823 0.06399792 -0.9977517 -0.01391661 0.06115996 -0.9980311 -0.01181095 0.09485429 -0.9954212 -0.03058034 0.07355159 -0.9968225 -0.01132243 0.07831108 -0.9968647 0.005188107 0.08636766 -0.9962499 0.06326591 0.06470036 -0.9958972 0.01629722 0.08511799 -0.9962377 0.09256553 0.1608071 -0.9826356 0.2876121 -0.01687705 -0.9575983 0.02786386 0.03961366 -0.9988266 0.02848345 0.09828686 -0.9947504 -0.08435577 0.165629 -0.9825738 -0.006164789 0.09711134 -0.9952545 -7.01942e-4 0.08804786 -0.9961161 0.003631711 0.07696902 -0.9970269 0.002652823 0.08933246 -0.9959984 0.02301144 0.07944142 -0.996574 -0.007905244 0.09544557 -0.9954034 0.02932882 0.07123154 -0.9970285 0.03247201 -0.03256356 -0.9989421 0.5231003 -0.7580987 0.3894259 0.405629 0.1394721 -0.9033342</float_array>
          <technique_common>
            <accessor source="#shape1_001-mesh-normals-array" count="875" stride="3">
              <param name="X" type="float"/>
              <param name="Y" type="float"/>
              <param name="Z" type="float"/>
            </accessor>
          </technique_common>
        </source>
        <vertices id="shape1_001-mesh-vertices">
          <input semantic="POSITION" source="#shape1_001-mesh-positions"/>
        </vertices>
        <lines count="1750">
          <input semantic="VERTEX" source="#shape1_001-mesh-vertices" offset="0"/>
          <p>2223 60 282 3745 2275 2269 3085 3525 4531 1604 2331 723 3337 2707 2368 798 2931 166 3416 1846 3429 518 2496 2491 1462 1035 1697 3362 4162 4052 2533 2129 1468 1054 218 212 2561 2420 4181 1053 4204 107 3532 1486 340 329 344 288 2665 1867 1452 123 4294 379 3653 731 4300 1029 2829 610 4318 4275 636 389 1829 2019 3833 304 4425 3552 3852 656 3881 946 2003 1816 757 3090 266 1436 2125 2122 3188 866 2967 1560 2159 1922 1171 1162 2167 1654 2169 936 1187 1188 3987 56 831 686 1239 785 3251 3248 756 929 74 3216 4026 3345 1864 3040 2409 4344 4117 2201 894 893 998 3422 4145 1756 2495 2158 2722 849 4176 667 4178 492 3503 298 2613 702 1683 1796 1289 1257 4049 2084 3565 633 4237 3914 1320 1319 3275 1492 3244 3160 1776 78 3662 2575 3214 1325 3700 3290 4328 2949 1911 1809 943 1244 4364 4357 3755 275 3767 1824 4404 693 3810 2759 2085 206 3845 3815 4012 1677 2521 354 3049 2782 4439 603 3070 3068 2243 1857 3902 134 3106 1267 2106 1117 3008 2633 2138 523 2143 1890 3213 3211 3991 995 4005 3454 4512 3494 4009 4007 2358 598 2396 194 4068 3584 3364 1691 2390 1666 3372 2377 3386 2646 1742 3192 2462 1774 3423 1279 116 114 4132 1610 3448 3444 4035 751 312 310 4197 1479 3522 2033 1449 1453 3072 2715 1366 1365 3576 1844 3240 1530 1665 1618 3631 2309 4274 1285 3654 3648 1749 1743 4310 1018 3688 3686 3692 2896 4347 1199 4350 3867 2351 159 654 649 2893 2892 2945 1837 3772 3396 4381 4366 1386 1383 957 952 3019 737 4429 4041 4435 2345 4446 1343 3075 2910 3094 2414 3028 809 3787 3678 2092 454 2890 402 1176 1175 3219 3153 3220 2678 2200 1142 1223 917 1619 2461 2260 2149 4423 4285 4034 4033 3315 3312 4039 1785 1367 583 3361 855 2437 1291 4091 618 2454 387 2459 81 1096 3328 1765 1759 4151 1882 4153 1047 772 775 3253 181 1082 1080 4188 2923 4196 1684 2629 219 2651 334 4210 1227 3550 1915 3554 3512 2676 743 3571 420 3574 1647 2692 2435 2549 842 2748 2593 2786 1719 2816 2814 1110 2102 684 679 3809 3707 1960 1959 4420 139 3826 439 3830 1447 3536 3335 3857 2998 4441 3325 3077 792 978 973 3098 467 4465 1074 3918 3784 3932 1315 1727 1642 3954 3861 2886 479 4447 1457 3970 1414 2184 1902 4061 79 3354 805 2367 799 2405 1763 4084 1274 3414 15 3426 2924 2226 2224 3270 3265 1287 1258 3298 3241 2484 2446 2090 2079 3549 3547 4219 851 1673 1671 4251 380 2514 2154 3229 480 2528 1678 4170 2431 4205 1473 3484 873 247 237 2672 771 444 2851 2598 1853 2621 2577 2636 724 3733 2004 4355 3053 3489 17 4369 4135 1241 2567 403 3309 3782 3669 1948 1895 3651 732 529 421 1553 1150 2832 1001 3699 2116 4326 980 1057 1051 3134 3027 4478 1648 3941 543 2104 838 3951 1003 1172 1163 4499 1137 804 961 850 709 2305 499 3872 3282 2037 1845 4506 317 3383 1903 3405 3377 2452 455 1451 1448 2227 619 3264 996 4018 3203 4524 3513 3020 878 4036 3130 1338 880 3537 3336 337 335 3698 611 2726 22 450 445 4259 4258 3620 3617 2193 600 2756 1268 433 403 1444 115 3453 1209 2532 1733 3460 299 4069 1863 3491 1698 2897 2093 4361 2647 1910 1810 4373 250 2947 2876 3776 3756 4386 1817 4394 94 2993 230 4286 493 3133 1095 3696 584 374 2382 634 629 3726 3104 1061 1060 3132 260 3947 3249 211 4291 4494 4492 3818 2288 3827 3642 2237 2229 3487 2868 2013 2010 3097 758 4463 1573 2361 125 2374 2373 3371 2123 4072 843 4103 3713 1443 1442 4147 1611 2264 1081 2340 2302 4050 3278 1371 558 639 644 3556 2034 3558 2047 362 226 3577 3518 409 407 2746 108 2747 2658 2537 1467 3483 2219 3083 97 1876 1803 2902 2499 2911 764 4383 3768 3793 2739 1428 1423 1755 1752 2785 2712 4298 3467 3639 673 2828 2283 3691 427 2840 2098 3710 68 3720 3679 3917 176 2055 305 1071 1067 2078 2072 4486 3779 3190 577 2176 2175 3218 25 926 752 3051 738 3886 1452 2020 1830 3102 810 2044 2023 4054 322 4065 1228 4102 147 1421 1092 1284 1286 1226 1222 3998 3996 2299 2265 4418 135 3308 2321 3318 1212 1578 1577 3499 1883 1659 1594 3602 1916 4255 1075 1695 252 3625 1916 4157 4095 1506 1429 4171 3081 3913 650 2625 1359 2626 2103 3519 1838 4351 207 3746 2813 4371 4183 4161 1582 944 793 3373 2393 474 473 1933 1945 2970 2914 2997 2202 3675 3674 2817 2815 1905 2958 1826 1825 3694 833 2842 244 3701 368 1515 1316 3722 1337 1091 1302 3145 3141 3159 2716 3956 1688 1139 591 4498 4131 3223 2555 3837 460 1046 1088 3873 1599 3073 3024 3876 2259 962 947 3900 190 3111 3059 3392 154 3451 975 174 171 3457 2765 4160 3997 2545 919 1491 1494 4174 311 2394 1770 4177 2284 1024 1019 3191 2991 3492 3333 3493 323 2595 408 3505 2137 2615 696 4195 109 3513 2547 4410 2203 3659 1164 4238 1219 358 356 3560 3559 4226 381 2686 1679 2689 787 2691 930 3604 680 2719 2271 3607 3605 3613 1798 1694 1692 485 369 1508 1498 3262 578 3295 3161 1478 95 3347 2885 1378 948 1387 1238 2385 2383 2163 2162 4078 2617 1402 1399 4096 3210 341 330 2627 839 4119 2197 2473 2099 3004 930 2565 941 4438 2524 3862 819 3526 1008 3065 3064 3949 1818 977 967 3890 3204 3087 1026 1329 1522 2036 2035 3910 3909 3915 294 1070 1068 447 451 3933 481 3935 2332 3158 1201 3181 1397 4436 605 3966 3965 1179 867 1658 111 3221 2578 3976 494 3226 1296 2776 881 515 514 2788 2717 2363 1869 2819 1627 3687 2585 4323 653 2195 585 3711 3626 1918 1917 2485 856 2869 2248 3728 1474 3730 2798 675 674 3761 2530 3764 806 3770 2016 4378 4330 2964 128 4013 2254 4408 688 2992 2057 821 635 3151 3149 2515 989 3452 1612 178 177 1501 530 3349 1213 2315 1751 958 963 3469 98 4082 997 3481 2352 3495 981 879 1195 2591 1872 4190 196 2822 1360 1480 2266 2634 862 3541 791 4159 1585 2659 2366 2671 913 1617 1481 2700 2697 4239 1454 1646 1600 2655 55 4073 1744 4107 2463 2854 2011 1464 104 4464 1076 1713 1554 4269 3069 4272 186 2199 592 3243 3155 2215 1395 4514 318 1271 811 4405 694 39 37 1344 1213 1350 1251 4045 2094 1376 1233 4472 3346 2417 620 2418 349 3409 276 1263 1415 1420 1275 903 759 3413 3393 4136 4057 4139 4137 4417 3036 3041 3005 3854 1731 3874 1649 3078 1488 3527 1048 3006 1721 1972 1965 2059 213 3129 2925 3934 3794 3704 717 3167 2230 3948 3250 3182 2408 3921 1831 4491 261 3958 343 3195 52 3960 3378 1160 1158 4278 1013 4284 208 4295 220 2794 129 3277 3266 4302 668 2809 874 4305 3614 3137 267 4314 375 572 416 1856 26 3144 1410 3725 3724 2879 565 2959 2504 2006 2005 1908 1811 2909 794 4365 3417 3765 808 2938 1643 953 1259 2236 1131 3785 161 720 725 2971 1144 1118 1119 2287 2080 1592 1591 4220 907 2687 2684 428 423 4244 1252 2734 1750 2743 1152 3622 2464 2752 2346 4194 110 2620 2618 2628 1111 3356 3031 2395 2171 4083 1276 3408 3283 4122 1495 2207 569 3257 800 23 19 1318 1145 4189 382 3329 828 1036 1031 4470 1791 2071 2061 1084 1083 1149 711 1456 1450 602 593 4407 1138 3009 2272 3841 482 3433 3319 1984 1978 4214 105 3865 209 4458 4430 2040 1847 689 695 2900 2804 3753 167 2922 2921 1935 83 2934 1306 1781 1779 3671 2476 3684 1985 1822 1819 2850 452 2042 2017 2860 1670 1556 1361 3569 2889 4225 197 2701 306 3592 1020 4243 495 1669 1668 3198 2525 1786 73 4148 1475 1470 1469 468 2940 2520 324 253 246 1547 1338 3358 868 546 3665 4087 606 2423 760 3391 1328 402 438 2457 1771 1427 547 2803 1184 1235 1234 3252 277 2242 1644 3274 1595 2282 2277 4027 1062 3117 976 3142 1411 3938 2438 1115 1105 3963 2872 3979 2703 490 376 887 746 3875 162 2029 2030 242 254 2170 788 2952 2548 2953 2906 4384 1173 4388 4281 772 773 4396 4112 4412 817 4216 1685 3647 726 4296 4021 3666 1613 2821 2479 2831 2231 2834 2766 4336 367 4316 1038 3567 1575 2688 931 1663 1620 501 500 2065 1232 3449 155 183 182 2606 1354 1103 1304 4062 2458 4071 2132 2407 599 4090 613 1424 1282 3995 3993 3246 2152 4515 4311 3280 1693 3294 3232 3299 3088 3128 3126 1430 1281 3619 651 3178 2322 4484 1929 1135 1126 2404 1662 3017 882 3023 739 4433 1555 3055 3018 3321 888 3877 3247 3885 130 3889 3205 2025 1832 2656 1839 1907 1706 198 363 701 697 1951 1942 4403 3168 1738 1735 4290 201 2120 462 4313 1069 4332 4228 1870 53 1997 1812 3583 487 3355 807 3108 982 3596 575 2369 801 440 436 2758 2755 3440 3314 1485 1482 3680 1628 2616 845 3474 3472 1753 1680 410 2416 3508 3462 2360 2357 775 2926 4076 1049 3379 1739 4085 3971 2566 2562 4100 1311 4126 3014 1440 1288 1352 1229 4146 65 3230 2500 1240 942 2225 315 4510 586 3263 812 4523 822 2493 3030 4527 4106 2313 718 2326 2324 2334 2105 4044 2095 2222 1754 4471 1873 2068 2066 2262 1292 4493 1077 4497 2051 1975 1970 90 1025 3043 579 3879 172 3882 3272 3892 173 1720 1827 2883 990 390 388 707 704 3611 3258 3790 1165 2972 2915 3635 2012 2778 2773 2009 3601 4287 262 3672 1055 552 544 4349 3717 3637 2480 2795 1681 541 536 3650 2640 2387 2177 2833 2761 3714 1050 4338 1032 2862 1783 3644 263 3754 904 4448 2965 4402 4399 3807 1784 3496 3446 3848 168 2826 2780 3880 3255 3887 3580 3082 99 2041 1996 643 627 3217 12 1207 908 2196 846 4504 4495 2939 240 4511 4215 4010 290 2261 1483 3284 106 4030 1235 3317 2927 2327 2190 2398 255 2430 1801 3407 3339 3952 3071 2536 1766 4168 3259 1520 527 3950 2750 2572 301 2589 2347 2612 698 4211 1946 3564 1563 406 407 1510 1507 2708 2704 4240 4221 444 441 4252 1586 2732 2685 3627 2007 2812 2810 4306 1455 4309 3477 567 566 4320 1606 2839 2410 3716 2873 4341 1014 2865 2863 3731 137 2943 2941 4382 1820 2975 852 4421 4419 3828 319 3022 2984 456 2139 2087 2086 3103 1270 3919 3906 3923 2022 1066 1063 3136 2389 3152 1833 1116 840 3957 2653 2168 1651 1317 1312 3990 3206 3237 2805 2208 457 2235 594 4516 4279 2263 1073 3285 999 2308 1230 1223 1215 1356 1355 3352 3350 1250 3386 2481 853 4109 2221 3412 1855 3236 869 3035 453 2541 7 225 222 2588 2587 4187 2325 4203 3747 1572 1569 910 1220 4232 4200 2706 1806 3442 3365 2723 2622 4248 364 117 2317 2737 307 4283 3432 2779 1339 621 485 2784 1166 4289 202 3310 539 3127 1764 3703 2799 4335 371 2928 774 2887 2375 657 652 4358 1044 708 587 3762 1635 4376 86 2241 1127 3778 273 3780 719 779 754 2976 2932 4401 3169 1964 1961 3010 2660 3835 3777 912 1225 3864 2419 1364 1362 3110 983 1030 823 3916 2505 2060 2052 2081 2074 4280 4312 3320 889 3395 3131 4129 1878 1512 2133 2478 2469 2594 1792 284 278 1587 2654 3289 2232 1773 118 2853 2774 623 351 1493 3670 642 641 2881 607 2882 991 4354 1707 685 682 1923 1638 4019 921 2228 316 3804 3273 2982 2186 4037 1848 4424 187 2350 2278 3032 1745 3042 2699 3855 857 4453 124 1009 1004 763 796 2077 2067 3929 1715 1089 829 2117 2111 3183 2916 576 2058 3186 3038 1183 876 2188 802 2206 2204 2089 215 2436 767 1790 1865 1775 2856 1295 776 3307 2323 4532 1021 2343 604 1369 554 3344 3342 4098 1133 3573 2526 1460 1459 1504 1422 2675 1686 2581 2574 3501 1601 2603 2244 3521 1840 4207 3268 1580 1579 3545 3215 3546 463 3548 1813 360 325 3562 3473 370 285 4223 4064 4233 483 1667 1614 3610 1425 892 747 2749 1723 2884 2718 4356 3086 4359 814 3748 782 4362 149 2913 615 3825 2082 4234 3926 3823 676 770 768 3799 2075 4293 216 4339 1011 3112 970 1041 1033 2109 2107 1114 1098 4526 1027 3652 2220 3369 3488 1202 884 3822 3695 4428 2470 940 789 3878 3256 3896 143 3092 1439 2191 1639 1304 836 4070 1140 2474 734 4086 1277 2426 777 4108 1936 1104 3327 3411 437 4125 2146 2477 2475 3431 2279 3982 2306 3986 508 4503 314 1301 1090 3297 830 4529 2966 2318 2172 2329 2328 2342 588 2344 2156 336 296 2649 1615 3542 326 4224 4222 3555 3509 3563 264 1621 2298 2741 13 2744 847 4268 3001 4271 384 3458 352 2535 1660 3832 302 3471 3095 3476 1597 2801 1496 677 671 3750 119 690 608 3763 988 703 2359 2968 2550 2990 2053 3638 3578 4267 4002 979 2257 1778 1777 1797 1793 2820 1807 2830 2233 4319 1015 582 581 2056 291 434 2793 4409 1413 3138 210 3959 531 2216 870 3007 1834 2903 545 3853 1730 3999 1458 2337 2335 2032 2031 2043 1841 431 411 3209 1499 4120 1146 2468 1489 1290 1254 2492 2214 1567 1761 2234 595 2483 3984 3301 184 4031 915 3394 748 3955 3360 4047 4040 3538 87 3540 2563 4254 4253 3575 2527 405 297 2709 2498 4185 1656 3351 897 2745 2411 1598 1653 2861 2857 2553 706 2576 2427 2611 2194 3736 1849 4400 3170 4303 3871 3655 1607 4297 1221 3891 1682 4342 1022 3135 92 4489 3609 2088 192 3978 248 914 755 1714 1557 3109 984 4059 2806 3367 2126 3401 3399 3568 100 4502 1264 4520 76 4525 2026 3291 3233 2365 1406 2338 1121 4048 2091 2682 1652 391 203 4292 377 476 394 1705 234 4266 3366 4270 227 2509 2434 164 163 2519 464 4163 4154 1704 3478 259 256 280 279 2609 2608 664 661 665 484 2907 2205 2946 1724 3773 1542 2986 70 3814 3709 1185 1193 3649 2238 2796 132 2846 2506 4345 3911 2870 2735 4467 2050 2556 3115 4477 1078 1209 1208 3227 2062 1973 1879 3836 3786 3961 1674 905 169 3860 713 3056 2775 3899 1602 1010 1005 3105 2757 1310 2933 2694 1128 2392 2289 3376 3343 2424 1500 2455 2453 3231 2217 3260 1570 933 928 4530 138 3551 2695 3581 3539 2733 1746 3610 2680 461 458 3633 3603 3439 2181 2508 470 189 188 1524 542 3281 2018 4449 1538 3520 3515 3922 3375 3015 2977 3029 803 3034 2955 513 2425 3039 1741 3849 170 3045 1368 4440 3944 4053 3470 3866 365 3883 3594 1925 2402 2963 465 4460 217 3107 985 1039 1034 2452 3838 3121 971 3124 2073 4473 625 3162 1102 2115 841 3946 534 4485 333 4488 2069 1143 848 3196 1248 3208 837 4099 2239 638 2501 4445 1342 3643 3640 2787 2592 3026 2391 4143 923 3661 2428 1800 71 4308 1023 4315 385 1650 1747 2838 2673 3702 3302 3708 3705 4337 1191 3721 339 3729 1497 2894 112 2898 2895 3749 932 1549 1521 2917 2157 715 616 4017 1608 3419 3316 3796 2641 1123 1122 2985 1794 2131 2127 4413 3863 4414 815 4152 1581 2507 2173 2511 2510 1375 1243 2529 1603 4166 1300 2551 700 2564 790 4179 75 2573 778 4182 4075 1541 1539 2607 61 2936 1571 3516 3510 2570 1351 4202 3816 2637 729 2638 2354 1568 1490 2666 1814 3570 505 4230 425 4236 1944 1637 1551 418 412 435 433 2725 859 2727 1893 4249 204 1125 2465 1298 1294 4264 372 3228 2054 2378 735 3992 1058 2210 120 1868 1802 2212 2209 4003 3586 3893 1255 4521 4507 3523 1842 1314 1313 3304 3146 1340 1186 3331 1862 1363 1324 4058 1548 3348 3322 2370 2364 4074 3529 4079 3693 3380 1675 4081 898 4094 3851 4101 1308 3630 2063 102 101 1423 1422 2471 2100 1438 265 3120 1265 2497 1757 4416 249 4261 1532 865 864 4426 4343 2931 180 3076 797 966 964 3884 127 3895 3021 1007 1006 2474 2218 4461 1389 3925 553 3937 3936 3157 2677 3507 3461 3172 596 3945 442 3184 2996 1159 854 509 1513 3967 526 3973 3806 2183 2182 3224 3116 1206 891 3185 2412 3330 1016 4299 3025 925 1237 3663 2681 4060 144 2811 286 257 497 2824 721 2835 133 4442 1588 3718 3677 2866 1623 3597 1953 3737 1045 1884 1880 681 672 4415 1261 4144 3482 3751 3715 2336 1147 2944 2108 1768 1767 2590 3324 4389 1028 3792 345 4395 1477 4397 1709 3797 36 4133 2800 3668 2516 3437 2558 2285 2280 2513 2160 4321 2614 3479 1558 2552 601 3486 2252 4184 1593 2596 309 2599 1850 4192 1657 2189 223 2645 2624 2631 1835 4067 1331 1566 1484 331 327 3543 2544 2652 2650 4191 3912 2657 1789 2130 1141 357 353 630 626 2674 1799 2000 2667 2693 1134 886 741 2711 762 1815 1725 434 429 1734 1736 628 637 1700 88 477 471 4263 199 3623 1616 3624 1717 1224 1216 2211 1445 4509 2912 4004 3824 1465 1461 4519 2858 4518 691 3825 404 4020 1231 3288 2113 3593 4443 3296 3066 2891 2880 3359 871 3381 1085 1272 993 3385 2929 152 150 3400 175 2439 1059 3406 2339 2447 2444 4116 235 2460 1664 3420 1129 624 631 3119 972 1087 1086 2624 145 3154 1204 1927 1921 939 786 3840 535 3046 228 3858 1161 4444 3774 1434 1256 2015 1823 3093 3091 2039 2038 4353 1192 4377 3443 1476 1472 3788 2768 3795 1382 3805 3706 2983 2969 2995 2720 1787 1780 3683 3534 2827 2781 4324 2948 1860 1851 1357 1358 2662 1380 1205 899 2518 2083 4229 646 1821 3634 3590 3589 1661 1576 1502 1509 2754 2348 3456 1210 4164 4155 1516 1148 3511 1836 1562 1435 2353 730 2388 2386 2451 617 3427 2930 3430 2281 1218 1214 4001 432 766 2371 1109 2467 2142 1881 4522 1017 4025 742 2320 2174 1463 89 1099 274 3156 3074 3942 3067 687 597 3572 2064 1093 994 2187 2148 4422 366 3869 373 895 750 3063 3044 1236 3817 3738 1332 3743 321 3757 3353 2935 1079 3791 3459 2901 736 3808 1732 820 632 825 648 3733 3732 1760 1758 1271 1266 3682 1941 2825 987 3394 885 2710 781 1702 1624 2987 287 4348 1198 4213 4193 3084 1042 2696 1914 3599 3579 3608 678 4260 4024 3621 2635 2522 2445 937 784 2888 419 3531 3530 2738 303 4134 141 2432 2429 4105 4104 4138 472 3234 1180 2304 2300 3300 640 4038 3734 1347 1217 3326 1094 3338 1828 1633 1559 2147 1889 1190 872 3013 959 1981 1980 3047 2859 3061 3057 4505 258 3888 916 2604 2602 524 426 666 478 1894 1808 1906 1710 2415 2413 1703 1636 3766 3641 2961 2502 2994 443 4496 328 1740 1737 3646 2789 3656 1609 3719 1167 2837 2797 383 185 2764 313 2517 986 2543 2538 2560 1718 1537 1336 3528 3524 4055 2808 4066 3927 2580 771 3390 1517 4097 2295 2433 1795 2472 2101 3424 2246 122 121 3242 965 1661 1762 875 2899 3311 430 3924 1843 1056 1052 2076 2070 2096 281 2110 1370 1156 3187 3215 2507 3820 2730 3850 1278 1690 3271 1012 1001 1211 911 3741 1169 3752 3464 2962 41 3802 271 251 1901 3645 386 538 506 4334 193 2852 96 4206 1446 2670 1999 2679 1280 3171 692 2531 1676 355 346 3466 491 1466 2542 3475 510 4175 663 3983 3931 2406 84 2450 1065 3096 2595 1097 1103 2494 2490 2213 1748 2908 945 2274 1174 2292 2290 4028 832 4043 3123 2540 2740 2740 4201</p>
        </lines>
        <triangles material="SWMaterial-1_001-material" count="794">
          <input semantic="VERTEX" source="#shape1_001-mesh-vertices" offset="0"/>
          <input semantic="NORMAL" source="#shape1_001-mesh-normals" offset="1"/>
          <p>3303 0 27 1 35 2 4 3 0 4 49 5 3 6 63 6 3598 6 14 7 49 5 27 1 14 7 4 3 49 5 8 8 1954 9 2705 10 2539 11 8 8 2705 10 35 2 14 7 3303 0 3189 12 6 13 10 14 2 15 9 16 1924 17 4 3 16 18 0 4 5 19 3189 12 51 20 28 21 2539 11 32 22 3500 23 18 24 8 8 3500 23 8 8 2539 11 34 25 6 13 3189 12 1 26 1938 27 1772 28 3254 29 3500 23 2539 11 4173 30 3189 12 5 19 35 2 4 3 14 7 28 21 3254 29 2539 11 24 31 1 26 10 14 24 31 1937 32 1 26 27 1 44 33 9 16 34 25 24 31 6 13 34 25 1943 34 24 31 30 35 16 18 21 36 33 37 18 24 3500 23 33 37 3500 23 28 21 21 36 4 3 35 2 33 37 28 21 32 22 20 38 3189 12 4173 30 33 37 32 22 1891 39 48 40 35 2 2 15 3905 41 21 36 35 2 20 38 1940 42 3189 12 46 43 30 35 21 36 46 43 21 36 3905 41 1 26 38 44 43 45 1 26 43 45 30 35 48 40 2642 46 45 47 47 48 18 24 42 49 1 26 1729 50 38 44 27 1 49 5 44 33 51 20 40 51 48 40 9 16 33 37 1891 39 9 16 47 48 42 49 51 20 1 26 40 51 50 52 48 40 45 47 44 33 47 48 9 16 9 16 42 49 33 37 10 14 1 26 51 20 3189 12 10 14 51 20 2 15 27 1 9 16 2 15 35 2 27 1 51 20 50 52 45 47 5 19 51 20 45 47 59 53 67 54 58 55 64 56 54 57 57 58 82 59 62 60 1952 61 64 56 1954 9 54 57 67 54 59 53 66 62 77 63 82 59 69 64 69 64 82 59 1952 61 72 65 67 54 66 62 72 65 66 62 80 66 80 66 82 59 72 65 57 58 77 63 69 64 54 57 77 63 57 58 82 59 80 66 62 60 4490 67 3535 67 85 67 1672 68 91 69 136 70 93 71 91 69 1672 68 93 71 4393 72 91 69 94 73 4393 72 93 71 93 71 1590 74 94 73 1590 74 93 71 1589 75 2836 76 1584 77 1587 78 2836 76 103 79 1584 77 4217 80 103 79 2836 76 4217 80 2554 81 103 79 1655 82 2554 81 4217 80 1655 82 113 83 2554 81 2316 84 113 83 1655 82 126 85 113 83 2316 84 131 86 126 85 2316 84 1672 68 126 85 131 86 1672 68 136 70 126 85 142 87 3657 87 3174 87 3388 88 3387 88 3445 88 229 89 200 90 4235 91 4235 91 200 90 205 92 195 93 191 94 2119 95 2119 95 191 94 4247 96 205 92 200 90 214 97 200 90 295 98 214 97 4247 96 221 99 2119 95 2119 95 221 99 224 100 224 100 221 99 229 89 214 97 295 98 3504 101 224 100 229 89 4235 91 2920 102 2918 103 231 104 2918 103 238 105 231 104 233 106 3587 106 232 106 4372 107 3403 107 4114 107 2736 108 3839 108 3846 108 4149 109 2937 110 2399 111 2397 112 2400 112 4150 112 239 113 245 114 2644 115 1859 116 239 113 1858 116 2644 115 245 114 4474 117 2937 110 4149 109 4475 118 2600 119 241 119 3943 119 2601 120 1861 120 4032 120 1696 121 4124 122 2144 123 3384 124 1696 121 2144 123 3363 125 2145 125 4111 125 2121 126 3370 126 2124 126 2250 127 2818 127 2247 127 3382 128 3533 128 3681 128 3176 129 2486 129 3173 129 1108 130 3847 131 3801 132 272 133 2683 134 2330 135 272 133 2330 135 3783 136 3811 137 165 138 3847 131 3595 139 272 133 3783 136 1108 130 3811 137 3847 131 3595 139 3783 136 165 138 3595 139 165 138 3811 137 3334 140 320 141 3122 142 320 141 283 143 3122 142 4093 144 3147 144 3125 144 4092 145 3148 146 2381 147 4092 145 2381 147 2384 148 300 149 2443 150 289 151 289 151 292 152 300 149 3504 101 295 98 348 153 2954 154 3504 101 348 153 292 152 308 155 300 149 2286 156 300 149 308 155 2286 156 308 155 2762 157 2443 150 2954 154 348 153 2286 156 2762 157 3334 140 3334 140 2763 158 320 141 2443 150 348 153 289 151 361 159 488 160 2136 161 3829 162 359 163 3870 164 293 165 3201 165 3834 165 350 166 489 166 361 166 3901 167 3612 168 4246 169 3868 170 4246 169 645 171 3606 172 378 173 4411 174 2372 175 655 176 3908 176 3465 177 396 177 398 178 496 179 400 179 398 178 401 180 397 181 2319 182 2312 183 401 180 2319 182 503 184 2161 185 392 185 2847 186 503 184 399 187 393 188 399 187 395 188 417 189 2956 189 4218 189 459 190 2956 191 417 192 422 193 417 192 2097 194 449 195 2956 195 459 195 422 193 2097 194 404 196 3502 197 2956 191 449 198 3972 199 3502 199 449 199 3245 200 3502 200 3972 200 424 201 3245 201 3972 201 3139 202 3245 203 424 204 3781 205 3139 205 424 205 2118 206 3139 206 3781 206 415 207 2118 207 3781 207 2310 208 2118 209 415 210 2989 211 2311 211 446 211 580 212 3434 213 466 214 466 214 469 215 580 212 4322 216 359 163 347 217 378 218 4301 218 2372 218 4156 219 4322 216 347 217 3870 164 4127 220 3829 162 4156 219 347 217 4282 221 3829 222 4127 222 342 222 4127 223 669 223 342 223 4156 219 4282 221 332 224 3200 225 338 226 3286 227 342 228 669 228 3468 228 3468 229 669 229 2874 229 3468 230 2874 230 3582 230 332 224 3744 231 2135 231 3286 227 338 226 486 232 338 226 3868 170 486 232 486 232 3868 170 645 171 4246 169 3612 168 645 171 2874 233 3606 172 4411 174 3582 234 2874 233 4411 174 378 173 3606 172 4301 235 489 236 488 160 361 159 3975 237 498 238 2981 239 2731 240 2841 240 1381 240 2841 241 498 241 1381 241 2841 242 2981 242 498 242 1299 243 4329 244 2731 245 1299 243 3975 237 3636 246 1299 243 3636 246 4329 244 3636 246 3975 237 2981 239 511 247 540 247 4459 247 512 248 1544 249 414 250 1544 249 3561 251 414 250 525 252 4398 253 448 254 3389 255 3238 255 3164 255 3723 256 537 257 3561 251 1326 258 517 259 516 260 3165 261 3561 251 1525 262 517 259 413 263 516 260 413 263 510 264 516 260 507 265 414 250 517 259 3685 266 2582 267 2584 268 522 269 512 248 414 250 1525 262 3561 251 533 270 3689 271 2582 267 3685 266 1544 249 3723 256 3561 251 525 252 448 254 3209 272 522 269 414 250 528 273 507 265 517 259 1326 258 3165 261 521 274 3561 251 4158 275 448 254 2294 276 4158 275 3209 272 448 254 532 277 521 274 3165 261 3398 278 521 274 532 277 528 273 414 250 507 265 537 257 533 270 3561 251 2294 276 448 254 2582 267 2296 279 2294 276 2582 267 2296 279 2582 267 3689 271 543 280 3843 281 3969 282 3969 282 2267 283 4333 284 1403 285 560 286 559 287 1403 285 559 287 1409 288 543 280 3969 282 3939 289 4198 290 3843 281 2179 291 1373 292 475 293 551 294 551 294 573 295 549 296 3140 297 4198 290 571 298 549 296 573 295 3099 299 549 296 3099 299 1400 300 564 301 1372 302 559 287 556 303 2268 304 525 252 1400 300 3099 299 561 305 562 306 3140 297 571 298 3690 307 559 287 561 305 3506 308 4140 308 1373 292 562 306 1409 288 3140 297 559 287 3140 297 1409 288 2268 304 4398 253 525 252 3843 281 2875 309 2877 310 564 301 559 287 560 286 2179 291 3843 281 3357 311 3140 297 3843 281 4198 290 1372 302 1400 300 561 305 1372 302 561 305 559 287 2875 309 3843 281 543 280 3969 282 3843 281 2267 283 551 294 475 293 573 295 3261 312 2942 312 3341 312 4437 313 2155 313 2198 313 2112 314 609 315 4231 316 609 315 2114 317 612 318 614 319 4089 320 589 321 4231 316 609 315 612 318 4231 316 612 318 3953 322 4029 323 3287 323 2546 323 2523 324 614 319 589 321 2523 324 589 321 590 325 659 326 3870 164 359 163 614 319 2523 324 4088 327 3033 328 2721 328 858 328 2356 329 1157 330 716 331 3697 332 712 332 3859 332 727 333 714 333 728 333 2579 334 3662 335 903 336 2422 337 900 337 2421 337 2713 338 934 338 761 338 2185 339 3101 340 769 341 2258 342 2185 339 769 341 4431 343 622 344 818 345 1040 346 622 344 4431 343 4479 347 622 344 1040 346 4370 348 4479 347 1040 346 1000 349 4476 350 4479 347 1000 349 4479 347 4370 348 4276 351 4476 350 1000 349 826 352 4476 350 4276 351 4317 353 824 353 4277 353 662 354 4227 355 1043 356 662 354 1043 356 3994 357 662 354 3994 357 3618 358 3618 358 3994 357 683 359 683 359 3994 357 660 360 660 360 816 361 658 361 826 352 827 362 670 363 670 363 827 362 1064 364 670 363 1064 364 647 365 647 365 1064 364 4046 366 647 365 4046 366 834 367 834 367 4046 366 4227 355 4227 355 4046 366 1043 356 4304 368 3514 368 2534 368 705 369 844 370 699 371 705 369 699 371 4375 372 4008 373 2448 373 4118 373 1157 330 733 374 716 331 2314 375 2623 375 2724 375 858 376 3856 376 3033 376 1177 377 2639 378 861 379 740 380 4023 381 745 382 2777 383 4023 381 740 380 901 384 2905 384 949 384 2807 385 902 385 3235 385 897 386 896 386 1419 386 780 387 903 336 3662 335 2714 388 722 388 2802 388 890 389 179 389 906 389 3480 390 3428 391 4142 392 2456 393 270 393 2349 393 920 394 922 394 160 394 4022 395 2441 396 2293 397 924 398 753 398 3928 398 2698 399 782 400 2690 401 2698 399 783 402 782 400 943 403 2568 404 1242 405 2568 404 943 403 795 406 2661 407 3011 407 2151 407 950 408 1245 409 2150 410 2150 410 765 411 950 408 3447 412 4481 412 3497 412 3180 413 4481 414 3447 415 3060 416 157 416 3632 416 3060 417 3179 417 157 417 2792 418 156 419 153 420 2792 418 3058 421 156 419 2791 422 151 423 4015 424 951 425 4014 426 2253 427 2790 428 2791 422 4015 424 2256 429 951 425 2253 427 3003 430 969 431 2255 432 3003 430 2255 432 2999 433 3002 434 3000 434 4379 434 4482 435 3306 435 3197 435 3498 436 1247 436 1249 436 956 437 955 437 954 437 4513 438 1260 438 4454 438 959 439 960 440 3968 441 959 439 3968 441 802 442 3012 443 959 439 802 442 968 444 3118 445 1265 446 3202 447 3800 447 3989 447 4508 448 3803 448 3207 448 813 449 3421 450 1279 451 4432 452 1037 452 1002 452 1092 453 1280 454 835 455 3340 456 3410 456 1100 456 2466 457 1120 458 1113 459 1112 460 1306 461 1307 462 2240 463 1132 464 4427 465 4406 466 4528 467 1136 468 1155 469 2449 469 3985 469 1154 470 2482 470 1151 470 1153 471 1323 472 2645 473 1153 471 2487 474 1323 472 3658 475 3177 475 3175 475 3676 476 1168 477 4374 478 4265 479 3789 480 146 481 3760 482 3789 480 4265 479 4368 483 3759 484 140 485 3739 486 3759 484 4368 483 3903 487 4367 488 3897 489 3903 487 3740 490 4367 488 4172 491 4517 492 1536 493 4172 491 1536 493 1540 494 853 495 4172 491 1540 494 1333 496 4385 496 1335 496 2270 497 710 497 2783 497 1170 498 1168 477 3676 476 861 379 2355 499 1177 377 853 495 1181 500 1178 501 853 495 1540 494 1181 500 1188 502 1182 503 4056 504 1189 505 877 506 1182 503 1189 505 1182 503 1188 502 1194 507 1196 507 1197 507 4241 508 1203 508 744 508 909 509 749 510 4033 511 909 509 4033 511 4469 512 3455 513 4006 513 4346 513 1346 514 1345 515 4250 516 3114 517 4142 392 3428 391 2571 518 3113 519 3048 520 2571 518 918 521 3113 519 4169 522 2569 522 3050 522 1348 523 2341 524 2488 525 2440 526 1348 523 2488 525 2441 396 2489 527 2293 397 3100 528 3544 528 3435 528 938 529 786 530 1391 531 935 532 938 529 1391 531 1409 288 935 532 1391 531 158 533 1393 533 3143 533 1353 534 3199 534 4165 534 4242 535 4167 535 1293 535 3813 536 1253 537 1412 538 2646 539 1253 537 3813 536 4327 540 1262 540 4455 540 3727 541 3968 441 968 444 3968 441 960 440 968 444 968 444 960 440 3118 445 4501 542 4325 543 1269 544 974 545 4501 542 1269 544 3727 541 974 545 1269 544 974 545 3727 541 968 444 3062 546 992 547 1273 548 3062 546 3812 549 992 547 1279 451 3664 550 1092 453 1279 451 1092 453 835 455 1279 451 835 455 813 449 3085 551 1462 551 4340 551 1299 243 2301 552 3975 237 3212 553 3225 553 2307 553 2291 554 1297 554 2303 554 1381 555 1299 243 2731 245 1381 555 1303 556 1299 243 1306 461 1112 460 1504 557 1428 558 835 455 1280 454 1106 559 1107 559 835 559 1097 560 1106 561 835 455 1101 562 1097 560 835 455 1504 557 1112 460 835 455 1102 563 1101 562 835 455 1428 558 1426 564 835 455 1426 564 1422 565 835 455 1422 565 2988 566 835 455 2988 567 1504 567 835 567 1120 458 1102 563 835 455 1113 459 1120 458 835 455 1124 568 1113 459 835 455 1112 460 1124 568 835 455 1511 569 2333 570 1309 571 1130 572 1511 569 1309 571 1136 468 4528 467 2128 573 2128 573 4528 467 2134 574 4121 575 2610 575 4077 575 2586 576 1323 472 2487 474 3898 577 1327 577 4456 577 4457 578 2769 578 3742 578 1330 579 3904 579 148 579 2273 580 2276 581 860 582 2276 581 863 583 860 582 2276 584 1334 584 4451 584 4517 492 4172 491 4451 585 4172 491 863 583 4451 585 2772 586 4517 586 4451 586 863 583 2276 581 4451 585 1195 587 3758 588 1200 589 883 590 1195 587 1200 589 1341 591 1523 592 1200 589 3758 588 1341 591 1200 589 3775 593 1202 593 3798 593 1546 594 1533 595 4480 596 1533 595 1345 515 1346 514 4480 596 1533 595 1346 514 1345 515 927 597 4250 516 4250 516 927 597 1223 598 1223 598 927 597 4063 599 2904 600 3981 600 1349 600 2664 601 562 306 571 298 1377 602 1373 292 1385 603 1374 604 1372 302 1379 605 2663 606 1246 607 1384 608 2663 606 1384 608 1390 609 2664 601 571 298 3305 610 1379 605 1372 302 564 301 1373 292 551 294 1388 611 1385 603 1373 292 1388 611 1374 604 1379 605 1394 612 1374 604 1394 612 1391 531 564 301 560 286 1396 613 1401 614 1392 615 927 597 1385 603 1388 611 1392 615 1394 612 1379 605 1396 613 1394 612 1396 613 1398 616 560 286 4462 617 1396 613 3118 445 960 440 1384 608 1388 611 549 296 1400 300 1345 515 1401 614 927 597 1398 616 1396 613 4123 618 1396 613 4462 617 1403 285 1396 613 1403 285 4123 618 4123 618 1403 285 1409 288 1398 616 1404 619 1407 620 1392 615 1388 611 927 597 1394 612 1398 616 1407 620 4123 618 1409 288 1404 619 2973 621 557 621 1405 621 1391 531 1394 612 1408 622 1388 611 1400 300 2974 623 1388 611 2974 623 1374 604 1407 620 1404 619 1408 622 1391 531 1408 622 1409 288 1388 611 1374 604 927 597 1404 619 1409 288 1408 622 2974 623 1372 302 1374 604 4199 624 4452 625 1283 626 4199 624 1283 626 548 627 3842 628 4180 629 1432 630 3842 628 2878 631 4180 629 543 280 2950 632 2875 309 2760 633 1416 633 3940 633 1417 634 2951 634 1418 634 3894 635 1437 635 550 635 4363 636 1437 636 3894 636 1441 635 4273 635 574 635 1441 637 1437 637 4363 637 1072 638 2619 638 1467 638 1431 639 3080 639 2424 639 1505 640 1503 640 1305 640 4130 641 4427 465 1132 464 2297 642 3930 643 4042 644 2297 642 4042 644 1514 645 1550 646 269 647 1321 648 1550 646 1321 648 519 649 3239 650 1322 651 1518 652 3239 650 1518 652 3163 653 2767 654 4245 654 1519 654 1545 655 1544 249 1200 589 1544 249 512 248 4186 656 1523 592 1545 655 1200 589 1200 589 1544 249 522 269 4262 657 1525 262 1526 658 502 659 1527 659 1528 659 4500 660 533 270 537 257 1525 262 4500 660 537 257 4141 661 1526 658 1529 662 1525 262 537 257 1526 658 522 269 528 273 1531 663 1326 258 516 260 4080 664 1200 589 522 269 1531 663 516 260 3629 665 4080 664 1546 594 1326 258 1533 595 2770 666 1536 493 2771 667 1526 658 537 257 1534 668 1529 662 1526 658 1536 493 1526 658 3292 669 3293 669 2771 667 1536 493 4517 492 1536 493 1526 658 1535 670 1531 663 507 265 1200 589 4450 671 3723 256 1545 655 1200 589 507 265 1326 258 1545 655 3723 256 1544 249 4307 672 1543 672 1523 592 1546 594 1200 589 1326 258 4051 635 1552 635 2583 635 4051 673 2512 673 1552 673 2823 674 2512 674 4051 674 504 635 3166 635 2823 635 1565 675 555 676 2178 677 1565 675 2178 677 268 678 3712 679 570 680 3844 681 3712 679 3844 681 1433 682 1574 683 3667 684 3222 685 3566 686 1574 683 3222 685 2654 687 1574 683 3566 686 2654 687 1471 688 1574 683 2654 687 1583 689 1471 688 1589 75 1487 690 1590 74 3324 691 1487 690 1589 75 1596 692 1487 690 3324 691 1605 693 1487 690 1596 692 4016 694 1487 690 1605 693 2648 695 4016 694 1605 693 2648 695 2376 696 4016 694 2648 695 3667 684 2376 696 3667 684 2648 695 3222 685 1622 697 3819 697 2867 697 2980 698 1626 698 2249 698 1629 699 1712 700 3450 701 1629 699 3450 701 1561 702 3974 703 520 704 1708 705 3974 703 1631 706 520 704 1645 707 3425 707 2843 707 1641 635 2605 635 568 635 1640 708 1645 708 2843 708 1640 709 2843 709 1564 709 2605 635 563 635 568 635 3660 635 1641 635 568 635 3425 635 563 635 2605 635 3660 635 2843 635 1641 635 1645 710 563 710 3425 710 1564 635 2843 635 3660 635 3267 711 3980 712 3276 713 2251 714 1625 714 3485 714 4288 715 1699 716 4257 717 4288 715 4257 717 3368 718 1701 719 3490 719 3821 719 3964 635 1632 635 1634 635 4434 635 3977 635 1634 635 3977 635 3964 635 1634 635 3397 720 2957 720 1711 720 3397 635 3831 635 2957 635 3397 721 1711 721 1630 721 2957 722 3831 722 2960 722 1711 635 3977 635 1630 635 2960 635 3831 635 1632 635 1630 723 3977 723 4434 723 3964 635 2960 635 1632 635 2559 724 3374 724 4000 724 4000 725 3374 725 1716 725 2559 726 4468 726 3374 726 2557 727 4468 727 2559 727 4110 728 4390 728 4391 728 2557 729 3089 729 4468 729 4000 730 1716 731 3016 732 2751 733 4110 733 4391 733 2632 734 3089 734 2557 734 2751 735 2978 735 4110 735 2668 736 4000 730 3016 732 4487 737 2978 737 2751 737 4487 738 3016 738 2978 738 2632 739 3436 739 3907 739 2630 740 2632 740 3907 740 2668 741 3016 741 4487 741 2630 742 3907 742 3600 742 4256 743 2630 743 3600 743 3517 744 4256 744 3600 744 4110 745 4380 745 4390 745 4390 746 4380 746 4387 746 2753 747 3127 747 2864 747 2362 748 2315 748 1782 748 1689 749 1788 749 1687 749 3276 713 3980 712 3279 750 1805 751 2728 751 2702 751 4392 752 1819 752 3628 752 2632 753 2557 753 3436 753 3194 754 1726 754 2380 754 1852 755 4208 755 2379 755 3193 756 2597 756 2192 756 1854 757 1926 757 2401 757 1728 758 1885 759 3332 760 4331 761 4209 761 2245 761 2641 762 2742 762 2643 762 2848 763 2849 763 26 763 1866 764 1769 765 18 24 3079 766 0 4 16 18 3079 766 16 18 30 35 3079 766 30 35 38 44 3079 766 38 44 1729 50 11 767 1769 765 47 48 1772 28 1729 50 1 26 8 8 1871 768 54 57 8 8 54 57 1954 9 44 33 1769 765 11 767 44 33 1875 769 1769 765 18 24 1769 765 1871 768 1874 770 1871 768 8 8 18 24 1871 768 1874 770 47 48 1769 765 1866 764 1875 769 44 33 0 4 3079 766 1875 769 0 4 1804 771 1892 771 3269 771 1885 759 1728 758 2141 772 1888 773 1885 759 2141 772 4011 774 4128 774 1887 774 2153 775 1886 775 1877 775 3962 776 29 776 2140 776 4115 777 4113 777 3404 777 2165 778 1912 779 2164 780 1995 781 2166 782 1994 783 1986 784 231 104 4352 784 3313 785 2166 782 1995 781 3771 786 2919 786 1896 786 3440 787 3438 787 2180 787 3402 788 3418 788 1904 788 3588 789 3054 789 3585 789 3052 790 1987 790 4360 790 3037 791 1991 791 1897 791 2871 792 2844 792 2845 792 3323 793 2503 793 1899 793 1928 794 1930 795 45 47 3616 796 1989 797 3673 798 4483 799 243 799 2403 799 1934 800 57 58 1976 801 66 62 1979 802 1931 803 1934 800 1976 801 1963 804 1938 27 58 55 1772 28 1939 805 1934 800 1963 804 1982 806 1955 807 66 62 2705 10 57 58 1934 800 1891 39 1963 804 1947 808 3591 809 24 31 1943 34 1933 810 1955 807 1982 806 1947 808 1952 61 1932 811 1949 812 1940 42 20 38 1950 813 31 814 1940 42 1954 9 4211 815 57 58 2729 816 2705 10 1939 805 4466 817 1937 32 24 31 1962 818 66 62 1955 807 1966 819 1950 813 1940 42 2729 816 1939 805 1963 804 1957 820 4211 815 1954 9 59 53 58 55 1938 27 2705 10 1954 9 57 58 3441 821 1968 822 1958 823 1967 824 1937 32 4466 817 1967 824 59 53 1937 32 1956 825 1958 823 1968 822 2442 826 24 31 3591 809 2442 826 1967 824 24 31 1971 827 1969 828 66 62 1900 829 1966 819 1949 812 2729 816 1963 804 1891 39 1971 827 66 62 1962 818 1971 827 1962 818 1956 825 1931 803 59 53 1967 824 1976 801 1952 61 1963 804 1931 803 1967 824 2442 826 1968 822 1977 830 1956 825 1900 829 1950 813 1966 819 3988 831 1974 832 1950 813 80 66 1969 828 1971 827 1932 811 1968 822 1898 833 1983 834 1950 813 1900 829 1982 806 1974 832 3988 831 1932 811 80 66 1971 827 1983 834 3988 831 1950 813 1932 811 1977 830 1968 822 1932 811 1971 827 1977 830 1900 829 1982 806 3988 831 1979 802 59 53 1931 803 57 58 69 64 1976 801 1933 810 1982 806 1900 829 1952 61 80 66 1932 811 1989 797 1988 835 236 836 1992 837 1913 837 3615 837 1993 838 3616 838 2046 838 1994 783 1990 839 1993 840 1995 781 1994 783 1993 840 1912 779 1909 841 2164 780 3920 842 3415 842 1998 842 2855 843 1891 39 1947 808 2045 844 3920 844 1998 844 2014 845 1891 39 2855 843 2669 846 2045 846 1998 846 1993 840 1932 811 1898 833 1919 847 1891 39 2014 845 2021 848 1919 847 2014 845 3150 849 1891 39 1919 847 2011 850 1932 811 1993 840 2011 850 1947 808 1932 811 1900 829 2001 851 2002 852 2024 853 1891 39 3150 849 2011 850 1993 840 3673 798 1949 812 2001 851 1900 829 9 16 2027 854 2028 855 9 16 2028 855 2029 856 2048 857 2029 856 3463 858 2047 859 2669 860 2001 851 2047 859 2045 861 2669 860 2008 862 2011 850 3673 798 2024 853 9 16 1891 39 2008 862 3673 798 1989 797 20 38 2001 851 1949 812 1722 863 2021 863 3769 863 4212 864 2029 856 2048 857 1924 17 9 16 2029 856 1924 17 2029 856 4212 864 2008 862 1989 797 236 836 2027 854 9 16 2024 853 20 38 2047 859 2001 851 2049 865 4212 864 2048 857 2002 852 2008 862 236 836 1930 795 3553 866 3557 867 1930 795 2049 865 3553 866 5 19 2047 859 20 38 45 47 3557 867 5 19 3415 868 1920 868 3735 868 45 47 1930 795 3557 867 2011 850 2855 843 1947 808 2014 845 3769 869 2021 848 3415 870 3735 870 1998 870 1722 871 3769 869 2979 872 1900 829 2002 852 236 836 2097 194 417 192 4218 873 3616 796 1988 835 1989 797 3673 798 2046 874 3616 796</p>
        </triangles>
      </mesh>
    </geometry>
    <geometry id="shape0_001-mesh" name="shape0.001">
      <mesh>
        <source id="shape0_001-mesh-positions">
          <float_array id="shape0_001-mesh-positions-array" count="9192">0.0140568 0.07288777 -0.04595005 0.01276224 0.07253599 -0.04735088 0.01134127 0.07156437 -0.04639881 0.002209722 0.07059401 -0.04685771 0.005117654 0.07102006 -0.04791492 0.002015948 0.07079833 -0.04813289 4.49685e-4 0.1592324 -0.01073175 0.008403241 0.1584929 -0.01098972 0.007544577 0.1583263 -0.01271969 0.009472131 0.1582261 -0.01125419 0.01423293 0.1566997 -0.01351857 0.01332968 0.1574683 -0.01158511 0.01819872 0.1553646 -0.01229929 0.01960796 0.1546719 -0.01268464 0.0241872 0.152185 -0.01361566 0.02583873 0.1508029 -0.01584059 0.02759957 0.1495398 -0.01479989 0.03062897 0.1468928 -0.01586997 0.03094625 0.1462591 -0.01751375 0.03567534 0.1413108 -0.01798504 0.03693938 0.1392968 -0.02034986 0.0379213 0.1380563 -0.01944184 0.03703707 0.1393375 -0.02037751 0.04001981 0.1340015 -0.02099055 0.04168677 0.1299917 -0.02260059 0.04294389 0.1258252 -0.02429747 0.0441032 0.1196437 -0.02682185 0.04349219 0.1233327 -0.02542001 0.04428339 0.1160498 -0.02835983 0.04417049 0.1069589 -0.03351044 0.0438748 0.108377 -0.03155958 0.04294919 0.1041248 -0.03453981 0.04024678 0.09652757 -0.03772586 0.04181766 0.1003597 -0.03606986 0.04175925 0.1000898 -0.03489995 0.04033839 0.09630924 -0.03625077 0.03804183 0.09210598 -0.03801929 0.03417229 0.08665716 -0.04026299 0.034289 0.08688676 -0.04148977 0.03046607 0.08264416 -0.04180163 0.02817893 0.08103936 -0.04408258 0.02338337 0.07702517 -0.04544842 0.02484065 0.07821881 -0.04378998 0.0199303 0.07541245 -0.04621744 0.02139276 0.07610678 -0.04463994 0.01624518 0.07375133 -0.04686987 0.04491692 0.1129873 0.06152635 0.04477638 0.1104807 0.06090974 0.02759444 0.08070671 0.06130343 0.01833188 0.07383805 0.06080174 0.01275086 0.07225894 0.06134063 -0.008527576 0.07121801 0.06134098 -0.01027309 0.07107645 0.06088197 -0.03968316 0.09368574 0.06090003 0.0437572 0.1045641 0.06151038 0.04305607 0.1018308 0.06090974 0.03741258 0.08989673 0.06090974 0.02522182 0.07765722 0.06086862 0.02058404 0.07579016 0.06133037 0.008600056 0.07105058 0.06134599 0.004336237 0.07024174 0.06135135 -0.004410088 0.07011377 0.06090974 -0.0126518 0.07238507 0.06133633 -0.01662266 0.07395106 0.06133145 -0.04477638 0.1104807 0.06090974 -0.02929311 0.08071875 0.06088984 -0.02934402 0.08100056 0.06071501 0.02989017 0.08137476 0.06090956 -0.03285259 0.08410978 0.06078988 -0.03495132 0.08658754 0.06085473 0.02286255 0.07611978 0.06088984 -0.03537786 0.08715975 0.06076002 0.02126568 0.07550489 0.06090188 -0.03788286 0.09056973 0.06078988 0.01396852 0.07213652 0.06081146 0.01033622 0.07111394 0.06090289 0.01102584 0.07143712 0.06074237 -0.04289931 0.1017015 0.06075036 -0.04171848 0.09797579 0.06078988 0.006317973 0.07033562 0.06082063 -0.04364717 0.1039958 0.06084996 -0.04412889 0.1061138 0.06090974 0.04481422 0.1136593 0.06059139 0.002060592 0.06997203 0.06081712 -0.04478353 0.1136428 0.06076627 0.04489666 0.1144486 0.06090658 -0.001872301 0.06992274 0.06088984 0.04406404 0.1066401 0.06071859 -0.006112754 0.0703206 0.06085431 -0.006154775 0.07033354 0.06090277 0.04417335 0.1063519 0.06087535 -0.00905919 0.07087939 0.06077724 0.04073649 0.09616708 0.06070286 -0.01618152 0.07296675 0.06077736 0.03757959 0.09017348 0.06086134 -0.01445889 0.072277 0.06088912 0.03995478 0.09418189 0.06083768 -0.0183981 0.0738421 0.06090313 -0.02198898 0.07549506 0.06037414 -0.02248769 0.07587879 0.06080991 -0.02043688 0.07583934 0.06132799 0.03638517 0.0887016 0.06071019 0.0354892 0.08719378 0.06078988 0.03418451 0.08567744 0.06145715 0.03349912 0.08512932 0.06072533 -0.02769523 0.1503776 -0.01409965 0.02948337 0.1489164 -0.01464182 -0.03786033 0.1392222 -0.01854491 -0.03537869 0.1427128 -0.0171492 -0.04014796 0.135259 -0.02018594 -0.04408133 0.1239368 -0.02469986 -0.01481992 0.1575137 -0.01149564 -0.04486721 0.1181488 -0.02707368 0.0147202 0.157423 -0.01123034 0.002454817 0.06242918 -0.04454064 -1.99098e-4 0.06120127 -0.04502683 -0.00183767 0.06164747 -0.0445826 0.001404285 0.06454336 -0.04316765 0.001421809 0.06324976 -0.04319 4.31474e-4 0.06288045 -0.04358637 -7.84514e-4 0.06253081 -0.04317986 -0.001379609 0.06315916 -0.043289 0.02611327 0.1515625 -0.01357984 -0.04419475 0.1234083 -0.02491217 0.03532707 0.1426728 -0.01719975 0.04000878 0.1355165 -0.02004158 0.04178625 0.1316196 -0.02160722 0.04318553 0.1275712 -0.02324014 -0.02948665 0.1489197 -0.01464521 -0.002141535 0.159861 -0.01024049 0.002141892 0.1598525 -0.01024907 0.01954299 0.1552492 0.06060028 0.01471793 0.1574158 0.06044977 -0.04479598 0.1191678 0.06044977 0.02249979 0.1538618 0.06044977 -0.04447358 0.1204445 0.06062006 0.02946865 0.1488987 0.06044977 0.0378564 0.1392198 0.06044977 -0.0389012 0.137122 0.06063061 0.03537219 0.1427078 0.06044977 0.03256779 0.1459438 0.06044977 0.03537225 0.1427078 0.06044977 -0.03999745 0.1355108 0.06044977 -0.04177719 0.1316145 0.06044977 -0.04177683 0.1316143 0.06044977 0.03997862 0.1350643 0.06049019 -0.0378564 0.1392198 0.06044977 0.03999745 0.1355108 0.06044977 -0.03537219 0.1427078 0.06044977 0.04418677 0.1234068 0.06044977 0.04418677 0.1234068 0.06044977 0.04479598 0.1191678 0.06044977 -0.02516853 0.1519865 0.06061339 -0.02249979 0.1538618 0.06044977 -0.02249979 0.1538618 0.06044977 -0.01869368 0.1558238 0.06044977 -0.01471787 0.1574158 0.06044977 -0.006404161 0.1594328 0.06044977 0.006404161 0.1594328 0.06044977 0.01095134 0.1581563 0.06033891 -0.04473131 0.1189922 0.0605244 -0.04404306 0.1231366 0.06081479 0.01471787 0.1574158 0.06044977 -0.04418677 0.1234068 0.06044977 -0.04183751 0.1310386 0.0608074 -0.04251509 0.1290507 0.06062591 0.02249979 0.1538618 0.06044977 -0.04134351 0.1320158 0.06069988 -0.04000973 0.1352757 0.0605427 -0.03746712 0.1394323 0.06049847 0.02706992 0.1506328 0.06060004 -0.03714501 0.1398631 0.06068849 -0.03881371 0.1372186 0.06055003 -0.03352093 0.144629 0.06062591 -0.03448551 0.1434437 0.06068599 0.03352093 0.144629 0.06062591 0.03535616 0.1424425 0.06072133 0.03428149 0.1434582 0.06039237 -0.03198099 0.1460367 0.06036132 0.03976869 0.1356562 0.06075567 0.03755515 0.1394126 0.06089454 -0.02946865 0.1488987 0.06044977 0.04177641 0.1316158 0.06044977 0.03982317 0.1354891 0.06072026 0.04296159 0.1270145 0.0603587 -0.02295625 0.1534116 0.06078368 0.04322499 0.1264728 0.06069988 0.04156446 0.1317392 0.06077849 -0.01896059 0.155467 0.06100839 0.04465419 0.1178178 0.06069988 -0.0174272 0.1561824 0.06062006 0.04471015 0.1181396 0.06061333 -0.008730232 0.1587808 0.06069988 -0.008994102 0.15879 0.06062591 -0.01060199 0.1583661 0.0610345 -0.001127123 0.1597074 0.06074368 5.79294e-4 0.1597254 0.06060409 -0.002141118 0.1598398 0.06044977 -0.03237724 0.1461307 0.06089723 -0.031717 0.1465267 0.06086099 0.03184133 0.1466702 0.06087112 -0.02766519 0.1503357 0.06074982 0.03483456 0.1433658 0.06084793 -0.0225315 0.153832 0.06089586 -0.01396906 0.1575057 0.06091302 -0.009861111 0.1587617 0.06076002 0.04154896 0.1323029 0.06080067 0.04364717 0.1257858 0.06084996 -0.005792438 0.1595066 0.06089609 -0.001922726 0.1598284 0.06090271 -0.04478704 0.1188784 0.06086856 0.04414165 0.1234255 0.06082522 -0.04500508 0.1151218 0.06087994 -0.002056539 0.1598089 0.06081694 0.04462963 0.1203617 0.06084656 0.001601815 0.1598516 0.06089574 0.0444988 0.1200933 0.0608223 0.006154656 0.1594469 0.06090277 0.04500597 0.1152858 0.06086999 0.006114304 0.1594589 0.06085461 -0.04417335 0.1234284 0.06087535 0.01450854 0.1576871 0.06048327 0.01004016 0.1586847 0.06075447 -0.04165136 0.1318257 0.06083369 0.01041305 0.1586521 0.06090283 0.0143941 0.1572697 0.06068974 0.01444274 0.1575109 0.06088221 -0.04073107 0.1336069 0.06070858 -0.04011166 0.1353248 0.06078994 0.01839864 0.1559382 0.06090313 -0.0386759 0.1375124 0.06072413 0.01933068 0.1555138 0.06080001 -0.03543913 0.1426257 0.06082463 0.02301317 0.1535215 0.0608468 0.02914232 0.1492018 0.06080991 -5.69311e-6 0.07003182 0.06135135 -0.02854335 0.1496707 0.06090974 -0.02437233 0.1526753 0.061845 -0.02058601 0.07579165 0.06133037 -0.01675313 0.1559268 0.0613349 -0.01839864 0.1559382 0.06090313 -0.02512329 0.07760137 0.06081467 -0.02854335 0.08010977 0.06090974 -0.008777737 0.1590188 0.06090974 -0.03181684 0.08307778 0.06090974 -0.003858506 0.1594247 0.06153142 -0.03741276 0.08989673 0.06090003 -0.04295146 0.1015673 0.06120663 -0.04156917 0.09767478 0.06090974 -0.04305607 0.1018308 0.06090974 -0.04472833 0.1102411 0.06118923 -0.04491692 0.1129873 0.06152635 -0.04491698 0.1167929 0.06152629 -0.04453676 0.1210309 0.06151878 -0.04102504 0.1332885 0.06148535 -0.04249078 0.1295968 0.06180006 -0.0390954 0.1370996 0.06148034 -0.04405367 0.1239217 0.06119745 -0.04072409 0.1338438 0.06199979 -0.04090046 0.1335688 0.06180006 -0.008179128 0.07072293 0.06199979 -0.008419215 0.07082092 0.06183338 -0.03885322 0.1373213 0.06189912 -0.01275086 0.07225894 0.06134063 -0.03472238 0.1434056 0.06180548 -0.01861459 0.07412469 0.06199979 -0.02599674 0.1513943 0.06199979 -0.01719856 0.1563718 0.06199979 -0.03159838 0.08288747 0.06126326 -0.03434151 0.08606231 0.06196999 -0.02802258 0.07978481 0.06199979 -0.01528316 0.157213 0.06186819 -0.03909552 0.09268158 0.06147652 -4.86696e-6 0.159767 0.06135195 -0.03969728 0.09412199 0.06189262 -0.04090046 0.09621179 0.06180006 -0.04353195 0.104331 0.06175243 -0.04481428 0.1148911 0.06199979 -0.04506653 0.1170334 0.0619955 -0.04400479 0.1233705 0.06199979 -0.04372727 0.1046152 0.06199979 -0.03983378 0.09435743 0.06199979 -0.03357875 0.1447058 0.06199979 0.006396174 0.1593438 0.06189632 0.01506096 0.1574397 0.06211048 0.04072409 0.1338438 0.06199979 0.04372727 0.1046152 0.06199979 0.02650254 0.07841253 0.06198441 0.01042675 0.07140153 0.06181025 0.01056945 0.0713405 0.06199979 0.03909552 0.0926817 0.06148028 0.04090046 0.09621179 0.06180006 0.03686571 0.08909404 0.06223487 0.006383597 0.1592481 0.06199979 0.004298329 0.1593577 0.06134611 0.0339815 0.08544576 0.06180006 0.0352292 0.0871917 0.06199979 0.03662639 0.08880877 0.06180006 0.008530855 0.1585755 0.0613411 0.0274049 0.0806424 0.06131583 0.02403169 0.07822132 0.06125819 0.02802258 0.07978481 0.06199979 0.01861459 0.07412469 0.06199979 0.02437233 0.1526753 0.061845 0.02741396 0.1491529 0.06132286 0.03357875 0.1447058 0.06199979 0.03159964 0.1468931 0.06126308 0.03472238 0.1434056 0.06180548 0.002137482 0.07013112 0.0619955 0.03722459 0.1401268 0.06123888 0.04169511 0.1315787 0.06189614 0.0441001 0.1233892 0.06189686 0.04295152 0.1282132 0.06120067 0.04490983 0.1148908 0.06189519 0.04450625 0.1084918 0.06180006 0.04249078 0.1001838 0.06180006 0.04165768 0.09861689 0.06181901 0.004410088 0.1596668 0.06090974 0.03072816 0.08357089 0.06131839 0.03159964 0.08288848 0.06126308 0.008777737 0.1590188 0.06090974 0.01264339 0.1573727 0.06133562 0.01662844 0.1558418 0.0613321 0.02043104 0.1539356 0.06132847 0.02239519 0.1539091 0.06089615 0.01662284 0.07395058 0.06133145 0.016761 0.07383036 0.06133568 0.02403712 0.1517013 0.06132543 0.008527576 0.07121801 0.06134098 0.02892518 0.1493682 0.06085115 0.03457599 0.1436497 0.06125074 0.03952085 0.1363511 0.06122136 0.04143476 0.1323706 0.06121665 0.04472839 0.1195405 0.06118923 0.04405361 0.1239217 0.06119745 0.04491305 0.1127508 0.06180006 0.04496866 0.115109 0.06118202 0.04369646 0.1042898 0.06180006 0.04102498 0.09649217 0.0614854 0.04477649 0.1193008 0.06090974 -0.0294795 0.1488794 0.06089633 -0.02583634 0.1517201 0.06090337 -0.004410088 0.1596668 0.06090974 0.0374118 0.1398857 0.06090974 -0.04375725 0.1252163 0.06151032 -0.04317802 0.1275796 0.06084108 -0.03680884 0.1407157 0.06146901 -0.03478175 0.1434317 0.06090974 -0.02499669 0.1523008 0.06090974 -0.0130667 0.1579447 0.06090974 -0.01033526 0.1586676 0.06090289 0.01306056 0.1579468 0.06090974 0.01721817 0.1564587 0.06090974 0.02487421 0.1523594 0.06082969 0.03478235 0.1434308 0.06090974 0.03968316 0.1360948 0.06090003 0.04305619 0.1279498 0.06090003 0.04412889 0.1236668 0.06090974 0.04392802 0.1237164 0.06080257 0.04253882 0.1289682 0.06072425 0.01665043 0.156551 0.06072795 0.04189562 0.1302339 0.06039434 0.02461642 0.1524366 0.06073135 -0.03875458 0.09251576 0.06069988 0.0375818 0.1396447 0.06085985 -0.03983414 0.09446924 0.06068646 0.02613836 0.1512534 0.06069099 -0.04046899 0.09553796 0.06069391 -0.01954162 0.07454609 0.06061339 0.02830272 0.1495948 0.06090956 -0.04189437 0.09955054 0.06039226 0.0319392 0.1463353 0.06083607 -0.0423749 0.1005058 0.06069988 -0.01581197 0.07295531 0.06075781 -0.04296201 0.1027671 0.06035906 -0.04401671 0.1078297 0.0603587 -0.04414045 0.106343 0.06082814 -0.008713841 0.07082086 0.0607236 -0.04472851 0.1125411 0.06069242 0.00766009 0.07093489 0.06039571 -0.04315096 0.1273439 0.06053268 -0.04325747 0.1273488 0.06078994 0.01079076 0.07129395 0.06053268 0.01881313 0.07410073 0.0605244 0.02032977 0.07498008 0.06069248 0.02262252 0.07598835 0.06082385 0.02516841 0.07779431 0.06061339 0.03021854 0.08177989 0.06083792 -0.02770274 0.1502119 0.06079769 -0.0260955 0.1512826 0.06066727 0.03423678 0.08627814 0.06039649 -0.02248579 0.1538708 0.06077003 0.03875458 0.09251576 0.06069988 -0.01520115 0.1570112 0.0610131 0.0416516 0.09795624 0.06083357 0.0431711 0.1020025 0.06083345 0.04401671 0.1078297 0.0603587 -0.005443513 0.159429 0.06065386 0.04447364 0.109337 0.06062006 0.004674315 0.1594394 0.0608536 0.04447358 0.1204445 0.06062006 0.0112468 0.1582803 0.06071662 -0.005293071 0.07031887 0.06082123 0.04499977 0.1148908 0.06044977 -0.002141118 0.06994175 0.06044977 0.04473131 0.1107882 0.0605244 -0.006404161 0.07034879 0.06044977 -0.008730232 0.07100075 0.06069988 -0.01079285 0.07128995 0.06052732 -0.01712507 0.07354676 0.06069988 0.04315102 0.1024377 0.06053268 0.04189437 0.09955054 0.06039226 0.04134351 0.09776574 0.06069988 -0.02032977 0.07498008 0.06069248 0.04177641 0.09816575 0.06044977 0.04000985 0.09450566 0.06054276 -0.02591836 0.07820302 0.0605244 0.0378564 0.09056174 0.06044977 0.03999739 0.09427076 0.06044977 -0.02817243 0.08033519 0.06035476 -0.03236246 0.08374297 0.06052726 0.03537219 0.08707374 0.06044977 -0.03429418 0.08632165 0.06040227 -0.03256779 0.08383679 0.06044977 0.03746217 0.09035313 0.06049257 -0.03454929 0.08637988 0.06063938 -0.03537219 0.08707374 0.06044977 0.03364473 0.08538478 0.06069988 -0.03766131 0.09043377 0.06053972 0.02724206 0.07938778 0.06069988 -0.03997468 0.09471809 0.06048655 -0.04251492 0.1007296 0.06062591 -0.04177641 0.09816575 0.06044977 0.02591836 0.07820302 0.0605244 0.01742708 0.07359814 0.06062006 -0.04418677 0.1063738 0.06044977 -0.04473131 0.1107882 0.0605244 -0.04436719 0.1090497 0.06069988 -0.04474997 0.1148908 0.06069988 0.002367138 0.07005119 0.06054443 0.002141118 0.06994175 0.06044977 -5.69096e-4 0.0700562 0.06060421 -0.02249979 0.07591974 0.06044977 0.04471015 0.1116419 0.06061339 -0.02946865 0.08088177 0.06044977 0.04479598 0.1106128 0.06044977 0.04317528 0.1022065 0.0604496 -0.03537219 0.08707374 0.06044977 0.04177641 0.09816575 0.06044977 0.0378564 0.09056174 0.06044977 0.03256779 0.08383679 0.06044977 0.02946859 0.08088177 0.06044977 -0.04418653 0.1063739 0.06044977 -0.043177 0.1022128 0.06044977 0.02249979 0.07591974 0.06044977 -0.04499977 0.1148908 0.06044977 -0.04499977 0.1148908 0.06044977 0.01471787 0.07236576 0.06044977 0.008994162 0.07099121 0.06062591 0.01869368 0.07395678 0.06044977 0.006404161 0.07034879 0.06044977 0.002141118 0.06994175 0.06044977 -0.01060909 0.07115876 0.06044977 -0.008994162 0.07099121 0.06062591 -0.01869362 0.07395678 0.06044977 -0.01471787 0.07236576 0.06044977 -0.0261026 0.07823479 0.06044977 -0.0378564 0.09056174 0.06044977 -0.03999739 0.09427076 0.06044977 -0.04177641 0.09816575 0.06044977 -0.01471787 0.07236576 0.06044977 -0.01869368 0.07395678 0.06044977 -0.04479598 0.1106128 0.06044977 0.006404161 0.07034879 0.06044977 -0.04418677 0.1234068 0.06044977 0.01060909 0.07115876 0.06044977 -0.04317706 0.1275688 0.06044977 0.0261026 0.07823479 0.06044977 -0.03537219 0.1427078 0.06044977 -0.03256779 0.1459438 0.06044977 0.02946865 0.08088177 0.06044977 -0.02946865 0.1488987 0.06044977 -0.0261026 0.1515468 0.06044977 -0.01471793 0.1574158 0.06044977 -0.01060909 0.1586217 0.06044977 0.04418677 0.1063738 0.06044977 0.04499977 0.1148908 0.06044977 -0.002141118 0.1598398 0.06044977 0.002141118 0.1598398 0.06044977 0.006404161 0.1594328 0.06044977 0.01060909 0.1586217 0.06044977 0.04317706 0.1275688 0.06044977 0.04177641 0.1316158 0.06044977 0.01869368 0.1558238 0.06044977 0.0378564 0.1392198 0.06044977 0.0261026 0.1515468 0.06044977 0.03810143 0.1370089 -0.02162599 -0.007040739 0.1585921 -0.01289939 -0.04272997 0.1046298 -0.03469973 -0.02024441 0.07595556 -0.04630708 -0.02508956 0.07874161 -0.04505312 -0.01947546 0.07545465 -0.04642897 -0.005399346 0.07136279 -0.04813987 0.002636671 0.07110875 -0.04823976 0.008161783 0.07179379 -0.04796004 0.03437608 0.08758378 -0.04158002 0.04193145 0.1017668 -0.03584975 -0.03668963 0.09052699 -0.04031604 -0.04024606 0.09679609 -0.03778374 -0.0369988 0.09074479 -0.04017686 -0.04073071 0.09785062 -0.03717213 -0.03951269 0.09523296 -0.03850758 -0.02469062 0.1514357 -0.0157867 -0.0203948 0.1539393 -0.01456451 -0.02440834 0.1518715 -0.01565796 -0.04190897 0.1012189 -0.03603464 -0.04207569 0.1016296 -0.03584158 0.004709005 0.07109552 -0.04818332 0.003280639 0.07101845 -0.0483821 -0.007726848 0.1570532 -0.01169914 3.47969e-4 0.07067888 -0.04835593 -0.04377609 0.109353 -0.03272342 -0.008107006 0.1583502 -0.01294344 -0.0178194 0.1552494 -0.01424598 -5.96144e-4 0.07080823 -0.04847735 -0.006834924 0.07119154 -0.04840493 -0.04389798 0.1116768 -0.03181648 -0.04399204 0.1143997 -0.03073334 -0.04417115 0.1158478 -0.03006982 -0.007826209 0.1586455 -0.01275128 -0.008678376 0.07180279 -0.04791986 -0.007335484 0.07122975 -0.04774981 -0.0437228 0.1196498 -0.02862977 -0.01299464 0.07278364 -0.04769045 -0.01216059 0.07247281 -0.04760992 -0.04352217 0.1218659 -0.02748233 -0.04358017 0.121936 -0.02763801 -0.04144012 0.1297695 -0.02452999 -0.04236751 0.1270127 -0.02560263 -0.01566749 0.07394564 -0.04708838 -0.01571959 0.07364279 -0.04710996 -0.02156656 0.07646334 -0.04579013 -0.01765429 0.07642209 -0.04591631 -0.02245843 0.07675731 -0.04568052 -0.01937693 0.07530015 -0.04647952 -0.04114449 0.1310198 -0.02396005 -0.03877741 0.1360182 -0.02196079 -0.03755676 0.137943 -0.02121132 -0.02585101 0.07900935 -0.0447793 -0.02588313 0.08042109 -0.04384416 -0.03507459 0.1416366 -0.01971447 -0.02952766 0.08229345 -0.04371786 -0.02910178 0.08152776 -0.04363977 -0.03477102 0.1422238 -0.01936531 -0.03235596 0.08488231 -0.04258304 -0.02938133 0.0818814 -0.04356443 -0.03457623 0.08732414 -0.04142123 -0.02980339 0.1473465 -0.01728576 -0.03109961 0.146171 -0.01774847 -0.0347656 0.08747977 -0.04124999 0.0291329 0.08164077 -0.04382985 0.03195232 0.08433079 -0.04265224 0.03495049 0.1417185 -0.01973056 0.03262609 0.08521652 -0.04239004 0.03675067 0.1394963 -0.02050894 0.02244687 0.0769813 -0.04582017 0.02303647 0.07676964 -0.04575473 0.03993296 0.1340658 -0.02279311 0.03890269 0.1357927 -0.02202278 0.02623486 0.0793398 -0.04477 0.0213052 0.07628792 -0.04581356 0.02122694 0.07645738 -0.04606425 -0.002174258 0.1588831 -0.01278024 0.04227221 0.1280268 -0.02502 0.01619184 0.07416546 -0.04700732 0.0417065 0.1289268 -0.02487993 0.04315108 0.1241959 -0.02675461 0.04328835 0.1239448 -0.02684003 0.003396511 0.1589565 -0.01267802 0.04330605 0.1239653 -0.02671521 0.04325985 0.1239883 -0.02682387 0.0163486 0.07384276 -0.04697996 1.87705e-6 0.1591567 -0.01257002 0.01251423 0.0726937 -0.04738831 0.04398989 0.1198538 -0.02823996 0.01019853 0.07183355 -0.04757529 0.04390221 0.1174398 -0.02951997 0.04413026 0.1164205 -0.02974766 0.005847156 0.1585817 -0.01289999 0.01208019 0.07272076 -0.04758989 0.04404437 0.112176 -0.03157424 0.04416805 0.1118808 -0.03143996 0.009800791 0.1578648 -0.01319003 0.01088017 0.1578007 -0.01300978 0.04365193 0.1075133 -0.03363502 0.04366993 0.1077868 -0.03321909 0.04367065 0.1098768 -0.03257983 0.04299151 0.1057758 -0.03422993 0.01828587 0.1551298 -0.01424211 0.01976579 0.1543231 -0.01459968 0.0184918 0.1551068 -0.01422995 0.0418536 0.1010282 -0.03608584 0.04032367 0.09702849 -0.03769654 0.02547407 0.1508613 -0.01600652 0.02301049 0.1525362 -0.01531183 0.04029059 0.0967108 -0.03779 0.03854465 0.09311175 -0.03896993 0.02815443 0.1487826 -0.01652383 0.03855764 0.09349775 -0.03911006 0.02181756 0.1533707 -0.01492834 0.03175187 0.1455152 -0.01807475 0.03659343 0.0898813 -0.04040372 0.03677862 0.0909028 -0.04023993 0.02878916 0.1485227 -0.01674979 0.03654855 0.0902493 -0.04043018 0.03250235 0.1446671 -0.01856333 0.0344299 0.08700376 -0.04156929 0.03450757 0.1426148 -0.01919001 -9.14992e-4 0.0651468 -0.04319 -0.00254321 0.1591168 -0.01082712 -0.001196265 0.07054096 -0.04671436 -0.003667116 0.07076978 -0.04793983 -0.007557511 0.07124781 -0.04661995 -0.01127731 0.07207781 -0.04742002 -0.01472562 0.07311779 -0.04585993 -0.0151323 0.0732848 -0.04695987 -0.0181564 0.07449078 -0.0452997 -0.02146607 0.07614678 -0.04462999 -0.02761119 0.08025676 -0.04295986 -0.0314933 0.0836398 -0.04138636 -0.03207749 0.08437675 -0.04246973 -0.03338658 0.08578276 -0.04071003 -0.03716856 0.09083777 -0.03986996 -0.03907608 0.09407877 -0.03856986 -0.04019838 0.09611952 -0.03632664 -0.0408504 0.09782379 -0.03706985 -0.0417813 0.1000018 -0.03475695 -0.04227548 0.1017448 -0.03549993 -0.04291015 0.1037308 -0.03325396 -0.04374235 0.1086289 -0.03290247 -0.04379069 0.1078644 -0.03156399 -0.04394567 0.1095338 -0.03235977 -0.04415231 0.1107432 -0.0304147 -0.04413992 0.1174858 -0.02931296 -0.04416304 0.1137489 -0.03078907 -0.04178202 0.1173712 -0.02838194 -0.04406148 0.1193729 -0.0270006 -0.04353934 0.1227347 -0.02714288 -0.03998851 0.134077 -0.02096682 -0.04056322 0.1325228 -0.02321022 -0.04173225 0.1297088 -0.02421993 -0.0387392 0.1363238 -0.02156984 -0.03685683 0.139605 -0.0202893 -0.03420072 0.1431539 -0.01734679 -0.03218966 0.1454232 -0.01798135 -0.02484762 0.1516259 -0.01560801 -0.02512264 0.1514048 -0.01380521 -0.02122128 0.1537747 -0.01306003 -0.01769828 0.1554107 -0.01220363 -0.008706986 0.1582561 -0.01285398 -0.007286131 0.1586976 -0.01090031 -0.004530787 0.1589578 -0.01093 -0.01869565 0.07395255 0.04284739 -0.02948147 0.08086639 0.03686106 0.02611619 0.07821458 0.0390827 0.02948868 0.08085769 0.03686767 -0.04418653 0.1063739 0.06044977 0.006405293 0.07032752 0.04640817 -0.03836107 0.1371742 -0.01968908 -0.03347468 0.08572876 -0.04046005 -0.03987091 0.1344491 -0.0206992 -0.0361219 0.1408978 -0.01804 -0.03581959 0.08883678 -0.03946977 -0.03829479 0.09250652 -0.03781622 -0.03556811 0.08815133 -0.03946131 -0.03427302 0.08586245 -0.04009056 -0.0371958 0.09060478 -0.03845006 -0.03860503 0.09207856 -0.03727483 -0.03185772 0.1459971 -0.01625967 -0.0384562 0.09269076 -0.03763991 0.004468321 0.07074308 -0.04667747 0.004538059 0.0706588 -0.04654002 -0.0274232 0.1498761 -0.01542681 -0.04035151 0.09633278 -0.03613996 9.89402e-4 0.07028579 -0.04659003 -0.04182839 0.099828 -0.03470414 -0.003859758 0.07038027 -0.04647582 -0.04320853 0.1032611 -0.03323411 -0.04415744 0.1068544 -0.03170698 -0.004571616 0.07073348 -0.04660725 -0.008018374 0.07100123 -0.04635298 -0.01775574 0.1555371 -0.01225131 -0.04428726 0.1104734 -0.03039705 -0.02064454 0.1539354 -0.01271742 -0.01198256 0.07209879 -0.04597979 -0.01387298 0.1569598 -0.01174992 -0.04440766 0.1162705 -0.02805238 -0.01086574 0.07160979 -0.04604613 -0.0444765 0.1151179 -0.02852249 -0.04451739 0.1175405 -0.02749538 -0.009252071 0.1586322 -0.01083844 -0.01681828 0.07384449 -0.04537695 -0.04398107 0.1223818 -0.02541333 -0.01813429 0.07377022 -0.04494768 -0.02024894 0.07520467 -0.04466146 -0.0430091 0.1254978 -0.02455002 -0.04176008 0.1297562 -0.0227378 -0.02458882 0.07793825 -0.04372906 -0.04211437 0.1289678 -0.02292001 -0.03055375 0.08276808 -0.04184556 -0.02849161 0.08061724 -0.0423718 -0.03171235 0.0837928 -0.04122996 0.03779006 0.09154075 -0.03809994 0.03211104 0.1455268 -0.01644861 0.03633034 0.08871376 -0.03916919 0.03598046 0.08905875 -0.03936994 0.03635174 0.1407724 -0.01817321 0.03799259 0.1380366 -0.0192427 0.03445774 0.08701527 -0.03981781 0.03949481 0.1361758 -0.01991242 0.03176772 0.0838117 -0.04123735 0.03053581 0.08236557 -0.04167526 -0.002361893 0.1596469 -0.01053607 0.04022657 0.1337999 -0.02089643 0.02767455 0.0801686 -0.04276961 0.04111045 0.1319564 -0.02183288 0.03040432 0.08223366 -0.04177355 0.0236172 0.07705676 -0.04408824 0.004238367 0.1591029 -0.01048552 6.06152e-4 0.1592674 -0.01066917 0.003622233 0.159179 -0.0108453 0.02032828 0.07534623 -0.04463422 0.01806712 0.07438945 -0.04522573 0.01864629 0.0745458 -0.04497987 0.01127588 0.1578358 -0.01122993 0.01457506 0.07295179 -0.04564994 0.04443347 0.1158547 -0.02821004 0.04442697 0.1111575 -0.03008401 0.04398351 0.1079664 -0.03164184 0.005022108 0.07060438 -0.04686045 0.01167541 0.07191872 -0.04599547 0.04374551 0.1067435 -0.03192055 0.04300439 0.1036908 -0.03316998 0.02155977 0.1536384 -0.01294267 0.04325556 0.1040175 -0.03335493 0.04184949 0.09996312 -0.03471326 0.03036934 0.1474775 -0.0153799 0.04188609 0.09976679 -0.03467983 0.04084825 0.09749281 -0.03568989 0.0407803 0.09721827 -0.03576552 0.02981138 0.1478849 -0.01524084 -0.03539562 0.08705508 0.03190845 -0.04506713 0.1191899 -0.02668744 -0.04318106 0.12757 -0.02323913 0.01061093 0.0711562 0.04557073 0.02250677 0.07590699 0.04108101 -0.03257471 0.1459501 -0.01583969 -0.02611565 0.1515659 -0.0135762 -0.01061064 0.1586274 -0.01074206 0.04500401 0.1148907 0.006737351 0.006404876 0.1594381 -0.01042383 0.01869791 0.1558337 -0.01186698 0.02250665 0.153874 -0.01265877 0.03257972 0.1459571 -0.01586478 -0.001527905 0.0643028 -0.04319 -4.41364e-4 0.06539118 -0.04326671 0.001410782 0.06676262 -0.04449361 0.001133561 0.06496977 -0.04317986 -0.03870117 0.06089079 -0.0229898 -0.01504665 0.0608927 -0.04240524 0.01253825 0.06089079 -0.04305994 0.01907032 0.06119382 -0.04062342 0.02236753 0.06130397 -0.03890669 0.03121358 0.06116634 -0.0322467 0.005090355 0.06109648 0.04506176 0.02174681 0.06089079 0.03994524 0.04420495 0.06088632 0.01014095 -0.04280686 0.06089079 -0.01376289 -0.00336641 0.1597081 -0.01036798 -0.008697509 0.1589553 -0.01072996 -0.02754807 0.08023214 -0.04289191 0.03610396 0.1414577 -0.0178098 0.01881265 0.07430678 -0.04494988 0.01471835 0.07244062 -0.04554295 0.01300954 0.07207614 -0.04583853 -0.0409621 0.1329092 -0.02128815 0.03320014 0.1443069 -0.01682329 -0.02299165 0.1534357 -0.01282638 -0.03077095 0.1476088 -0.01528531 -0.0397458 0.09415143 -0.03688859 0.04477477 0.1164378 -0.02791982 0.01055967 0.1585627 -0.01081609 -0.01042431 0.0711838 -0.04607087 0.04377728 0.1219384 -0.02548485 0.04292875 0.1278838 -0.02327221 -0.04450124 0.1093539 -0.03075623 -0.04484587 0.1149398 -0.02853 0.03328692 0.0608772 0.03263902 0.03154808 0.06089079 0.03285151 0.009285211 0.06089079 0.04443991 -0.04497003 0.110594 0.005050182 -0.01202148 0.07175326 0.04496127 -0.01472014 0.07236117 0.04436242 -0.01820456 0.0609287 0.04228532 -0.01191967 0.07089722 0.04417866 -0.0442965 0.1063476 0.0144788 -0.009771823 0.06138604 0.04486787 0.01984876 0.06893956 0.04058641 -0.01535439 0.07223439 0.04345226 0.004860162 0.06879723 0.04562228 0.004964828 0.06731688 0.04507189 0.0450226 0.107523 0.001350343 -0.02337247 0.06089079 0.03919208 -0.00276184 0.06845402 0.04548996 0.04466074 0.1093876 0.01592189 -0.01534372 0.06108289 0.04277372 -0.007175147 0.06898713 0.04517811 9.69614e-4 0.06854277 0.04533994 -0.008832514 0.06147563 0.04450148 -0.03144121 0.06358921 0.03261119 -0.01196759 0.06102097 0.04381453 -0.01499068 0.06089079 0.04289984 -0.01869064 0.07381075 0.04253691 -0.01156508 0.07000589 0.04298102 -0.01867973 0.07341593 0.04197072 -0.007750213 0.06098043 0.04465407 -0.00623691 0.06130725 0.04491609 -0.01518946 0.07190877 0.04312998 0.001298189 0.06089079 0.04527992 0.04298406 0.1015669 0.02115756 -0.03435248 0.0633639 0.02961838 -0.03142327 0.06358778 0.03258997 -0.006213963 0.0611428 0.04491245 -0.008979558 0.06927776 0.04439002 -0.03393667 0.06089079 0.02998977 -0.02196609 0.07520145 0.04065632 -0.0363276 0.06259578 0.02693974 0.04187649 0.09841775 0.02350986 -0.01879376 0.0728054 0.04175531 4.17287e-4 0.06085652 0.04534077 -0.002722859 0.06117475 0.04523998 -0.03528743 0.06089079 0.02870613 -0.01525205 0.07110577 0.04265969 0.04171276 0.09784078 0.0236566 -0.01862543 0.07239961 0.04131603 -0.02574568 0.07679533 0.03906893 -0.02226167 0.07465463 0.04052484 -0.04256629 0.06099224 0.01641458 0.03991043 0.0940665 0.02639853 -0.02199351 0.07446014 0.03987324 -0.04332339 0.06261914 0.01246863 -0.04214388 0.06089079 0.01613998 -0.0429576 0.06089079 0.01448744 -0.04351252 0.06089156 0.01250964 -0.04480201 0.06089079 0.004539847 -0.04514616 0.06097888 2.54993e-4 -0.04499119 0.06095528 9.57966e-4 -0.01473146 0.06740415 0.04276698 -0.03372752 0.06345885 0.03010165 -0.01443499 0.06760776 0.04289001 -0.02611094 0.07822233 0.03908061 0.03554892 0.087264 0.03155654 0.0449171 0.1119766 2.99869e-4 -0.0116685 0.06659376 0.04376 -0.04351949 0.06271797 0.01210957 0.03278154 0.0840519 0.03417587 -0.008463203 0.06630146 0.04447126 -0.0113672 0.06679362 0.04380714 0.03107005 0.08181703 0.03599166 -0.02200037 0.07383978 0.03957802 -0.02424484 0.07729971 0.03750365 -0.04499101 0.06095606 -3.66912e-4 -0.001715481 0.06674665 0.04526323 0.03154599 0.08146518 0.03337442 0.03296691 0.08347028 0.03243154 0.0340113 0.08276474 0.02941286 0.001466631 0.06702476 0.04527992 -0.001227438 0.06660288 0.04565149 0.001297056 0.06711012 0.04522681 -0.002558708 0.06695878 0.04522842 -0.00606507 0.06647908 0.04487788 0.005535364 0.06702184 0.04494857 0.005008876 0.06662279 0.04501003 0.005505144 0.06672382 0.04495149 -0.02840459 0.07968175 0.03695976 0.008797287 0.06733477 0.04440993 0.001544952 0.06651675 0.04526984 0.03636759 0.08299827 0.02734959 0.03007954 0.08141726 0.03634566 0.009967267 0.06682068 0.04410052 0.008649468 0.06639975 0.04445976 0.01229923 0.06639331 0.04373955 -0.03258794 0.083817 0.03446674 0.01100951 0.06717574 0.04390507 -0.02809607 0.0802223 0.0371598 -0.0214346 0.07291918 0.03857237 0.03013384 0.07950514 0.03406387 -0.01191216 0.06798076 0.04365986 -0.01875066 0.07100349 0.04177737 0.02249681 0.07464706 0.04006677 -0.02839791 0.07877779 0.03588998 0.02882093 0.07709574 0.03467005 0.02119952 0.07604652 0.04024767 0.028171 0.07776474 0.03551 0.01970601 0.07458657 0.0419529 -0.03220999 0.08043664 0.03419482 -0.002239048 0.06636601 0.04524016 0.02258688 0.07408744 0.0414226 -0.02882796 0.07759982 0.03497594 -0.03477072 0.08271461 0.0293284 0.01958483 0.07409423 0.04182404 0.01853787 0.07317388 0.04181617 -0.0312252 0.08122414 0.03366643 -0.02519118 0.07517629 0.03737956 0.01978445 0.07297611 0.04222822 -0.02526378 0.0754888 0.03749996 0.01229113 0.06105196 0.04378759 0.01558119 0.0720874 0.04313623 0.01471942 0.07236176 0.044362 0.01979213 0.07279634 0.04098188 -0.01854687 0.06890577 0.04120975 0.01568675 0.07201695 0.04268103 0.03978097 0.06089079 0.02141988 0.01219689 0.07049608 0.04437428 0.01189279 0.07125556 0.04471218 0.008614897 0.07037842 0.04522901 -0.03649026 0.08751541 0.02867305 -0.03658646 0.08869075 0.03064996 0.0380761 0.06099063 0.02460283 0.01996392 0.07230073 0.04184609 0.03844654 0.06116855 0.02375853 0.01560604 0.07142841 0.04263854 -0.01430708 0.06648916 0.04277569 -0.03773385 0.09165048 0.0279901 0.03566581 0.06111973 0.02752745 0.01168096 0.06126743 0.04387623 -0.03874409 0.0906738 0.0255599 0.01630949 0.07089412 0.04362481 -0.01454097 0.06631076 0.04289984 -0.0385853 0.09070986 0.02544701 0.03785026 0.06089079 0.02473998 0.008521974 0.06987518 0.04479449 -0.002521634 0.06996077 0.04677999 0.03617984 0.06121784 0.02715194 9.84354e-4 0.06937557 0.04585164 -0.04179507 0.09815818 0.02368396 0.03395801 0.06139773 0.02994871 -0.01703763 0.06705218 0.04198849 0.004847764 0.06985455 0.04584664 0.01869201 0.06869906 0.04113531 0.03539299 0.06089079 0.02820992 0.009285032 0.0614826 0.04441988 0.004854202 0.06969976 0.04561996 -0.04303044 0.1025023 0.02035814 -0.006405413 0.06635159 0.04543709 -0.008705735 0.07073229 0.04580664 -0.04373925 0.09907943 0.01165789 0.03379863 0.06124913 0.03011697 -0.002851128 0.06925582 0.04556739 0.008620619 0.06922167 0.04501944 0.008456885 0.06923657 0.04413563 -0.009061932 0.06987279 0.04569566 0.008321285 0.06114184 0.04460173 0.001089632 0.0686298 0.04587996 -0.01193702 0.07125771 0.04463511 -0.00623697 0.0701158 0.04574996 -0.00573945 0.06930875 0.04509997 -0.00884968 0.06967127 0.04461747 -0.03997564 0.09384644 -0.02616006 0.02019757 0.06936579 -0.03981 0.02881646 0.07418775 -0.03401982 0.02739465 0.07246083 -0.03520756 0.02625471 0.07279199 -0.03662741 0.02347207 0.07407498 -0.0380308 0.04496407 0.1109578 -7.80011e-4 0.0238474 0.07114678 -0.03769975 -0.007616341 0.07054966 -0.04575347 -0.01466381 0.07023245 -0.04214465 0.02210044 0.06975358 -0.03877979 -0.01152014 0.06370294 -0.0433076 -0.03431463 0.08129233 -0.02932316 0.001690685 0.06911069 -0.04501646 0.04414606 0.1034157 -0.01936215 0.02730023 0.06089073 -0.03564953 0.03348469 0.06089079 -0.02990001 0.002967894 0.06433278 -0.04460996 0.005464911 0.0689699 -0.0444557 0.02435517 0.06108778 -0.03758579 0.03919935 0.09249925 -0.02700126 -0.002907693 0.06470972 -0.04460591 -0.0076496 0.07012677 -0.04464983 -0.01147538 0.07127398 -0.04442602 -0.0458765 0.1148485 -0.01175338 0.0448926 0.06089079 -0.004290938 -0.001624345 0.06878441 -0.04456055 0.008886814 0.06089079 -0.04390984 0.04027199 0.09460026 -0.02474993 -0.04320156 0.09632974 -0.01228004 0.002295136 0.0682671 -0.04191267 -0.004079461 0.0691905 -0.04480695 -0.005868494 0.06391781 -0.04431003 0.03844571 0.09146744 -0.02776956 -0.02076506 0.07488965 -0.0414009 -0.01145488 0.0709998 -0.04392153 0.0366466 0.08869254 -0.02999895 -0.01493269 0.0722 -0.04315578 0.03788369 0.08690524 -0.02898573 -0.01133823 0.07082086 -0.04311186 0.03609508 0.08801281 -0.03051298 0.005240857 0.06114262 -0.04444122 0.03672224 0.08728301 -0.02847605 -0.004534006 0.06839966 -0.04393237 0.02532899 0.0611993 -0.03705489 0.03406167 0.08548277 -0.03254002 0.0362969 0.0866748 -0.02777993 0.02004486 0.06100392 -0.04024481 0.03601986 0.08727824 -0.02975654 0.02730065 0.06089079 -0.03565001 -0.03109961 0.06725287 -0.03219747 -0.01506567 0.07150608 -0.04277586 0.03575116 0.08312398 -0.02682667 -0.0281105 0.06735074 -0.03480964 0.03070873 0.08198606 -0.03526717 0.02671021 0.08023905 -0.03489524 0.03269624 0.08307343 -0.03204464 0.04398661 0.06089484 -0.01192194 0.02865111 0.07924079 -0.03529 0.0304163 0.07996076 -0.03329986 0.02055501 0.07465022 -0.04165035 -0.007855057 0.06911092 -0.04477232 0.02748239 0.07925033 -0.03754252 0.03076034 0.07865542 -0.03208488 -0.01854693 0.07286143 -0.04122143 -0.002810776 0.0628708 -0.04461979 0.02239829 0.07572078 -0.03999322 -0.03393381 0.0695638 -0.02917999 0.02721339 0.07684653 -0.03538763 0.0425927 0.06089079 -0.01441228 0.01994448 0.07326143 -0.04175567 0.02640283 0.0773608 -0.03655374 0.02380388 0.0759868 -0.03859978 -0.01514124 0.07135432 -0.04300135 -0.04414433 0.1008167 -0.00929898 -0.02153736 0.07545816 -0.03991007 -0.01164746 0.06982272 -0.04372757 0.02412647 0.07631683 -0.03782093 0.01902574 0.07404834 -0.04195564 0.02881109 0.07418805 -0.03401309 0.02207916 0.0753768 -0.04004997 0.01591372 0.0723195 -0.04250496 -0.01843696 0.07344692 -0.04160767 0.02728062 0.07666707 -0.03509652 0.01941037 0.07333731 -0.04069674 0.02444285 0.07526522 -0.03615337 -0.02236515 0.07418811 -0.03995466 0.02291643 0.07488197 -0.03859406 -0.03635406 0.06235122 -0.02632862 -0.001537024 0.06104344 -0.04513019 0.02213895 0.07447677 -0.03910994 0.01234662 0.07151633 -0.0442717 -0.02507811 0.06089079 -0.03725129 -0.0073933 0.06780177 -0.04406994 -0.0363363 0.06929874 -0.02617675 -0.01510006 0.07056832 -0.04250347 -0.04333055 0.09633076 -0.01229 -7.79487e-4 0.06684577 -0.04469001 0.01574754 0.07212728 -0.04166173 -0.01871472 0.07161372 -0.04120481 -0.001569151 0.06869381 -0.04479753 -0.03413397 0.06327837 -0.02902907 0.01600092 0.0713855 -0.04193401 -0.04420727 0.09778577 -0.008229911 0.01243066 0.07121449 -0.04380857 0.03731322 0.06089079 -0.02536326 -0.04420667 0.1008118 -0.009310007 0.006002843 0.07030183 -0.0459854 -0.02811259 0.0624656 -0.03496003 0.01643157 0.06089079 -0.04176998 -0.02507728 0.06089079 -0.03724998 -0.03110259 0.0632658 -0.03230983 -0.00198704 0.06618177 -0.04465997 -0.04207056 0.0608775 -0.01705831 -0.02513045 0.07699495 -0.03841209 -0.03107106 0.06327384 -0.03233999 -0.02251362 0.07290875 -0.03994739 0.01593601 0.07135021 -0.04184257 -0.03101545 0.06089079 -0.03246003 0.01197201 0.06967377 -0.04285192 0.001534819 0.06132078 -0.04466873 5.35365e-4 0.06089079 -0.04469972 6.89045e-4 0.07000219 -0.04527604 -0.03401708 0.06089115 -0.02945846 0.00242871 0.06566381 -0.04463994 -0.0447393 0.1022478 -0.005180001 -0.007951676 0.06272679 -0.04404985 -0.02547574 0.07585185 -0.03781527 -0.01139909 0.06956475 -0.04319971 0.01235407 0.07090145 -0.04335844 -0.04475075 0.1022574 -0.005168259 0.009021043 0.07019168 -0.04469209 -0.02456551 0.07699882 -0.03751659 -0.02195954 0.07440644 -0.03959351 -0.02823191 0.07704871 -0.03458511 -0.03109776 0.06326949 -0.03231513 -0.03210383 0.08272033 -0.03369176 -5.64789e-4 0.06989681 -0.04631489 -0.02484929 0.07606488 -0.03710711 0.005439281 0.0702005 -0.0448091 -0.003929018 0.06978803 -0.04541546 -0.03633677 0.06235069 -0.02633005 0.008967697 0.06989759 -0.04404687 0.01235604 0.06997168 -0.04299378 0.02811312 0.06125676 -0.03479051 0.01240676 0.07048404 -0.0430966 -0.03016442 0.08170676 -0.03268295 -0.04461449 0.06089079 -0.005947828 -0.04480201 0.06089079 -0.003939986 -0.04492676 0.06114321 -0.002210497 -0.04497438 0.06104469 -0.001159012 0.01237601 0.06100726 -0.04294759 -0.02221083 0.0728383 -0.03955918 -0.03420108 0.06967413 -0.02869397 -0.00261867 0.06530278 -0.04462999 -0.01863253 0.07159394 -0.04116117 -0.04421228 0.09778892 -0.008224129 0.0359646 0.08794385 -0.03924977 0.03648281 0.1412606 -0.01776796 0.0399568 0.09434103 -0.03669232 0.03636986 0.1414408 -0.01772975 0.03411537 0.1442358 -0.01652979 0.04066658 0.0960828 -0.03613996 0.04173099 0.09805279 -0.03510975 0.03302478 0.1452732 -0.01625227 0.04180276 0.0983358 -0.03515994 0.04174661 0.09908998 -0.03492027 0 0.06989079 -0.04643994 5.05471e-4 0.07001179 -0.04665982 0.04397726 0.1055164 -0.03212565 0.04342019 0.1037214 -0.03303277 0.0328052 0.1454478 -0.0161997 0.04316413 0.1021351 -0.03351986 0.003609061 0.0700348 -0.04641985 0.007010877 0.07050585 -0.04630881 0.03126657 0.1472538 -0.01532 0.02818197 0.1499727 -0.01421988 0.04451996 0.1096374 -0.03058654 0.02520233 0.1521604 -0.01337641 0.009913861 0.0711258 -0.04619973 0.02487426 0.1523908 -0.01324993 0.02167695 0.1543152 -0.01252806 0.04469418 0.1098772 -0.03045415 0.02201449 0.1540503 -0.01269835 0.04469949 0.1100618 -0.03045004 0.04485934 0.111661 -0.02967637 0.01797068 0.1561468 -0.01173985 0.01830703 0.1558338 -0.01200979 0.04484111 0.1161095 -0.02799004 0.01842337 0.07387906 -0.04494655 0.01431763 0.1575372 -0.0112282 0.01810467 0.07369279 -0.04491001 0.04482418 0.1190173 -0.02673453 0.02448898 0.07716697 -0.04358899 0.04441756 0.1208048 -0.02616 0.04482156 0.1191848 -0.02671974 0.04419308 0.1230767 -0.02518999 0.04424721 0.122918 -0.02518671 0.02614915 0.07858878 -0.04321992 0.04341596 0.1267248 -0.02358001 0.02759778 0.0793308 -0.04277998 0.02404052 0.07613855 -0.04392629 0.02817696 0.07998287 -0.04259723 0.01025933 0.1587058 -0.01071006 0.006595492 0.1593521 -0.01050549 0.04231584 0.1301739 -0.02222669 0.03165948 0.0830478 -0.0413798 0.04393446 0.1232126 -0.02507615 0.00317347 0.1597788 -0.01027995 0.04218959 0.1305438 -0.02203989 0.002760112 0.1598541 -0.01031571 -7.33574e-4 0.1598802 -0.01026421 0.03358322 0.08502846 -0.04041969 0.03087365 0.08221232 -0.04156231 0.04071092 0.1340092 -0.02070671 0.0345239 0.08629876 -0.04008001 0.03877604 0.1377248 -0.01914978 -0.03812378 0.1387738 -0.01878577 -0.03871685 0.09198284 -0.03762435 -0.03998112 0.1351248 -0.02037996 -0.03665328 0.0887838 -0.03883999 -0.03411537 0.08554577 -0.04013997 -0.04083621 0.1332829 -0.02078342 -0.04265546 0.1283306 -0.02291977 -0.03142398 0.08272969 -0.04139798 -0.03121858 0.08242875 -0.04145985 -0.04173099 0.1317278 -0.02156001 -0.04292255 0.128141 -0.02308732 -0.02878534 0.08048725 -0.04240036 -0.00733757 0.1592878 -0.01047974 -0.003676474 0.1597397 -0.01029986 -0.04310375 0.1278158 -0.02313995 -0.02834981 0.07998633 -0.04246348 -0.01003497 0.1586407 -0.01067316 -0.02843993 0.08007216 -0.04245519 -0.04406118 0.1235775 -0.02495563 -0.02184313 0.07560741 -0.0442264 -0.02487337 0.07738977 -0.04355984 -0.04499977 0.1148908 -0.02834004 -0.02218121 0.07583469 -0.04420608 -0.01797068 0.0736348 -0.04493004 -0.01847273 0.1561041 -0.01209485 -0.01844578 0.1557747 -0.01188468 -0.02429294 0.1527471 -0.01313793 -0.01449191 0.07237827 -0.04563695 -0.0142371 0.07222276 -0.04558336 -0.04484009 0.1107648 -0.03009974 -0.02259474 0.1537934 -0.01276212 -0.0276705 0.1504168 -0.01411992 -0.04426473 0.106958 -0.03160023 -0.04425227 0.1069198 -0.03162926 -0.04232776 0.09989488 -0.03454208 -0.0102427 0.07107377 -0.04606992 -0.008176624 0.07082879 -0.04633003 -0.03537404 0.1423371 -0.01712888 -0.003447353 0.07009899 -0.04649209 -0.006287813 0.07033079 -0.04630982 -0.03243035 0.1458417 -0.01577389 -0.003088653 0.0699948 -0.04646003 -0.03091681 0.1475784 -0.01524245 -0.0424323 0.09934192 -0.03464627 -0.04212981 0.09943616 -0.0346145 -0.0410313 0.0968858 -0.03580999 -0.03587025 0.1420628 -0.01740998 -0.04051917 0.09530609 -0.03628236 -0.04042428 0.09509581 -0.0364198 -0.03772652 0.1392456 -0.01868003 -0.03786683 0.09055513 0.02923071 -0.006404995 0.0703386 0.04636955 0.002139568 0.06992673 0.04682284 -0.04000091 0.1355125 -0.02004343 0.01869624 0.07395064 0.04284816 0.03538107 0.08706694 0.03189867 0.0400058 0.09426647 0.02648192 -0.02250766 0.153876 -0.01264947 -0.01869755 0.1558328 -0.01186347 -0.01471954 0.1574206 -0.01123213 -0.00640583 0.1594427 -0.01041853 0.04419368 0.1234081 -0.02491217 0.01061016 0.1586269 -0.01074284 0.03781986 0.139228 -0.01843398 0.00716418 0.07123708 -0.04604697 0.002782464 0.06998145 -0.04626446 -0.004131436 0.07008677 -0.0461573 -0.04341596 0.1030558 -0.03309983 -0.04000848 0.09426504 0.02647477 -0.03867906 0.09148037 0.02822226 -0.02643495 0.07876759 -0.04306644 -0.03666377 0.08864277 0.03066843 -0.02250409 0.07591181 0.04108554 -0.0106129 0.0711416 0.04559034 -0.005938589 0.07019895 0.04616165 -0.002142012 0.06993502 0.04680287 8.87049e-4 0.06980633 0.04653269 0.0217663 0.0755763 -0.04429578 0.0244916 0.07653021 -0.03965532 0.03259122 0.08381384 0.03447031 0.03820919 0.09111976 -0.03789997 0.03786474 0.09055644 0.02922999 0.0417816 0.09816366 0.02368712 0.0456689 0.1192402 -0.02670651 0.04419016 0.1063731 0.01811116 0.04482609 0.1105561 0.01528137 -0.01187908 0.07164883 -0.04595947 -0.0102427 0.07107377 -0.04606992 -0.0102427 0.07107377 -0.04606992 -0.0102427 0.07107377 -0.04606992 -0.008176624 0.07082879 -0.04633003 -0.008274137 0.07084977 -0.04631602 -0.007983267 0.07075244 -0.04630404 -0.008176624 0.07082879 -0.04633003 -0.007911801 0.07103824 -0.04636472 0.02211099 0.07569777 -0.04067999 0.0240131 0.07678753 -0.03950178 0.02254062 0.07606637 -0.03976982 -0.01220613 0.07146006 0.04522204 -0.012093 0.0715065 0.04503291 0.001578152 0.06393176 -0.04328221 0.0012784 0.0636425 -0.04340624 0.001197874 0.06289982 -0.04323881 0.001161873 0.06268489 -0.04318106 0.001133561 0.06496977 -0.04317986 0.001133561 0.06496977 -0.04317986 0.001133561 0.06496977 -0.04317986 -0.04479598 0.1106128 0.06044977 -0.04471015 0.1116419 0.06061339 -0.04447364 0.109337 0.06062006 0.01585114 0.0722891 -0.04325103 0.0159251 0.07255476 -0.04276978 0.01579219 0.07261526 -0.04306292 0.0159251 0.07255476 -0.04276978 0.01638931 0.0717321 -0.04296654 0.01244026 0.07128143 -0.0443682 0.01241862 0.07130664 -0.04375177 0.008730232 0.07100075 0.06069988 0.01033824 0.07124292 0.06084036 0.008730232 0.07100075 0.06069988 0.006404161 0.07034879 0.06044977 0.01882171 0.07427775 -0.04186201 0.01950043 0.07395386 -0.04122191 0.02207916 0.0753768 -0.04004997 0.02207916 0.0753768 -0.04004997 0.01893723 0.1556992 0.06085771 0.01869088 0.1558178 0.06090003 0.01909196 0.1556261 0.06084185 0.01749145 0.1563345 0.06090521 0.01960569 0.1552456 0.06073355 0.01933068 0.1555138 0.06080001 0.01958709 0.1553863 0.0605337 0.0221129 0.1532338 -0.01497977 0.02242499 0.1529611 -0.01511585 0.02640032 0.1503051 -0.01619398 0.02943456 0.149594 -0.01674658 0.02648538 0.1502878 -0.01618999 -0.04061377 0.1338025 0.06070685 -0.03997862 0.1350643 0.06049019 -0.0406382 0.1339124 0.0607317 -0.04073697 0.1336134 0.06070268 0.003889203 0.1594005 -0.01058375 0.006102144 0.159227 -0.01062917 0.006625592 0.159274 -0.01074773 -1.1391e-5 0.1598608 -0.01034981 0.002266883 0.1598801 -0.01044613 -0.0350306 0.1428013 -0.01703822 -0.033535 0.1446368 -0.01652979 -0.03464365 0.1431319 -0.01714122 -0.03376483 0.1438508 -0.01695162 -0.03356462 0.1443006 -0.01672434 -0.01194989 0.1576734 -0.01132917 -0.01154214 0.1576196 -0.01127719 -0.01289373 0.1572448 -0.01143789 -0.004174113 0.07022488 -0.04650664 -0.006101906 0.07036966 -0.04635471 -0.004380524 0.07029777 -0.04654002 3.47802e-4 0.07005262 -0.04652506 -0.00333482 0.07002007 -0.04632842 -0.003088653 0.0699948 -0.04646003 -0.01941937 0.07455849 -0.04505568 -0.01788192 0.07434356 -0.04527652 -0.01548075 0.07346594 -0.04555064 -0.02056628 0.07552176 -0.04459995 -0.02118587 0.07594364 -0.04460161 -0.02080035 0.07570183 -0.04462891 0.02421218 0.1517136 0.06132692 0.02500039 0.1522988 0.06090974 0.0248357 0.152381 0.06081539 0.02500039 0.1522988 0.06090974 -0.04396015 0.1213278 -0.02600979 -0.04395747 0.1213302 -0.02608507 -0.04396015 0.1213278 -0.02600979 -0.04396015 0.1213278 -0.02600979 -0.04405826 0.1212072 -0.02611458 -0.04289948 0.1258853 -0.02432906 -0.04192435 0.1301648 -0.02248126 -0.04211437 0.1289678 -0.02292001 -0.04194486 0.1293143 -0.02286171 -0.02704656 0.1506288 0.06062006 -0.0261026 0.1515468 0.06044977 -0.02591812 0.1515784 0.0605244 -0.0281254 0.1494793 0.06036067 -0.02724206 0.1503928 0.06069988 0.03828328 0.0927326 -0.03901273 0.03660249 0.0898934 -0.04032945 0.03772103 0.0925787 -0.03843116 0.03797793 0.09217464 -0.03836566 0.00580126 0.06685876 0.04491972 0.005398035 0.06703567 0.04548275 0.00580126 0.06685876 0.04491972 0.009132683 0.06725645 0.04432725 0.008936464 0.06660121 0.04438018 -0.04483473 0.110862 -0.03001278 -0.04483491 0.110885 -0.02999699 -0.04486447 0.1107355 -0.03015673 -0.04470276 0.11035 -0.03030908 -0.0443148 0.1070678 -0.03147995 -0.03765881 0.1393477 0.06054276 -0.03790992 0.1390843 0.06058776 -0.03565657 0.1423748 0.06077986 -0.03545963 0.1425122 0.06077873 -0.03534907 0.1429406 0.06080585 0.02472299 0.1524348 0.06073999 0.02263456 0.1535168 0.06070625 0.02472299 0.1524348 0.06073999 -0.02195483 0.0738092 0.03960061 -0.02194255 0.07414376 0.03971982 -0.02194952 0.07441723 0.0398873 -0.02196425 0.07293456 0.03947019 -0.03757244 0.1396189 0.06086242 -0.03780603 0.1392473 0.06082922 0.04000979 0.1352757 0.0605427 0.03999745 0.1355108 0.06044977 0.0389012 0.137122 0.06063061 0.03981924 0.1354906 0.06075745 0.005456387 0.06903886 -0.04435604 0.005614042 0.069126 -0.04514634 0.0055812 0.06910663 -0.04520839 0.01765435 0.07338786 -0.04559594 0.01437407 0.07293307 -0.04577624 0.01424646 0.07290542 -0.04582697 0.01123809 0.07195913 -0.0461654 0.0331977 0.08610224 -0.04218363 -0.01518452 0.06089466 -0.04270482 -0.01322424 0.06089079 -0.04290902 -0.02218145 0.1539592 -0.01261025 -0.02465987 0.1525318 -0.01319003 -0.02465987 0.1525318 -0.01319003 -0.008529007 0.1585682 0.06134104 -0.00906974 0.1589471 0.06090623 -0.008599996 0.1587295 0.06134599 -0.01275533 0.1575267 0.06134068 -0.01264619 0.1573714 0.06133556 -0.0144214 0.1575056 0.06082421 -0.0130667 0.1579447 0.06090974 -0.04460477 0.111209 0.06113982 -0.04471611 0.1116513 0.06073802 -0.04499977 0.1148908 0.06044977 -0.04499977 0.1148908 0.06044977 -0.0449149 0.1150109 0.06049901 -0.04107397 0.1319056 -0.02169358 -0.0412293 0.1316698 -0.02177 0.0413627 0.0999543 -0.03658592 0.04055964 0.09781569 -0.0374161 0.04029059 0.0967108 -0.03779 0.04029059 0.0967108 -0.03779 0.04018819 0.09660786 -0.03772604 0.01078903 0.1584903 0.06052988 0.009019374 0.1587912 0.06061846 0.01060909 0.1586217 0.06044977 0.01154518 0.1581358 0.06068974 0.04177647 0.1316158 0.06044977 0.03336721 0.1439366 -0.01879155 0.03179258 0.1455 -0.01810443 -0.006201267 0.1585211 -0.01282536 -0.008207082 0.1583718 -0.01292002 -0.003262519 0.1589722 -0.01257115 0.02869457 0.07814979 -0.03449994 0.02800726 0.07707005 -0.03674298 0.02638262 0.07606124 -0.03597426 0.04472833 0.1102411 0.06118923 0.0447942 0.1106302 0.0608617 0.04482567 0.1108359 0.06085872 0.04450625 0.1084918 0.06180006 2.9099e-4 0.06090956 -0.04465514 -0.00200355 0.06089079 -0.04486608 2.21592e-4 0.06234467 -0.04319971 -2.45137e-4 0.06237214 -0.04327899 0.009016096 0.07070642 -0.0450716 0.009042263 0.07058793 -0.04510718 0.009001553 0.07042831 -0.04451113 0.009049296 0.07081079 -0.0452997 0.001298725 0.06709659 0.04521572 0.00495702 0.06726777 0.04501998 -0.007552921 0.1585336 -0.01090329 -0.007050395 0.1587958 -0.01080983 -0.003035008 0.1596437 -0.01047027 0.04454362 0.1200191 0.06072634 0.04457831 0.1196215 0.06074708 0.04462575 0.1202413 0.06080561 0.04401665 0.1219502 0.06035852 0.04436719 0.1207318 0.06069988 0.002215266 0.07065081 -0.04682004 0.002325236 0.07060056 -0.0468598 0.002215266 0.07065081 -0.04682004 2.43475e-4 0.07057851 -0.04688733 0.002020657 0.07073581 -0.04818987 0.002290666 0.07077395 -0.04821622 0.001308262 0.07078373 -0.04807424 0.0388922 0.06089079 0.02311903 -0.01509994 0.07053756 -0.04260754 -0.01491957 0.07115793 -0.04225301 -0.01490294 0.07117801 -0.04220205 -0.0189566 0.07265812 0.04203891 -0.01862204 0.07340031 0.04200088 -0.01861804 0.07242035 0.04127663 -0.04436999 0.114219 -0.02900058 -0.04430079 0.1139308 -0.02919971 -0.04430079 0.1139308 -0.02919971 -0.04430079 0.1139308 -0.02919971 -0.04430079 0.1139308 -0.02919971 -0.04453969 0.1152338 -0.02842003 -0.04458433 0.1192747 0.06063908 -0.04436719 0.1207318 0.06069988 -0.04436707 0.1211094 0.06073653 -0.04431778 0.1220284 0.06069308 -0.04401665 0.1219502 0.06035852 -0.04478347 0.1172133 0.06088012 -0.04492461 0.1165728 0.06083935 -0.04488188 0.1173728 0.06077986 -0.04486936 0.1176016 0.06081455 -0.006287813 0.07033079 -0.04630982 -0.006454646 0.07036417 -0.04611557 -0.04470759 0.1188631 -0.02685219 -0.04476779 0.1149629 -0.02851212 -0.04470413 0.1199307 -0.02636688 -0.04493647 0.1155418 -0.02812653 -0.04477185 0.1192258 -0.02674978 -0.01021999 0.1585413 0.06089508 -0.01013398 0.1587082 0.06081807 0.03537219 0.1427078 0.06044977 0.03256785 0.1459438 0.06044977 0.03236246 0.1460376 0.06052732 0.03201419 0.1460366 0.06035983 -0.04257637 0.1008806 -0.03418445 -0.04097402 0.09695315 -0.03585124 -0.04093742 0.09655576 -0.03590947 -0.0410313 0.0968858 -0.03580999 -0.02946859 0.08088177 0.06044977 -0.02946865 0.08088177 0.06044977 -0.03655803 0.08805668 0.02937984 -0.03411537 0.08554577 -0.04013997 -0.03411537 0.08554577 -0.04013997 -0.03124421 0.08248019 -0.04140281 -0.03124082 0.08247536 -0.04140681 -0.002500236 0.07023632 0.0604279 -0.002328932 0.07003837 0.06053489 -2.41194e-4 0.07010638 0.06062465 -0.002141118 0.06994175 0.06044977 0.01244884 0.07204228 -0.04590851 0.01132977 0.07190376 -0.04603981 0.01414495 0.07272374 -0.04569673 0.01092219 0.07139492 -0.04570579 0.0189476 0.07444506 -0.04493248 0.01434737 0.07243388 -0.04566568 -0.0430091 0.1254978 -0.02455002 -0.04048818 0.1252263 -0.02519154 -0.01792812 0.07480376 -0.04674619 -0.02549415 0.07891333 -0.04488056 0.03352087 0.08515149 0.06062591 0.03299844 0.08463007 0.06101554 0.03536009 0.0871579 0.06078088 0.03235995 0.08374691 0.06053268 0.03256779 0.08383679 0.06044977 0.03198105 0.08374422 0.06036072 -0.02811259 0.0624656 -0.03496003 -0.03099143 0.06087756 -0.03237849 -0.03213346 0.06089079 -0.03144347 -0.03101545 0.06089079 -0.03246003 -0.03997373 0.1354183 0.06077378 -0.04011166 0.1353248 0.06078994 -0.04011166 0.1353248 0.06078994 -0.03983712 0.1358152 0.06086111 -0.03996336 0.1355835 0.06083738 -0.03999745 0.1355108 0.06044977 -0.01861852 0.07413303 0.06199383 -0.01589298 0.1565379 0.06035625 -0.01471793 0.1574158 0.06044977 -0.01712507 0.1562337 0.06069988 -0.004729926 0.1589139 -0.0107817 -0.008218467 0.1584208 -0.01112979 -0.004540741 0.1591283 -0.01071751 -0.00474596 0.1590108 -0.01077979 0.0449149 0.1150109 0.06049901 0.04499977 0.1148908 0.06044977 0.04499977 0.1148908 0.06044977 0.04472851 0.1125411 0.06069242 -0.01491427 0.07196575 -0.04276978 -0.01491427 0.07196575 -0.04276978 -0.01482784 0.0721814 -0.04322093 -0.01861244 0.07278174 -0.04133504 -0.01848143 0.07343256 -0.04161107 -7.84514e-4 0.06253081 -0.04317986 -0.001278042 0.06284916 -0.04335027 -7.84514e-4 0.06253081 -0.04317986 -0.001050174 0.06116551 -0.04460483 0.02760189 0.1491131 0.06132334 0.03073078 0.1462174 0.0613203 -0.04228627 0.09955078 -0.03464978 -0.04302388 0.1024266 -0.03325635 0.02877432 0.1494889 0.0608679 0.02914232 0.1492018 0.06080991 0.02758383 0.1502256 0.06070828 0.04182511 0.100493 -0.03613394 0.04284662 0.1033267 -0.03517669 0.04190969 0.1013942 -0.03596168 0.04182976 0.1005175 -0.03613579 0.01823997 0.1551634 -0.01421958 0.02330869 0.1522848 -0.0154398 -0.002223193 0.06682932 0.04524075 -0.001712679 0.06648617 0.04526311 -0.00597763 0.06648677 0.0449 -0.008469402 0.06695914 0.04446244 -0.00597763 0.06648677 0.0449 -0.04280024 0.1282156 0.060813 -0.0423749 0.1292747 0.06069988 -0.04189562 0.1302339 0.06039434 -0.04181379 0.1313138 0.06074982 -0.04172658 0.1316033 0.0608074 -0.03680229 0.0906409 -0.04028385 -0.03723466 0.09077841 -0.04004281 -0.03705239 0.09081679 -0.04017001 -0.03710484 0.0908221 -0.04002755 -0.03848457 0.09373176 -0.03909993 0.001443088 0.0693798 -0.04521006 0.002183437 0.06892961 -0.04489505 -4.65191e-4 0.06978338 -0.04596424 0.001443088 0.0693798 -0.04521006 -0.003976821 0.06913751 -0.04487723 -0.004100739 0.06908231 -0.04578405 -0.004039347 0.0696038 -0.04505985 -0.004530787 0.1589578 -0.01093 -0.003118634 0.1591655 -0.01089566 -0.004530787 0.1589578 -0.01093 0.01580679 0.0721597 0.04321622 0.01557546 0.07172775 0.04276984 -0.0116685 0.06659376 0.04376 -0.0116685 0.06659376 0.04376 -0.0116685 0.06659376 0.04376 0.038881 0.09446579 -0.03879988 0.03791272 0.09263384 -0.03954005 0.03881746 0.09415978 -0.03888249 0.03513598 0.1426676 0.06089115 0.03364473 0.1443958 0.06069988 0.01651704 0.07446193 0.042086 0.01509451 0.0724228 0.04403406 0.01571881 0.0725038 0.0434798 -0.01188594 0.0708903 0.04418957 -0.01196581 0.07031041 0.04413652 -0.01198774 0.07034069 0.04416632 -0.00849682 0.07012379 0.04492992 -0.008911371 0.07045978 0.04520386 -0.00744462 0.06932365 0.04479944 -0.008580684 0.06965523 0.04467904 -0.04418987 0.1179168 -0.02766001 -0.04429197 0.1170444 -0.02785468 -0.04424113 0.1175514 -0.02771508 -0.03658646 0.08869075 0.03064996 -0.03983628 0.09552478 -0.03673988 -0.03998899 0.09575009 -0.0365473 -0.03983628 0.09552478 -0.03673988 -0.03983628 0.09552478 -0.03673988 -0.03797686 0.09209477 -0.03813982 -0.03797686 0.09209477 -0.03813982 -0.03730648 0.09086704 -0.03843426 -0.03808516 0.09220767 -0.0380057 -0.007627964 0.07096195 0.06035637 -0.006404161 0.07034879 0.06044977 -0.006404161 0.07034879 0.06044977 0.03397685 0.143099 -0.01899057 0.03423196 0.1428222 -0.01910632 -0.04479598 0.1191678 0.06044977 -0.04471015 0.1181396 0.06061333 -0.04418677 0.1234068 0.06044977 -0.002830266 0.06866925 0.04574364 -0.002775549 0.06879991 0.04534059 -0.002724826 0.06858676 0.04526001 -0.002800107 0.06925582 0.04557299 0.04462283 0.06089079 0.006775498 0.04233187 0.06089079 0.01575404 0.01206707 0.07113176 0.04430991 0.01161658 0.07125502 0.04496264 0.01213425 0.07075583 0.04400491 0.01206707 0.07113176 0.04430991 0.001042008 0.06877607 0.04543119 9.69614e-4 0.06854277 0.04533994 0.001119077 0.06901878 0.04549998 0.001108527 0.06935501 0.04582595 0.001119077 0.06901878 0.04549998 0.008212804 0.0711438 -0.04627001 0.03503233 0.08632242 -0.03183609 0.002447724 0.06865078 -0.04469001 0.002447724 0.06865078 -0.04469001 0.002447724 0.06865078 -0.04469001 0.04063791 0.09587019 0.06073158 0.04061388 0.09597897 0.06070685 0.04073113 0.09617447 0.06070876 0.04181379 0.09846675 0.06074982 0.04172652 0.09817749 0.0608074 0.04183763 0.09874206 0.06080698 0.04280078 0.1015648 0.06081187 0.03670775 0.09060984 -0.0403133 -0.04159337 0.1301208 -0.02266997 -0.04159337 0.1301208 -0.02266997 0.02120947 0.07520979 0.06090974 0.02043491 0.07583856 0.06132835 0.0214796 0.07536625 0.06090426 0.02261662 0.07599627 0.06089574 0.01839858 0.07384228 0.06090313 0.01745659 0.07343119 0.06090623 0.01721817 0.07332175 0.06090974 0.004625439 0.0713489 -0.04797875 0.00457108 0.07085376 -0.04789996 -0.04169511 0.1315787 0.06189614 -0.03110188 0.06725275 -0.0321998 -0.03110188 0.06725275 -0.0321998 -0.03634065 0.0692988 -0.02617985 -0.03634065 0.0692988 -0.02617985 -0.01881313 0.07410073 0.0605244 -0.02004873 0.07482641 0.06085872 -0.02256143 0.07605332 0.06049889 -0.02249979 0.07591974 0.06044977 -0.02249979 0.07591974 0.06044977 -0.02249979 0.07591974 0.06044977 0.002143442 0.07012718 0.06199979 0.03806692 0.09113854 0.06082892 0.03779757 0.09051966 0.06082946 0.03798931 0.09082579 0.06077986 0.03867781 0.09227299 0.06072402 0.0389012 0.09265947 0.06063061 0.03875458 0.09251576 0.06069988 0.03996002 0.09433954 0.06077492 0.01098376 0.07161957 0.06036198 0.01060909 0.07115876 0.06044977 0.03181833 0.1467028 0.06090974 0.03198254 0.1465161 0.06085103 -0.004215657 0.07011413 -0.04591459 -0.004157185 0.07004565 -0.04590851 0.007808744 0.1585488 -0.01102948 0.01641255 0.1561799 -0.01202988 0.02380388 0.0759868 -0.03859978 0.02380388 0.0759868 -0.03859978 0.02213895 0.07447677 -0.03910994 0.02252399 0.07477265 -0.03855651 0.02213895 0.07447677 -0.03910994 -0.01107174 0.1576876 -0.01316624 -0.01081156 0.1578218 -0.01306986 -0.01135873 0.1576573 -0.01327365 -0.03256779 0.08383679 0.06044977 -0.03201246 0.08374851 0.06035512 -0.03352087 0.08515149 0.06062591 -0.0105744 0.0716108 -0.04605984 -0.01087427 0.07173734 -0.04604953 -0.01083868 0.07161086 -0.0462777 -0.01841515 0.07236021 -0.04078805 -0.01839905 0.07237535 -0.04074865 -0.02526378 0.0754888 0.03749996 -0.02522695 0.07586199 0.03771042 -0.02532064 0.07591563 0.03774785 -0.04413253 0.1062629 0.0608474 -0.0437572 0.1045641 0.06151038 -0.04368555 0.1042027 0.06086641 -0.04405355 0.1058588 0.06119745 -0.04412889 0.1061138 0.06090974 -0.04409968 0.1064652 0.06082153 -0.04389446 0.1049625 0.06070816 -0.04408836 0.106638 0.06083035 0.03537219 0.08707374 0.06044977 0.03537219 0.08707374 0.06044977 -0.04046267 0.09542459 -0.03621792 -0.04027009 0.09495818 -0.03651171 -0.002296805 0.06196177 -0.04464983 -0.002499043 0.06250083 -0.04454177 -0.001556873 0.06320279 -0.04333984 -0.001556873 0.06320279 -0.04333984 0.01106083 0.06089079 0.0442593 0.008425951 0.06111925 0.04458576 0.00487107 0.06125277 0.04508996 0.005231976 0.06104475 0.04504579 -0.01214611 0.07061398 0.04504323 -0.01189017 0.07107877 0.04435998 -0.01541763 0.07248878 0.04377001 -0.01586848 0.07267898 0.04370921 -0.01524853 0.0721656 0.04344367 -0.01541763 0.07248878 0.04377001 -0.01541763 0.07248878 0.04377001 0.04400479 0.1233705 0.06199979 -0.04171848 0.09797579 0.06078988 -0.04170835 0.09822231 0.06082767 -0.04163092 0.09791779 0.06080102 -0.04165208 0.097844 0.06084525 -0.04295724 0.1015309 0.06086838 -0.04020261 0.09493285 0.06077343 -0.04032075 0.09525477 0.06071978 -0.04028123 0.0952425 0.0607382 -0.03981673 0.09405958 0.06084102 0.04479598 0.1191678 0.06044977 0.04473131 0.1189922 0.0605244 -0.0443446 0.1167208 -0.02789998 -0.04078298 0.09784209 -0.03718465 0.002502322 0.1595556 0.06043773 2.47764e-4 0.1596697 0.06062942 0.002328038 0.1597428 0.06053483 0.00767529 0.1588228 0.06036108 -0.0378564 0.1392198 0.06044977 -0.0378564 0.1392198 0.06044977 -0.01594221 0.1560515 -0.01386052 -0.01415097 0.1568921 -0.01354241 -0.02315968 0.1533718 -0.01297903 -0.043177 0.1022128 0.06044977 -0.04315102 0.1024377 0.06053268 0.04324615 0.1024498 0.02071994 0.04324615 0.1024498 0.02071994 0.04324615 0.1024498 0.02071994 0.04317659 0.1022061 0.0604496 0.04089325 0.132601 -0.02134674 0.042539 0.1282514 -0.0228517 0.04271763 0.1272435 -0.02336513 0.04418677 0.1063738 0.06044977 0.04418677 0.1063738 0.06044977 -0.03077715 0.1477121 -0.01517212 -0.0310958 0.1474078 -0.01534992 0.04318249 0.1021894 -0.03350943 0.04310375 0.1019658 -0.03352981 0.04408133 0.1058438 -0.0319699 -0.02760082 0.08066469 0.06132239 -0.0283218 0.07995307 0.06127637 -0.02403831 0.07807838 0.06132441 -0.02421557 0.07806068 0.0613265 0.0238198 0.1529585 0.06199979 -0.008755207 0.06713378 0.04442971 -0.01225936 0.06783556 0.04354012 -0.01186656 0.06992173 0.04373121 -0.04453676 0.1087506 0.06151878 -0.04480993 0.1105982 0.0608626 -0.04480612 0.1105806 0.06086707 -0.04450625 0.1084918 0.06180006 -0.03124493 0.08255064 0.06144493 -0.03261417 0.08388388 0.06083005 -0.03207612 0.08334064 0.0608707 -0.03181684 0.08307778 0.06090974 -0.0310285 0.08234876 0.06180006 0.00821799 0.07031929 0.04598635 0.008165299 0.07116007 0.04564231 0.008620619 0.07023352 0.04534673 0.01019227 0.1587278 0.06077986 0.01047283 0.1586555 0.06084668 0.009534299 0.1587176 0.06080663 0.01038831 0.1586765 0.06083303 -0.03424239 0.143502 0.06039977 -0.03537219 0.1427078 0.06044977 -0.03256785 0.1459438 0.06044977 -0.03236007 0.1460338 0.06053268 -0.02235281 0.1538485 0.06049895 -0.02249985 0.1538618 0.06044977 -0.02249979 0.1538618 0.06044977 -0.01869368 0.1558238 0.06044977 -0.0195415 0.1552352 0.06061339 -0.01881325 0.15568 0.0605244 0.04325759 0.1024318 0.06078988 0.04421323 0.1068543 0.06083291 0.04317802 0.1022012 0.06084108 0.04325759 0.1024318 0.06078988 -0.04000985 0.09450566 0.06054276 -0.0389012 0.09265947 0.06063061 -0.03999739 0.09427076 0.06044977 0.02946865 0.1488987 0.06044977 0.02806133 0.149557 0.06035602 0.02946865 0.1488987 0.06044977 0.0261026 0.1515468 0.06044977 0.02591973 0.15158 0.06052184 0.02516853 0.1519865 0.06061339 0.04018628 0.09623974 -0.03643 0.04018628 0.09623974 -0.03643 0.04043501 0.0964058 -0.03614252 0.0407018 0.09725397 -0.03586357 0.03809285 0.09693253 -0.03703069 0.04018628 0.09623974 -0.03643 0.03800946 0.09076493 0.02887064 0.03858596 0.09173578 0.02834999 0.04177051 0.09820693 -0.03513443 0.04173099 0.09805279 -0.03510975 0.04175996 0.09817421 -0.0351358 -0.03853201 0.09174311 -0.03786635 -0.03870111 0.09196048 -0.03764468 -0.03864187 0.09188675 -0.03774976 0.01820367 0.1554919 -0.01236498 0.02031391 0.154389 -0.01245951 0.02239716 0.1537052 -0.01286548 0.01175218 0.1580305 -0.0112487 0.01402235 0.1575377 -0.01129204 0.01816499 0.1557901 -0.01203012 0.01115703 0.1583579 -0.01094138 0.04424649 0.1067298 0.06082975 0.04419851 0.1064835 0.06086426 0.04018718 0.09629279 -0.03766 -0.02835726 0.07738751 0.03521656 0.04404056 0.1056424 0.01838159 0.04419285 0.1064057 0.01808995 -0.03716856 0.09083777 -0.03986996 0.004812121 0.06870877 0.04508996 0.004914402 0.06882941 0.04561132 0.004812121 0.06870877 0.04508996 -0.04208534 0.1016294 -0.03568077 -0.04219871 0.101636 -0.03567731 0.01940226 0.07366877 -0.04093003 0.01948249 0.07336133 -0.04065078 -0.04491305 0.1127508 0.06180006 -0.04491305 0.1127508 0.06180006 0.01146036 0.07137477 0.04534989 -0.01153367 0.07024979 -0.04328984 -0.01166099 0.06971794 -0.04404878 -0.011716 0.07023459 -0.04395151 0.001544952 0.06651675 0.04526984 0.02812439 0.08030027 0.06036025 0.0266363 0.07881277 0.06079882 0.02646732 0.07864302 0.06073486 0.02704644 0.07915192 0.06062006 0.02946865 0.08088177 0.06044977 0.007754147 0.1584758 -0.01290804 0.01148438 0.1572447 -0.01297056 0.01364994 0.1568576 -0.01352733 -4.02374e-4 0.1592305 -0.01276582 0.003527224 0.1591489 -0.01258295 -0.02269905 0.06089079 -0.03891539 0.04375946 0.1096163 -0.03268396 0.04299151 0.1057758 -0.03422993 -0.03072983 0.1462202 0.06132054 -0.03202444 0.1464901 0.06090265 -0.03181499 0.1467058 0.06090974 -0.03159672 0.1468958 0.0612635 -0.03181499 0.1467058 0.06090974 -0.02741336 0.1491553 0.0613231 -0.02760303 0.1491196 0.06132382 -0.02880215 0.1494485 0.06090354 0.004818737 0.06943774 0.04542207 0.004837334 0.0691908 0.04522997 0.004871368 0.06945496 0.04542547 -0.044339 0.1087167 -0.0311343 -0.01821583 0.1554048 -0.01220011 -0.01529502 0.1569622 -0.0117824 -0.0178771 0.1555418 -0.01214993 -0.01488459 0.1571968 -0.01145982 -0.01472991 0.157188 -0.01123166 -0.01488459 0.1571968 -0.01145982 0.01675325 0.1559272 0.0613349 -0.04499316 0.1148908 0.06090974 -0.04496866 0.115109 0.06118202 -0.04494529 0.1144715 0.06089264 9.16826e-4 0.0626378 -0.04319 0.002223074 0.06187158 -0.04464983 0.002571642 0.06222629 -0.04453021 0.001805841 0.06160873 -0.04458427 0.03344231 0.1448716 -0.01640677 0.03165864 0.1467536 -0.01557493 0.032108 0.145914 -0.01602709 0.02283716 0.1534868 -0.01295 0.02251034 0.1537269 -0.01283872 0.02556627 0.1517845 -0.01361036 0.02294516 0.1532309 -0.0130831 0.02010726 0.1541048 -0.01470983 0.04496407 0.1109578 -7.80011e-4 0.0449056 0.1119768 3.00067e-4 0.02726966 0.1504048 0.06066972 0.01615232 0.1568317 0.0607841 0.01473116 0.1574338 0.06086999 0.01473116 0.1574338 0.06086999 0.01473116 0.1574338 0.06086999 0.01331937 0.1578628 0.06089961 0.02249985 0.1538618 0.06044977 0.02233076 0.1538605 0.06049817 0.02249979 0.1538618 0.06044977 0.008752048 0.1587848 0.06068974 -0.02795076 0.1499003 -0.01407474 -0.02819478 0.1498549 -0.01439279 -0.02769339 0.1503798 -0.01410013 -0.0276705 0.1504168 -0.01411992 -0.02704644 0.07915192 0.06062006 -0.02516841 0.07779431 0.06061339 -0.0261026 0.07823479 0.06044977 0.01987659 0.07453292 0.06201887 -0.03816211 0.09131938 0.06074887 -0.0386272 0.09218841 0.06072336 -0.03875458 0.09251576 0.06069988 -0.03747898 0.0903514 0.0604974 -0.01630836 0.07307559 -0.04535853 -0.01613688 0.07303476 -0.04542994 -0.01429122 0.07226181 -0.04565984 -0.01429122 0.07226181 -0.04565984 -0.0142439 0.07222598 -0.04558628 -0.01060909 0.1586217 0.06044977 -0.01097965 0.158156 0.06035649 -0.01079088 0.1584868 0.06053268 0.008797287 0.06733477 0.04440993 -0.01443499 0.06760776 0.04289001 -0.01443499 0.06760776 0.04289001 -0.01443499 0.06760776 0.04289001 0.01126974 0.1577502 -0.01125377 0.03849536 0.09316974 -0.0391997 0.04296201 0.1027671 0.06035906 0.04399031 0.1064328 0.06081402 0.04251492 0.1007296 0.06062591 -0.04369646 0.1042898 0.06180006 0.0423749 0.1005058 0.06069988 0.001969933 0.1600018 0.06056928 0.005886197 0.1594877 0.06083488 0.03790664 0.09183537 -0.03808015 0.03922063 0.09383922 -0.03730535 0.03598046 0.08905875 -0.03936994 0.03598046 0.08905875 -0.03936994 0.0358079 0.08871626 -0.03939664 0.009023666 0.1589571 0.06090694 0.01067256 0.1586048 0.06090003 -0.01948845 0.07453078 -0.04482001 -0.01926487 0.07437568 -0.04480689 -0.01948845 0.07453078 -0.04482001 0 0.1591868 -0.01084995 -4.61291e-5 0.1592235 -0.01083016 2.06537e-4 0.1592146 -0.01077789 0 0.1591868 -0.01084995 0.00796014 0.1603539 -0.01245766 0.007449865 0.1585308 -0.01277995 0.007162511 0.1585076 -0.01283347 0.004070162 0.1589252 -0.01250213 0.006099939 0.158595 -0.01285445 -0.0439794 0.1177637 -0.02903556 -0.04227548 0.1017448 -0.03549993 -0.03197103 0.08423191 -0.04109138 -0.03338658 0.08578276 -0.04071003 -0.03338658 0.08578276 -0.04071003 -0.03581959 0.08883678 -0.03946977 -0.03581959 0.08883678 -0.03946977 -0.035613 0.08871889 -0.03937369 -0.03574734 0.0886808 -0.03943294 0.04177641 0.09816575 0.06044977 0.04135507 0.09752577 -0.03550028 -0.002821803 0.06949979 0.04574996 -0.002821803 0.06949979 0.04574996 -0.002821803 0.06949979 0.04574996 -0.002821803 0.06949979 0.04574996 -0.005856394 0.06964862 0.04538881 -0.00573945 0.06930875 0.04509997 -0.006132364 0.06979 0.04549211 0.03164261 0.08304053 -0.04131394 0.03105664 0.08259105 -0.04146754 0.03145903 0.08282041 -0.04139626 0.03165948 0.0830478 -0.0413798 0.01232147 0.07108181 -0.04350996 0.01219552 0.07112461 -0.04302191 0.008904516 0.0698679 -0.04405695 0.00895822 0.0701918 -0.04420989 -0.04483991 0.1106978 0.06081992 -0.04483991 0.1106978 0.06081992 -2.39072e-4 0.06989425 -0.04636269 3.13127e-4 0.06996071 -0.04656511 1.91274e-4 0.06994247 -0.04653275 0.002512753 0.06995975 -0.04617995 0.002608835 0.06927454 -0.04609209 0.00335735 0.07002055 -0.04632461 0.002513468 0.06989341 -0.04591584 -0.01861977 0.07345032 -0.04225754 -0.01840603 0.07373327 -0.0421403 -0.02211654 0.07513052 -0.0406419 -0.02196669 0.07536357 -0.04053568 -0.003999412 0.06875777 -0.04456984 0.0127837 0.06089079 -0.04311752 -0.01474499 0.07235378 0.06087994 -0.0133354 0.07192271 0.06090015 -0.01466929 0.07213151 0.06049185 -0.01474499 0.07235378 0.06087994 -0.01474499 0.07235378 0.06087994 -0.01128154 0.07147681 0.0607509 -0.01073539 0.07124805 0.06081199 -0.01013833 0.07127821 0.06069707 -0.01096457 0.07159245 0.06035828 0.0183081 0.07334375 0.04212999 0.03513276 0.1428944 -0.01723825 0.03396439 0.1443929 -0.01651781 -0.04305607 0.1018308 0.06090974 -0.04258364 0.1004658 0.06150108 -0.04305607 0.1018308 0.06090974 0.04323655 0.1029746 -0.03304481 0.04324322 0.1023568 -0.03349977 0.0261026 0.07823479 0.06044977 -0.01881265 0.1556237 -0.01208984 0.003609061 0.0700348 -0.04641985 0.003609061 0.0700348 -0.04641985 0.003946959 0.07013177 -0.04644864 0.002793133 0.06281375 -0.04461979 -0.03393298 0.06352579 -0.02933007 -0.02183216 0.07376128 -0.03906947 -0.02213805 0.0734201 -0.03916925 -0.01499068 0.06089079 0.04289984 -0.01499068 0.06089079 0.04289984 -0.04323828 0.1053838 -0.03407001 -0.04326903 0.1061447 -0.03378856 -0.04323828 0.1053838 -0.03407001 -0.04323828 0.1053838 -0.03407001 0.04400879 0.1065828 -0.03191 0.04400157 0.1068568 -0.03179419 0.0446906 0.1099988 -0.03046196 -0.02904975 0.08052557 0.06089758 -0.02880823 0.08032733 0.06090182 -0.007347345 0.06905579 0.04470992 0.02058899 0.1540021 0.06133109 0.02148336 0.1544134 0.06090396 0.02120947 0.1545708 0.06090974 0.04401719 0.1131995 -0.03113269 0.04394948 0.1136388 -0.03105998 0.04413914 0.1119134 -0.03153848 0.0439397 0.1119083 -0.03149062 0.04494988 0.1156854 0.06087321 0.04431796 0.1077516 0.06069278 -0.04260271 0.1027668 -0.0337997 -0.04269069 0.103011 -0.03362381 -0.04260271 0.1027668 -0.0337997 -0.04260271 0.1027668 -0.0337997 -0.04150301 0.09933787 -0.03510874 -0.04166394 0.09938818 -0.0346806 -0.04190665 0.1002318 -0.03458005 -0.007509946 0.0711621 -0.04659187 -0.01198256 0.07209879 -0.04597979 0.04467958 0.1095308 -0.03048992 -0.02148139 0.1544137 0.06090414 -0.02043008 0.1539341 0.06132847 -0.02058899 0.1540021 0.06133109 -0.02120947 0.1545708 0.06090974 -0.01869088 0.1558178 0.06090003 -0.01869088 0.1558178 0.06090003 -0.01842528 0.1559022 0.06080472 -0.01850187 0.1558744 0.0608235 -0.01869088 0.1558178 0.06090003 -0.01762735 0.1562733 0.06090641 -0.03550463 0.08754986 -0.0395255 -0.03630477 0.08839982 -0.03915667 -0.03254425 0.08418715 -0.0410512 -0.03366786 0.0858761 -0.0403763 -0.03619921 0.08891576 -0.03902548 -0.0353825 0.08772283 -0.03958839 0.0264492 0.1513298 -0.01377981 0.02780598 0.150255 -0.01413708 0.02626436 0.1514393 -0.01370638 0.0264492 0.1513298 -0.01377981 -0.04000705 0.1339058 -0.02114999 -0.04000705 0.1339058 -0.02114999 -0.03999882 0.1340374 -0.02099841 -0.04000705 0.1339058 -0.02114999 0.04411172 0.1119338 -0.03163999 0.002636671 0.07110875 -0.04823976 0.003328382 0.07097762 -0.04829156 0.006703317 0.07131206 -0.0480535 0.005149245 0.07123464 -0.04815709 -0.04500049 0.06089079 0.002421021 0.02203929 0.06089079 -0.03917753 0.02020037 0.06089079 -0.04009974 -0.03364473 0.1443958 0.06069988 0.03875458 0.1372658 0.06069988 0.03875458 0.1372658 0.06069988 0.03875458 0.1372658 0.06069988 0.0274347 0.08057808 -0.04441291 -0.02190947 0.07510215 -0.03998094 -0.02191287 0.07493579 -0.03968 -0.04035151 0.09633278 -0.03613996 -0.03975099 0.09467887 -0.03661483 0.008599996 0.1587295 0.06134599 0.01275402 0.157535 0.0613408 -0.01055717 0.07112175 0.06086999 -0.009031176 0.07081782 0.06090003 -0.01055717 0.07112175 0.06086999 0.004512429 0.0705673 -0.04679709 0.03501844 0.08663475 0.06086355 0.03527683 0.08694809 0.06083464 0.03457528 0.08613014 0.06125086 0.03478175 0.08634877 0.06090974 0.03181827 0.0830788 0.06090974 0.03202396 0.08330684 0.06086534 0.03181827 0.0830788 0.06090974 0.03181827 0.0830788 0.06090974 0.03243046 0.08373707 0.06082719 0.02600687 0.07858687 -0.04324197 0.02462023 0.07801455 -0.04375582 0.02461606 0.0777347 -0.04390889 0.02422165 0.07767409 -0.04373562 0.02640539 0.07868796 -0.04313856 0.02570021 0.07816112 -0.04344666 0.0319916 0.08415514 -0.04118633 0.03104066 0.08325386 -0.04165643 0.03223329 0.08433777 -0.04101979 0.03223329 0.08433777 -0.04101979 0.04342418 0.1039901 -0.03295242 0.04338032 0.1039953 -0.03316354 -0.0347656 0.08747977 -0.04124999 -0.0347656 0.08747977 -0.04124999 -0.03444856 0.08719533 -0.04151457 0.03257912 0.0838353 0.06179469 0.03722536 0.08965545 0.06123876 0.03680878 0.08906501 0.06146907 0.03746682 0.1394215 0.06048321 0.03766155 0.1393485 0.0605396 0.0378564 0.1392198 0.06044977 0.03747016 0.1395668 0.06073206 0.03722298 0.1397448 0.06068974 0.02484065 0.07821881 -0.04378998 0.02346736 0.0794335 -0.0437414 0.03983378 0.09435743 0.06199979 0.03741258 0.08989673 0.06090974 0.03741258 0.08989673 0.06090974 0.03997468 0.09471809 0.06048655 0.03999739 0.09427076 0.06044977 -0.04316049 0.1063812 -0.03399157 -0.04359602 0.1086854 -0.0330249 -0.04387468 0.1121088 -0.03166997 0.04467439 0.1201443 0.06087172 0.04463899 0.1204718 0.06084996 -0.04014641 0.1352605 -0.02018392 -0.04007548 0.1352886 -0.02021485 -0.04017406 0.1352488 -0.02022993 0.03026098 0.08238476 -0.04180985 0.02791917 0.08042013 -0.04274892 0.02748245 0.07991677 -0.04272997 -1.31601e-4 0.07071775 -0.0482499 -4.32726e-4 0.07083594 -0.0482527 -0.001256227 0.07083117 -0.04809415 -0.003665447 0.07079428 -0.0480352 -0.003670632 0.0707947 -0.04803502 0.03410029 0.08660477 -0.04037994 0.0341975 0.08668172 -0.04023611 0.004882752 0.07057034 -0.04651951 0.004538059 0.0706588 -0.04654002 0.03482943 0.08722662 -0.03981178 0.04418677 0.1234068 0.06044977 -0.005763888 0.1594946 0.06083476 -0.00609678 0.1594818 0.06088984 -0.005390107 0.1595245 0.06079953 -0.00609678 0.1594818 0.06088984 -0.004654049 0.1596347 0.06090456 -0.00609678 0.1594818 0.06088984 -0.005435883 0.1593526 0.06087011 5.41598e-4 0.06689977 -0.04469001 5.41598e-4 0.06689977 -0.04469001 5.41598e-4 0.06689977 -0.04469001 0.001589179 0.06648379 -0.0446698 0.001589179 0.06648379 -0.0446698 0.03922647 0.1363964 -0.02012574 0.0377376 0.1379424 -0.01934993 0.03994977 0.1343005 -0.02078515 -0.02524423 0.07778352 0.06075638 -0.02516067 0.07767015 0.06075078 -0.02509236 0.07757496 0.06082856 -0.02522325 0.07770079 0.06072998 -0.02494126 0.07751685 0.06060856 -0.02380019 0.0769664 0.0606805 0.03626197 0.08845776 0.06073379 0.0354892 0.08719378 0.06078988 0.0354892 0.08719378 0.06078988 0.04150962 0.1322269 0.06078279 0.03918892 0.1366487 0.06094986 0.0378617 0.1392508 0.06078994 0.03769826 0.139476 0.06083905 -0.02724206 0.07938778 0.06069988 0.03204709 0.08449679 -0.04271996 0.03190988 0.08427208 -0.04264748 0.0343526 0.08702892 -0.04154354 -0.0433107 0.1025918 0.02016991 0.03126657 0.1472538 -0.01532 0.001877725 0.1598578 0.06088984 5.63526e-4 0.1597278 0.06072807 0.001877725 0.1598578 0.06088984 0.001877725 0.1598578 0.06088984 2.14812e-4 0.1598744 0.06090492 0.006403148 0.1594257 0.06090003 0.004676282 0.1596266 0.06090623 0.006403148 0.1594257 0.06090003 0.04445737 0.1092702 0.06073468 0.04460966 0.1107457 0.06108373 0.04436719 0.1090497 0.06069988 0.04436719 0.1090497 0.06069988 0.03579676 0.1413053 -0.01809293 0.03561627 0.1415128 -0.01779985 0.02866011 0.08019781 -0.03682005 -0.007607638 0.1588404 0.06036913 -0.006404161 0.1594328 0.06044977 -0.006404161 0.1594328 0.06044977 -0.03207749 0.08437675 -0.04246973 -0.03210848 0.08445918 -0.04256147 -0.03210204 0.0844497 -0.04255867 -0.03207749 0.08437675 -0.04246973 -0.01209121 0.07174879 -0.04595988 0.03687137 0.1393182 -0.02043056 0.03680336 0.1393441 -0.0205636 0.03681784 0.1394903 -0.02054893 0.03450757 0.1426148 -0.01919001 -0.02775961 0.07961577 0.06198835 -0.01129454 0.06089079 0.04411423 -0.007366776 0.06089079 0.04477 -0.04137647 0.09908175 -0.03529971 -0.04137647 0.09908175 -0.03529971 -0.04137647 0.09908175 -0.03529971 -0.03343397 0.1450098 -0.01621991 0.02660542 0.0782023 -0.03776133 0.02546536 0.07747977 -0.03818982 0.0333727 0.1440218 -0.0170198 0.0333727 0.1440218 -0.0170198 0.0326876 0.1446923 -0.01635813 0.0333727 0.1440218 -0.0170198 0.03818517 0.09244579 -0.03798997 -0.0378564 0.09056174 0.06044977 -0.0378564 0.09056174 0.06044977 -0.04499977 0.1148908 -0.02834004 0.03988951 0.133985 -0.02095049 0.04015535 0.1338168 -0.02096974 -0.04173225 0.1297088 -0.02421993 -0.04125648 0.1307873 -0.02397328 -0.04153782 0.130118 -0.02415657 0.005667686 0.069512 -0.04578363 0.00575906 0.07025974 -0.0458498 0.00707674 0.07045978 -0.04607945 0.005653679 0.06998741 -0.0456416 -0.04491305 0.1170297 0.06180006 0.02810168 0.08065378 -0.04278981 -0.03059148 0.1478928 -0.01505982 -0.004336237 0.07024174 0.06135135 -0.004298388 0.07042229 0.06134611 -0.004676938 0.07015401 0.06090623 0.02764177 0.1497071 -0.01473265 0.02461659 0.1517187 -0.01387995 0.02759957 0.1495398 -0.01479989 0.02794867 0.1492972 -0.01483207 0.03054445 0.146981 -0.0156117 -0.03998297 0.1342028 -0.02082002 0.01209414 0.07035177 0.04373997 -0.03427118 0.08704775 -0.04167985 0.04341453 0.1236925 -0.0252195 0.04270082 0.1266892 -0.02401089 0.01869088 0.07396274 0.06090003 0.01846051 0.07388693 0.06082594 0.01869088 0.07396274 0.06090003 0.04495549 0.1075237 0.001349866 0.04370486 0.1096549 -0.03264051 0.04360568 0.1081098 -0.03322106 0.02643638 0.07723563 -0.03626263 0.03765892 0.09043359 0.06054276 0.0378564 0.09056174 0.06044977 0.03720808 0.09002876 0.06069988 -0.02500039 0.07748174 0.06090974 -0.02500039 0.07748174 0.06090974 0.03680872 0.1407158 0.06146895 0.03662639 0.1409718 0.06180006 0.0339815 0.1443358 0.06180006 0.0339815 0.1443358 0.06180006 -0.004298329 0.1593577 0.06134611 -0.004337072 0.1595566 0.06135195 -0.04272997 0.1046298 -0.03469973 -0.03820919 0.1386608 -0.01876986 -0.0381053 0.1387999 -0.01878392 0.04348838 0.1077907 -0.03317511 8.11568e-4 0.0616073 -0.04521888 5.35365e-4 0.06089079 -0.04469972 0.04295146 0.1015673 0.06120663 0.04249078 0.1001838 0.06180006 -0.02403926 0.1517067 0.06132584 -0.02420943 0.1517131 0.06132692 -0.02523553 0.1521331 0.06090617 -0.04390335 0.1096058 -0.03259003 -0.008692085 0.07086765 0.06073164 -0.008711457 0.07082778 0.06073999 -0.001960694 0.06970912 0.06048709 -0.005907356 0.07029449 0.06083518 -0.005627632 0.07025873 0.06078988 0.03658646 0.08869081 -0.03004992 -0.03799134 0.1388707 -0.01876705 -0.03730082 0.1395969 -0.01863771 0.01457506 0.07295179 -0.04564994 0.01478153 0.07239913 0.0608955 0.0126518 0.07238507 0.06133633 0.01331222 0.07192397 0.06090474 0.01306056 0.07183474 0.06090974 -0.03110259 0.0632658 -0.03230983 -0.0339328 0.06089079 -0.02938979 -0.0339328 0.06089079 -0.02938979 -0.007421851 0.07133877 -0.04800999 -0.007384777 0.07128632 -0.04788172 -0.007609546 0.07147532 -0.0479961 -0.007371842 0.07128202 -0.04787665 -0.007421851 0.07133877 -0.04800999 -0.04157227 0.1320998 0.06088984 -0.04143804 0.1323629 0.06120419 -0.04157227 0.1320998 0.06088984 -0.04317349 0.1277792 0.06083303 -0.04325747 0.1273488 0.06078994 -0.04421353 0.1229249 0.06083261 0.04401516 0.1196298 -0.0282492 0.04425776 0.1159958 -0.02982002 0.04400801 0.1171324 -0.02954947 0.008639037 0.06971609 0.04504603 -0.02914279 0.08081877 0.0608552 -4.08776e-4 0.06548267 -0.04317241 -0.001384079 0.06484448 -0.04298067 2.76926e-5 0.06547576 -0.04319971 2.76926e-5 0.06547576 -0.04319971 -0.01662844 0.1558418 0.0613321 0.004337072 0.1595566 0.06135195 0.005926012 0.07041829 -0.04642337 0.007313311 0.07048976 -0.0462498 0.007130563 0.1591938 -0.0106498 0.006873428 0.1592811 -0.01056337 0.01597636 0.0716108 -0.0418998 0.01616108 0.07165795 -0.0423516 -0.01742708 0.07359814 0.06062006 -0.001984894 0.1597868 0.06073999 -0.002068996 0.1598104 0.06082308 -0.001984894 0.1597868 0.06073999 -0.001527905 0.0643028 -0.04319 -0.001527905 0.0643028 -0.04319 -0.001527905 0.0643028 -0.04319 -0.00214082 0.1598328 0.06090003 -0.00214082 0.1598328 0.06090003 5.05471e-4 0.07001179 -0.04665982 -0.03537219 0.08707374 0.06044977 -0.02525132 0.07719039 0.03876191 -0.04477638 0.1193008 0.06090974 -0.04472833 0.1195405 0.06118923 -0.04477638 0.1193008 0.06090974 -0.04477638 0.1193008 0.06090974 -0.04494714 0.1155434 0.06088054 -0.04252159 0.1007651 0.06072354 -0.01863116 0.0736438 0.04226994 -0.01863116 0.0736438 0.04226994 -0.01842379 0.07433956 0.04241257 -0.02193868 0.07521796 0.04064691 -0.02219259 0.07467126 0.04045289 0.01830333 0.0739448 0.06088203 0.01954162 0.07454609 0.06061339 0.00378853 0.07034456 -0.04663556 -0.02164316 0.07543677 -0.04419994 5.6931e-6 0.07003182 0.06135135 -2.1534e-4 0.06990605 0.06090492 -0.001595377 0.0699287 0.0608958 0.001922726 0.06995207 0.06090271 0.01880604 0.07400876 -0.04219985 -0.001160979 0.06089079 0.04533427 -0.002514779 0.1595534 0.06044852 -0.002367615 0.1597303 0.06054449 -0.002141118 0.1598398 0.06044977 -0.04312521 0.1039842 -0.03299415 0.02267009 0.1537668 0.06088984 0.02267009 0.1537668 0.06088984 0.04010099 0.09443777 0.06078988 0.03983438 0.09396076 0.06086081 0.04010099 0.09443777 0.06078988 0.04010099 0.09443777 0.06078988 -0.01844215 0.07364577 -0.04187995 0.03488147 0.1433078 0.06078994 0.03488206 0.1433062 0.06079 0.03641211 0.08874249 0.0607084 0.03628671 0.08861297 0.06070709 0.0107758 0.07133483 0.060727 0.01228308 0.07163488 0.06080782 0.03635638 0.08837276 0.0308898 0.03393328 0.08533477 0.0332598 -0.0441001 0.1233892 0.06189686 -0.04450625 0.1212897 0.06180006 -0.03357243 0.1446645 0.06074577 -0.03333795 0.1452842 0.06076025 -0.03277647 0.1456756 0.06084126 0.04481428 0.1148911 0.06199979 -0.04314118 0.1024155 0.06064081 -0.04365926 0.1039088 0.06081914 0.004895389 0.06972962 0.04593187 -0.03875458 0.1372658 0.06069988 -0.03875458 0.1372658 0.06069988 0.02953881 0.08094918 0.06081885 0.02878093 0.08031606 0.06086039 -0.002708256 0.06475239 -0.04452824 -0.002950251 0.06429082 -0.04460996 -0.03479963 0.08640867 0.06086134 -0.03395974 0.08553916 0.06095904 -0.03680676 0.08906376 0.06146293 -0.03757256 0.09012758 0.06085544 -0.03722566 0.08965581 0.0612331 -0.03771597 0.09033644 0.06083452 0.04414719 0.1232658 0.06076002 0.04389369 0.1248208 0.06070876 0.04413259 0.1235179 0.06084734 4.86697e-6 0.159767 0.06135195 -0.04333531 0.06089079 0.01246976 -0.04354995 0.06346678 0.01164984 -0.01142144 0.07099384 -0.04393357 0.02716183 0.07900589 0.03835082 0.02500551 0.07747775 0.03971982 -0.04364746 0.1048544 0.06065422 -0.04322499 0.1033087 0.06069988 -0.03933995 0.09378826 -0.03710919 -0.03865021 0.09287357 -0.03753417 0.02421611 0.07806128 0.06132686 0.002141118 0.1598398 0.06044977 0.04376572 0.1192548 -0.02836132 0.04398989 0.1198538 -0.02823996 0.02730065 0.06089079 -0.03565001 0.02893811 0.06089079 -0.03439444 0.04042404 0.1344101 -0.02062785 0.03894573 0.1372981 -0.01938045 0.04287916 0.1285259 -0.02298796 0.03622311 0.1415407 -0.01768213 0.005940318 0.07043564 0.06077188 0.004298388 0.07042229 0.06134611 0.008914172 0.06957077 -0.04388988 0.04412895 0.1061138 0.06090974 0.04412895 0.1061138 0.06090974 0.04405361 0.1058588 0.06119745 0.006404161 0.1594328 0.06044977 -0.02224761 0.07439339 0.0612927 -0.016761 0.07383036 0.06133568 0.02810806 0.07974874 0.03778988 0.02168148 0.1543121 -0.01253199 0.01750499 0.1561665 -0.01162701 0.01797068 0.1561468 -0.01173985 -0.01306056 0.07183474 0.06090974 0.01563888 0.06757575 0.04245996 0.0183711 0.06866174 0.04128986 0.04415476 0.1198418 -0.02660977 0.04440295 0.1162443 -0.02806901 0.04411017 0.1197089 -0.02676981 -0.02818197 0.07980775 -0.04245001 0.0430023 0.1281096 0.06086146 0.04153293 0.1322091 0.06084191 0.04150265 0.1322968 0.06077986 0.04369062 0.1257941 0.06082034 0.04314076 0.1273661 0.06064134 0.04289937 0.1280789 0.06075036 0.00553739 0.06965637 -0.04521137 -0.04143488 0.09741085 0.06121659 0.03196078 0.1463242 0.06080454 0.02171516 0.1542838 -0.01259005 0.02163732 0.1543645 -0.01259803 0.04618376 0.1097783 -0.0302872 0.04374611 0.1079729 -0.03172898 0.04383611 0.1085168 -0.03142982 0.04490482 0.1119668 -0.02950996 -0.002521634 0.06996077 0.04677999 -0.002521634 0.06996077 0.04677999 -0.002521634 0.06996077 0.04677999 5.93857e-4 0.07036095 -0.04659938 -0.001145899 0.07044124 -0.04662179 -0.001449525 0.07050275 -0.0466398 -0.00501585 0.1586848 -0.01285994 -0.006914079 0.1584469 -0.0129401 -0.04177641 0.1316158 0.06044977 -0.04249078 0.1001838 0.06180006 0.01072859 0.07124269 -0.0460059 0.009913861 0.0711258 -0.04619973 0.009913861 0.0711258 -0.04619973 0.01019644 0.07115286 -0.04611027 0.01462101 0.07233279 -0.04549998 0.01471877 0.07241779 -0.0455529 -0.0433976 0.1036838 -0.03306984 -0.0433976 0.1036838 -0.03306984 0.02161443 0.07566934 -0.04428648 0.0219596 0.07572859 -0.04436635 0.0219497 0.0757268 -0.04434007 0.0219497 0.0757268 -0.04434007 0.02164316 0.07548993 -0.04429215 0.01259607 0.07267397 -0.04750764 0.01279562 0.07255309 -0.04736512 0.01288783 0.07262176 -0.0474599 0.01753711 0.07445764 -0.04688948 0.01208019 0.07272076 -0.04758989 -0.006403148 0.07035475 0.06090003 -0.01479798 0.06648415 0.04277771 -0.043177 0.1275688 0.06044977 -0.04296159 0.1270145 0.0603587 -0.003646731 0.07271605 -0.04720562 -0.003667116 0.07076978 -0.04793983 -0.002242684 0.1591318 -0.01085972 0.04368543 0.1255791 0.06086552 0.04380291 0.1064716 -0.03203731 0.04377979 0.1063998 -0.03197973 -0.04489886 0.06111359 0.003219127 -0.04499042 0.06099557 0.001259863 0.0398041 0.09433943 -0.03696596 0.03819406 0.09141647 -0.0377382 0.04057979 0.09587484 -0.03619939 0.03985863 0.09420859 -0.03678315 0.03738731 0.08900576 -0.03872585 0.03820919 0.09111976 -0.03789997 -0.008939743 0.07184195 -0.04794722 -0.04369646 0.1254908 0.06180006 -0.04305607 0.1279507 0.06090974 -0.04295134 0.1282141 0.06120669 -0.007641553 0.06924062 -0.0441246 0.04305619 0.1279498 0.06090003 0.04305619 0.1279498 0.06090003 0.002967894 0.06433278 -0.04460996 0.002967894 0.06433278 -0.04460996 0.04300618 0.1042848 -0.03317981 0.04300618 0.1042848 -0.03317981 0.04072731 0.1050608 -0.03377848 0.04300618 0.1042848 -0.03317981 0.04300838 0.1040366 -0.03316915 0.0163486 0.07384276 -0.04697996 0.01674139 0.07414561 -0.04690474 0.016267 0.07376515 -0.04687929 0.01766681 0.0746265 -0.04650825 -0.03064495 0.08291077 -0.04187995 -0.03064495 0.08291077 -0.04187995 -0.02994924 0.08211302 -0.04198509 -0.02586835 0.08177232 -0.0438019 -0.02761119 0.08025676 -0.04295986 0.01267778 0.07247078 -0.0472598 -0.03060078 0.1478109 0.06079405 -0.03079539 0.1476098 0.06074982 -0.02993267 0.1484577 0.06084477 -0.02973145 0.1486788 0.06088984 -0.02973145 0.1486788 0.06088984 0.01501309 0.07246178 0.06088984 0.01501309 0.07246178 0.06088984 0.01466464 0.072362 0.06084674 -0.04249078 0.1295968 0.06180006 0.03909516 0.1371002 0.06147736 0.03968316 0.1360948 0.06090003 0.03968316 0.1360948 0.06090003 0.04412889 0.1236668 0.06090974 0.04375743 0.1252155 0.06150925 -0.0221914 0.07573378 0.06084358 -0.02205711 0.07550162 0.0608136 -0.02121359 0.07521176 0.06090974 0.01811558 0.07376575 0.06072998 0.01391178 0.07215297 0.06066477 -0.0447393 0.1022478 -0.005180001 -0.03809648 0.1374928 -0.01964998 -0.03809648 0.1374928 -0.01964998 -0.03872144 0.1366661 -0.01982134 -0.03609877 0.1407685 -0.01812547 -0.03809648 0.1374928 -0.01964998 0.02175945 0.07600915 -0.04460638 0.02158063 0.07615417 -0.044501 0.01243561 0.07050061 -0.04309201 0.01242208 0.07026678 -0.04299998 6.88125e-4 0.1592668 -0.0106498 0.0106076 0.0711658 0.06090003 0.008972585 0.07081097 0.06090623 0.0106076 0.0711658 0.06090003 -0.01485568 0.1573798 0.06077986 0.04294919 0.1041248 -0.03453981 0.04294919 0.1041248 -0.03453981 0.003641009 0.1590018 -0.01262974 0.002013921 0.1589657 -0.01271849 0.04453676 0.1210309 0.06151878 0.04450625 0.1212897 0.06180006 0.04477649 0.1193008 0.06090974 -0.03893995 0.1373727 0.06180006 -0.03951883 0.1363543 0.06122738 -0.03722518 0.1401259 0.06123882 -0.03741246 0.1398848 0.06090974 -0.03741246 0.1398848 0.06090974 -0.03741246 0.1398848 0.06090974 -0.03260982 0.1459008 0.06088984 -0.03968107 0.1360977 0.06090974 -0.03140366 0.1458079 -0.01773989 -0.03209728 0.1453848 -0.01791983 0.04053968 0.0964238 -0.03601998 -0.04420006 0.1232877 0.06086397 -0.04412895 0.1236668 0.06090974 -0.04412895 0.1236668 0.06090974 0.04330557 0.1239741 -0.02670466 0.031098 0.08236479 0.03564 -0.02509695 0.07727485 -0.03887736 -0.04300588 0.1039718 -0.03308004 -0.04300588 0.1039718 -0.03308004 -0.04350996 0.106108 -0.03222399 -0.003956973 0.07072734 -0.04671823 -0.004862666 0.07069879 -0.04649978 -0.005589485 0.0708754 -0.04649615 -0.01472562 0.07311779 -0.04585993 -0.01472562 0.07311779 -0.04585993 -0.0151323 0.0732848 -0.04695987 -0.0151323 0.0732848 -0.04695987 -0.01550334 0.07350486 -0.04704117 -0.01534032 0.07342171 -0.04702734 0.01778721 0.07432579 -0.04536998 0.01837557 0.0744912 -0.04511839 0.01635372 0.0750615 -0.04608446 -0.0387392 0.1363238 -0.02156984 -0.03715121 0.13886 -0.02052378 0.02244925 0.07589274 0.06077003 0.02268838 0.07602542 0.06083595 0.04178535 0.1001658 -0.03482735 0.04179149 0.100184 -0.03481477 0.04084825 0.09749281 -0.03568989 0.04084825 0.09749281 -0.03568989 0.01466006 0.1572387 0.06199979 -0.007918 0.06946992 -0.04554063 -0.007657527 0.06984108 -0.04442995 -0.007822751 0.07036799 -0.04509079 -0.007549405 0.07011997 -0.04400688 -0.00370872 0.07075381 -0.04682004 -0.00370872 0.07075381 -0.04682004 -0.00370872 0.07075381 -0.04682004 0.01869368 0.1558238 0.06044977 0.01881253 0.1556864 0.06051874 0.01745867 0.1561747 0.06061255 0.01047194 0.07187378 -0.04748994 -0.0234611 0.1529856 -0.01251912 -0.02833932 0.1492224 -0.01497328 -0.03968316 0.09368574 0.06090003 -0.03952074 0.09342956 0.06122142 0.04499977 0.1148908 -0.02834004 0.04491239 0.1153732 -0.02822273 -0.02766519 0.1503357 0.06074982 -0.02743649 0.150509 0.06079375 -0.0264787 0.1512387 0.06084907 -0.02770358 0.1502338 0.06084758 -0.04409062 0.1232209 -0.02518731 -0.03877604 0.09205579 -0.03751999 -0.01139909 0.06956475 -0.04319971 0.04378175 0.11952 -0.02867883 -0.0118891 0.07234203 -0.04752826 -0.01127731 0.07207781 -0.04742002 -0.01127731 0.07207781 -0.04742002 -0.01157736 0.0722239 -0.04750168 -0.01127731 0.07207781 -0.04742002 0.01864629 0.0745458 -0.04497987 0.01830703 0.1558338 -0.01200979 -0.02611345 0.1515368 0.06090003 -0.02611345 0.1515368 0.06090003 0.04151684 0.1303995 -0.0224874 0.04182487 0.1297048 -0.02263993 -0.001515448 0.06898176 -0.04487997 -0.03589892 0.1410425 -0.01819318 -0.0358814 0.1408668 -0.01832002 -0.02946865 0.1488987 0.06044977 -0.03662639 0.1409718 0.06180006 -0.04424649 0.1230497 0.06082975 0.03617775 0.08830136 -0.03916537 0.03587025 0.08771878 -0.03925997 -0.01517063 0.07148367 0.04291123 -0.01526957 0.0715295 0.04288762 0.02728241 0.07761478 -0.03778922 0.04071843 0.1339856 -0.02072417 0.0407387 0.1338897 -0.02082002 0.0407387 0.1338897 -0.02082002 0.02384454 0.07517176 -0.03801 0.002518653 0.0701794 0.06049203 0.002141118 0.06994175 0.06044977 0.003678858 0.1590358 -0.01088976 0.003678858 0.1590358 -0.01088976 0.003678858 0.1590358 -0.01088976 -0.02278918 0.1537008 0.06088984 -0.02265703 0.1537742 0.06083512 -0.02261894 0.1537958 0.0608254 0.03885322 0.1373213 0.06189912 0.03893995 0.1373727 0.06180006 0.04090046 0.1335688 0.06180006 0.04102599 0.1332867 0.06149017 0.01826792 0.07390636 -0.04495233 0.01835209 0.07386386 -0.04493206 0.00242871 0.06566381 -0.04463994 9.74006e-4 0.06970179 0.04617995 9.74006e-4 0.06970179 0.04617995 9.5847e-4 0.06979447 0.04650413 -0.009051859 0.07081079 0.04590988 -0.006101846 0.07019144 0.04604858 -0.02811121 0.06738376 -0.03480982 -0.04356116 0.1067706 -0.03210526 -0.0438615 0.1080688 -0.0314098 -0.008600056 0.07105058 0.06134599 0.004651486 0.06948947 0.0464915 0.004480242 0.070607 0.0461927 0.04205799 0.1283407 -0.024984 0.04204732 0.1284477 -0.0249924 0.0217821 0.07504278 0.04050981 0.0217821 0.07504278 0.04050981 0.04369646 0.1254908 0.06180006 0.02635729 0.0784828 0.06074982 0.02635729 0.0784828 0.06074982 0.02597409 0.07834827 0.06088113 -0.04112708 0.1327607 -0.02135384 -7.91978e-4 0.06989675 -0.04623997 -7.91978e-4 0.06989675 -0.04623997 -0.02503609 0.07668828 -0.03785401 -0.04298609 0.1254728 -0.02610993 -0.04254299 0.1259654 -0.025626 -0.04298609 0.1254728 -0.02610993 -0.04420262 0.1068097 -0.03174996 -0.03393667 0.06089079 0.02998977 -0.0181564 0.07449078 -0.0452997 -0.01060909 0.07115876 0.06044977 0.02500146 0.07748275 0.06090974 -0.004341781 0.07010078 -0.04602998 -0.03099936 0.1465338 -0.01600998 -0.02910244 0.08058786 0.06081926 -0.02914404 0.08061844 0.06082999 -0.02929311 0.08071875 0.06088984 0.04211854 0.1000052 -0.03492504 -0.03180384 0.08318173 -0.04126119 0.04347187 0.1215968 -0.02783983 0.04491305 0.1127508 0.06180006 0.04491305 0.1170297 0.06180006 0.04491698 0.1167929 0.06152629 -0.01657581 0.07312911 0.06071472 -0.01953274 0.07442378 0.06072998 -0.01933103 0.07403635 0.0607447 -0.0189833 0.07412862 0.06083244 0.04137325 0.1307138 -0.02244001 0.0426048 0.1270158 -0.02393984 0.03246849 0.08284115 -0.03229397 0.03478235 0.1434308 0.06090974 -0.008777737 0.07076179 0.06090974 0.02249979 0.07591974 0.06044977 -0.01028567 0.1585199 0.06090813 0.03636986 0.1414408 -0.01772975 -0.002810776 0.0628708 -0.04461979 -0.0252338 0.07662332 0.0381934 -0.02526259 0.07630079 0.03788983 -0.01165163 0.0706526 -0.04468011 -0.0114364 0.07115679 -0.04413998 0.04486119 0.1110658 0.06081992 0.04494917 0.1144444 0.06089127 0.04486119 0.1110658 0.06081992 0.04349219 0.1233327 -0.02542001 0.03343397 0.08477181 -0.04044985 0.03441452 0.08610749 -0.0400874 -0.03199833 0.08084803 -0.03383034 -0.04177641 0.09816575 0.06044977 -0.02058964 0.154216 -0.01273977 0.02978676 0.08114475 0.06077986 -0.002990365 0.06101745 0.04522174 -0.007335484 0.07122975 -0.04774981 -0.007335484 0.07122975 -0.04774981 0.01958441 0.07212287 0.0416072 0.04315096 0.1273439 0.06053268 -0.03871798 0.1362867 -0.02183002 -0.03914916 0.1352152 -0.02214515 -0.03871798 0.1362867 -0.02183002 -0.03914541 0.1351626 -0.0223307 -0.03648418 0.1398788 -0.02021694 -0.03488308 0.1420398 -0.01951998 -0.03466665 0.142375 -0.01927095 -0.04410916 0.1105097 -0.03056102 -0.04421085 0.1109448 -0.03023988 -0.02839791 0.07877779 0.03588998 -0.02839791 0.07877779 0.03588998 0.043177 0.1275688 0.06044977 0.02139276 0.07610678 -0.04463994 0.02139276 0.07610678 -0.04463994 -0.04425477 0.1137238 -0.03069972 -0.04430216 0.1132053 -0.03089904 -0.04421699 0.1142165 -0.03057765 -0.01518946 0.07190877 0.04312998 -0.0103994 0.0714876 -0.04555106 -0.01485329 0.07241278 -0.04360979 -0.01485329 0.07241278 -0.04360979 -0.0434966 0.1065238 -0.03227978 -0.0434966 0.1065238 -0.03227978 -0.0434966 0.1065238 -0.03227978 -0.03315216 0.08473461 -0.03334027 0.02256143 0.07605332 0.06049889 0.02249979 0.07591974 0.06044977 0.02249979 0.07591974 0.06044977 0.01616472 0.07367378 -0.04676979 0.01616472 0.07367378 -0.04676979 0.03005391 0.1477192 -0.01532268 0.02964299 0.1480967 -0.01512998 -0.04090046 0.09621179 0.06180006 0.01588988 0.1565359 0.06033861 0.0143941 0.1572697 0.06068974 0.016258 0.1568004 0.06063216 0.0423749 0.1292747 0.06069988 0.04251509 0.1290507 0.06062591 0.03062897 0.1468928 -0.01586997 -0.001417517 0.06666392 -0.04443895 -0.00198704 0.06618177 -0.04465997 -0.007865726 0.07058179 -0.04550999 -0.007865726 0.07058179 -0.04550999 -0.04405742 0.1237119 -0.02487277 -0.04403907 0.1233507 -0.02512997 0.02381187 0.07590866 0.04031097 -0.03662639 0.08880877 0.06180006 0.001333773 0.07006746 0.06081575 -3.04642e-4 0.07010477 0.06066972 -5.5463e-4 0.07005351 0.06072801 -3.04642e-4 0.07010477 0.06066972 0.03951871 0.09342616 0.0612275 0.03893995 0.09240877 0.06180006 0.03968107 0.09368276 0.06090974 -0.02453315 0.07777577 -0.04360979 -0.02453315 0.07777577 -0.04360979 -0.02437734 0.07717126 -0.04374414 -0.02456843 0.07791334 -0.04372233 -0.02263188 0.07627266 -0.04414427 -0.01471787 0.07236576 0.06044977 0.03581327 0.1409608 -0.01826995 0.03581327 0.1409608 -0.01826995 0.0379731 0.1377007 -0.01961994 0.04113596 0.1367067 -0.02111804 -0.007750391 0.0712068 -0.04638981 -0.0114656 0.0713768 -0.04472976 -0.00306797 0.1597035 -0.01039999 -0.003676474 0.1597397 -0.01029986 0.04285007 0.1287428 -0.02287977 0.04328805 0.127144 -0.02344894 0.04277241 0.1289138 -0.02277934 0.04285007 0.1287428 -0.02287977 -0.0440582 0.1103358 -0.03071993 -0.0440582 0.1103358 -0.03071993 -0.0440582 0.1103358 -0.03071993 -0.0339607 0.08141881 -0.02908986 -0.01943308 0.0754038 -0.04648995 -0.01936185 0.07528394 -0.04648 -0.01943308 0.0754038 -0.04648995 -0.01748979 0.07344526 0.06090569 0.03177535 0.1457208 -0.01778 0.03177535 0.1457208 -0.01778 0.04143816 0.0974186 0.06120407 0.04479598 0.1106128 0.06044977 -0.02582788 0.07895725 -0.04499465 -0.0259248 0.0789017 -0.04483425 -0.04480201 0.06089079 -0.003939986 -0.04480201 0.06089079 -0.003939986 0.01869368 0.07395678 0.06044977 0.01471787 0.07236576 0.06044977 0.01589441 0.07323783 0.06036162 0.01471787 0.07236576 0.06044977 -0.02895534 0.08048778 0.06076002 -0.0339815 0.08544576 0.06180006 -0.03418463 0.08567768 0.06145721 -0.03457587 0.08613103 0.0612508 -0.03478235 0.08634972 0.06090974 0.03762561 0.09083324 -0.03803926 0.03646188 0.08871072 -0.03912472 -0.02910178 0.08152776 -0.04363977 -0.02910178 0.08152776 -0.04363977 -0.02910178 0.08152776 -0.04363977 -0.03615468 0.1401099 -0.02036148 -0.03725868 0.1383498 -0.02107 -0.03213346 0.1452658 -0.01821976 -0.0344243 0.1426529 -0.01908838 -0.02607798 0.0794692 -0.04486215 -0.03289657 0.08576434 -0.04231935 -0.01142299 0.06089079 0.04395997 0.03610396 0.1414577 -0.0178098 -0.04173099 0.1317278 -0.02156001 -0.04173099 0.1317278 -0.02156001 -0.03130835 0.1480622 -0.0154584 0.001992166 0.06999474 0.06073999 0.002072215 0.06997066 0.06082278 0.02486175 0.07768177 0.06069988 0.01471793 0.1574158 0.06044977 -0.007743418 0.06953877 -0.04417985 0.01627373 0.07318025 0.0606535 0.01712507 0.07354676 0.06069988 -0.01849132 0.155781 0.06075692 0.04157227 0.09768176 0.06088984 0.04157227 0.09768176 0.06088984 0.02769118 0.07950222 -0.04275006 0.02765148 0.07938051 -0.04269087 0.02759778 0.0793308 -0.04277998 0.03906291 0.1357288 -0.02179986 0.01979738 0.1550458 0.06067991 -0.001872301 0.06992274 0.06088984 -0.001872301 0.06992274 0.06088984 -0.03893995 0.09240877 0.06180006 -0.03478175 0.1434317 0.06090974 -0.0345754 0.1436505 0.0612508 -0.03418457 0.1441036 0.06145715 -0.03171235 0.0837928 -0.04122996 0.006991088 0.07044553 0.0608955 0.004410088 0.07011377 0.06090974 0.004187464 0.07010662 0.06090623 0.004410088 0.07011377 0.06090974 0.04499316 0.1148908 0.06090974 -0.0408504 0.09782379 -0.03706985 0.01673626 0.1565803 0.06058186 0.01715391 0.1562287 0.06068974 -0.04044288 0.1328998 -0.02298974 -0.04044288 0.1328998 -0.02298974 -0.04044288 0.1328998 -0.02298974 -0.03084522 0.1464033 -0.01781785 0.04123425 0.130858 -0.02410078 0.04439902 0.1116581 -0.02990436 0.01025933 0.1587058 -0.01071006 -0.01216059 0.07247281 -0.04760992 0.03082543 0.07903075 0.03467929 -0.0361219 0.1408978 -0.01804 0.04426044 0.1228714 -0.02519333 0.0443148 0.1227138 -0.02518999 0.04341596 0.1267248 -0.02358001 -0.02461034 0.1523126 0.06071799 -0.02440118 0.1524502 0.06069254 -0.0352292 0.0871917 0.06199979 0.02365523 0.07775568 -0.04505276 -0.0367726 0.1395457 -0.02028 -0.0367726 0.1395457 -0.02028 0.02438825 0.07711255 -0.04363858 0.02423256 0.07703679 -0.04373997 0.02465987 0.07724881 -0.0434798 0.02465987 0.07724881 -0.0434798 -0.02949887 0.08159983 -0.0421155 -0.04214388 0.06089079 0.01613998 -0.02248579 0.1538708 0.06077003 0.02216917 0.06147956 -0.03902995 0.00214082 0.06994777 0.06090003 0.00214082 0.06994777 0.06090003 -0.007557511 0.07124781 -0.04661995 -0.007557511 0.07124781 -0.04661995 -0.02858763 0.08059996 -0.0428124 0.02451574 0.1523746 0.06070083 -7.79487e-4 0.06684577 -0.04469001 -7.79487e-4 0.06684577 -0.04469001 -0.01583933 0.07321137 0.0603578 -0.03285259 0.08410978 0.06078988 -0.03200137 0.08347237 0.06071895 -0.0324698 0.08397704 0.06100201 -0.01721817 0.07332175 0.06090974 0.04409241 0.1233145 -0.02510929 0.04381519 0.1243902 -0.02469301 0.04450106 0.1205528 -0.02623581 0.04470872 0.1194986 -0.02662318 -0.02891427 0.08063066 -0.04235446 -0.004589676 0.1595741 0.06199979 0.02312237 0.07713681 -0.04539996 0.02290159 0.07708388 -0.04556763 0.03874331 0.09200078 -0.02754998 0.0124216 0.07071775 -0.04319 0.01988959 0.07533681 -0.04610997 0.01988959 0.07533681 -0.04610997 0.02009892 0.07518285 -0.04633659 -0.01144641 0.06371778 -0.04328984 -0.007951676 0.06272679 -0.04404985 -0.01905983 0.07499045 -0.04638391 -0.01889967 0.0748558 -0.04630982 -0.01889967 0.0748558 -0.04630982 -0.0191189 0.07499289 -0.04640102 -0.002558887 0.06695878 0.04522997 0.01435565 0.157522 -0.01124227 0.01448196 0.1574658 -0.01130998 0.006758034 0.07039076 0.06088984 0.006758034 0.07039076 0.06088984 0.006353914 0.0704199 0.06085944 -0.0339815 0.1443358 0.06180006 -0.02239787 0.07680976 -0.04579991 -0.02251666 0.07668739 -0.04571413 -0.04016709 0.1330017 -0.02323198 -0.04113024 0.1309328 -0.02401024 0.001838088 0.1589328 -0.01275998 -0.04333055 0.09633076 -0.01229 -0.01571959 0.07364279 -0.04710996 0.04460686 0.1161521 -0.02823686 -0.04114449 0.1310198 -0.02396005 0.01998257 0.07549679 -0.04633003 -0.03105956 0.1467538 -0.01568001 0.04290187 0.1249395 -0.02647155 -0.03199774 0.08345776 -0.04120999 -0.03199774 0.08345776 -0.04120999 0.02547758 0.07779777 -0.03884989 -0.00773859 0.1592028 -0.01054441 -0.009426832 0.1588801 -0.01071929 0.0304163 0.07996076 -0.03329986 -0.02860128 0.08024281 -0.04246973 -0.007959544 0.1590473 -0.01069718 -0.007533133 0.1590728 -0.01069974 -0.02487337 0.07738977 -0.04355984 -0.02487337 0.07738977 -0.04355984 -0.04407072 0.1159502 -0.03011953 -0.04373371 0.1200664 -0.02843075 -0.04411917 0.115809 -0.03010344 -0.04272806 0.1255581 -0.02624261 0.04249078 0.1295968 0.06180006 0.04249078 0.1295968 0.06180006 -0.04369127 0.1217408 -0.02768999 -0.04411774 0.118701 -0.02883923 -0.04417115 0.1158478 -0.03006982 0.008621335 0.07020074 0.04497987 -0.0371958 0.09060478 -0.03845006 -0.0371958 0.09060478 -0.03845006 -0.0371958 0.09060478 -0.03845006 0.0362969 0.0866748 -0.02777993 0.04482156 0.1191848 -0.02671974 -0.03907608 0.09407877 -0.03856986 -0.03364473 0.08538478 0.06069988 -0.03166705 0.08324879 0.06067991 3.13241e-4 0.1596767 0.06066972 3.13241e-4 0.1596767 0.06066972 0.04419308 0.1230767 -0.02518999 -0.005868494 0.06391781 -0.04431003 -0.04394567 0.1095338 -0.03235977 0.006052613 0.07030075 0.06077003 0.02156585 0.1537098 -0.01289999</float_array>
          <technique_common>
            <accessor source="#shape0_001-mesh-positions-array" count="3064" stride="3">
              <param name="X" type="float"/>
              <param name="Y" type="float"/>
              <param name="Z" type="float"/>
            </accessor>
          </technique_common>
        </source>
        <source id="shape0_001-mesh-normals">
          <float_array id="shape0_001-mesh-normals-array" count="1806">0.1939775 -0.9489825 -0.2486062 0.2212302 -0.845155 -0.4865905 0.2179999 -0.8651329 -0.4516869 0.1927618 -0.9514488 -0.2399756 -0.05396717 0.9961226 0.06947982 0.03828203 0.9818193 -0.1859177 0.1908362 0.4745422 0.859297 0.4448146 0.8930169 0.06827104 0.2220558 0.5333491 0.8162292 0.52087 0.7774443 0.3525264 0.5264858 0.7349315 0.4274206 0.6601274 0.7510743 0.01092582 0.6715821 0.74019 -0.03311365 0.663846 0.7478644 -0.002746641 0.6748478 0.7364667 -0.04687798 0.7255353 0.6880576 0.01324534 0.7358506 0.6762465 -0.03485298 0.7290774 0.6844276 -0.002258419 0.7386467 0.6722683 -0.04956251 0.7882192 0.6152669 -0.01254338 0.7831522 0.6217974 0.006378471 0.7957206 0.6041226 -0.04318428 0.7998884 0.596933 -0.06204634 0.8362559 0.548155 0.0142219 0.8459704 0.5321077 -0.03457856 0.8399698 0.5426248 -0.003051877 0.8488035 0.5261837 -0.05160814 0.8928011 -0.372148 0.2537955 0.6218404 0.3543651 -0.698384 0.857594 -0.4070367 0.3144104 0.9794326 -0.2010259 -0.01733452 0.9486091 -0.2919807 0.1220172 0.8915325 -0.4525616 -0.01891154 0.5136956 -0.8579497 0.006256341 0.5184225 -0.8548616 0.02121055 0.4998161 -0.8654078 -0.03540247 0.4943565 -0.8677638 -0.05096769 0.07391726 -0.9124909 0.402364 -0.9096261 0.4154279 3.05192e-5 -0.8934915 0.4490804 3.05185e-5 -0.9094897 0.4157266 6.10375e-5 -0.9450079 0.3270477 3.05196e-5 -0.9442257 0.3292994 -6.10379e-5 -0.9621902 0.2723785 3.05186e-5 -0.5985681 0.07403892 -0.7976431 0.7019777 0.07798421 -0.7079165 0.704259 0.07409042 -0.7060666 0.330156 0.9439265 1.22077e-4 0.3717275 0.928342 9.15585e-5 0.3716906 0.9283567 9.15569e-5 0.2382318 0.9712083 6.10381e-5 0.2815665 0.9595417 6.10376e-5 0.4192749 0.9078593 1.52597e-4 0.4581788 0.8888602 1.22075e-4 0.4581547 0.8888726 1.22077e-4 -0.9982563 0.04114001 -0.04233026 -0.9985736 0.05328571 0.00338757 -0.9988627 0.0475794 0.003112912 0.5042714 0.8635453 2.13636e-4 0.5405848 0.8412895 1.83115e-4 0.5405493 0.8413123 1.83113e-4 -0.9997856 0.01550382 -0.01373368 -0.976879 0.2137848 0.001892149 -0.989557 0.1441425 1.83116e-4 -0.9898308 0.1422502 9.15577e-5 0.5848987 0.8111064 2.74672e-4 0.6183175 0.7859285 2.44153e-4 0.6182838 0.785955 2.44152e-4 0.6610461 0.7503454 2.44154e-4 0.6900597 0.7237524 3.05188e-4 0.690091 0.7237227 2.74669e-4 -0.9718049 0.2357869 3.05186e-5 -0.9718118 0.2357581 3.05189e-5 0.7367777 0.676135 -3.05198e-4 0.7557103 0.6549061 2.13633e-4 0.7561069 0.6544483 1.83114e-4 -0.94503 0.3269838 3.05193e-5 0.7930696 0.6091309 -4.88306e-4 0.8145347 0.5801145 -7.32468e-4 0.8143824 0.5803284 -7.01949e-4 -0.9096429 0.4153912 3.05188e-5 0.8418017 0.5397871 -3.05189e-5 0.8660656 0.4999303 -3.35708e-4 0.8659009 0.5002155 -3.05196e-4 -0.8467702 0.5319591 3.05197e-5 -0.8660657 0.4999303 3.05189e-5 0.8922438 0.4515542 1.22075e-4 0.9096146 0.4154532 1.52594e-4 0.9096261 0.4154279 1.52596e-4 -0.792061 0.6104421 6.10381e-5 -0.8145596 0.58008 9.15578e-5 -0.8145349 0.5801147 9.15585e-5 0.9324936 0.3611868 9.15556e-5 0.9450112 0.3270382 1.22075e-4 0.9450205 0.327011 1.22076e-4 -0.7309091 0.6824748 9.15582e-5 -0.7557103 0.6549061 9.15569e-5 -0.7557103 0.6549061 1.22076e-4 0.9626967 0.270583 9.15575e-5 0.9718118 0.2357581 9.15566e-5 0.9718188 0.2357293 9.15572e-5 0.9565848 0.2913945 0.00589013 0.9898308 0.1422502 6.10385e-5 0.9889114 0.1485061 3.96749e-4 -0.6622624 0.7492721 2.13633e-4 -0.6901687 0.7236486 3.35715e-4 -0.6900597 0.7237524 3.66225e-4 0.9978943 0.04498565 -0.04672527 0.998817 0.04757869 0.01004064 0.9991026 0.04123121 0.009705007 -0.5847203 0.8112349 3.35713e-4 -0.6182838 0.785955 3.0519e-4 -0.6182986 0.7859433 3.05197e-4 0.9966421 -0.08185303 0.002166867 -0.5037875 0.8638276 2.44157e-4 -0.5405278 0.8413262 2.13635e-4 -0.5405848 0.8412895 2.13634e-4 -0.4187543 0.9080996 1.52596e-4 -0.4581305 0.888885 1.22079e-4 -0.4581788 0.8888602 1.22075e-4 -0.3302743 0.943885 9.15564e-5 -0.3716906 0.9283567 6.10379e-5 -0.3717275 0.928342 6.1039e-5 -0.2390584 0.9710053 6.10388e-5 -0.2816028 0.9595311 6.10389e-5 -0.1458208 0.9893111 9.15577e-5 -0.1894326 0.9818938 1.22077e-4 -0.1894031 0.9818994 1.22077e-4 -0.04846411 0.998825 1.52595e-4 -0.09512734 0.9954651 2.7467e-4 -0.09503662 0.9954738 2.74672e-4 0 1 2.74675e-4 6.10389e-5 1 2.74675e-4 0.05002129 0.9987482 1.22078e-4 0.09503662 0.9954738 1.52596e-4 0.09509712 0.9954681 1.52595e-4 0.1449027 0.9894459 6.10373e-5 0.1894031 0.9818994 6.10387e-5 0.2816028 0.9595311 6.10389e-5 -0.9067343 -0.4185139 -0.05176103 -0.9376835 0.3473739 0.009003221 -0.2143674 -0.375204 0.9018142 -0.1952037 -0.8701457 -0.4524843 -0.1940706 -0.5854774 0.7871168 -0.6909543 -0.7157969 -0.1010795 -0.6887475 -0.7037017 -0.1744452 7.56741e-7 0 1 0 0 1 6.92429e-7 0 1 -1.07194e-6 0 1 7.07688e-7 0 1 -1.01131e-6 0 1 8.10277e-7 0 1 -1.24821e-6 0 1 1.06517e-6 0 1 -1.51903e-6 0 1 1.16983e-6 0 1 -1.59321e-6 0 1 1.4689e-6 0 1 2.09305e-6 0 1 -7.28651e-7 0 1 0.339317 -0.3496936 0.8732575 0.003998041 -0.1699628 -0.9854424 0.7413843 0.6707007 -0.02258455 0.9449872 0.327071 -0.004882991 0.9888625 -0.1459442 -0.02917665 0.9378582 -0.3469434 0.007233023 0.004488646 0.3836452 -0.9234697 0.002398371 0.3736848 -0.9275527 -7.71434e-4 0.3757961 -0.9267021 -1.13004e-4 0.3743935 -0.9272699 -5.534e-4 0.3751323 -0.9269711 -7.53952e-5 0.3744811 -0.9272345 -6.77279e-4 0.3751515 -0.9269633 4.04136e-4 0.3741493 -0.9273684 -7.86697e-4 0.3750382 -0.9270091 -0.001004815 0.3751673 -0.9269567 0.001228988 0.3741831 -0.927354 2.60296e-5 0.3745507 -0.9272065 6.15363e-5 0.3745431 -0.9272095 -4.54196e-4 0.3746007 -0.9271861 3.65325e-4 0.3745854 -0.9271925 -2.33058e-4 0.3745246 -0.927217 3.11406e-4 0.3746613 -0.9271617 -2.43748e-4 0.3744509 -0.9272468 5.48907e-4 0.3748283 -0.9270941 -2.82467e-4 0.3743416 -0.9272909 -8.73186e-5 0.3744794 -0.9272353 3.91069e-4 0.374907 -0.9270623 -6.48788e-5 0.374396 -0.927269 0.00168097 0.3770086 -0.9262082 0.002746701 0.001190245 -0.9999956 0.003570735 0.002075254 -0.9999915 0.01501524 6.10376e-4 -0.9998871 -0.001983702 0.001953184 -0.9999962 -0.004699885 4.57787e-4 -0.9999889 -0.04202514 0.9909033 -0.1278457 -0.05032563 0.9941835 -0.09521895 -0.04330706 0.9914849 -0.1228102 -0.3337298 -0.9374037 -0.09949326 0.1253481 0.9919348 0.0187993 -0.2015769 -0.9765418 -0.07571721 -0.2123206 -0.9768517 -0.02609372 -0.2100906 -0.9769946 -0.03665292 -0.1277741 -0.9917603 -0.009240388 -0.1998408 -0.9762536 -0.08362305 -0.3767835 -0.9103414 -0.1712097 -0.302207 -0.952674 -0.03291404 -0.3835629 -0.9234747 -0.008606314 -0.3787102 -0.9238709 -0.05514776 -0.3802672 -0.923964 -0.04107862 -0.3845756 -0.9230914 0.002014279 -0.2668911 -0.8575003 0.4398438 -0.7061213 -0.7068537 -0.04184168 -0.7190974 -0.6946209 0.02002066 -0.7159724 -0.6981188 0.003723263 -0.7022261 -0.7095812 -0.05807882 -0.7763841 -0.6302571 0.001953244 -0.7656971 -0.6405988 -0.05780339 -0.7686958 -0.6381942 -0.04260528 -0.7786419 -0.627235 0.01712137 -0.8226753 -0.5657648 -0.05581957 -0.8244761 -0.5643 -0.04248267 -0.8294414 -0.5585865 0.002868771 -0.8305891 -0.5566458 0.01635843 -0.8691892 -0.4920929 -0.04852563 -0.8708951 -0.4901989 -0.03531068 -0.875055 -0.4840087 0.003814935 -0.8761172 -0.481808 0.01672452 -0.9149954 -0.4034635 8.24018e-4 -0.9106544 -0.4095335 -0.05468988 -0.91189 -0.4082584 -0.04220837 -0.9155802 -0.4019092 0.01348954 -0.9474396 -0.3199333 -0.001037597 -0.9450392 -0.3228973 -0.05136448 -0.9457226 -0.3223721 -0.04104804 -0.9717594 -0.2359738 -1.52596e-4 -0.9698736 -0.2398818 -0.04245233 -0.9704657 -0.2390228 -0.03262454 -0.9476413 -0.3191968 0.009460806 -0.9890288 -0.1476508 -0.00463885 -0.9877328 -0.1486299 -0.04788506 -0.9881346 -0.1484429 -0.03943014 -0.9719433 -0.2350279 0.00939989 -0.9976378 -0.0576505 -0.0373553 -0.9980001 -0.05774182 -0.02572745 -0.9975262 -0.0576511 -0.04022455 -0.9890624 -0.1474376 0.004242122 -0.9980743 -0.05777311 -0.02258431 -0.991563 0.08722335 -0.09589076 -0.990469 0.08758997 -0.1062982 -0.9848449 0.08893203 -0.1489017 -0.9830207 0.08926838 -0.1603169 -0.9564003 0.2914552 -0.01876908 -0.9565566 0.2911816 -0.01458805 -0.9570732 0.2898076 0.004730403 -0.9571284 0.2895311 0.00878936 -0.885508 0.4646208 0.001770079 -0.8877865 0.4584811 -0.04037612 -0.8873545 0.4601425 -0.02951234 -0.924544 0.3806335 -0.01834189 -0.9243893 0.3812431 -0.01257377 -0.9237837 0.382893 0.004089534 -0.9235443 0.3833833 0.009125232 -0.8846851 0.4660253 0.01236015 -0.8401885 0.5422924 0.00149542 -0.8454071 0.5325263 -0.04126167 -0.8440376 0.5355195 -0.02862691 -0.8383694 0.5449249 0.01391685 -0.752903 0.6577449 0.0225535 -0.7442063 0.6585699 -0.111547 -0.7457547 0.6590511 -0.09747666 -0.7530356 0.6568995 0.03769141 -0.3939401 0.7372491 0.5488854 -0.3996477 0.699681 -0.5922232 -0.424009 0.7472118 -0.5117529 -0.3613505 0.681805 0.6360564 -0.1366229 0.9832125 -0.1209443 -0.05752867 0.9961163 -0.0666539 -0.4248827 -0.9052484 2.74669e-4 -0.3715643 -0.9284072 2.44149e-4 -0.371538 -0.9284178 2.44152e-4 -0.3368351 -0.9415636 5.79856e-4 -0.5097891 -0.8602995 3.96747e-4 -0.4582394 -0.8888288 4.27263e-4 -0.4583606 -0.8887662 4.57781e-4 0.9943406 -0.1044056 0.01965421 0.9988876 -0.04715186 6.71419e-4 0.9988672 -0.04757958 7.01945e-4 0.9898304 -0.1422501 8.24019e-4 0.9897604 -0.1427372 7.62974e-4 -0.5904304 -0.8070884 6.1039e-4 -0.5404567 -0.8413716 6.71413e-4 -0.5405848 -0.8412894 7.01939e-4 0.9842472 -0.1767982 1.22077e-4 0.9717892 -0.2358516 6.10382e-5 0.9718188 -0.2357293 9.15572e-5 -0.6651079 -0.746747 7.93503e-4 -0.6180774 -0.7861168 8.24022e-4 -0.61813 -0.7860755 8.24011e-4 -0.734377 -0.678741 0.00100708 -0.6899657 -0.7238414 0.001037597 -0.6900746 -0.7237375 0.001068174 0.9357006 -0.3527951 -1.22074e-4 0.9096146 -0.4154532 1.22075e-4 0.9096429 -0.4153912 1.52594e-4 0.9449796 -0.3271294 9.1556e-5 0.9448816 -0.3274124 1.22078e-4 -0.7981095 -0.6025115 0.001037597 -0.7558096 -0.6547908 0.001037597 0.8970244 -0.4419811 2.74674e-4 0.8660657 -0.4999303 2.7467e-4 0.8660789 -0.4999074 2.74674e-4 -0.8511465 -0.5249281 5.49343e-4 -0.8147756 -0.5797765 4.27271e-4 -0.8145348 -0.5801146 3.66234e-4 0.8505414 -0.525908 3.35712e-4 0.8145348 -0.5801146 3.05195e-4 0.8145595 -0.5800799 3.05193e-4 -0.8962267 -0.4435965 3.6623e-4 -0.8660788 -0.4999074 3.66233e-4 -0.8660656 -0.4999303 3.35708e-4 0.7973591 -0.603505 6.10372e-4 0.7558099 -0.6547911 3.66231e-4 0.7561631 -0.654383 4.57781e-4 -0.9308105 -0.3602812 0.06155753 -0.9095693 -0.415552 5.1883e-4 -0.9096145 -0.4154531 5.18821e-4 0.7372435 -0.675626 0.00125122 0.6900744 -0.7237374 0.00125128 0.6901057 -0.7237076 0.00125128 -0.9334077 4.27273e-4 0.3588175 -0.9463061 -0.323228 -0.005340814 -0.944992 -0.3270422 -0.005798578 0.6659304 -0.7460129 0.00125128 0.6181297 -0.7860752 0.001312255 0.6180434 -0.786143 0.001281797 0.5900952 -0.8073332 0.001007139 0.5405845 -0.841289 0.00112915 0.5403778 -0.8414219 0.001068174 -0.9706321 -0.2405217 -0.00476098 -0.9717967 -0.2357618 -0.005249321 0.5091899 -0.8606541 6.10393e-4 0.4583606 -0.8887661 7.32449e-4 0.4581546 -0.8888723 6.71423e-4 -0.9924347 -0.1206095 0.02294999 -0.9897558 -0.1427365 0.003112912 -0.9898173 -0.1423093 0.003143429 -0.9985095 -0.05328553 0.01181071 -0.9987937 -0.04757899 0.01214653 0.4242767 -0.9055327 3.3571e-4 0.371538 -0.9284178 3.66228e-4 0.3714485 -0.9284536 3.35711e-4 0.3353173 -0.9421053 2.44156e-4 0.2818441 -0.9594602 2.44153e-4 0.281816 -0.9594684 2.44155e-4 0.2438495 -0.9698129 6.40906e-4 0.189127 -0.9819527 1.83115e-4 0.1899203 -0.9817994 3.96748e-4 0.1483821 -0.9889292 0.001342773 0.0950365 -0.9954727 0.00149542 0.09476143 -0.9954991 0.001403868 0.04724317 -0.998883 0.001068115 -0.04947179 -0.9987754 7.01944e-4 -3.66233e-4 -0.9999998 5.79869e-4 0 -0.9999999 4.88311e-4 -0.1452102 -0.9894007 6.10383e-4 -0.09488248 -0.9954883 6.71411e-4 -0.09503662 -0.9954735 7.0194e-4 -0.2436053 -0.969874 0.00100708 -0.1888507 -0.9820052 0.001098632 -0.1891268 -0.981952 0.001159667 -0.2823629 -0.9593076 4.27268e-4 -0.2818441 -0.9594602 3.05191e-4 0.6348972 -0.4769588 -0.6077959 0.3339495 -0.6386825 -0.6932262 0.02974838 -0.7277758 -0.6851698 -0.2756185 -0.6308311 -0.7253184 -0.2670151 -0.6387426 -0.721603 -0.2563589 -0.6483439 -0.7168894 -0.247022 -0.6566197 -0.7126224 -0.4933104 -0.5301813 -0.6896034 -0.670104 -0.2869015 -0.6845789 0 -1 1.87173e-6 0 -1 0 0 -1 -4.43174e-6 0 -1 -3.07346e-6 0 -1 1.42146e-6 0 -1 0 0 -1 -5.18954e-7 0 -1 8.70321e-7 0 -1 1.36324e-6 0 -1 -1.77288e-6 0.2346004 0.04678577 0.9709655 0.1776209 0.0968064 0.9793261 0.2266035 0.09744709 0.9691001 0.7688392 -0.02871853 0.638797 0.4036179 -0.1688023 0.899221 0.3744713 -0.1952316 0.9064524 0.2512018 0.0150153 0.9678183 0.9992001 -0.03936982 -0.0070194 -0.9827339 -0.0775786 0.1679751 -0.9887055 -0.1451501 0.03732514 -0.2376518 0.03048849 0.9708718 -0.04440504 -0.1041001 0.993575 -0.1013217 0.004119992 0.9948452 -0.2298425 0.1441437 0.9624943 -0.3502667 -0.02899301 0.9362012 -0.3881131 0.0435509 0.9205822 -0.1762182 0.293046 0.9397187 0.06503528 -0.06405872 0.9958248 0.05539202 -0.0428487 0.9975449 0.05832135 -0.04931831 0.997079 0.06775134 -0.0700097 0.995243 -0.01574796 -0.06534194 0.9977387 -0.02252292 -0.08380478 0.9962277 -0.004089474 -0.03363156 0.999426 0.9565864 -0.0925945 0.2763492 -0.6412329 -0.07861667 0.7633085 -0.6039525 -0.1927313 0.7733668 -0.7818402 -0.02832174 0.6228353 -0.786934 -0.03979682 0.6157525 -0.7115541 -0.01409983 0.7024899 -0.921429 -0.02194315 0.3879267 0.001525938 -0.01828086 0.9998318 -0.1798776 -0.003936886 0.9836812 -0.07321512 -0.1814661 0.980668 -0.1212831 -0.09082496 0.988454 -0.950962 0.01904869 0.3087208 0.8026903 0.5385145 -0.2563018 0.9797874 -0.01867771 0.199168 -0.5643599 -0.02075296 0.8252681 -0.3620154 0.1067857 0.9260355 -0.6320903 -0.2106459 0.7457146 -0.6498141 -0.01434397 0.7599578 -0.9203804 -0.03424298 0.389522 0.858815 -0.406457 0.3118163 0.7689695 -0.1676131 0.6169213 0.7575705 -0.06161761 0.6498388 0.681849 -0.7300381 0.04611372 -0.28499 -0.04852581 0.9573014 -0.214578 0.1074874 0.9707744 -0.5499925 -0.2202899 0.8055934 -0.3461138 0.109593 0.9317697 -0.4138077 -0.03970527 0.909498 -0.436671 -0.274247 0.8568006 0.2835544 0.08624744 0.9550698 -0.9998413 -0.007599294 -0.01611411 -0.9863945 0.005218684 0.1643126 0.5183174 -0.5750842 0.6329497 -0.990894 0.02517825 0.1322697 0.8092976 0.002014219 0.5873954 0.9586783 -0.03958374 -0.2817254 -0.8018105 -0.4588924 0.3827766 0.4619435 0.308888 0.8313823 -0.02035611 -0.7094432 -0.7044686 0.4439972 -0.3596108 0.8206989 0.2956066 0.04397779 0.9542971 0.399011 -0.8664161 0.3001891 -0.2943271 -0.642948 -0.7070994 -0.2352136 -0.9219325 -0.3077585 -0.7082571 -0.5608803 0.428702 0.6611354 -0.07690811 0.7463143 -0.5239574 -0.4979549 0.6910207 -0.6041854 -0.2971029 0.7393848 0.371389 0.3508496 0.8596365 0.05816876 0.05475068 0.9968044 0.181163 0.3649506 0.9132311 0.8628411 0.003875911 0.5054603 -0.8750407 -0.3795343 0.300429 -0.770083 -0.5817815 0.26173 -0.8698 -0.4598038 0.1789652 -0.8634538 -0.4509236 0.2260874 0.7934631 -0.02047818 0.6082739 -0.8716335 -0.4627959 0.161478 0.6235994 0.07425326 0.7782098 0.9195224 -0.05575913 0.3890627 -0.3132205 0.1054139 0.9438119 -0.9427956 -0.2285269 0.2427182 -0.9241414 -0.01324516 0.3818213 0.2595053 0.5516966 0.7926462 0.002378165 -0.9130158 0.4079176 -0.3046751 0.07474195 0.9495193 -0.1592665 -0.882974 0.4415782 0.08792465 -0.2290741 0.9694299 0.7071071 0.006500661 -0.7070766 0.7207679 -0.07403916 -0.6892112 0.4127758 0.03824084 -0.9100295 0.3502104 0.04471093 -0.9356034 0.2753743 0.03940021 -0.9605293 0.6276273 0.103399 -0.7716169 0.6119031 0.03122079 -0.7903164 0.7475143 -0.1746326 -0.6408791 0.4453419 -0.01330649 -0.8952618 0.466454 0.05844408 -0.8826125 0.3881151 0.1255568 -0.9130182 0.4548202 0.1143535 -0.8832111 0.9991737 0.0195899 0.03561097 -0.9300207 -0.2919495 -0.2232196 -0.5847244 0.162944 -0.7946991 -0.8660031 -0.1875078 -0.4635509 -0.696139 -0.009949147 -0.7178381 -0.6737493 -0.02484285 -0.7385423 -0.737303 -0.006286859 -0.675533 -0.1176514 0.08926856 -0.9890345 -0.1547633 0.1898605 -0.9695367 -0.2179358 0.01318418 -0.9758741 0.7520181 -0.01388609 -0.6589962 0.6306186 0.0244764 -0.7757069 0.961818 -0.2714698 -0.03479206 0.992056 0.09515875 -0.08227962 0.1483235 -0.08600324 -0.9851922 0.1449655 0.03137356 -0.9889392 0.1736855 -0.002655148 -0.9847977 0.5513237 0.01873856 -0.8340811 0.9328494 -0.1684353 -0.3184677 -0.1825636 0.1058365 -0.9774811 -0.9660617 -0.08685827 -0.2432703 -0.667056 0.0167855 -0.7448186 -0.6511287 0.004608392 -0.7589533 0.7901374 -0.1723714 -0.5881931 0.9063715 -0.4212317 -0.03247284 -0.6897891 -0.2662472 -0.6732783 -0.4460438 0.006592214 -0.894987 0.8218016 -0.3235079 -0.4690254 -0.03741621 0.1814962 -0.9826797 0.5189206 0.1877856 -0.8339414 0.6219463 0.002441465 -0.7830561 0.752187 -0.2054277 -0.6261104 0.817459 -0.44549 -0.3651022 0.8211323 -0.5034834 -0.2687869 0.3505436 0.2375004 -0.9059321 -0.6855267 0.0233168 -0.727674 -0.5232816 0.04022425 -0.85121 0.8107488 -0.3850027 -0.4409754 0.4559902 0.2801375 -0.8447462 0.2764135 0.3007374 -0.9127719 0.2079571 -0.2263602 -0.9515855 -0.6203978 0.001037657 -0.7842867 0.5226711 0.03009188 -0.8520032 0.7942035 -0.3957436 -0.4611159 0.8683453 -0.1676445 -0.4667676 0.8765078 -0.2211107 -0.4276027 -0.2476298 -0.008179008 -0.9688203 -0.1897661 -0.07550358 -0.978922 0.6739571 -0.6531429 -0.345234 0.7091761 -0.6262248 -0.3239009 0.6780859 -0.6501299 -0.3428274 -0.2667088 0.05322575 -0.9623063 -0.9852508 -0.1390454 -0.09973669 -0.9976003 -0.05145478 -0.04632759 0.5843302 -0.4682943 -0.6627659 0.6424266 -0.6749905 -0.3628718 0.6776548 -0.3082774 -0.6676445 0.6917527 -0.3030576 -0.6554651 0.6728863 -0.309983 -0.6716656 0.6478526 -0.5292497 -0.5478886 0.6585518 -0.3150233 -0.6834253 -0.768888 -0.1221123 -0.6276146 0.5631657 -0.5787053 -0.5898683 -0.7516304 0.01556485 -0.6594009 -0.7448894 0.03192335 -0.6664238 -0.8249065 -0.06677621 -0.5613112 -0.1095332 0.08878016 -0.9900105 0.2311832 0.631199 -0.7403663 0.1072761 0.4512007 -0.8859514 -0.06189203 0.2014239 -0.9775469 -0.6347074 0.02401858 -0.7723793 -0.9869223 -0.1409123 -0.07828325 0.5147004 -0.8359112 -0.1906207 -0.7833021 0.1263183 -0.6086721 -0.9740327 0.03657025 -0.2234347 -0.8285362 -0.00576812 -0.5599059 -0.9308237 -0.002105772 -0.3654627 -0.7237928 0.01870822 -0.6897639 -0.6259226 -0.07806813 -0.775968 0.146613 -0.0986067 -0.9842669 -0.3030247 0.02377438 -0.9526861 -0.1026673 0.02041745 -0.9945062 -0.7561985 0.1075494 -0.6454433 -0.7248159 0.0168671 -0.6887362 -0.4877873 0.03705018 -0.8721759 -0.7293461 -0.3397694 -0.5938107 -0.8260974 -0.1717628 -0.5367131 -0.6796919 -0.1673669 -0.714148 -0.6662664 -0.1077025 -0.7378952 -0.9832322 -0.008331656 -0.1821682 0.1190842 0.1234789 -0.9851761 -0.2527884 0.413318 -0.874795 0.7674664 -0.6409643 0.01266545 0.8086464 -0.5882036 -0.01037663 0.4063591 -0.9129117 -0.03827065 0.2941431 -0.9413921 -0.1651083 0.5193842 -0.8127699 0.2639037 -0.2093544 -0.9773808 0.02995848 -0.428824 -0.8039649 -0.4120079 -0.4744129 -0.8252557 -0.3064076 -0.619879 -0.7839816 -0.03351026 -0.8113155 -0.5752821 -0.1040085 -0.8881043 -0.4473482 0.1055959 0.9462166 -0.3235338 -3.05192e-4 0.9722984 -0.2337434 2.74669e-4</float_array>
          <technique_common>
            <accessor source="#shape0_001-mesh-normals-array" count="602" stride="3">
              <param name="X" type="float"/>
              <param name="Y" type="float"/>
              <param name="Z" type="float"/>
            </accessor>
          </technique_common>
        </source>
        <vertices id="shape0_001-mesh-vertices">
          <input semantic="POSITION" source="#shape0_001-mesh-positions"/>
        </vertices>
        <lines count="1189">
          <input semantic="VERTEX" source="#shape0_001-mesh-vertices" offset="0"/>
          <p>2228 1703 2229 104 2990 1162 2998 996 1953 1515 2141 298 264 237 2346 1222 2352 75 352 226 1278 697 2422 1312 1412 1215 568 496 1434 158 1439 607 1497 1339 1502 1380 1534 541 2609 648 750 16 1573 304 2618 2105 2624 334 1619 1508 2637 2399 2638 253 2664 2662 844 842 2 2145 2700 1910 1745 1229 1761 1284 1770 365 2727 309 2731 783 1668 1068 1912 941 2743 1819 1809 81 278 276 1860 1188 2025 1402 1897 593 2844 182 2855 439 1989 1204 514 557 2907 548 2924 999 1491 2366 2970 2159 2202 1985 2227 2222 2987 2899 2988 425 1300 1295 2315 1902 2317 392 2136 1567 3037 1196 263 51 2370 923 3053 1156 2380 791 2400 2027 2438 174 1350 626 501 499 1206 112 2466 1742 1407 0 1470 680 2063 1136 2552 737 2590 1685 1584 599 2627 259 2628 2626 1631 1484 2636 36 1727 690 1759 1756 1786 372 866 863 1795 398 2494 949 1640 672 1921 321 2808 2659 1962 703 1963 1961 1965 1208 1969 881 713 2304 2873 1329 2017 1628 2889 315 2031 1344 2893 1118 2897 1708 2900 268 2903 1814 1592 1323 2928 96 2134 1397 2144 88 2383 1052 721 718 2969 2536 2189 211 2836 43 2329 2190 2331 2086 3040 528 2348 732 1725 419 325 58 347 198 2393 1223 2117 1144 1275 792 2423 1704 2427 1005 1309 1307 764 121 2237 560 3014 2433 2282 1840 3030 1030 235 60 2527 784 838 1393 2535 1157 1493 1488 583 2126 1506 175 2554 2553 2570 2512 1560 191 1783 1723 1571 1568 1577 353 1591 380 1607 659 2434 1854 1384 172 589 574 2506 1099 1376 1373 2518 681 2739 2644 1792 725 1800 1798 1808 833 2749 2448 1821 219 2757 535 1835 1674 1843 1509 2783 89 914 907 2271 634 1908 1903 1923 1884 1636 673 2646 2520 2656 44 2677 1 2684 2587 1711 234 1712 1602 2701 2286 2410 1990 1746 1230 1768 1763 2726 310 1774 698 1874 814 1020 1036 2098 1137 2112 711 2115 1930 2938 346 2164 37 2964 1829 564 1645 1663 952 2823 2339 1939 1846 2718 379 1973 9 2849 1713 2862 704 2864 627 2016 2012 2647 1279 2902 2853 318 299 3032 1197 272 246 3049 1641 2349 1686 2715 719 328 50 894 2404 1511 687 2991 2878 69 68 2247 2244 2248 1824 2252 405 1116 871 2531 1914 1485 642 2538 581 1496 212 2557 1857 1545 227 2593 2362 1077 771 2601 97 2612 2382 2613 1085 2614 619 1318 600 1322 167 2465 2464 1382 1378 2871 1728 145 361 1418 239 2493 52 1446 335 612 608 2296 105 1831 152 893 885 2768 1815 2770 1189 1858 1130 2778 2046 2780 24 1891 387 2789 849 2797 2710 1922 1810 2809 649 1401 1111 1644 463 2642 2039 2660 2311 1671 412 2688 1499 1726 426 2714 1177 1754 799 2724 2699 2734 948 2070 1880 2079 1629 1601 1403 2936 2343 2945 2414 2133 183 994 1061 2949 2675 2150 2146 2168 1598 2927 185 2187 521 1943 1313 2824 804 2843 2806 1416 2326 2858 291 1988 1944 2022 1170 2891 555 2896 434 2056 1737 2057 2011 2905 2556 441 440 2444 1820 2445 168 2457 1465 48 300 2480 1303 1009 995 554 507 591 587 2510 2491 877 1374 2521 1898 1489 160 1500 699 1171 1158 2574 2513 726 720 2576 2542 2584 45 1558 660 2074 1138 2596 2501 1575 688 1579 1430 1583 10 1593 1324 1597 556 2633 254 2201 2161 2212 1505 2984 765 1622 924 1101 1032 2241 1981 2997 569 2243 213 3011 1868 2284 1379 3022 3005 3029 2994 230 228 3035 2874 3036 778 1179 1178 3051 674 2368 2367 1367 178 375 374 1277 1274 2413 61 1294 435 1947 1847 1951 1413 1729 1345 1967 1552 1968 192 316 292 1978 247 1986 712 816 1650 2052 2479 2077 1816 2088 1836 2095 2090 2103 2099 2934 1389 2943 2942 2174 2132 2177 176 1620 904 310 311 1363 705 1562 1559 1648 456 963 809 840 832 2678 682 2687 199 1710 329 2696 2357 1747 1569 1753 962 2725 2107 1775 1596 1793 793 1796 1216 2999 1110 2769 744 1856 1799 2772 336 2435 861 2436 278 1360 1355 2460 2327 1399 137 1411 1210 561 38 2499 1520 1431 601 1476 1044 1487 692 1527 733 1538 427 2589 1904 2602 2592 2607 2305 2622 582 1608 1555 1612 1588 2207 205 2219 1791 2226 98 2230 2154 2238 2236 86 83 3008 543 118 114 1191 1190 3017 2892 1112 2474 2347 785 3027 575 3031 1198 2322 354 2522 522 2328 515 2330 1231 3045 643 274 269 2080 322 1251 1224 2392 2245 381 220 1281 1280 2415 1297 966 958 2014 944 2018 961 1220 976 2121 1362 2102 240 2130 772 2529 2525 2960 1163 2181 2147 2972 2931 2155 2019 2726 307 1646 18 2671 620 1696 413 851 850 731 1529 2698 1151 2723 2338 1812 1738 1833 153 2024 1066 1838 90 1889 882 594 1580 2795 25 1928 1925 1495 1490 2581 628 2158 2533 823 895 1626 1623 2432 1304 509 508 2467 77 2468 683 2488 62 2213 194 2509 1146 1452 1450 1453 115 1462 700 3041 527 2334 337 2344 91 2356 2200 3055 420 2384 465 1289 1285 1301 1298 1302 382 2405 2402 47 46 2253 21 2254 786 2785 393 2265 562 3013 2616 3016 544 2277 19 3028 675 2071 516 2089 636 714 2020 2160 727 1954 1699 2850 1199 2377 273 2865 1991 2648 2096 1299 1038 2055 248 2742 2735 2748 312 1095 1054 2771 576 1862 11 1872 1732 1916 700 2802 2270 1920 779 2504 2458 1934 1139 1642 1521 2665 745 1764 367 2532 1510 2543 2143 2544 1614 1564 1003 1578 1390 2603 76 1582 31 2620 595 1615 602 1667 986 1331 1225 2446 1383 2290 2033 1348 1346 1351 323 1388 1314 2516 1259 2519 1341 2321 2078 2323 330 2325 306 2337 2100 1176 1172 2358 502 1371 2179 1107 1090 2411 2297 177 2173 408 407 1306 1034 2204 1471 28 26 2224 99 55 54 2246 1987 2255 1022 2257 193 166 131 3023 1145 2295 39 2307 2260 1911 1662 2082 229 2104 1419 2120 706 2937 2455 1100 1114 2940 1905 2163 2162 984 773 1952 1211 1959 428 245 283 2842 221 1660 1651 1984 1982 2876 1164 2023 1049 2051 1610 1811 1739 2750 2661 1825 169 1848 1369 2766 2225 1888 1041 2790 2669 1659 925 2670 1007 1684 1680 2683 1152 2689 1232 2692 2652 2712 1479 1749 1748 2729 355 1781 138 828 774 837 829 2546 1492 1697 368 2685 2588 1736 249 2195 2156 1804 100 2752 2191 1818 1657 957 950 1972 867 2860 338 303 307 2054 1766 2904 1983 2911 2813 2912 2634 2925 2407 1017 1012 2952 2288 2956 2381 2963 201 2966 563 2028 376 2197 503 2980 689 33 32 2240 1132 3006 2653 3015 1906 2291 2034 2293 1455 2791 1565 2303 2301 238 63 3034 1192 3050 2009 1183 1125 288 1956 313 311 317 215 2386 2208 1252 1218 3063 12 2401 78 389 388 1305 458 433 429 303 284 2470 1681 2489 888 2496 2308 1436 222 2505 186 1442 1440 631 629 2530 1147 671 668 2548 2359 2583 707 1576 1352 1603 1108 2631 256 1632 1357 1675 92 2676 162 2680 2456 2341 2048 1689 262 2697 2611 1731 1478 1886 1477 1744 1535 1757 964 1782 513 2737 2736 2741 2298 2285 2220 2962 1165 1813 242 2759 795 1844 170 930 922 2810 545 2811 2807 1932 746 1935 1863 1940 1315 1706 415 1823 399 1949 787 1432 1370 2857 1522 2744 577 2047 2042 2711 1624 2906 2261 2926 383 2108 349 1473 4 567 2745 2172 2149 2192 1185 2318 1705 896 903 41 40 2249 1869 120 116 8 1896 2730 2534 3024 538 264 262 3048 1913 2347 1333 1205 1200 1226 1105 2140 294 341 236 2426 394 2428 2176 2431 2319 1319 603 437 436 2449 2390 2454 71 1354 324 2459 207 2469 676 534 530 2484 1837 1423 1293 2498 27 1494 84 615 610 1460 1337 2409 1342 2551 2166 2567 2550 729 728 2594 343 2595 2234 2598 356 2621 2000 1803 1801 2753 2035 2756 2289 890 883 1855 848 2776 93 1883 250 2788 846 1918 1915 1926 1287 2814 2740 821 820 1656 917 1694 409 2369 584 2695 2360 2702 2309 2716 1173 1719 1045 1779 1776 693 656 2920 2856 2113 677 2127 504 2948 1316 542 2582 2968 553 243 208 951 935 1873 1788 2840 159 2841 401 1067 1120 1676 1976 2859 2171 2883 539 1129 1126 251 64 2101 2376 1464 85 2387 2209 366 362 2406 824 402 377 2203 684 2746 910 2973 780 2233 202 2235 416 2263 1212 2292 1457 955 801 190 156 3025 2577 2306 931 2310 1682 233 231 1480 827 2537 1159 2558 1265 1528 739 1547 223 1734 909 749 747 1557 1461 59 2481 1689 2436 1574 1512 1581 597 1586 886 1587 1585 1326 722 67 1536 2630 1548 2437 257 2274 1227 2682 1153 1381 796 1395 1385 2610 2157 1377 1375 2490 1148 1417 1414 588 578 596 590 1454 1059 738 2497 1867 1864 1879 510 912 900 2794 1870 1919 1201 2655 1405 1673 1670 2667 1605 2728 331 2910 546 2915 818 1701 101 2930 1166 2932 1181 2114 669 1513 1219 2142 2043 2957 2654 2828 638 274 276 2832 384 2854 2480 533 2885 1140 1133 245 271 2340 2049 2342 1523 2353 1069 290 56 2365 1594 3057 2418 1233 1186 319 295 397 195 2978 79 2205 715 2981 2863 2982 1946 2918 109 173 148 180 179 1516 927 1519 1517 1525 735 2565 2040 2575 2539 743 13 1563 1050 2608 653 2623 357 1321 604 2124 517 1332 788 1336 695 2443 1767 2463 990 1386 171 2478 794 1420 350 1426 708 1202 1193 2508 369 616 611 2517 1261 1942 1310 1975 396 1979 410 1980 1777 2884 540 2032 2029 2060 1784 2941 709 2085 2084 1325 164 2922 1892 2110 1859 710 2111 2131 1828 2138 2093 2961 1160 826 825 2643 685 1665 740 1852 2572 161 1590 1721 1441 2720 6 2721 1714 1771 73 2755 2137 1834 1554 430 370 2763 1683 1141 1075 2764 1498 187 1400 2774 339 2775 2044 915 869 1877 959 2792 2087 2801 2151 1929 781 432 431 2453 2451 2492 1149 571 565 2877 1167 2378 2062 216 358 520 518 2118 1933 691 657 2591 49 2266 22 1599 1595 2629 232 524 525 1566 1019 2221 723 2986 2767 2232 2231 2985 2050 102 94 3010 1154 3020 572 1839 363 570 2578 2314 2123 241 65 3043 332 422 1960 2350 326 2363 1549 2371 2223 2822 639 2385 2242 3062 2921 348 203 424 390 1941 1822 2827 991 1950 1797 2838 14 1931 716 2008 2003 1817 1802 2038 2036 2837 2279 1013 1008 2935 2299 2959 1334 2165 2075 1672 1707 1658 1611 1885 1621 2668 1606 1273 1213 2703 981 1735 80 2709 2560 1131 1127 1807 1806 2754 1343 1850 748 1851 34 1861 789 1887 1029 921 911 937 929 2812 547 2815 1482 1330 1328 1356 646 1358 696 536 532 1425 378 1175 3023 1427 670 320 217 614 505 1456 1072 2526 1142 1481 1391 2540 585 1501 110 2549 1994 701 624 2563 344 393 188 2586 2440 1561 443 2599 2320 1613 857 1617 605 2199 2196 1184 1182 2210 1415 316 313 70 57 2875 2476 2688 1359 1526 1406 197 196 2312 385 580 2472 2834 2408 1180 1174 2345 1001 2555 1134 3059 2992 342 209 351 224 2395 835 2398 1924 1296 1046 2421 1353 2076 2058 2081 1311 1364 181 2083 586 2751 72 2946 1448 558 550 2148 297 2955 736 2153 103 2183 411 1936 598 2053 1128 2826 2037 1948 1433 1958 1769 1250 1135 1974 1677 2861 1349 2010 1977 2886 2045 2026 1097 2894 1117 2901 244 2061 2030 645 1532 876 872 2198 1474 1866 1155 2779 23 2782 364 1882 1720 1504 204 1890 1540 2793 2625 2796 2021 1466 184 1635 679 2645 2420 1276 686 2663 2573 2681 275 856 854 1755 1627 1760 822 1063 1123 1217 1214 2564 2562 1530 782 1546 1396 734 7 2615 2351 214 218 1618 371 1625 967 2430 1537 1317 15 1340 1221 1089 1088 2447 2152 1361 702 1368 1366 1589 906 2442 1741 287 1956 2473 579 2482 1113 2485 314 1422 438 1429 506 2514 1150 3038 1207 284 283 3058 1778 271 237 1327 1865 2391 2211 2403 808 2424 2182 2880 640 2281 35 1338 658 3026 1335 2066 1730 2916 717 2641 865 2106 391 2109 1518 2939 2707 2178 724 2186 498 2975 2686 2194 2193 2833 386 2851 1195 1998 592 1999 1995 2116 1143 1758 1283 2971 1262 678 2679 1853 1372 2773 333 2777 2600 2786 2477 1894 1893 1907 340 2800 1917 943 940 2639 345 2640 573 1664 1653 2708 210 858 836 1209 111 1773 1467 2528 2379 1503 1203 2139 2094 1964 1271 742 741 2597 2188 1572 327 2617 74 1604 1600 2632 2585 2439 1387 551 500 2502 359 2503 2500 1463 189 2523 165 2524 2507 2332 119 3046 647 1957 2452 2336 1909 1168 1161 3047 526 1733 1392 3056 66 1234 1187 2396 252 2397 2294 360 225 400 150 2417 2256 2425 1702 2977 2412 2989 95 2993 790 2250 82 2251 87 3002 566 2259 2169 3012 2944 3019 537 163 135 373 1695 1740 1421</p>
        </lines>
        <triangles material="SWMaterial-0_001-material" count="500">
          <input semantic="VERTEX" source="#shape0_001-mesh-vertices" offset="0"/>
          <input semantic="NORMAL" source="#shape0_001-mesh-normals" offset="1"/>
          <p>1687 0 2835 1 1404 2 1404 2 1469 3 1687 0 1468 4 1688 4 1472 4 1992 5 2722 5 1997 5 730 6 1715 7 1996 8 1320 9 1996 8 1715 7 1320 9 1715 7 2300 10 2302 11 2845 12 613 13 2887 14 613 13 2845 12 17 15 2278 16 2888 17 617 18 2888 17 2278 16 2267 19 2280 20 2868 21 2264 22 2267 19 2868 21 2867 23 2869 24 20 25 2933 26 20 25 2869 24 29 27 2870 28 2511 28 30 29 2571 30 2619 31 29 27 30 29 2619 31 606 32 1871 32 1849 32 2996 33 42 34 2820 35 3001 36 2996 33 2820 35 3000 37 2819 37 2657 37 144 38 1238 39 2917 40 143 41 1194 42 753 43 1286 44 2569 44 2064 44 2389 45 1750 45 2787 45 2389 46 2787 46 2450 46 113 47 2923 48 493 49 113 47 1247 50 132 51 761 52 2674 53 134 54 761 52 113 47 493 49 752 55 1424 56 133 57 762 58 1945 59 495 60 752 55 992 61 1424 56 762 58 761 52 134 54 123 62 1647 63 1649 64 122 65 1845 66 1842 67 122 65 762 58 495 60 123 62 752 55 1647 63 106 68 136 69 140 70 753 43 474 71 476 72 106 68 122 65 1842 67 753 43 123 62 474 71 763 73 1507 74 139 75 763 73 106 68 140 70 143 41 753 43 2545 76 124 77 141 78 2175 79 124 77 763 73 139 75 1238 39 144 38 1550 80 1248 81 494 82 147 83 1248 81 124 77 2175 79 107 84 142 85 146 85 107 84 1238 39 142 85 125 86 1398 87 1437 88 125 86 1248 81 147 83 108 89 1780 90 1826 91 108 89 107 84 1780 90 126 92 492 93 2818 94 126 92 125 86 1437 88 756 95 108 89 478 96 756 95 478 96 1827 97 127 98 491 99 149 100 127 98 126 92 2818 94 1246 101 2206 102 151 103 128 104 479 105 2706 106 128 104 756 95 479 105 1246 101 127 98 149 100 1268 107 1772 108 486 109 757 110 481 111 482 112 1268 107 1246 101 151 103 757 110 128 104 481 111 759 113 1268 107 486 109 1242 114 1365 115 1830 116 1242 114 757 110 1365 115 1243 117 1242 114 154 118 1243 117 154 118 1832 119 1244 120 155 121 483 122 1244 120 1243 117 155 121 758 123 1553 124 1966 124 758 123 1244 120 1553 124 1245 125 484 126 2258 127 1245 125 758 123 484 126 129 128 157 129 487 130 129 128 2419 131 2471 132 129 128 1245 125 157 129 130 133 488 134 489 135 130 133 129 128 2471 132 760 136 2486 137 1435 137 760 136 130 133 489 135 1247 50 490 138 132 51 1247 50 760 136 1435 137 1765 139 53 139 2839 139 2361 140 2364 140 255 140 2487 141 261 142 1551 143 2487 141 1551 143 2268 144 269 145 2487 141 2268 144 2965 146 270 146 1700 146 281 147 2965 147 1700 147 280 148 281 148 1700 148 277 147 280 147 1700 147 279 149 277 149 1700 149 258 150 279 150 1700 150 282 151 258 151 1700 151 266 147 282 147 1700 147 267 147 266 147 1700 147 2995 152 267 152 1700 152 293 147 2995 147 1700 147 2666 153 293 153 1700 153 1805 147 2666 147 1700 147 305 147 1805 147 1700 147 285 154 305 154 1700 154 1762 155 285 155 1700 155 2441 156 1762 156 1700 156 286 147 2441 147 1700 147 2180 157 286 157 1700 157 296 158 2180 158 1700 158 301 147 296 147 1700 147 302 159 301 159 1700 159 289 147 302 147 1700 147 265 147 260 147 1700 147 270 160 265 160 1700 160 2170 161 292 161 287 161 261 142 288 162 308 162 2429 163 200 163 2324 163 2566 164 206 164 3044 164 2483 165 1447 165 1449 165 2929 166 395 166 2335 166 497 167 609 167 1438 167 497 168 1895 168 609 168 497 169 512 169 523 169 497 170 2953 170 512 170 497 171 2909 171 2953 171 497 172 3018 172 2909 172 497 173 3042 173 3018 173 497 174 3039 174 3042 174 497 175 2185 175 3039 175 497 176 511 176 2185 176 497 177 2914 177 511 177 497 178 2913 178 2914 178 497 179 1533 179 2913 179 497 180 2561 180 1533 180 497 181 2125 181 2561 181 497 182 2541 182 2125 182 497 183 2135 183 2541 183 497 184 1408 184 2135 184 497 185 1616 185 1408 185 497 186 1428 186 1616 186 497 187 1901 187 1428 187 497 188 2691 188 1901 188 497 189 2954 189 2691 189 497 190 1438 190 2954 190 2372 191 1570 192 2388 193 2372 191 1288 194 1570 192 1291 195 1288 194 2372 191 1899 196 529 197 1993 198 5 199 3 199 2547 199 2672 200 621 200 2803 200 2694 201 2804 202 2979 203 622 204 531 204 2673 204 2979 203 2097 205 2694 201 694 206 1347 206 2693 206 2651 207 623 207 2649 207 2650 208 2761 209 3007 210 625 211 2650 208 3007 210 549 212 2580 212 2908 212 2579 213 2005 214 2262 215 552 216 2579 213 2262 215 2167 217 630 218 2004 219 2004 219 2007 220 2167 217 559 221 2006 222 1875 223 2006 222 1639 224 1875 223 632 225 1638 226 3054 227 1638 226 1634 228 3054 227 2947 229 633 230 1637 231 1637 231 2273 232 2947 229 2002 233 635 234 2272 235 2073 236 637 237 2092 238 2272 235 2091 239 2002 233 641 240 2072 241 2829 242 2092 238 2830 243 2073 236 2879 244 2821 245 3061 246 2829 242 2881 247 641 240 2821 245 2879 244 1486 248 644 249 1483 250 2001 251 1483 250 1630 252 2001 251 2758 253 1531 254 2287 255 1531 254 1678 256 2287 255 2658 257 2951 258 2122 259 650 260 1679 261 2950 262 1679 261 2119 263 2950 262 2122 259 2605 264 2658 257 2967 265 651 266 2606 267 2606 267 2705 268 2967 265 2635 269 652 270 2704 271 2704 271 2765 272 2635 269 655 273 654 274 2919 275 519 276 655 273 2919 275 1722 277 1556 277 1609 277 529 197 661 278 1993 198 662 279 2866 280 464 281 662 279 802 282 2866 280 1257 283 471 284 442 285 1257 283 662 279 471 284 1270 286 759 113 403 287 1270 286 403 287 2890 288 1270 286 445 289 485 290 860 291 1698 292 1955 293 860 291 1257 283 1698 292 1269 294 1794 295 446 296 1269 294 1270 286 485 290 663 297 466 298 1514 299 663 297 860 291 466 298 892 300 444 301 1724 302 892 300 663 297 444 301 1267 303 448 304 418 305 1267 303 1790 306 414 307 751 308 423 309 2394 309 751 308 892 300 423 309 1241 310 2184 311 449 312 1241 310 1267 303 418 305 1235 313 447 314 467 315 1235 313 751 308 447 314 1266 316 417 317 1743 318 1266 316 1241 310 449 312 1253 319 2283 320 1841 321 1240 322 1266 316 1743 318 1253 319 1235 313 2283 320 1240 322 421 323 1539 324 945 325 468 326 469 327 945 325 1253 319 468 326 1264 328 1240 322 1539 324 1264 328 450 329 480 330 953 331 2799 332 1785 333 665 334 1264 328 480 330 953 331 945 325 2799 332 665 334 451 335 477 336 664 337 2059 338 454 339 664 337 665 334 477 336 452 340 953 331 453 341 755 342 2784 343 2895 344 755 342 664 337 454 339 800 345 666 346 1292 347 992 61 800 345 472 348 992 61 472 348 455 349 1239 350 459 351 457 352 1239 350 755 342 2895 344 918 353 2898 354 1709 355 918 353 1239 350 457 352 754 356 475 357 473 358 754 356 918 353 1709 355 667 359 460 360 461 361 667 359 754 356 473 358 1237 362 667 359 461 361 1260 363 2719 364 1524 365 1260 363 1237 362 2719 364 1236 366 404 367 1643 368 1236 366 1260 363 404 367 1258 369 406 370 2762 371 1258 369 1236 366 406 370 802 282 462 372 470 373 802 282 1258 369 462 372 2373 374 1122 374 2847 374 618 375 1080 375 2983 375 2375 376 1065 376 2215 376 1290 377 2374 378 2217 379 2374 378 2214 380 2217 379 767 381 2218 381 2732 381 117 382 1092 382 2568 382 777 383 768 383 1451 383 768 384 1543 384 1451 384 1543 384 1900 384 1451 384 1900 385 1410 385 1451 385 2041 384 2129 384 1451 384 2129 386 2475 386 1451 386 2475 384 1073 384 1451 384 1073 387 1037 387 1451 387 1037 384 993 384 1451 384 852 384 2128 384 1451 384 841 384 852 384 1451 384 812 384 841 384 1451 384 2269 384 812 384 1451 384 2416 384 2269 384 1451 384 1751 388 2416 388 1451 388 775 384 1751 384 1451 384 798 384 775 384 1451 384 1475 389 798 389 1451 389 1655 390 1475 390 1451 390 1654 384 1655 384 1451 384 993 384 1654 384 1451 384 2128 391 1115 391 1451 391 1115 392 777 392 1451 392 810 393 889 394 960 395 797 396 2805 397 807 398 810 393 960 395 1878 399 811 400 759 113 1270 286 800 345 956 401 805 402 806 403 826 404 954 405 815 406 2068 407 806 403 815 406 803 408 2069 409 1458 410 1459 411 1876 412 1458 410 1876 412 1661 413 878 414 817 415 1652 416 843 417 811 400 1270 286 803 408 819 418 834 419 830 420 2760 421 831 422 830 420 847 423 2760 421 3009 424 878 414 1652 416 880 425 879 426 813 427 2462 428 2461 428 2974 428 862 429 759 113 811 400 843 417 776 430 811 400 913 431 947 432 1394 433 830 420 908 434 939 435 819 418 803 408 913 431 819 418 908 434 830 420 819 418 913 431 908 434 874 436 875 437 843 417 875 437 887 438 843 417 956 401 847 423 939 435 868 439 874 436 843 417 1970 440 897 441 898 442 1971 443 920 444 947 432 859 445 898 442 920 444 1394 433 920 444 898 442 891 446 797 396 807 398 939 435 847 423 830 420 956 401 800 345 855 447 956 401 855 447 864 448 864 448 847 423 956 401 2852 449 874 436 868 439 855 447 853 450 864 448 873 451 875 437 874 436 776 430 1025 452 811 400 897 441 813 427 898 442 887 438 776 430 843 417 2816 453 845 453 884 453 897 441 880 425 813 427 2958 454 875 437 873 451 874 436 2852 449 902 455 2852 449 868 439 904 456 891 446 916 457 797 396 2747 458 2852 449 904 456 909 459 870 460 905 461 919 462 887 438 875 437 905 461 2817 463 894 464 899 465 2958 454 873 451 826 404 839 466 954 405 839 466 1752 467 954 405 928 468 776 430 887 438 926 469 894 464 1256 470 926 469 905 461 894 464 947 432 920 444 1394 433 954 405 916 457 891 446 1254 471 926 469 1633 472 926 469 909 459 905 461 934 473 928 468 887 438 936 474 926 469 1254 471 939 435 908 434 909 459 939 435 909 459 926 469 2805 397 797 396 901 475 946 476 934 473 887 438 797 396 946 476 887 438 947 432 803 408 938 477 956 401 933 478 945 325 797 396 887 438 901 475 807 398 2805 397 960 395 954 405 1752 467 916 457 2239 479 945 325 953 331 2495 480 807 398 960 395 2013 481 2733 481 2515 481 815 406 932 482 803 408 2239 479 956 401 945 325 913 431 803 408 947 432 956 401 939 435 933 478 891 446 2495 480 960 395 806 403 932 482 815 406 965 483 2015 483 942 483 805 402 956 401 953 331 889 394 891 446 960 395 806 403 954 405 932 482 1047 484 1031 485 971 486 1015 487 770 488 1087 489 1051 490 1047 484 972 491 970 492 971 486 972 491 973 493 1051 490 972 491 978 494 969 495 975 496 1087 489 973 493 972 491 969 495 1087 489 972 491 2313 497 1937 497 1938 497 968 498 1104 499 980 500 2882 501 1102 502 1121 503 989 504 3060 505 979 506 971 486 1112 507 983 508 982 509 862 429 974 510 982 509 974 510 811 400 1927 511 985 512 1119 513 971 486 983 508 987 514 972 491 971 486 987 514 972 491 987 514 978 494 982 509 811 400 988 515 969 495 978 494 1015 487 1087 489 969 495 1015 487 3003 516 1000 516 1094 516 988 515 811 400 1025 452 968 498 980 500 997 517 1542 518 1102 502 2738 519 1004 520 988 515 1010 521 1084 522 1409 523 1102 502 968 498 997 517 992 61 1010 521 988 515 3052 524 3060 505 989 504 1033 525 1263 526 1004 520 1006 527 3052 524 988 515 1020 528 1016 529 1014 530 2781 531 1102 502 1542 518 1018 532 1102 502 1409 523 1060 533 1024 534 3052 524 1020 528 1263 526 1006 527 2713 535 1023 536 1016 529 2781 531 1669 537 1087 489 2216 537 1102 502 1060 533 1021 538 978 494 987 514 2976 539 1024 534 1020 528 1027 540 978 494 2976 539 1015 487 1024 534 3033 541 1444 542 769 543 979 506 3004 544 2275 545 1026 546 2316 547 3033 541 1020 528 1444 542 1084 522 977 548 1409 523 1020 528 988 515 1025 452 992 61 997 517 1042 549 992 61 1042 549 1098 550 1282 551 2276 551 1717 551 2275 545 2316 547 1040 552 1039 553 1443 554 1445 555 2738 519 1021 538 1542 518 979 506 769 543 977 548 1308 556 1716 556 1718 556 1039 553 1445 555 2717 557 1051 490 1031 485 1047 484 1692 558 1035 558 1690 558 1048 559 1058 559 1881 559 1693 560 1691 561 1056 562 3060 505 1033 525 1057 563 998 564 2846 565 1011 566 1021 538 1060 533 1541 567 1031 485 1020 528 1112 507 1074 568 3021 568 2604 568 1070 569 1055 569 1053 569 3060 505 1057 563 3004 544 1056 562 1691 561 2065 570 1020 528 1025 452 1112 507 1093 571 1064 571 1071 571 980 500 1062 572 1081 573 1011 566 2846 565 989 504 1021 538 1541 567 1542 518 1691 561 1083 574 2065 570 1544 575 1076 575 1078 575 1927 511 1119 513 2333 576 977 548 2690 577 979 506 1062 572 1056 562 1081 573 1096 578 1011 566 979 506 992 61 1098 550 800 345 769 543 3004 544 1057 563 1011 566 989 504 979 506 1109 579 1079 579 2355 579 1103 580 1086 580 2354 580 971 486 1031 485 1112 507 1104 499 1043 581 2798 582 1091 583 1081 573 1056 562 1106 584 2067 585 980 500 1124 586 997 517 1081 573 1104 499 2798 582 980 500 766 587 1087 489 985 512 800 345 1098 550 855 447 1124 586 1081 573 855 447 1098 550 1124 586 855 447 985 512 1087 489 1119 513 968 498 1082 588 1104 499 1102 502 1018 532 1121 503 1121 503 1062 572 980 500 980 500 2798 582 1106 584 997 517 980 500 1081 573 982 509 1666 589 2559 590 1666 589 1028 591 2559 590 1028 591 1249 592 1169 593 2848 594 2872 594 1272 594 2825 595 1002 596 1255 597 2831 598 992 61 1228 599 1228 599 992 61 752 55 666 346 800 345 805 402 953 331 452 340 805 402 1255 597 2831 598 1228 599 1002 596 2831 598 1255 597 2559 590 1028 591 1169 593 1268 107 982 509 2559 590 1790 306 1267 303 1787 600 1269 294 446 296 1789 601 759 113 862 429 982 509 759 113 982 509 1268 107</p>
        </triangles>
      </mesh>
    </geometry>
  </library_geometries>
  <library_visual_scenes>
    <visual_scene id="Scene" name="Scene">
      <node id="node-shape2-name" name="node-shape2-name" type="NODE">
        <matrix sid="transform">1 0 0 0 0 1 0 0 0 0 1 0 0 0 0 1</matrix>
        <instance_geometry url="#shape2_001-mesh" name="node-shape2-name">
          <bind_material>
            <technique_common>
              <instance_material symbol="SWMaterial-0_001-material" target="#SWMaterial-0_001-material"/>
              <instance_material symbol="SWMaterial-1_001-material" target="#SWMaterial-1_001-material"/>
              <instance_material symbol="SWMaterial-2_001-material" target="#SWMaterial-2_001-material"/>
            </technique_common>
          </bind_material>
        </instance_geometry>
      </node>
      <node id="node-shape1-name" name="node-shape1-name" type="NODE">
        <matrix sid="transform">1 0 0 0 0 1 0 0 0 0 1 0 0 0 0 1</matrix>
        <instance_geometry url="#shape1_001-mesh" name="node-shape1-name">
          <bind_material>
            <technique_common>
              <instance_material symbol="SWMaterial-0_001-material" target="#SWMaterial-0_001-material"/>
              <instance_material symbol="SWMaterial-1_001-material" target="#SWMaterial-1_001-material"/>
              <instance_material symbol="SWMaterial-2_001-material" target="#SWMaterial-2_001-material"/>
            </technique_common>
          </bind_material>
        </instance_geometry>
      </node>
      <node id="node-shape0-name" name="node-shape0-name" type="NODE">
        <matrix sid="transform">1 0 0 0 0 1 0 0 0 0 1 0 0 0 0 1</matrix>
        <instance_geometry url="#shape0_001-mesh" name="node-shape0-name">
          <bind_material>
            <technique_common>
              <instance_material symbol="SWMaterial-0_001-material" target="#SWMaterial-0_001-material"/>
              <instance_material symbol="SWMaterial-1_001-material" target="#SWMaterial-1_001-material"/>
              <instance_material symbol="SWMaterial-2_001-material" target="#SWMaterial-2_001-material"/>
            </technique_common>
          </bind_material>
        </instance_geometry>
      </node>
      <node id="Light" name="Light" type="NODE">
        <matrix sid="transform">-0.2908646 -0.7711008 0.5663932 4.076245 0.9551712 -0.1998834 0.2183912 1.005454 -0.05518906 0.6045247 0.7946723 5.903862 0 0 0 1</matrix>
        <instance_light url="#Light-light"/>
      </node>
    </visual_scene>
  </library_visual_scenes>
  <scene>
    <instance_visual_scene url="#Scene"/>
  </scene>
</COLLADA>